{"title": "VDAB-dienstverlening (Engelse mails)", "type": "intranet", "domain_name": ["standaardmails engels"], "category_name": "Servicelijn", "url": "https://intranet-rel1ldv.ops.vdab.be/faq/servicelijn/vdab-dienstverlening-engelse-mails", "content": [["Afwezigheidsmelding/ Absence notification", "Dear Sir/Madam You let us know that you cannot attend the appointment with [naam bemiddelaar] . We have included [her/him] in the mail.  In the future, please contact the mediator who invited you directly. Our service cannot register absences. You will find their details on the invitation vdab.be > Log in > Agenda Do you have any questions? Reply to this email or call us . Best regards VDAB"], ["Begeleiding - gesprek met consulent/ Support - meeting with a consultant", "Dear Sir/Madam You can request a meeting with a VDAB mediator if you need help with your job search.  This can be done by telephone via the toll-free number 0800 30 700. Our employee will be able to get you started with some general information and tips. And he will then make an appointment for you at a local VDAB office. You will subsequently receive confirmation of the appointment and the mediator's contact details. Do you have any questions? Reply to this email or call us . Best regards VDAB"], ["Eures (werken in het buitenland)/ EURES (working abroad)", "Dear Sir/Madam We have collected some information about working abroad on our website. You can read, among other things, about looking for a job outside Belgium and the practical arrangements you need to make. If you want to work within the European Economic Area (EEA), be sure to check out the EURES website .  The European Union has developed the ' Europass' to facilitate working in a different European country. This is a folder of 5 documents which focus on the Europass CV. Do you have any questions? Reply to this email or call us . Best regards VDAB"], ["Info over orienteren/ Info about orientation", "Dear Sir/Madam You informed us that you would like to take your career in a different direction.  The help we can offer you depends on your work situation.  Are you a jobseeker?  Then you can get support from VDAB in reorienting yourself.  Please call our toll-free number for this. One of our mediators can give you some general information and tips and then schedule an appointment for you. We are available every working day on 0800 30 700.  Are you employed? You can then opt for career advice (a conversation with VDAB itself) or career guidance (a course at a recognised career centre).  You can get career advice from VDAB by email, telephone or in a video call to ask questions about your career, work or possible training courses.  Career guidance is organised by various accredited career centres , not by VDAB itself. The career counsellor will support you in determining a new job target. You can use career vouchers for this.  What can you do in the meantime?  You can already get some inspiration by the following links:  Which job is right for me? Career testing Do you have any questions? Reply to this email or call us . Best regards VDAB"], ["Info over solliciteren/ Information about applying for a job", "Dear Sir/Madam You will find a lot of information about applying for a job on our website: How to write a good CV and an inviting cover letter. How to prepare for a job interview. You will find more information about what our job application coaches can do for you. Feel free to contact them if you have any questions about applying for a job. You can read everything via the link vdab.be/solliciteren . We wish you the best of luck with your application.   Do you have any questions? Reply to this email or call us . Best regards VDAB"], ["Traject naar ondernemerschap/ Pathway to entrepreneurship", "Dear Sir/Madam If you still have doubts about starting your own business and have questions, you can attend an information session at UNIZO for free. They ask you to register in advance .  Are you a jobseeker and planning to start as a self-employed person in your main occupation within a year? You can then register for a 'Pathway to entrepreneurship' at VDAB to receive guidance and support in starting up your own business.  Your entrepreneurial competences are tested during this process. The support consists of a combination of individual coaching and existing (free and paid) initiatives and/or activities. You can register for the 'Pathway to entrepreneurship' via our toll-free number 0800 30 700 (every working day from 8:00 am to 7:00 pm).  For your information: on the website of Vlaams Agentschap Innoveren en Ondernemen you will find useful info for a starting self-employed person.  Do you have any questions? Reply to this email or call us . Best regards VDAB"]], "title_translation": "VDAB services (English mails)", "domain_name_translation": ["standard emails english"], "category_name_translation": "Service line", "content_translation": [["Absence notification", "Dear Sir/Madam You let us know that you cannot attend the appointment with [name of mediator] . We have included [her/him] in the mail.  In the future, please contact the mediator who invited you directly. Our service cannot register absences. You will find their details on the invitation vdab.be > Log in > Agenda Do you have any questions? Reply to this email or call us . Best regards VDAB"], ["Support - meeting with a consultant", "Dear Sir/Madam You can request a meeting with a VDAB mediator if you need help with your job search.  This can be done by telephone via the toll-free number 0800 30 700. Our employee will be able to get you started with some general information and tips. And he will then make an appointment for you at a local VDAB office. You will then receive confirmation of the appointment and the mediator's contact details. Do you have any questions? Reply to this email or call us . Best regards VDAB"], ["EURES (working abroad)", "Dear Sir/Madam We have collected some information about working abroad on our website. You can read, among other things, about looking for a job outside Belgium and the practical arrangements you need to make. If you want to work within the European Economic Area (EEA), be sure to check out the EURES website .  The European Union has developed the 'Europass' to facilitate working in a different European country. This is a folder of 5 documents which focus on the Europass CV. Do you have any questions? Reply to this email or call us . Best regards VDAB"], ["Info about orientation", "Dear Sir/Madam You informed us that you would like to take your career in a different direction.  The help we can offer you depends on your work situation.  Are you a jobseeker?  Then you can get support from VDAB in reorienting yourself.  Please call our toll-free number for this. One of our mediators can give you some general information and tips and then schedule an appointment for you. We are available every working day on 0800 30 700.  Are you employed? You can then opt for career advice (a conversation with VDAB itself) or career guidance (a course at a recognised career centre).  You can get career advice from VDAB by email, telephone or in a video call to ask questions about your career, work or possible training courses.  Career guidance is organised by various accredited career centres, not by VDAB itself. The career counsellor will support you in determining a new job target. You can use career vouchers for this.  What can you do in the meantime?  You can already get some inspiration by the following links: Which job is right for me? Career testing Do you have any questions? Reply to this email or call us . Best regards VDAB"], ["Information about applying for a job", "Dear Sir/Madam You will find a lot of information about applying for a job on our website: How to write a good CV and an inviting cover letter. How to prepare for a job interview. You will find more information about what our job application coaches can do for you. Feel free to contact them if you have any questions about applying for a job. You can read everything via the link vdab.be/solliciteren . We wish you the best of luck with your application.   Do you have any questions? Reply to this email or call us . Best regards VDAB"], ["Pathway to entrepreneurship", "Dear Sir/Madam If you still have doubts about starting your own business and have questions, you can attend an information session at UNIZO for free. They ask you to register in advance .  Are you a jobseeker and planning to start as a self-employed person in your main occupation within a year? You can then register for a 'Pathway to entrepreneurship' at VDAB to receive guidance and support in starting up your own business.  Your entrepreneurial competences are tested during this process. The support consists of a combination of individual coaching and existing (free and paid) initiatives and/or activities. You can register for the 'Pathway to entrepreneurship' via our toll-free number 0800 30 700 (every working day from 8:00 am to 7:00 pm).  For your information: on the website of Vlaams Agentschap Innoveren en Ondernemen you will find useful info for a starting self-employed person.  Do you have any questions? Reply to this email or call us . Best regards VDAB"]], "document": "VDAB-dienstverlening (Engelse mails) \n\n Vraag aan de VDAB consulent: Afwezigheidsmelding/ Absence notification? \n Antwoord of Actie: Dear Sir/Madam You let us know that you cannot attend the appointment with [naam bemiddelaar] . We have included [her/him] in the mail.  In the future, please contact the mediator who invited you directly. Our service cannot register absences. You will find their details on the invitation vdab.be > Log in > Agenda Do you have any questions? Reply to this email or call us . Best regards VDAB \n\n Vraag aan de VDAB consulent: Begeleiding - gesprek met consulent/ Support - meeting with a consultant? \n Antwoord of Actie: Dear Sir/Madam You can request a meeting with a VDAB mediator if you need help with your job search.  This can be done by telephone via the toll-free number 0800 30 700. Our employee will be able to get you started with some general information and tips. And he will then make an appointment for you at a local VDAB office. You will subsequently receive confirmation of the appointment and the mediator's contact details. Do you have any questions? Reply to this email or call us . Best regards VDAB \n\n Vraag aan de VDAB consulent: Eures (werken in het buitenland)/ EURES (working abroad)? \n Antwoord of Actie: Dear Sir/Madam We have collected some information about working abroad on our website. You can read, among other things, about looking for a job outside Belgium and the practical arrangements you need to make. If you want to work within the European Economic Area (EEA), be sure to check out the EURES website .  The European Union has developed the ' Europass' to facilitate working in a different European country. This is a folder of 5 documents which focus on the Europass CV. Do you have any questions? Reply to this email or call us . Best regards VDAB \n\n Vraag aan de VDAB consulent: Info over orienteren/ Info about orientation? \n Antwoord of Actie: Dear Sir/Madam You informed us that you would like to take your career in a different direction.  The help we can offer you depends on your work situation.  Are you a jobseeker?  Then you can get support from VDAB in reorienting yourself.  Please call our toll-free number for this. One of our mediators can give you some general information and tips and then schedule an appointment for you. We are available every working day on 0800 30 700.  Are you employed? You can then opt for career advice (a conversation with VDAB itself) or career guidance (a course at a recognised career centre).  You can get career advice from VDAB by email, telephone or in a video call to ask questions about your career, work or possible training courses.  Career guidance is organised by various accredited career centres , not by VDAB itself. The career counsellor will support you in determining a new job target. You can use career vouchers for this.  What can you do in the meantime?  You can already get some inspiration by the following links:  Which job is right for me? Career testing Do you have any questions? Reply to this email or call us . Best regards VDAB \n\n Vraag aan de VDAB consulent: Info over solliciteren/ Information about applying for a job? \n Antwoord of Actie: Dear Sir/Madam You will find a lot of information about applying for a job on our website: How to write a good CV and an inviting cover letter. How to prepare for a job interview. You will find more information about what our job application coaches can do for you. Feel free to contact them if you have any questions about applying for a job. You can read everything via the link vdab.be/solliciteren . We wish you the best of luck with your application.   Do you have any questions? Reply to this email or call us . Best regards VDAB \n\n Vraag aan de VDAB consulent: Traject naar ondernemerschap/ Pathway to entrepreneurship? \n Antwoord of Actie: Dear Sir/Madam If you still have doubts about starting your own business and have questions, you can attend an information session at UNIZO for free. They ask you to register in advance .  Are you a jobseeker and planning to start as a self-employed person in your main occupation within a year? You can then register for a 'Pathway to entrepreneurship' at VDAB to receive guidance and support in starting up your own business.  Your entrepreneurial competences are tested during this process. The support consists of a combination of individual coaching and existing (free and paid) initiatives and/or activities. You can register for the 'Pathway to entrepreneurship' via our toll-free number 0800 30 700 (every working day from 8:00 am to 7:00 pm).  For your information: on the website of Vlaams Agentschap Innoveren en Ondernemen you will find useful info for a starting self-employed person.  Do you have any questions? Reply to this email or call us . Best regards VDAB \n\n Categorie: Servicelijn \n\n Domein: standaardmails engels \n\n Url: https://intranet-rel1ldv.ops.vdab.be/faq/servicelijn/vdab-dienstverlening-engelse-mails \n\n Type: intranet", "document_translation": "VDAB services (English mails) \n\n Question for the VDAB counselor: Absence notification? \n Answer or Action: Dear Sir/Madam You let us know that you cannot attend the appointment with [name of mediator] . We have included [her/him] in the mail.  In the future, please contact the mediator who invited you directly. Our service cannot register absences. You will find their details on the invitation vdab.be > Log in > Agenda Do you have any questions? Reply to this email or call us . Best regards VDAB \n\n Question for the VDAB counselor: Support - meeting with a consultant? \n Answer or Action: Dear Sir/Madam You can request a meeting with a VDAB mediator if you need help with your job search.  This can be done by telephone via the toll-free number 0800 30 700. Our employee will be able to get you started with some general information and tips. And he will then make an appointment for you at a local VDAB office. You will then receive confirmation of the appointment and the mediator's contact details. Do you have any questions? Reply to this email or call us . Best regards VDAB \n\n Question for the VDAB counselor: EURES (working abroad)? \n Answer or Action: Dear Sir/Madam We have collected some information about working abroad on our website. You can read, among other things, about looking for a job outside Belgium and the practical arrangements you need to make. If you want to work within the European Economic Area (EEA), be sure to check out the EURES website .  The European Union has developed the 'Europass' to facilitate working in a different European country. This is a folder of 5 documents which focus on the Europass CV. Do you have any questions? Reply to this email or call us . Best regards VDAB \n\n Question for the VDAB counselor: Info about orientation? \n Answer or Action: Dear Sir/Madam You informed us that you would like to take your career in a different direction.  The help we can offer you depends on your work situation.  Are you a jobseeker?  Then you can get support from VDAB in reorienting yourself.  Please call our toll-free number for this. One of our mediators can give you some general information and tips and then schedule an appointment for you. We are available every working day on 0800 30 700.  Are you employed? You can then opt for career advice (a conversation with VDAB itself) or career guidance (a course at a recognised career centre).  You can get career advice from VDAB by email, telephone or in a video call to ask questions about your career, work or possible training courses.  Career guidance is organised by various accredited career centres, not by VDAB itself. The career counsellor will support you in determining a new job target. You can use career vouchers for this.  What can you do in the meantime?  You can already get some inspiration by the following links: Which job is right for me? Career testing Do you have any questions? Reply to this email or call us . Best regards VDAB \n\n Question for the VDAB counselor: Information about applying for a job? \n Answer or Action: Dear Sir/Madam You will find a lot of information about applying for a job on our website: How to write a good CV and an inviting cover letter. How to prepare for a job interview. You will find more information about what our job application coaches can do for you. Feel free to contact them if you have any questions about applying for a job. You can read everything via the link vdab.be/solliciteren . We wish you the best of luck with your application.   Do you have any questions? Reply to this email or call us . Best regards VDAB \n\n Question for the VDAB counselor: Pathway to entrepreneurship? \n Answer or Action: Dear Sir/Madam If you still have doubts about starting your own business and have questions, you can attend an information session at UNIZO for free. They ask you to register in advance .  Are you a jobseeker and planning to start as a self-employed person in your main occupation within a year? You can then register for a 'Pathway to entrepreneurship' at VDAB to receive guidance and support in starting up your own business.  Your entrepreneurial competences are tested during this process. The support consists of a combination of individual coaching and existing (free and paid) initiatives and/or activities. You can register for the 'Pathway to entrepreneurship' via our toll-free number 0800 30 700 (every working day from 8:00 am to 7:00 pm).  For your information: on the website of Vlaams Agentschap Innoveren en Ondernemen you will find useful info for a starting self-employed person.  Do you have any questions? Reply to this email or call us . Best regards VDAB \n\n Category: Service line \n\n Domain: standard emails english \n\n Url: https://intranet-rel1ldv.ops.vdab.be/faq/servicelijn/vdab-dienstverlening-engelse-mails \n\n Type: intranet"}