{"title": "Vertrouwelijk luik: artsen, psychologen, ziekenfondsen,...", "type": "intranet", "field_trefwoorden_name": ["psycholoog", "vertrouwelijk", "arts", "vertrouwelijk luik", "gespecialiseerde centra"], "domain_name": ["vertrouwelijk luik"], "category_name": "Servicelijn", "field_faq_summary": "praktische info voor Servicelijnmedewerkers over de toegang tot het vertrouwelijk luik van een klantendossier voor artsen, psychologen etc ifv registraties voor bepaalde projecten (TAZ, DAZ, ...)", "url": "https://intranet-rel1ldv.ops.vdab.be/faq/servicelijn/vertrouwelijk-luik-artsen-psychologen-ziekenfondsen", "content": [["Waarvoor dient het 'vertrouwelijk luik'?", "Het is een onderdeel van het individueel VDAB-klantendossier van wz en wn. Informatie over de arbeidsbeperking wordt hier bewaard (bijv. het attest van een dokter).  Omwille van privacyredenen is het afgeschermd. Alleen bepaalde VDAB-bemiddelaars en partners  krijgen i.f.v. hun taak, toegang. Bijv. Servicelijn niet, team TewerkstellingsOndersteunende Maatregelen (team TOM) wel."], ["Wie zijn dit en waarom hebben ze toegang nodig?", "Het zijn partners uit de zorgsector die meewerken aan het traject naar werk van personen met gezondheidsproblemen. Zij moeten registraties doen en documenten opladen in het vertrouwelijk luik. Het gaat vooral over artsen, psychologen, psychiaters, CAW's, CGGZ, ziekenfondsen,... in het kader van RIZIV-herinschakelingstrajecten, TAZ, DAZ, activeringsscreeningen/begeleiding,... Achtergrondinfo: Ze hebben niets te maken met het maatwerk."], ["Hoe krijgen ze toegang?", "In de IKP-fiche van de organisatie waarvoor de aanvrager werkt, moet in de flap Sam. Akk. een lijn PMAB_VERTROUWELIJK staan. Verloop : Partner doet aanvraag via 'vdab.be' > 'naar partner's > 'MLB voor partners' > 'hoe krijg ik toegang tot MLB voor partners' > ' enkel toegang tot het vertrouwelijk luik ' Zie ook alinea: 'Wg wil toegang tot het vertrouwelijk luik'."], ["Stap 1: PMAB_VERTROUWELIJK in AMI", "De aanvrager moet in  Toegangsbeheer (Mijn VDAB)  het juiste recht hebben. De administrator van de organisatie kan dat recht voor hem in orde brengen via Mijn VDAB - Toegangsbeheer.  PMAB Read Write : De gebruiker kan info toevoegen en aanpassen. PMAB RO Contact : De gebruiker ziet de contactgegevens in het vertrouwelijk luik, maar kan niets aanpassen. Dit recht is bedoeld voor administratief personeel dat de contactgegevens van de burger en van de VDAB-diensten moet kunnen zien. Wanneer de aanvrager het juiste recht heeft in Toegangsbeheer, kan zijn naam terug gevonden worden in het dossier van de doelgroepwerknemer (zie Stap 3). Door dit recht kan de naam van de aanvrager terug gevonden worden in het dossier van de burger in MLB (zie Stap 3)."], ["Stap 2: recht in Toegangsbeheer", "De aanvrager moet  toegang krijgen tot het vertrouwelijk luik  in het dossier van de werkzoekende (MLB). Dit moet gebeuren voor elk individueel dossier waarin de aanvrager inzage wil. Doorgaans geeft de VDAB-bemiddelaar in de regio of het provinciaal team TewerkstellingsOndersteunende Maatregelen (team TOM) deze groep gebruikers toegang door de naam van de aanvrager toe te voegen in de tab 'PMAB' - 'Toegangsbeheer' in Mijn Loopbaan. Maar de toegang kan ook aangevraagd worden via Backoffice Tewerkstelling & Werkplekleren . Verloop via de Servicelijn - De aanvrager en de werkzoekende vullen het aanvraagformulier in (Worddoc) en ondertekenen het. - Hij bezorgt het aanvraagformulier aan BO TW & WPL via tewerkstelling@vdab.be. Waar is het aanvraagformulier onder andere terug te vinden? Op  www.vdab.be  - 'Voor partners' - 'Mijn Loopbaan voor Partners' - 'Sociale economie' - 'Sociale economie - Lees meer ' - Toelating voor inzage in het vertrouwelijk luik door de werknemer'."]], "link_ankers": [["https://intranet-rel1ldv.ops.vdab.be/faq/servicelijn/vertrouwelijk-luik-toegang-algemeen", "Vertrouwelijk luik: toegang algemeen"], ["https://intranet-rel1ldv.ops.vdab.be/faq/servicelijn/vertrouwelijk-luik-maatwerkbedrijven", "Vertrouwelijk luik: maatwerkbedrijven"], ["https://intranet-rel1ldv.ops.vdab.be/faq/servicelijn/vertrouwelijk-luik-wat-het-en-waarvoor-dient-het", "Vertrouwelijk luik: wat is het en waarvoor dient het"]], "title_translation": "Confidential section: doctors, psychologists, health insurance funds,...", "field_trefwoorden_name_translation": ["specialized centers", "psychologist", "physician", "confidential", "confidential part"], "domain_name_translation": ["confidential section"], "category_name_translation": "Service line", "field_faq_summary_translation": "practical information for Service line employees about access to the confidential part of a customer file for doctors, psychologists, etc. for registrations for certain projects (TAZ, DAZ, ...)", "content_translation": [["What is the 'confidential part' for?", "It is part of the individual VDAB customer file of wz and wn. Information about the work disability is stored here (e.g. the certificate of a doctor).  For privacy reasons, it is protected. Only certain VDAB mediators and partners are given access to their task. E.g. Service line not, team Employment Support Measures (team TOM) does."], ["Who are these and why do they need access?", "They are partners from the healthcare sector who contribute to the trajectory to work of people with health problems. They have to make registrations and upload documents in the confidential part. It mainly concerns doctors, psychologists, psychiatrists, CAWs, CGGZ, health insurance funds,... in the context of NIHDI re-engagement processes, TAZ, DAZ, activation screenings/guidance,... Background info: They have nothing to do with the customization."], ["How do they get access?", "In the IKP sheet of the organization for which the applicant works, the flap must include Sam. Akk. a line PMAB_VERTROUWELIJK stand. Progress : Partner makes request via 'vdab.be' > 'to partner's > 'MLB for partners' > 'how do I get access to MLB for partners' > 'only access to the confidential part' See also paragraph: 'Wg wants access to the confidential part'."], ["Step 1: PMAB_VERTROUWELIJK in AMI", "The applicant must have the appropriate right in Access Control (My VDAB). The administrator of the organization can arrange that right for him via My VDAB - Access Management.  PMAB Read Write : The user can add and modify info. PMAB RO Contact : The user sees the contact details in the confidential section, but cannot change anything. This right is intended for administrative staff who must be able to see the contact details of the citizen and of the VDAB services. When the applicant has the correct right in Access Control, his name can be found in the file of the target employee (see Step 3). Because of this right, the name of the applicant can be found in the citizen's file in MLB (see Step 3)."], ["Step 2: right in Access Control", "The applicant must be given access to the confidential section in the jobseeker's file (MLB). This must be done for each individual file in which the applicant wishes to have access. Usually, the VDAB mediator in the region or the provincial Employment Support Measures team (team TOM) gives this group of users access by adding the applicant's name in the 'PMAB' - 'Access Control' tab in My Career. But access can also be requested via Backoffice Employment & Workplace Learning. Turnover via the Service Line - The applicant and the job seeker complete the application form (Worddoc) and sign it. - He sends the application form to BO TW & WPL via tewerkstelling@vdab.be. Where can the application form be found, among other things? On www.vdab.be - 'For partners' - 'My Career for Partners' - 'Social economy' - 'Social economy - Read more ' - Permission for access to the confidential part by the employee'."]], "document": "Vertrouwelijk luik: artsen, psychologen, ziekenfondsen,... \n\n praktische info voor Servicelijnmedewerkers over de toegang tot het vertrouwelijk luik van een klantendossier voor artsen, psychologen etc ifv registraties voor bepaalde projecten (TAZ, DAZ, ...) \n\n Vraag aan de VDAB consulent: Waarvoor dient het 'vertrouwelijk luik'?? \n Antwoord of Actie: Het is een onderdeel van het individueel VDAB-klantendossier van wz en wn. Informatie over de arbeidsbeperking wordt hier bewaard (bijv. het attest van een dokter).  Omwille van privacyredenen is het afgeschermd. Alleen bepaalde VDAB-bemiddelaars en partners  krijgen i.f.v. hun taak, toegang. Bijv. Servicelijn niet, team TewerkstellingsOndersteunende Maatregelen (team TOM) wel. \n\n Vraag aan de VDAB consulent: Wie zijn dit en waarom hebben ze toegang nodig?? \n Antwoord of Actie: Het zijn partners uit de zorgsector die meewerken aan het traject naar werk van personen met gezondheidsproblemen. Zij moeten registraties doen en documenten opladen in het vertrouwelijk luik. Het gaat vooral over artsen, psychologen, psychiaters, CAW's, CGGZ, ziekenfondsen,... in het kader van RIZIV-herinschakelingstrajecten, TAZ, DAZ, activeringsscreeningen/begeleiding,... Achtergrondinfo: Ze hebben niets te maken met het maatwerk. \n\n Vraag aan de VDAB consulent: Hoe krijgen ze toegang?? \n Antwoord of Actie: In de IKP-fiche van de organisatie waarvoor de aanvrager werkt, moet in de flap Sam. Akk. een lijn PMAB_VERTROUWELIJK staan. Verloop : Partner doet aanvraag via 'vdab.be' > 'naar partner's > 'MLB voor partners' > 'hoe krijg ik toegang tot MLB voor partners' > ' enkel toegang tot het vertrouwelijk luik ' Zie ook alinea: 'Wg wil toegang tot het vertrouwelijk luik'. \n\n Vraag aan de VDAB consulent: Stap 1: PMAB_VERTROUWELIJK in AMI? \n Antwoord of Actie: De aanvrager moet in  Toegangsbeheer (Mijn VDAB)  het juiste recht hebben. De administrator van de organisatie kan dat recht voor hem in orde brengen via Mijn VDAB - Toegangsbeheer.  PMAB Read Write : De gebruiker kan info toevoegen en aanpassen. PMAB RO Contact : De gebruiker ziet de contactgegevens in het vertrouwelijk luik, maar kan niets aanpassen. Dit recht is bedoeld voor administratief personeel dat de contactgegevens van de burger en van de VDAB-diensten moet kunnen zien. Wanneer de aanvrager het juiste recht heeft in Toegangsbeheer, kan zijn naam terug gevonden worden in het dossier van de doelgroepwerknemer (zie Stap 3). Door dit recht kan de naam van de aanvrager terug gevonden worden in het dossier van de burger in MLB (zie Stap 3). \n\n Vraag aan de VDAB consulent: Stap 2: recht in Toegangsbeheer? \n Antwoord of Actie: De aanvrager moet  toegang krijgen tot het vertrouwelijk luik  in het dossier van de werkzoekende (MLB). Dit moet gebeuren voor elk individueel dossier waarin de aanvrager inzage wil. Doorgaans geeft de VDAB-bemiddelaar in de regio of het provinciaal team TewerkstellingsOndersteunende Maatregelen (team TOM) deze groep gebruikers toegang door de naam van de aanvrager toe te voegen in de tab 'PMAB' - 'Toegangsbeheer' in Mijn Loopbaan. Maar de toegang kan ook aangevraagd worden via Backoffice Tewerkstelling & Werkplekleren . Verloop via de Servicelijn - De aanvrager en de werkzoekende vullen het aanvraagformulier in (Worddoc) en ondertekenen het. - Hij bezorgt het aanvraagformulier aan BO TW & WPL via tewerkstelling@vdab.be. Waar is het aanvraagformulier onder andere terug te vinden? Op  www.vdab.be  - 'Voor partners' - 'Mijn Loopbaan voor Partners' - 'Sociale economie' - 'Sociale economie - Lees meer ' - Toelating voor inzage in het vertrouwelijk luik door de werknemer'. \n\n Categorie: Servicelijn \n\n Domein: vertrouwelijk luik \n\n Tags: psycholoog, vertrouwelijk, arts, vertrouwelijk luik, gespecialiseerde centra \n\n Url: https://intranet-rel1ldv.ops.vdab.be/faq/servicelijn/vertrouwelijk-luik-artsen-psychologen-ziekenfondsen \n\n Volgende paginas: Vertrouwelijk luik: toegang algemeen, via https://intranet-rel1ldv.ops.vdab.be/faq/servicelijn/vertrouwelijk-luik-toegang-algemeen - Vertrouwelijk luik: maatwerkbedrijven, via https://intranet-rel1ldv.ops.vdab.be/faq/servicelijn/vertrouwelijk-luik-maatwerkbedrijven - Vertrouwelijk luik: wat is het en waarvoor dient het, via https://intranet-rel1ldv.ops.vdab.be/faq/servicelijn/vertrouwelijk-luik-wat-het-en-waarvoor-dient-het \n\n Type: intranet", "document_translation": "Confidential section: doctors, psychologists, health insurance funds,... \n\n practical information for Service line employees about access to the confidential part of a customer file for doctors, psychologists, etc. for registrations for certain projects (TAZ, DAZ, ...) \n\n Question for the VDAB counselor: What is the 'confidential part' for?? \n Answer or Action: It is part of the individual VDAB customer file of wz and wn. Information about the work disability is stored here (e.g. the certificate of a doctor).  For privacy reasons, it is protected. Only certain VDAB mediators and partners are given access to their task. E.g. Service line not, team Employment Support Measures (team TOM) does. \n\n Question for the VDAB counselor: Who are these and why do they need access?? \n Answer or Action: They are partners from the healthcare sector who contribute to the trajectory to work of people with health problems. They have to make registrations and upload documents in the confidential part. It mainly concerns doctors, psychologists, psychiatrists, CAWs, CGGZ, health insurance funds,... in the context of NIHDI re-engagement processes, TAZ, DAZ, activation screenings/guidance,... Background info: They have nothing to do with the customization. \n\n Question for the VDAB counselor: How do they get access?? \n Answer or Action: In the IKP sheet of the organization for which the applicant works, the flap must include Sam. Akk. a line PMAB_VERTROUWELIJK stand. Progress : Partner makes request via 'vdab.be' > 'to partner's > 'MLB for partners' > 'how do I get access to MLB for partners' > 'only access to the confidential part' See also paragraph: 'Wg wants access to the confidential part'. \n\n Question for the VDAB counselor: Step 1: PMAB_VERTROUWELIJK in AMI? \n Answer or Action: The applicant must have the appropriate right in Access Control (My VDAB). The administrator of the organization can arrange that right for him via My VDAB - Access Management.  PMAB Read Write : The user can add and modify info. PMAB RO Contact : The user sees the contact details in the confidential section, but cannot change anything. This right is intended for administrative staff who must be able to see the contact details of the citizen and of the VDAB services. When the applicant has the correct right in Access Control, his name can be found in the file of the target employee (see Step 3). Because of this right, the name of the applicant can be found in the citizen's file in MLB (see Step 3). \n\n Question for the VDAB counselor: Step 2: right in Access Control? \n Answer or Action: The applicant must be given access to the confidential section in the jobseeker's file (MLB). This must be done for each individual file in which the applicant wishes to have access. Usually, the VDAB mediator in the region or the provincial Employment Support Measures team (team TOM) gives this group of users access by adding the applicant's name in the 'PMAB' - 'Access Control' tab in My Career. But access can also be requested via Backoffice Employment & Workplace Learning. Turnover via the Service Line - The applicant and the job seeker complete the application form (Worddoc) and sign it. - He sends the application form to BO TW & WPL via tewerkstelling@vdab.be. Where can the application form be found, among other things? On www.vdab.be - 'For partners' - 'My Career for Partners' - 'Social economy' - 'Social economy - Read more ' - Permission for access to the confidential part by the employee'. \n\n Category: Service line \n\n Domain: confidential section \n\n Tags: specialized centers, psychologist, physician, confidential, confidential part \n\n Url: https://intranet-rel1ldv.ops.vdab.be/faq/servicelijn/vertrouwelijk-luik-artsen-psychologen-ziekenfondsen \n\n Next pages: Vertrouwelijk luik: toegang algemeen, via https://intranet-rel1ldv.ops.vdab.be/faq/servicelijn/vertrouwelijk-luik-toegang-algemeen - Vertrouwelijk luik: maatwerkbedrijven, via https://intranet-rel1ldv.ops.vdab.be/faq/servicelijn/vertrouwelijk-luik-maatwerkbedrijven - Vertrouwelijk luik: wat is het en waarvoor dient het, via https://intranet-rel1ldv.ops.vdab.be/faq/servicelijn/vertrouwelijk-luik-wat-het-en-waarvoor-dient-het \n\n Type: intranet"}