{"title": "Meldpunt wg: Wat met info over sollicitatiegedrag van een werkzoekende", "type": "intranet", "field_trefwoorden_name": ["klachten", "werkzoekenden", "werkweigering", "werkgevers", "sollicitatie"], "domain_name": ["melden en ontvangen", "sollicitaties"], "category_name": "Servicelijn", "field_faq_summary": "Hoe gaan we hiermee om, welke verschillen kunnen we hierin onderscheiden.", "url": "https://intranet-rel1ldv.ops.vdab.be/faq/servicelijn/meldpunt-wg-wat-met-info-over-sollicitatiegedrag-van-een-werkzoekende", "content": [["Wat doen met info van een wg over het sollicitatiegedrag van een wz?", "Meldingen via mail  (info@vdab.be, vacatures@vdab.be, vergoedbaarheid.Gent@rva.be, ...) Procedure Servicelijn Ga naar vdab.be > Naar site werkgevers >  Hulp nodig? > Veelgestelde vragen > Hoe geef ik feedback over sollicitanten door aan VDAB? - Ontdek hoe je feedback geeft > online formulier Heb je voldoende info uit de mail om de verplichte velden in te vullen? Ja: Vul de velden in van het formulier. Informeer de werkgever dat je zijn melding doorstuurde naar de bevoegde dienst. Neen: Stuur de werkgever de standaardmail 'Sollicitatiefeedback melden' . Meldingen via de telefoon Procedure Servicelijn Is de werkgever webminded? Ja:  Verwijs de werkgever naar het webformulier  (vdab.be). Neen:  Vul het webformulier  (vdab.be) in voor de werkgever. Achtergrondinfo Het ingevulde webformulier komt toe bij admin. De formulieren die voldoen aan bepaalde voorwaarden sturen zij door aan de regio. Zie ook:  werkwijze admin  + werkwijze regio Interne info Admin geeft niet alle ingevulde webformulieren door aan de regio. Of admin een formulier al dan niet doorstuurt en welke acties de regionale bemiddelaar vervolgens onderneemt, is afhankelijk van de privacywetgeving van de werkzoekende."], ["Waar staat het webformulier 'sollicitatiefeedback geven'?", "Ga naar vdab.be > Naar site werkgevers >  Hulp nodig? > Veelgestelde vragen > Hoe geef ik feedback over sollicitanten door aan VDAB? - Ontdek hoe je feedback geeft > online formulier Link webformulier 'sollicitatiefeedback geven'  (vdab.be) Achtergrondinfo Onmiddellijk na het versturen van het webformulier ziet de werkgever volgende boodschap: \"Bedankt voor je bericht. We nemen dit verder op. Omwille van de wet op de privacy kunnen we jou wel geen feedback geven over het resultaat\". Interne info 18 12 2019: De info op de website (vdab.be) handelt niet over de verwerking van de meldingen sollicitatiegedrag maar over de verwerking van sollicitatiefeedback (en staat er dus eigenlijk niet op de juiste plek). VDAB mag juridisch sollicitatiefeedback opvragen als een klant een gepubliceerd cv heeft of een sollicitatie-opdracht kreeg.  Het verwerken van de meldingen van sollicitatiegedrag, die de werkgever op eigen initiatief deelt met VDAB, bevindt zich momenteel in een juridisch grijze zone omwille van de privacywetgeving. VDAB zoekt hiervoor een oplossing en verkiest om er in de tussentijd geen ruchtbaarheid aan te geven. Tot nader bericht blijft Servicelijn dan ook de meldingen van sollicitatiegedrag verwerken (admin doet deze taak)."], ["FAQ's", "Interne info   Enkele voorbeelden: Een werkzoekende stuurt zijn cv naar een werkgever. De werkgever tracht de werkzoekende telefonisch uit te nodigen voor een gesprek, zonder succes. Wanneer de werkgever een mail stuurt, reageert de werkzoekende grof/negatief/... De werkgever doet hiervan melding. Een werkgever ziet op mijn VDAB dat een werkzoekende regelmatig zijn profiel aanpast, maar nooit reageert op uitnodigingen. De werkgever doet hiervan melding. Een werkgever meldt dat klant X en klant Y niet zijn komen opdagen op een sollicitatiegesprek en doet hiervan melding."], ["Voorbeeldcases", "VDAB volgt het 'zoekgedrag' op van 'bepaalde' werkzoekenden. Over de opvolging van individuele meldingen kan VDAB geen info geven. Dit valt onder de wet op de privacy. Achtergrondinfo De WG krijgt zowel voor als na het invullen van het webformulier info hierover: In de tekst voor het invullen staat: 'Omwille van de wet op de privacy kunnen we jou wel geen feedback geven over het resultaat. Na het versturen opent een pagina met het bericht: 'Bedankt voor je bericht. We nemen dit verder op. Omwille van de wet op de privacy kunnen we jou wel geen feedback geven over het resultaat.'"], ["Wg vraagt wat VDAB doet met de melding?", "Neen, niet alle werkzoekenden zijn verplicht om te solliciteren. Werkzoekenden die de werkgever selecteert in de cv-databank, zijn NIET ALTIJD verplicht om te reageren of te solliciteren. Dit is afhankelijk van hun statuut (vrij ingeschreven werkzoekende bv.), de passendheid van de vacature, enzovoort. Werkzoekenden die van VDAB een sollicitatie-opdracht kregen, zijn WEL verplicht te solliciteren VDAB volgt het zoekgedrag op van verplicht ingeschreven werkzoekenden. Van vrije werkzoekenden niet. "], ["Zijn alle wz verplicht om te solliciteren?", "Neen, dat hoeft niet. Elke werkgever kan zonder in te loggen het webformulier invullen. Een Mijn VDAB-account is dus niet vereist."], ["Moet de wg inloggen in 'Mijn VDAB' om het formulier 'sollicitatiefeedback geven' te gebruiken?", "Antwoord"], ["Wg / partner vraagt contactgegevens VDAB-Controledienst", "Klacht Een klacht heeft betrekking op de dienstverlening van VDAB & partners. Dit kan de werkgever op verschillende manieren aan VDAB doorgeven. Melding over sollicitatiegedrag Een melding over sollicitatiegedrag gaat over het gedrag van een werkzoekende tegenover een werkgever tijdens een sollicitatieprocedure.  De werkgever kan een klacht over sollicitatiegedrag doorgeven via het online formulier  (vdab.be)."], ["Verschil tussen een klacht en een melding over sollicitatiegedrag?", "De knop 'geef sollicitatiefeedback' in Mijn VDAB  Sollicitatiefeedback geven via de knop in Mijn VDAB kan enkel als de WG de kandidaat heeft bewaard op een vacature; of VDAB de kandidaat heeft voorgesteld op een vacature (sollicitatieopdracht). Meer informatie kan je nalezen in het document  Sollicitatiefeedback  en het document  Sollicitatiefeedback van werkgever (op sollicitatieopdracht): algemene info . Een melding van sollicitatiegedrag via vdab.be Melding maken over het sollicitatiegedrag via het online formulier  (vdab.be) kan door elke werkgever voor elke werkzoekende. De werkgever heeft daarvoor geen toegang nodig tot Mijn VDAB. De eigen gegevens en die van de werkzoekende, samen met een beschrijving van het ongepast gedrag, zijn voldoende."], ["Verschil tussen de knop 'geef sollicitatiefeedback' in Mijn VDAB en een melding over sollicitatiegedrag via vdab.be?", "Sollicitatiegedrag Sollicitatiegedrag gaat over het gedrag van een werkzoekende voor zolang hij geen contract tekent. Dit is een bevoegdheid van VDAB. De werkgever kan dit gedrag melden (vdab.be) aan VDAB. Werkverlating Werkverlating gebeurt onder andere nadat een uitkeringsgerechtigd werkzoekende een contract heeft getekend bij een werkgever en niet komt opdagen op de dag dat het contract ingaat. Dit is een bevoegdheid van RVA. De werkgever kan dit  melden (externe site) aan RVA."], ["Verschil tussen een melding over werkverlating en een melding over sollicitatiegedrag?", "Opgelet VDAB is niet bevoegd om vragen te beantwoorden over wat werkverlating betekent voor het getekende contract. VDAB kan wel doorverwijzen. Procedure Servicelijn Informeer de werkgever dat hij contact kan opnemen met ofwel: zijn sociaal secretariaat, het contactcenter van het Toezicht op de Sociale Wetten . Het gaat hier over vragen zoals: Moet ik als werkgever deze persoon nu ontslaan? Wat als deze persoon na een tijdje toch opdaagt? Wat met de betaling van het loon?"]], "link_ankers": [["https://intranet-rel1ldv.ops.vdab.be/faq/servicelijn/externe-standaardmails-kandidaten", "standaardmail 'Sollicitatiefeedback melden'"], ["https://intranet-rel1ldv.ops.vdab.be/faq/servicelijn/doorverwijzen-bij-andere-vragen-meldingen-van-werkgevers", "Antwoord"], ["https://intranet-rel1ldv.ops.vdab.be/faq/servicelijn/sollicitatiefeedback-van-werkgevers-op-een-sollicitatieopdracht", "Sollicitatiefeedback van werkgever (op sollicitatieopdracht): algemene info"], ["https://intranet-rel1ldv.ops.vdab.be/faq/servicelijn/sollicitatiefeedback", "Sollicitatiefeedback"], ["https://intranet-rel1ldv.ops.vdab.be/faq/servicelijn/meldpunt-wg-behandeling-webformulier-om-sollicitatiegedrag-te-melden-aan-vdab", " werkwijze admin"], ["https://intranet-rel1ldv.ops.vdab.be/faq/servicelijn/Wie-hoe-en-wanneer-een-klacht-melden", "op verschillende manieren"]], "title_translation": "Reporting point wg: What about information about the application behaviour of a job seeker", "field_trefwoorden_name_translation": ["job seekers", "application", "complaints", "employers", "refusal to work"], "domain_name_translation": ["applications", "report and receive"], "category_name_translation": "Service line", "field_faq_summary_translation": "How do we deal with this, what differences can we distinguish in this.", "content_translation": [["What to do with information from a wg about the application behavior of a wz?", "Notifications by mail (info@vdab.be, vacatures@vdab.be, vergoedbaarheid.Gent@rva.be, ...) Procedure Service line Go to vdab.be > To site employers > Need help? > Frequently Asked Questions > How do I pass on feedback about applicants to VDAB? - Find out how to give feedback > online form Do you have enough information from the mail to fill in the required fields? Yes: Fill in the fields of the form. Inform the employer that you forwarded his report to the competent service. No: Send the employer the standard email 'Report application feedback'. Notifications over the phone Procedure Service line Is the employer webminded? Yes: Refer the employer to the web form (vdab.be). No: Fill in the web form (vdab.be) for the employer. Background information The completed web form arrives at admin. They forward the forms that meet certain conditions to the region. See also: method admin + working method region Internal info Admin does not pass on all completed web forms to the region. Whether or not admin forwards a form and what actions the regional mediator takes next depends on the job seeker's privacy laws."], ["Where is the web form 'give application feedback'?", "Go to vdab.be > Go to employer site > Need help? > Frequently Asked Questions > How do I pass on feedback about applicants to VDAB? - Find out how to give feedback > online form Link web form 'give application feedback' (vdab.be) Background information Immediately after sending the web form, the employer sees the following message: \"Thank you for your message. We'll take this up further. Due to the law on privacy, we cannot give you feedback on the result\". Internal info 18 12 2019: The information on the website (vdab.be) does not deal with the processing of the reports of application behavior but with the processing of application feedback (and is therefore actually not in the right place). VDAB may legally request application feedback if a client has a published CV or has received an application assignment.  The processing of the reports of application behaviour, which the employer shares with VDAB on its own initiative, is currently in a legal grey zone due to privacy legislation. VDAB is looking for a solution for this and prefers not to publicize it in the meantime. Until further notice, Servicelijn will continue to process the notifications of application behavior (admin does this task)."], ["FAQ's", "Internal info Some examples: A job seeker sends his resume to an employer. The employer tries to invite the job seeker for an interview by telephone, without success. When the employer sends an email, the job seeker responds rudely/negatively/... The employer shall report this. An employer sees on my VDAB that a job seeker regularly adjusts his profile, but never responds to invitations. The employer shall report this. An employer reports that customer X and customer Y did not show up for a job interview and reports this."], ["Example cases", "VDAB monitors the 'search behaviour' of 'certain' job seekers. VDAB cannot provide information about the follow-up of individual reports. This falls under the law on privacy. Background information The WG receives information about this both before and after completing the web form: The text for filling in states: 'Due to the law on privacy, we cannot give you feedback about the result. After sending, a page opens with the message: \"Thank you for your message. We'll take this up further. Due to the privacy law, we cannot give you feedback on the result.'"], ["Wg asks what VDAB does with the report?", "No, not all job seekers are obliged to apply. Job seekers that the employer selects in the CV database are NOT ALWAYS obliged to respond or apply. This depends on their status (freely registered job seeker, for example), the appropriateness of the vacancy, and so on. Job seekers who received an application assignment from VDAB are OBLIGED to apply VDAB monitors the search behavior of mandatory registered job seekers. Not of free job seekers."], ["Are all wz required to apply?", "No, you don't have to. Any employer can fill in the web form without logging in. A My VDAB account is therefore not required."], ["Does the wg have to log in to 'My VDAB' to use the 'give application feedback' form?", "Answer"], ["Wg / partner asks for contact details VDAB-Controledienst", "Complaint A complaint relates to the services of VDAB & partners. The employer can pass this on to VDAB in various ways. Notification about application behaviour A report about application behaviour is about the behaviour of a job seeker towards an employer during an application procedure.  The employer can submit a complaint about application behaviour via the online form (vdab.be)."], ["Difference between a complaint and a report about application behaviour? The button 'give application feedback' in My VDAB", "Give application feedback via the button in My VDAB is only possible if the WG has saved the candidate on a vacancy; or VDAB has proposed the candidate on a vacancy (application assignment). More information can be found in the document Application feedback and the document Application feedback from employer (on application assignment): general info . A report of application behaviour via vdab.be Report the application behaviour via the online form (vdab.be) can be made by any employer for each job seeker. The employer does not need access to My VDAB for this. The jobseeker's own data and that of the job seeker, together with a description of the inappropriate behavior, are sufficient."], ["Difference between the 'give application feedback' button in My VDAB and a notification about application behaviour via vdab.be? Application", "behaviour Application behaviour is about the behaviour of a job seeker as long as he does not sign a contract. This is a competence of VDAB. The employer can report this behaviour (vdab.be) to VDAB. Job abandonment Work abandonment occurs, among other things, after a benefit-entitled jobseeker has signed a contract with an employer and does not show up on the day the contract takes effect. This is a competence of the RVA. The employer can report this (external site) to RVA."], ["Difference between a report about leaving work and a report about application behaviour?", "Please note that VDAB is not authorized to answer questions about what leaving work means for the signed contract. VDAB can refer. Procedure Service line Inform the employer that he can contact either: his social secretariat, the contact center of the Supervision of Social Laws . This concerns questions such as: Should I, as an employer, fire this person now? What if this person shows up after a while? What about the payment of wages?"]], "document": "Meldpunt wg: Wat met info over sollicitatiegedrag van een werkzoekende \n\n Hoe gaan we hiermee om, welke verschillen kunnen we hierin onderscheiden. \n\n Vraag aan de VDAB consulent: Wat doen met info van een wg over het sollicitatiegedrag van een wz?? \n Antwoord of Actie: Meldingen via mail  (info@vdab.be, vacatures@vdab.be, vergoedbaarheid.Gent@rva.be, ...) Procedure Servicelijn Ga naar vdab.be > Naar site werkgevers >  Hulp nodig? > Veelgestelde vragen > Hoe geef ik feedback over sollicitanten door aan VDAB? - Ontdek hoe je feedback geeft > online formulier Heb je voldoende info uit de mail om de verplichte velden in te vullen? Ja: Vul de velden in van het formulier. Informeer de werkgever dat je zijn melding doorstuurde naar de bevoegde dienst. Neen: Stuur de werkgever de standaardmail 'Sollicitatiefeedback melden' . Meldingen via de telefoon Procedure Servicelijn Is de werkgever webminded? Ja:  Verwijs de werkgever naar het webformulier  (vdab.be). Neen:  Vul het webformulier  (vdab.be) in voor de werkgever. Achtergrondinfo Het ingevulde webformulier komt toe bij admin. De formulieren die voldoen aan bepaalde voorwaarden sturen zij door aan de regio. Zie ook:  werkwijze admin  + werkwijze regio Interne info Admin geeft niet alle ingevulde webformulieren door aan de regio. Of admin een formulier al dan niet doorstuurt en welke acties de regionale bemiddelaar vervolgens onderneemt, is afhankelijk van de privacywetgeving van de werkzoekende. \n\n Vraag aan de VDAB consulent: Waar staat het webformulier 'sollicitatiefeedback geven'?? \n Antwoord of Actie: Ga naar vdab.be > Naar site werkgevers >  Hulp nodig? > Veelgestelde vragen > Hoe geef ik feedback over sollicitanten door aan VDAB? - Ontdek hoe je feedback geeft > online formulier Link webformulier 'sollicitatiefeedback geven'  (vdab.be) Achtergrondinfo Onmiddellijk na het versturen van het webformulier ziet de werkgever volgende boodschap: \"Bedankt voor je bericht. We nemen dit verder op. Omwille van de wet op de privacy kunnen we jou wel geen feedback geven over het resultaat\". Interne info 18 12 2019: De info op de website (vdab.be) handelt niet over de verwerking van de meldingen sollicitatiegedrag maar over de verwerking van sollicitatiefeedback (en staat er dus eigenlijk niet op de juiste plek). VDAB mag juridisch sollicitatiefeedback opvragen als een klant een gepubliceerd cv heeft of een sollicitatie-opdracht kreeg.  Het verwerken van de meldingen van sollicitatiegedrag, die de werkgever op eigen initiatief deelt met VDAB, bevindt zich momenteel in een juridisch grijze zone omwille van de privacywetgeving. VDAB zoekt hiervoor een oplossing en verkiest om er in de tussentijd geen ruchtbaarheid aan te geven. Tot nader bericht blijft Servicelijn dan ook de meldingen van sollicitatiegedrag verwerken (admin doet deze taak). \n\n Vraag aan de VDAB consulent: FAQ's? \n Antwoord of Actie: Interne info   Enkele voorbeelden: Een werkzoekende stuurt zijn cv naar een werkgever. De werkgever tracht de werkzoekende telefonisch uit te nodigen voor een gesprek, zonder succes. Wanneer de werkgever een mail stuurt, reageert de werkzoekende grof/negatief/... De werkgever doet hiervan melding. Een werkgever ziet op mijn VDAB dat een werkzoekende regelmatig zijn profiel aanpast, maar nooit reageert op uitnodigingen. De werkgever doet hiervan melding. Een werkgever meldt dat klant X en klant Y niet zijn komen opdagen op een sollicitatiegesprek en doet hiervan melding. \n\n Vraag aan de VDAB consulent: Voorbeeldcases? \n Antwoord of Actie: VDAB volgt het 'zoekgedrag' op van 'bepaalde' werkzoekenden. Over de opvolging van individuele meldingen kan VDAB geen info geven. Dit valt onder de wet op de privacy. Achtergrondinfo De WG krijgt zowel voor als na het invullen van het webformulier info hierover: In de tekst voor het invullen staat: 'Omwille van de wet op de privacy kunnen we jou wel geen feedback geven over het resultaat. Na het versturen opent een pagina met het bericht: 'Bedankt voor je bericht. We nemen dit verder op. Omwille van de wet op de privacy kunnen we jou wel geen feedback geven over het resultaat.' \n\n Vraag aan de VDAB consulent: Wg vraagt wat VDAB doet met de melding?? \n Antwoord of Actie: Neen, niet alle werkzoekenden zijn verplicht om te solliciteren. Werkzoekenden die de werkgever selecteert in de cv-databank, zijn NIET ALTIJD verplicht om te reageren of te solliciteren. Dit is afhankelijk van hun statuut (vrij ingeschreven werkzoekende bv.), de passendheid van de vacature, enzovoort. Werkzoekenden die van VDAB een sollicitatie-opdracht kregen, zijn WEL verplicht te solliciteren VDAB volgt het zoekgedrag op van verplicht ingeschreven werkzoekenden. Van vrije werkzoekenden niet.  \n\n Vraag aan de VDAB consulent: Zijn alle wz verplicht om te solliciteren?? \n Antwoord of Actie: Neen, dat hoeft niet. Elke werkgever kan zonder in te loggen het webformulier invullen. Een Mijn VDAB-account is dus niet vereist. \n\n Vraag aan de VDAB consulent: Moet de wg inloggen in 'Mijn VDAB' om het formulier 'sollicitatiefeedback geven' te gebruiken?? \n Antwoord of Actie: Antwoord \n\n Vraag aan de VDAB consulent: Wg / partner vraagt contactgegevens VDAB-Controledienst? \n Antwoord of Actie: Klacht Een klacht heeft betrekking op de dienstverlening van VDAB & partners. Dit kan de werkgever op verschillende manieren aan VDAB doorgeven. Melding over sollicitatiegedrag Een melding over sollicitatiegedrag gaat over het gedrag van een werkzoekende tegenover een werkgever tijdens een sollicitatieprocedure.  De werkgever kan een klacht over sollicitatiegedrag doorgeven via het online formulier  (vdab.be). \n\n Vraag aan de VDAB consulent: Verschil tussen een klacht en een melding over sollicitatiegedrag?? \n Antwoord of Actie: De knop 'geef sollicitatiefeedback' in Mijn VDAB  Sollicitatiefeedback geven via de knop in Mijn VDAB kan enkel als de WG de kandidaat heeft bewaard op een vacature; of VDAB de kandidaat heeft voorgesteld op een vacature (sollicitatieopdracht). Meer informatie kan je nalezen in het document  Sollicitatiefeedback  en het document  Sollicitatiefeedback van werkgever (op sollicitatieopdracht): algemene info . Een melding van sollicitatiegedrag via vdab.be Melding maken over het sollicitatiegedrag via het online formulier  (vdab.be) kan door elke werkgever voor elke werkzoekende. De werkgever heeft daarvoor geen toegang nodig tot Mijn VDAB. De eigen gegevens en die van de werkzoekende, samen met een beschrijving van het ongepast gedrag, zijn voldoende. \n\n Vraag aan de VDAB consulent: Verschil tussen de knop 'geef sollicitatiefeedback' in Mijn VDAB en een melding over sollicitatiegedrag via vdab.be?? \n Antwoord of Actie: Sollicitatiegedrag Sollicitatiegedrag gaat over het gedrag van een werkzoekende voor zolang hij geen contract tekent. Dit is een bevoegdheid van VDAB. De werkgever kan dit gedrag melden (vdab.be) aan VDAB. Werkverlating Werkverlating gebeurt onder andere nadat een uitkeringsgerechtigd werkzoekende een contract heeft getekend bij een werkgever en niet komt opdagen op de dag dat het contract ingaat. Dit is een bevoegdheid van RVA. De werkgever kan dit  melden (externe site) aan RVA. \n\n Vraag aan de VDAB consulent: Verschil tussen een melding over werkverlating en een melding over sollicitatiegedrag?? \n Antwoord of Actie: Opgelet VDAB is niet bevoegd om vragen te beantwoorden over wat werkverlating betekent voor het getekende contract. VDAB kan wel doorverwijzen. Procedure Servicelijn Informeer de werkgever dat hij contact kan opnemen met ofwel: zijn sociaal secretariaat, het contactcenter van het Toezicht op de Sociale Wetten . Het gaat hier over vragen zoals: Moet ik als werkgever deze persoon nu ontslaan? Wat als deze persoon na een tijdje toch opdaagt? Wat met de betaling van het loon? \n\n Categorie: Servicelijn \n\n Domein: melden en ontvangen - sollicitaties \n\n Tags: klachten, werkzoekenden, werkweigering, werkgevers, sollicitatie \n\n Url: https://intranet-rel1ldv.ops.vdab.be/faq/servicelijn/meldpunt-wg-wat-met-info-over-sollicitatiegedrag-van-een-werkzoekende \n\n Volgende paginas: standaardmail 'Sollicitatiefeedback melden', via https://intranet-rel1ldv.ops.vdab.be/faq/servicelijn/externe-standaardmails-kandidaten - Antwoord, via https://intranet-rel1ldv.ops.vdab.be/faq/servicelijn/doorverwijzen-bij-andere-vragen-meldingen-van-werkgevers - Sollicitatiefeedback van werkgever (op sollicitatieopdracht): algemene info, via https://intranet-rel1ldv.ops.vdab.be/faq/servicelijn/sollicitatiefeedback-van-werkgevers-op-een-sollicitatieopdracht - Sollicitatiefeedback, via https://intranet-rel1ldv.ops.vdab.be/faq/servicelijn/sollicitatiefeedback -  werkwijze admin, via https://intranet-rel1ldv.ops.vdab.be/faq/servicelijn/meldpunt-wg-behandeling-webformulier-om-sollicitatiegedrag-te-melden-aan-vdab - op verschillende manieren, via https://intranet-rel1ldv.ops.vdab.be/faq/servicelijn/Wie-hoe-en-wanneer-een-klacht-melden \n\n Type: intranet", "document_translation": "Reporting point wg: What about information about the application behaviour of a job seeker \n\n How do we deal with this, what differences can we distinguish in this. \n\n Question for the VDAB counselor: What to do with information from a wg about the application behavior of a wz?? \n Answer or Action: Notifications by mail (info@vdab.be, vacatures@vdab.be, vergoedbaarheid.Gent@rva.be, ...) Procedure Service line Go to vdab.be > To site employers > Need help? > Frequently Asked Questions > How do I pass on feedback about applicants to VDAB? - Find out how to give feedback > online form Do you have enough information from the mail to fill in the required fields? Yes: Fill in the fields of the form. Inform the employer that you forwarded his report to the competent service. No: Send the employer the standard email 'Report application feedback'. Notifications over the phone Procedure Service line Is the employer webminded? Yes: Refer the employer to the web form (vdab.be). No: Fill in the web form (vdab.be) for the employer. Background information The completed web form arrives at admin. They forward the forms that meet certain conditions to the region. See also: method admin + working method region Internal info Admin does not pass on all completed web forms to the region. Whether or not admin forwards a form and what actions the regional mediator takes next depends on the job seeker's privacy laws. \n\n Question for the VDAB counselor: Where is the web form 'give application feedback'?? \n Answer or Action: Go to vdab.be > Go to employer site > Need help? > Frequently Asked Questions > How do I pass on feedback about applicants to VDAB? - Find out how to give feedback > online form Link web form 'give application feedback' (vdab.be) Background information Immediately after sending the web form, the employer sees the following message: \"Thank you for your message. We'll take this up further. Due to the law on privacy, we cannot give you feedback on the result\". Internal info 18 12 2019: The information on the website (vdab.be) does not deal with the processing of the reports of application behavior but with the processing of application feedback (and is therefore actually not in the right place). VDAB may legally request application feedback if a client has a published CV or has received an application assignment.  The processing of the reports of application behaviour, which the employer shares with VDAB on its own initiative, is currently in a legal grey zone due to privacy legislation. VDAB is looking for a solution for this and prefers not to publicize it in the meantime. Until further notice, Servicelijn will continue to process the notifications of application behavior (admin does this task). \n\n Question for the VDAB counselor: FAQ's? \n Answer or Action: Internal info Some examples: A job seeker sends his resume to an employer. The employer tries to invite the job seeker for an interview by telephone, without success. When the employer sends an email, the job seeker responds rudely/negatively/... The employer shall report this. An employer sees on my VDAB that a job seeker regularly adjusts his profile, but never responds to invitations. The employer shall report this. An employer reports that customer X and customer Y did not show up for a job interview and reports this. \n\n Question for the VDAB counselor: Example cases? \n Answer or Action: VDAB monitors the 'search behaviour' of 'certain' job seekers. VDAB cannot provide information about the follow-up of individual reports. This falls under the law on privacy. Background information The WG receives information about this both before and after completing the web form: The text for filling in states: 'Due to the law on privacy, we cannot give you feedback about the result. After sending, a page opens with the message: \"Thank you for your message. We'll take this up further. Due to the privacy law, we cannot give you feedback on the result.' \n\n Question for the VDAB counselor: Wg asks what VDAB does with the report?? \n Answer or Action: No, not all job seekers are obliged to apply. Job seekers that the employer selects in the CV database are NOT ALWAYS obliged to respond or apply. This depends on their status (freely registered job seeker, for example), the appropriateness of the vacancy, and so on. Job seekers who received an application assignment from VDAB are OBLIGED to apply VDAB monitors the search behavior of mandatory registered job seekers. Not of free job seekers. \n\n Question for the VDAB counselor: Are all wz required to apply?? \n Answer or Action: No, you don't have to. Any employer can fill in the web form without logging in. A My VDAB account is therefore not required. \n\n Question for the VDAB counselor: Does the wg have to log in to 'My VDAB' to use the 'give application feedback' form?? \n Answer or Action: Answer \n\n Question for the VDAB counselor: Wg / partner asks for contact details VDAB-Controledienst? \n Answer or Action: Complaint A complaint relates to the services of VDAB & partners. The employer can pass this on to VDAB in various ways. Notification about application behaviour A report about application behaviour is about the behaviour of a job seeker towards an employer during an application procedure.  The employer can submit a complaint about application behaviour via the online form (vdab.be). \n\n Question for the VDAB counselor: Difference between a complaint and a report about application behaviour? The button 'give application feedback' in My VDAB? \n Answer or Action: Give application feedback via the button in My VDAB is only possible if the WG has saved the candidate on a vacancy; or VDAB has proposed the candidate on a vacancy (application assignment). More information can be found in the document Application feedback and the document Application feedback from employer (on application assignment): general info . A report of application behaviour via vdab.be Report the application behaviour via the online form (vdab.be) can be made by any employer for each job seeker. The employer does not need access to My VDAB for this. The jobseeker's own data and that of the job seeker, together with a description of the inappropriate behavior, are sufficient. \n\n Question for the VDAB counselor: Difference between the 'give application feedback' button in My VDAB and a notification about application behaviour via vdab.be? Application? \n Answer or Action: behaviour Application behaviour is about the behaviour of a job seeker as long as he does not sign a contract. This is a competence of VDAB. The employer can report this behaviour (vdab.be) to VDAB. Job abandonment Work abandonment occurs, among other things, after a benefit-entitled jobseeker has signed a contract with an employer and does not show up on the day the contract takes effect. This is a competence of the RVA. The employer can report this (external site) to RVA. \n\n Question for the VDAB counselor: Difference between a report about leaving work and a report about application behaviour?? \n Answer or Action: Please note that VDAB is not authorized to answer questions about what leaving work means for the signed contract. VDAB can refer. Procedure Service line Inform the employer that he can contact either: his social secretariat, the contact center of the Supervision of Social Laws . This concerns questions such as: Should I, as an employer, fire this person now? What if this person shows up after a while? What about the payment of wages? \n\n Category: Service line \n\n Domain: applications - report and receive \n\n Tags: job seekers, application, complaints, employers, refusal to work \n\n Url: https://intranet-rel1ldv.ops.vdab.be/faq/servicelijn/meldpunt-wg-wat-met-info-over-sollicitatiegedrag-van-een-werkzoekende \n\n Next pages: standaardmail 'Sollicitatiefeedback melden', via https://intranet-rel1ldv.ops.vdab.be/faq/servicelijn/externe-standaardmails-kandidaten - Antwoord, via https://intranet-rel1ldv.ops.vdab.be/faq/servicelijn/doorverwijzen-bij-andere-vragen-meldingen-van-werkgevers - Sollicitatiefeedback van werkgever (op sollicitatieopdracht): algemene info, via https://intranet-rel1ldv.ops.vdab.be/faq/servicelijn/sollicitatiefeedback-van-werkgevers-op-een-sollicitatieopdracht - Sollicitatiefeedback, via https://intranet-rel1ldv.ops.vdab.be/faq/servicelijn/sollicitatiefeedback -  werkwijze admin, via https://intranet-rel1ldv.ops.vdab.be/faq/servicelijn/meldpunt-wg-behandeling-webformulier-om-sollicitatiegedrag-te-melden-aan-vdab - op verschillende manieren, via https://intranet-rel1ldv.ops.vdab.be/faq/servicelijn/Wie-hoe-en-wanneer-een-klacht-melden \n\n Type: intranet"}