{"title": "Faq's bij het administratief dispatchen met de dispatchingwizard", "type": "intranet", "domain_name": ["administratieve dispatch"], "category_name": "Servicelijn", "url": "https://intranet-rel1ldv.ops.vdab.be/faq/servicelijn/faqs-bij-het-administratief-dispatchen-met-de-dispatchingwizard", "content": [["Dossier van lijst ontbrekend telefoonnummer bevat wel tel.nr.", "Af en toe valt het voor dat er een telefoonnummer in het dossier komt tussen het opmaken van de lijst 'ontbrekend tel.nr.' en het tijdstip van de administratieve dispatch. Ook deze dossiers dispatch je. Procedure Servicelijn Doe geen extra controle van het veld telefoonnummer. Volg enkel de stappen die in het stappenplan vermeld staan. Ga verder met het administratief dispatchen van het dossier - met of zonder tel.nr."], ["Hoe zie je of een dossier inzetbaar is", "MLB > banner > onder de werksituatie staat er in sommige dossiers extra tekst, nl. 'niet inzetbaar'. Als er geen extra tekst staat, is het dossier inzetbaar."], ["Werksituatie staat op 'Aanvraag in behandeling'", "Door synchronisatieproblemen komt het af en toe voor dat er geen categorie wz staat bij de werksituatie in de banner van het dossier in Mijn Loopbaan. Er staat dan 'Aanvraag in behandeling'. Deze dossiers kan je niet zelf administratief dispatchen en stuur je naar Backoffice Bemiddeling voor opvolging. Procedure Servicelijn Maak een ticket bij backoffice bemiddeling Klik op: + Nieuwe aanvraag > dienstverlening burgers > 3. dossier: overige > Vragen van Admin aan Backoffice Bemiddeling Vul de gegevens van de klant in bij IKL en naam Noteer bij 'Notitie':  'Werksituatie staat op 'Aanvraag in behandeling' waardoor een administratieve dispatch momenteel niet mogelijk is. Graag opvolging.' Kopie/paste de mail uit WDE. Klik op: Indienen Ter info: voor deze dossiers onderneem je geen actie in MLB. Einde: registreer de mail in WDE onder Admin > Overige + Done. "], ["Onvolledig dossier", "Procedure Servicelijn MLB banner > check 'Werksituatie' > categorie wz = cat. 00 of cat. 89 Volg \"Situatie A: onvolledig dossier\" cat. 02, 03, 05, 06, 10, 11, 14, 19, 30, 32, 80, 82, 85, 90, 92 of 93 Volg \"Situatie B: onvolledig dossier\" cat. 66, 70, 76, 77, 78, 79, 94, 95, 96 of 97 Volg \"Situatie C: onvolledig dossier\""], ["Dossier opent in de wizard - onvolledig dossier", "Dossier opent in de wizard en categorie wz is cat. 00 of cat. 89.  Procedure Servicelijn  MLB > Klik op Tab Werksituatie > RVA > RVA betalingen > Waren er de afgelopen 6 maanden RVA-betalingen? Ja of twijfel je: Maak een ticket bij backoffice bemiddeling Klik op: + Nieuwe aanvraag > dienstverlening burgers > 3. dossier: overige > Vragen van Admin aan Backoffice Bemiddeling Vul de gegevens van de klant in bij IKL en naam Noteer bij 'Notitie':  'Onvolledig dossier van op lijst administratieve dispatch. Nazicht dossier nodig.' Kopie/paste de mail uit WDE. Klik op: Indienen Ter info: voor deze dossiers onderneem je geen actie in MLB. Einde: registreer de mail in WDE onder Admin > Overige + Done.  Nee : geen RVA-betalingen: Volg de stappen bij Situatie B Onvolledig dossier ."], ["Situatie A: onvolledig dossier", "Dossier opent in de wizard en categorie wz is: cat. 02, 03, 05, 06, 10, 11, 14, 19, 30, 32, 80, 82, 85, 90, 92 of 93. cat. 00, 89 en geen RVA-betalingen de afgelopen 6 maanden. Procedure Servicelijn MLB Klik op 'Werksituatie' > klik op 'Correcties' Wijzig de info bij 'Nieuwe huidige situatie' naar 'Gewone uitschrijving'. (79: Ik heb gekozen voor een uitschrijving en krijg geen uitkering) Overschrijf de datum bij 'Datum laatste wijziging van de huidige situatie' naar de datum van vandaag. Ter info: dit is de bovenste datum van de vier. Wijzig enkel deze. Klik op 'Bevestigen'. Klik op 'Begeleiding' > open de stap 'Wijziging via correcties' Samenvatting: noteer bovenaan: \"dd-mm-jjjj: Geen administratieve dispatch mogelijk omwille van onvolledig dossier. SMP laten clearen en uitgeschreven met cat. 79. Klant geinformeerd over uitschrijving via mail/brief. (voornaam naam, Servicelijn)\" Klik op 'Bevestigen' Open dit  Google formulier Vul aan met IKL, naam en voornaam klant. Informeer de klant Stuur altijd de brief:  \"Brief aan klant over uitschrijving onvolledig dossier.\" Heeft klant een e-mailadres? Stuur ook de standaardmail: \"Mail aan klant over uitschrijving onvolledig dossier.\" Aan het e-mailadres van de klant. Vanuit info@vdab.be. Doe geen reply. Zodat de klant de originele mail niet ziet.  Einde: registreer de mail in WDE onder Admin > Overige + Done"], ["Situatie B: onvolledig dossier", "Dossier opent in de wizard en categorie wz is cat. 66, 70, 76, 77, 78, 79, 94, 95, 96 of 97. Procedure Servicelijn MLB Klik op 'Werksituatie' Klik op 'Begeleiding' > klik op '+Voeg een stap toe' Nieuwe stap: selecteer 'Gesprek door basisdienstverlening' Klik op 'Toevoegen' Vul de velden aan: Toestand: Uitgevoerd Datum: klik op 'Huidige datum' Samenvatting: noteer:   \"dd-mm-jjjj: Geen administratieve dispatch mogelijk omwille van onvolledig dossier. Op lijst gezet om SMP te laten clearen.  (voornaam naam, Servicelijn)\" Klik op: 'Bevestigen' Open dit  Google formulier Vul aan met IKL, naam en voornaam klant. Einde: registreer de mail in WDE onder Admin > Overige + Done"], ["Situatie C: onvolledig dossier", "Pad WDE: Responses > Mails Admin > Dispatch Stuur de mail vanuit info@vdab.be Met de titel: Je dossier bij VDAB: IKL XXX ------------------------------------------------------- Beste Voornaam Je bent niet langer ingeschreven bij VDAB.  Je dossier is onvolledig. We probeerden je meermaals te contacteren maar zonder resultaat. Daarom hebben we je uitgeschreven. Wanneer is een inschrijving bij VDAB nodig? Als je werkloosheidsuitkeringen ontvangt. Als je in je beroepsinschakelingstijd zit. Hoe kan je je terug inschrijven? Log in op je account en  schrijf je in als werkzoekende Bel het gratis telefoonnummer 0800 30 700, elke werkdag van 8 tot 16:30 uur. Door de Privacywet kan een inschrijving niet via mail. Nog vragen? Antwoord op deze mail of bel ons. Met vriendelijke groeten VDAB  Als klant van VDAB verwacht je de beste dienstverlening. Toch kan het ook eens fout gaan. Heb je een klacht of een probleem ? Meer info over de werking van VDAB en onze privacyvoorschriften vind je in onze disclaimer ."], ["Mail aan klant bij uitschrijving onvolledig dossier", "Procedure Servicelijn Open de brief (onderaan deze alinea). Noteer: naam en contactadres van de klant in de linker boven hoek. datum van vandaag bij dd-mm-jjjj. Doe verder geen aanpassingen en aanvullingen aan de brief. Stuur de standaardmail: \"Document verzenden via de post\". WDE responses > Mails admin > Uitgaande post > Document verzenden via de post    Aan: verzending_CD@vdab.be Zet de brief in bijlage."], ["Brief aan klant bij uitschrijving onvolledig dossier", " Zet de klant op de wachtlijst. Ook als je merkt dat er nog tijdslotjes vrij zijn voor een ander type gesprek.  Bv. Klant heeft een administratieve dispatch nodig voor een 'telefoon gesprek' en er zijn enkel nog tijdslotjes vrij voor een 'persoonlijk gesprek - op locatie'. Deze klant zet je op de wachtlijst, het tijdslotje voor het 'persoonlijk gesprek' boek je niet. Procedure Servicelijn Klik op: 'Zet op wachtlijst' Bevestig door te klikken op 'Ja, zet op wachtlijst'. Open Tab Dienstverlening > Nieuwe dienstverlening > Verslaggeving > klik op '+Voeg Notitie toe'  Delen met: laat leeg Notitie: Vul aan met de juiste tekst hieronder Klik op: 'Voeg Notitie toe' WDE: Registreer de e-mail onder 'admin' > Overige + Done. Tekst voor in veld toelichting bij 'wachtlijst' Check e-mail - titel begint met:  \"( blauw ) Ontbrekend telefoonnummer\" \"dd-mm-jjjj:  Geen vrij tijdslotje dus geen administratieve dispatch mogelijk. Op wachtlijst gezet na bereiken eindstatus INOS 'Ontbrekend telefoonnummer'. (je voornaam naam, Servicelijn)\".  \"( groen ) Maximumduur opvolging door SL\" \"dd-mm-jjjj:  Geen vrij tijdslotje dus geen administratieve dispatch mogelijk. Op wachtlijst gezet na bereiken eindstatus INOS 'Maximumduur opvolging door SL'. (je voornaam naam, Servicelijn)\". \"( rood ) Jongere in cat.03 niet bereikt\" \"dd-mm-jjjj:  Geen vrij tijdslotje dus geen administratieve dispatch mogelijk. Op wachtlijst gezet na bereiken eindstatus INOS 'Jongere in cat.03 niet bereikt'. (je voornaam naam, Servicelijn)\". \"( roze ) 60+ niet bereikt\" \"dd-mm-jjjj:  Geen vrij tijdslotje dus geen administratieve dispatch mogelijk. Op wachtlijst gezet want klant werd niet bereikt tijdens de outbound 60+.  (je voornaam naam, Servicelijn)\". \"(zwart) INOS kwaliteitslijst\" \"dd-mm-jjjj:  Geen vrij tijdslotje dus geen administratieve dispatch mogelijk. Op wachtlijst gezet na INOS kwaliteitscontrole. Dit is een administratieve handeling zonder contact met de klant en zonder (nieuwe) inschatting. (je voornaam naam, Servicelijn)\" \"(zwart) Administratieve dispatch na eindstatus INOS 'Technische fout' \"dd-mm-jjjj:  Geen vrij tijdslotje dus geen administratieve dispatch mogelijk. Op wachtlijst gezet na bereiken eindstatus INOS 'Technische fout'. (je voornaam naam, Servicelijn)\" \"( paars ) Administratieve dispatch na transmissie\" \"dd-mm-jjjj:  Geen vrij tijdslotje dus geen administratieve dispatch mogelijk. Op wachtlijst gezet na bereiken eindstatus INOS 'Persoonlijke dienstverlening na Transmissie'. (je voornaam naam, Servicelijn)\"."], ["Dispatchingwizard", "Laat 'locatie' staan op 'zo dicht mogelijk bij contactadres': Dispatch altijd naar de locatie die bovenaan staat.  Dus, als er meerdere locaties openen in het dossier kies je de bovenste locatie voor dispatch en wachtlijst."], ["Wat als je geen vrij tijdslotje vindt?", "Doc met overzicht gemeenten van de Vlaamse rand en Brussels hoofdstedelijk gewest. Lijst met de gemeenten van het Brussels Hoofdstedelijk Gewest . De postcodes starten met 10, 11 en 12, bv. 1070 Anderlecht. Lijst met de Vlaamse randgemeenten die al eens (foutief) een tijdslotje durven opleveren uit het Brussels Gewest."], ["Naar welke locatie dispatchen?", "Foutboodschap verwijst naar de helpdesk: Volg alinea: 'Foutboodschap verwijst naar de helpdesk'   Foutboodschap : \"Er kunnen momenteel geen locaties worden opgehaald enz.\" Probeer de foutboodschap te omzeilen: Klik op: Locatie Selecteer: 'Via postcode en gemeente' Vul de postcode van de klant in (deze staat in de banner bij contactadres) Het omzeilen lukt en de locatie laadt op? Ja: Ga verder met het dispatchen volgens het stappenplan. Nee: Volg alinea: 'Foutboodschap verwijst naar de helpdesk   Foutboodschap : \"Het toevoegen van het dienstvoorstel is mislukt ... Je kan geen extra dienst kiezen.\" Stuur de mail door aan slkennis@vdab.be Voeg de volledige foutboodschap toe aan je mail."], ["De gemeenten van het Brussels Hoofdstedelijk Gewest en de Vlaamse rand", "Raadpleeg je teamleider. Vraag een oplossing aan Backoffice Bemiddeling : Klik op 'Stel je vraag' Klik op '+ nieuwe aanvraag' Kies voor: 'Dispatching' > 'Dispatching Andere' Vul de velden in met je vraag of opmerking"], ["Foutboodschap in de dispatchingwizard", "Bv. dat je de klant naar de verkeerde sector doorstuurde  Procedure Servicelijn Stuur de collega onderstaande standaardmail. Zet je teamleider in cc. Pad WDE: Mails admin > dispatch > Verwijs collega naar backoffice bemiddeling Beste collega Het kan altijd dat er iets fout ging.  Geef daarom je vragen en bedenkingen over uitgevoerde dispatches door aan backoffice bemiddeling. Ze bekijken welke acties er nodig zijn en laten je iets weten. Intranet > Voor de klant > Backoffice > Bemiddeling > Stel je vraag! > Nieuwe aanvraag > Dispatching > Dispatching 2 - Kwaliteit Dispatching Op intranet vind je meer info over: de werking en afspraken van Servicelijn bij overdracht dossiers. wat Servicelijn doet bij een administratieve dispatch. Met vriendelijke groeten VoornaamNaam Servicelijn"]], "title_translation": "FAQs for administrative dispatching with the dispatching wizard", "domain_name_translation": ["administrative dispatch"], "category_name_translation": "Service line", "content_translation": [["File of list missing phone number does contain tel.nr.", "Occasionally it happens that a telephone number appears in the file between the preparation of the list 'missing tel.nr.' and the time of the administrative dispatch. You also dispatch these files. Service Line Procedure Do not do additional checking of the phone number field. Only follow the steps mentioned in the step-by-step plan. Continue with the administrative dispatching of the file - with or without tel.nr."], ["How do you see if a file can be used", "MLB > banner > under the work situation there is extra text in some files, i.e. 'not deployable'. If there is no additional text, the file can be used."], ["Work situation is listed on 'Application pending'", "Due to synchronization problems, it occasionally happens that there is no category wz for the work situation in the banner of the file in My Career. It will then say 'Application pending'. You cannot send these files yourself administratively and send them to Backoffice Mediation for follow-up. Procedure Service line Create a ticket at back office mediation Click on: + New request > services citizens > 3. file: other > Questions from Admin to Backoffice Mediation Fill in the customer's details at IKL and name Note under 'Note': 'Work situation is on 'Application pending' which means that an administrative dispatch is currently not possible. Please follow up.' Copy/paste the mail from WDE. Click on: Submit FYI: you do not take any action in MLB for these files. End: register the mail in WDE under Admin > Other + Done."], ["Incomplete file Procedure Service line MLB banner > check 'Work situation' > category wz = cat. 00 or cat. 89 Follow \"Situation A: incomplete file\" cat. 02, 03, 05, 06, 10, 11, 14, 19, 30, 32, 80, 82, 85, 90,", "92 or 93 Follow \"Situation B: incomplete file\" cat. 66, 70, 76, 77, 78, 79, 94, 95, 96 or 97 Follow \"Situation C:  incomplete file\""], ["File opens in the wizard - incomplete file", "File opens in the wizard and category wz is cat. 00 or cat. 89. Procedure Service line MLB > Click on tab Work situation > RVA > RVA payments > Were there RVA payments in the past 6 months? Yes or are you in doubt: Create a ticket at back office mediation Click on: + New request > services citizens > 3. file: other > Questions from Admin to Backoffice Mediation Fill in the customer's details at IKL and name Note under 'Note': 'Incomplete file of on list administrative dispatch. A review of the file is needed.' Copy/paste the mail from WDE. Click on: Submit FYI: you do not take any action in MLB for these files. End: register the mail in WDE under Admin > Other + Done.  No: no RVA payments: Follow the steps at Situation B Incomplete file."], ["Situation A: incomplete file File opens in the wizard and category wz is: cat. 02, 03, 05, 06, 10,", "11, 14, 19, 30, 32, 80, 82, 85, 90, 92 or 93. cat. 00, 89 and no RVA payments in the last 6 months. Procedure Service line MLB Click on 'Work situation' > click on 'Corrections' Change the info under 'New current situation' to 'Regular deregistration'. (79: I have opted for an unsubscription and will not receive any benefits) Overwrite the date under 'Last change date of current situation' to today's date. FYI, this is the top date of the four. Just change these. Click 'Confirm'. Click on 'Guidance' > open the step 'Change via corrections' Summary: note at the top: \"dd-mm-yyyy: No administrative dispatch possible due to incomplete file. Have SMP cleared and written out with cat. 79. Customer informed about deregistration by mail/letter. (first name name, Service line)\" Click on 'Confirm' Open this Google form Complete with IKL, customer name and first name. Always inform the customer Always send the letter: \"Letter to customer about deregistration incomplete file.\" Does customer have an email address? Also send the standard email: \"Mail to customer about deregistration incomplete file.\" To the customer's email address. From info@vdab.be. Don't do a reply. So that the customer does not see the original mail.  End: register the mail in WDE under Admin > Other + Done"], ["Situation B: incomplete file", "File opens in the wizard and category wz is cat. 66, 70, 76, 77, 78, 79, 94, 95, 96 or 97. Procedure Service line MLB Click on 'Work situation' Click on 'Guidance' > click on '+Add a step' New step: select 'Conversation by basic services' Click 'Add' Complete the fields: Condition: Done Date: Click Current Date Summary: Note: \"dd-mm-yyyy: No administrative dispatch possible due to incomplete file. Listed to have SMP cleared.  (first name name, Service line)\" Click on: 'Confirm' Open this Google form Complete with IKL, customer name and first name. End: register the mail in WDE under Admin > Other + Done"], ["Situation C: incomplete file", "Path WDE: Responses > Mails Admin > Dispatch Send the mail from info@vdab.be With the title: Your file at VDAB: IKL XXX ------------------------------------------------------- Best First Name You are no longer registered with VDAB.  Your file is incomplete. We tried to contact you several times but to no avail. That's why we unsubscribed you. When is a registration with VDAB necessary? If you receive unemployment benefits. If you are in your professional integration period. How can you register again? Log in to your account and register as a job seeker Call the free phone number 0800 30 700, every working day from 8 am to 4:30 pm. Due to the Privacy Act, a registration cannot be done by e-mail. Any questions? Reply to this email or call us. With kind regards VDAB As a customer of VDAB you expect the best service. However, things can also go wrong. Do you have a complaint or a problem? More information about the operation of VDAB and our privacy regulations can be found in our disclaimer."], ["Mail to customer when unsubscribing incomplete file", "Procedure Service line Open the letter (at the bottom of this paragraph). Note: name and contact address of the customer in the upper left corner. Today's date at dd-mm-yyyy. Do not make any further adjustments and additions to the letter. Send the standard email: \"Send document by post\". WDE responses > Mails admin > Outgoing mail > Send document by mail To: verzending_CD@vdab.be Attach the letter."], ["Letter to customer when unsubscribing incomplete file", "Put the customer on the waiting list. Even if you notice that there are still time slots available for another type of conversation.  E.g. Customer needs an administrative dispatch for a 'telephone conversation' and there are only time slots available for a 'personal conversation - on location'. You put this customer on the waiting list, you do not book the time slot for the 'personal interview'. Service Line Procedure Click on: 'Put on waiting list' Confirm by clicking on 'Yes, put on waiting list'. Open Service Tab > New Services > Reporting > click on '+Add Note' Share with: leave blank Note: Complete with the appropriate text below Click on: 'Add Note' WDE: Register the email under 'admin' > Other + Done. Text for in field explanation at 'waiting list' Check e-mail - title starts with: \"( blue ) Missing phone number\" \"dd-mm-yyyy: No free time slot so no administrative dispatch possible. Put on waiting list after reaching final status INOS 'Missing phone number'. (your first name, Service line)\".  \"( green ) Maximum duration of follow-up by SL\" \"dd-mm-yyyy: No free time slot so no administrative dispatch possible. Put on waiting list after reaching final status INOS 'Maximum duration of follow-up by SL'. (your first name, Service line)\". \"( red ) Youngster in cat.03 not reached\" \"dd-mm-yyyy: No free time slot so no administrative dispatch possible. Put on waiting list after reaching final status INOS 'Young person in cat.03 not reached'. (your first name, Service line)\". \"( pink ) 60+ not reached\" \"dd-mm-yyyy: No free time slot so no administrative dispatch possible. Put on waiting list because customer was not reached during the outbound 60+.  (your first name, Service line)\". \"(black) INOS quality list\" \"dd-mm-yyyy: No free time slot so no administrative dispatch possible. Put on waiting list after INOS quality control. This is an administrative action without contact with the customer and without (new) assessment. (your first name, Service line)\" \"(black) Administrative dispatch after final status INOS 'Technical error' \"dd-mm-yyyy: No free time slot so no administrative dispatch possible. Put on waiting list after reaching final status INOS 'Technical error'. (your first name, Service line)\" \"( purple ) Administrative dispatch after transmission\" \"dd-mm-yyyy: No free time slot so no administrative dispatch possible. Put on waiting list after reaching final status INOS 'Personal service after Transmission'. (your first name, Service line)\"."], ["Dispatching wizard Leave 'location' on 'as", "close as possible to contact address': Always dispatch to the location at the top.  So, if multiple locations open in the file, choose the top location for dispatch and waiting list."], ["What if you don't find a free time slot?", "Doc with overview of municipalities of the Flemish periphery and Brussels-capital region. List of municipalities of the Brussels-Capital Region . The postal codes start with 10, 11 and 12, e.g. 1070 Anderlecht. List of the Flemish peripheral municipalities that have already (incorrectly) dared to deliver a time slot from the Brussels Region."], ["Which location to dispatch to? Error message refers to help desk: Follow paragraph: \"Error message", "refers to help desk\" Error message: \"No locations can be retrieved at this time, etc.\" Try to get around the error message: Click on: Location Select: 'By postcode and city' Enter the customer's postal code (this is in the banner at contact address) Bypassing succeeds and the location charges? Yes: Continue dispatching according to the step-by-step plan. No: Follow paragraph: \"Error message refers to the help desk Error message: \"Adding the service proposal failed... You can't choose an extra service.\" Forward the email to slkennis@vdab.be Add the full error message to your email."], ["The municipalities of the Brussels-Capital Region and the Flemish periphery", "Consult your team leader. Request a solution Backoffice Mediation : Click on 'Ask your question' Click on '+ new request' Choose: 'Dispatching' > 'Dispatching Other' Fill in the fields with your question or comment"], ["Error message in the dispatching wizard", "E.g.dat you forwarded the customer to the wrong sector Procedure Service line Send the colleague the standard email below. Cc your team leader. Path WDE: Mails admin > dispatch > Refer colleague to back office mediation Dear colleague It is always possible that something went wrong.  Therefore, pass on your questions and concerns about executed dispatches to back office mediation. They look at what actions are needed and let you know something. Intranet > For the customer > Back office > Mediation > Ask your question! > New request > Dispatching > Dispatching 2 - Quality Dispatching On the intranet you will find more information about: the operation and agreements of Service line when transferring files. what Service line does in an administrative dispatch. Kind regards First NameName Service Line"]], "document": "Faq's bij het administratief dispatchen met de dispatchingwizard \n\n Vraag aan de VDAB consulent: Dossier van lijst ontbrekend telefoonnummer bevat wel tel.nr.? \n Antwoord of Actie: Af en toe valt het voor dat er een telefoonnummer in het dossier komt tussen het opmaken van de lijst 'ontbrekend tel.nr.' en het tijdstip van de administratieve dispatch. Ook deze dossiers dispatch je. Procedure Servicelijn Doe geen extra controle van het veld telefoonnummer. Volg enkel de stappen die in het stappenplan vermeld staan. Ga verder met het administratief dispatchen van het dossier - met of zonder tel.nr. \n\n Vraag aan de VDAB consulent: Hoe zie je of een dossier inzetbaar is? \n Antwoord of Actie: MLB > banner > onder de werksituatie staat er in sommige dossiers extra tekst, nl. 'niet inzetbaar'. Als er geen extra tekst staat, is het dossier inzetbaar. \n\n Vraag aan de VDAB consulent: Werksituatie staat op 'Aanvraag in behandeling'? \n Antwoord of Actie: Door synchronisatieproblemen komt het af en toe voor dat er geen categorie wz staat bij de werksituatie in de banner van het dossier in Mijn Loopbaan. Er staat dan 'Aanvraag in behandeling'. Deze dossiers kan je niet zelf administratief dispatchen en stuur je naar Backoffice Bemiddeling voor opvolging. Procedure Servicelijn Maak een ticket bij backoffice bemiddeling Klik op: + Nieuwe aanvraag > dienstverlening burgers > 3. dossier: overige > Vragen van Admin aan Backoffice Bemiddeling Vul de gegevens van de klant in bij IKL en naam Noteer bij 'Notitie':  'Werksituatie staat op 'Aanvraag in behandeling' waardoor een administratieve dispatch momenteel niet mogelijk is. Graag opvolging.' Kopie/paste de mail uit WDE. Klik op: Indienen Ter info: voor deze dossiers onderneem je geen actie in MLB. Einde: registreer de mail in WDE onder Admin > Overige + Done.  \n\n Vraag aan de VDAB consulent: Onvolledig dossier? \n Antwoord of Actie: Procedure Servicelijn MLB banner > check 'Werksituatie' > categorie wz = cat. 00 of cat. 89 Volg \"Situatie A: onvolledig dossier\" cat. 02, 03, 05, 06, 10, 11, 14, 19, 30, 32, 80, 82, 85, 90, 92 of 93 Volg \"Situatie B: onvolledig dossier\" cat. 66, 70, 76, 77, 78, 79, 94, 95, 96 of 97 Volg \"Situatie C: onvolledig dossier\" \n\n Vraag aan de VDAB consulent: Dossier opent in de wizard - onvolledig dossier? \n Antwoord of Actie: Dossier opent in de wizard en categorie wz is cat. 00 of cat. 89.  Procedure Servicelijn  MLB > Klik op Tab Werksituatie > RVA > RVA betalingen > Waren er de afgelopen 6 maanden RVA-betalingen? Ja of twijfel je: Maak een ticket bij backoffice bemiddeling Klik op: + Nieuwe aanvraag > dienstverlening burgers > 3. dossier: overige > Vragen van Admin aan Backoffice Bemiddeling Vul de gegevens van de klant in bij IKL en naam Noteer bij 'Notitie':  'Onvolledig dossier van op lijst administratieve dispatch. Nazicht dossier nodig.' Kopie/paste de mail uit WDE. Klik op: Indienen Ter info: voor deze dossiers onderneem je geen actie in MLB. Einde: registreer de mail in WDE onder Admin > Overige + Done.  Nee : geen RVA-betalingen: Volg de stappen bij Situatie B Onvolledig dossier . \n\n Vraag aan de VDAB consulent: Situatie A: onvolledig dossier? \n Antwoord of Actie: Dossier opent in de wizard en categorie wz is: cat. 02, 03, 05, 06, 10, 11, 14, 19, 30, 32, 80, 82, 85, 90, 92 of 93. cat. 00, 89 en geen RVA-betalingen de afgelopen 6 maanden. Procedure Servicelijn MLB Klik op 'Werksituatie' > klik op 'Correcties' Wijzig de info bij 'Nieuwe huidige situatie' naar 'Gewone uitschrijving'. (79: Ik heb gekozen voor een uitschrijving en krijg geen uitkering) Overschrijf de datum bij 'Datum laatste wijziging van de huidige situatie' naar de datum van vandaag. Ter info: dit is de bovenste datum van de vier. Wijzig enkel deze. Klik op 'Bevestigen'. Klik op 'Begeleiding' > open de stap 'Wijziging via correcties' Samenvatting: noteer bovenaan: \"dd-mm-jjjj: Geen administratieve dispatch mogelijk omwille van onvolledig dossier. SMP laten clearen en uitgeschreven met cat. 79. Klant geinformeerd over uitschrijving via mail/brief. (voornaam naam, Servicelijn)\" Klik op 'Bevestigen' Open dit  Google formulier Vul aan met IKL, naam en voornaam klant. Informeer de klant Stuur altijd de brief:  \"Brief aan klant over uitschrijving onvolledig dossier.\" Heeft klant een e-mailadres? Stuur ook de standaardmail: \"Mail aan klant over uitschrijving onvolledig dossier.\" Aan het e-mailadres van de klant. Vanuit info@vdab.be. Doe geen reply. Zodat de klant de originele mail niet ziet.  Einde: registreer de mail in WDE onder Admin > Overige + Done \n\n Vraag aan de VDAB consulent: Situatie B: onvolledig dossier? \n Antwoord of Actie: Dossier opent in de wizard en categorie wz is cat. 66, 70, 76, 77, 78, 79, 94, 95, 96 of 97. Procedure Servicelijn MLB Klik op 'Werksituatie' Klik op 'Begeleiding' > klik op '+Voeg een stap toe' Nieuwe stap: selecteer 'Gesprek door basisdienstverlening' Klik op 'Toevoegen' Vul de velden aan: Toestand: Uitgevoerd Datum: klik op 'Huidige datum' Samenvatting: noteer:   \"dd-mm-jjjj: Geen administratieve dispatch mogelijk omwille van onvolledig dossier. Op lijst gezet om SMP te laten clearen.  (voornaam naam, Servicelijn)\" Klik op: 'Bevestigen' Open dit  Google formulier Vul aan met IKL, naam en voornaam klant. Einde: registreer de mail in WDE onder Admin > Overige + Done \n\n Vraag aan de VDAB consulent: Situatie C: onvolledig dossier? \n Antwoord of Actie: Pad WDE: Responses > Mails Admin > Dispatch Stuur de mail vanuit info@vdab.be Met de titel: Je dossier bij VDAB: IKL XXX ------------------------------------------------------- Beste Voornaam Je bent niet langer ingeschreven bij VDAB.  Je dossier is onvolledig. We probeerden je meermaals te contacteren maar zonder resultaat. Daarom hebben we je uitgeschreven. Wanneer is een inschrijving bij VDAB nodig? Als je werkloosheidsuitkeringen ontvangt. Als je in je beroepsinschakelingstijd zit. Hoe kan je je terug inschrijven? Log in op je account en  schrijf je in als werkzoekende Bel het gratis telefoonnummer 0800 30 700, elke werkdag van 8 tot 16:30 uur. Door de Privacywet kan een inschrijving niet via mail. Nog vragen? Antwoord op deze mail of bel ons. Met vriendelijke groeten VDAB  Als klant van VDAB verwacht je de beste dienstverlening. Toch kan het ook eens fout gaan. Heb je een klacht of een probleem ? Meer info over de werking van VDAB en onze privacyvoorschriften vind je in onze disclaimer . \n\n Vraag aan de VDAB consulent: Mail aan klant bij uitschrijving onvolledig dossier? \n Antwoord of Actie: Procedure Servicelijn Open de brief (onderaan deze alinea). Noteer: naam en contactadres van de klant in de linker boven hoek. datum van vandaag bij dd-mm-jjjj. Doe verder geen aanpassingen en aanvullingen aan de brief. Stuur de standaardmail: \"Document verzenden via de post\". WDE responses > Mails admin > Uitgaande post > Document verzenden via de post    Aan: verzending_CD@vdab.be Zet de brief in bijlage. \n\n Vraag aan de VDAB consulent: Brief aan klant bij uitschrijving onvolledig dossier? \n Antwoord of Actie:  Zet de klant op de wachtlijst. Ook als je merkt dat er nog tijdslotjes vrij zijn voor een ander type gesprek.  Bv. Klant heeft een administratieve dispatch nodig voor een 'telefoon gesprek' en er zijn enkel nog tijdslotjes vrij voor een 'persoonlijk gesprek - op locatie'. Deze klant zet je op de wachtlijst, het tijdslotje voor het 'persoonlijk gesprek' boek je niet. Procedure Servicelijn Klik op: 'Zet op wachtlijst' Bevestig door te klikken op 'Ja, zet op wachtlijst'. Open Tab Dienstverlening > Nieuwe dienstverlening > Verslaggeving > klik op '+Voeg Notitie toe'  Delen met: laat leeg Notitie: Vul aan met de juiste tekst hieronder Klik op: 'Voeg Notitie toe' WDE: Registreer de e-mail onder 'admin' > Overige + Done. Tekst voor in veld toelichting bij 'wachtlijst' Check e-mail - titel begint met:  \"( blauw ) Ontbrekend telefoonnummer\" \"dd-mm-jjjj:  Geen vrij tijdslotje dus geen administratieve dispatch mogelijk. Op wachtlijst gezet na bereiken eindstatus INOS 'Ontbrekend telefoonnummer'. (je voornaam naam, Servicelijn)\".  \"( groen ) Maximumduur opvolging door SL\" \"dd-mm-jjjj:  Geen vrij tijdslotje dus geen administratieve dispatch mogelijk. Op wachtlijst gezet na bereiken eindstatus INOS 'Maximumduur opvolging door SL'. (je voornaam naam, Servicelijn)\". \"( rood ) Jongere in cat.03 niet bereikt\" \"dd-mm-jjjj:  Geen vrij tijdslotje dus geen administratieve dispatch mogelijk. Op wachtlijst gezet na bereiken eindstatus INOS 'Jongere in cat.03 niet bereikt'. (je voornaam naam, Servicelijn)\". \"( roze ) 60+ niet bereikt\" \"dd-mm-jjjj:  Geen vrij tijdslotje dus geen administratieve dispatch mogelijk. Op wachtlijst gezet want klant werd niet bereikt tijdens de outbound 60+.  (je voornaam naam, Servicelijn)\". \"(zwart) INOS kwaliteitslijst\" \"dd-mm-jjjj:  Geen vrij tijdslotje dus geen administratieve dispatch mogelijk. Op wachtlijst gezet na INOS kwaliteitscontrole. Dit is een administratieve handeling zonder contact met de klant en zonder (nieuwe) inschatting. (je voornaam naam, Servicelijn)\" \"(zwart) Administratieve dispatch na eindstatus INOS 'Technische fout' \"dd-mm-jjjj:  Geen vrij tijdslotje dus geen administratieve dispatch mogelijk. Op wachtlijst gezet na bereiken eindstatus INOS 'Technische fout'. (je voornaam naam, Servicelijn)\" \"( paars ) Administratieve dispatch na transmissie\" \"dd-mm-jjjj:  Geen vrij tijdslotje dus geen administratieve dispatch mogelijk. Op wachtlijst gezet na bereiken eindstatus INOS 'Persoonlijke dienstverlening na Transmissie'. (je voornaam naam, Servicelijn)\". \n\n Vraag aan de VDAB consulent: Dispatchingwizard? \n Antwoord of Actie: Laat 'locatie' staan op 'zo dicht mogelijk bij contactadres': Dispatch altijd naar de locatie die bovenaan staat.  Dus, als er meerdere locaties openen in het dossier kies je de bovenste locatie voor dispatch en wachtlijst. \n\n Vraag aan de VDAB consulent: Wat als je geen vrij tijdslotje vindt?? \n Antwoord of Actie: Doc met overzicht gemeenten van de Vlaamse rand en Brussels hoofdstedelijk gewest. Lijst met de gemeenten van het Brussels Hoofdstedelijk Gewest . De postcodes starten met 10, 11 en 12, bv. 1070 Anderlecht. Lijst met de Vlaamse randgemeenten die al eens (foutief) een tijdslotje durven opleveren uit het Brussels Gewest. \n\n Vraag aan de VDAB consulent: Naar welke locatie dispatchen?? \n Antwoord of Actie: Foutboodschap verwijst naar de helpdesk: Volg alinea: 'Foutboodschap verwijst naar de helpdesk'   Foutboodschap : \"Er kunnen momenteel geen locaties worden opgehaald enz.\" Probeer de foutboodschap te omzeilen: Klik op: Locatie Selecteer: 'Via postcode en gemeente' Vul de postcode van de klant in (deze staat in de banner bij contactadres) Het omzeilen lukt en de locatie laadt op? Ja: Ga verder met het dispatchen volgens het stappenplan. Nee: Volg alinea: 'Foutboodschap verwijst naar de helpdesk   Foutboodschap : \"Het toevoegen van het dienstvoorstel is mislukt ... Je kan geen extra dienst kiezen.\" Stuur de mail door aan slkennis@vdab.be Voeg de volledige foutboodschap toe aan je mail. \n\n Vraag aan de VDAB consulent: De gemeenten van het Brussels Hoofdstedelijk Gewest en de Vlaamse rand? \n Antwoord of Actie: Raadpleeg je teamleider. Vraag een oplossing aan Backoffice Bemiddeling : Klik op 'Stel je vraag' Klik op '+ nieuwe aanvraag' Kies voor: 'Dispatching' > 'Dispatching Andere' Vul de velden in met je vraag of opmerking \n\n Vraag aan de VDAB consulent: Foutboodschap in de dispatchingwizard? \n Antwoord of Actie: Bv. dat je de klant naar de verkeerde sector doorstuurde  Procedure Servicelijn Stuur de collega onderstaande standaardmail. Zet je teamleider in cc. Pad WDE: Mails admin > dispatch > Verwijs collega naar backoffice bemiddeling Beste collega Het kan altijd dat er iets fout ging.  Geef daarom je vragen en bedenkingen over uitgevoerde dispatches door aan backoffice bemiddeling. Ze bekijken welke acties er nodig zijn en laten je iets weten. Intranet > Voor de klant > Backoffice > Bemiddeling > Stel je vraag! > Nieuwe aanvraag > Dispatching > Dispatching 2 - Kwaliteit Dispatching Op intranet vind je meer info over: de werking en afspraken van Servicelijn bij overdracht dossiers. wat Servicelijn doet bij een administratieve dispatch. Met vriendelijke groeten VoornaamNaam Servicelijn \n\n Categorie: Servicelijn \n\n Domein: administratieve dispatch \n\n Url: https://intranet-rel1ldv.ops.vdab.be/faq/servicelijn/faqs-bij-het-administratief-dispatchen-met-de-dispatchingwizard \n\n Type: intranet", "document_translation": "FAQs for administrative dispatching with the dispatching wizard \n\n Question for the VDAB counselor: File of list missing phone number does contain tel.nr.? \n Answer or Action: Occasionally it happens that a telephone number appears in the file between the preparation of the list 'missing tel.nr.' and the time of the administrative dispatch. You also dispatch these files. Service Line Procedure Do not do additional checking of the phone number field. Only follow the steps mentioned in the step-by-step plan. Continue with the administrative dispatching of the file - with or without tel.nr. \n\n Question for the VDAB counselor: How do you see if a file can be used? \n Answer or Action: MLB > banner > under the work situation there is extra text in some files, i.e. 'not deployable'. If there is no additional text, the file can be used. \n\n Question for the VDAB counselor: Work situation is listed on 'Application pending'? \n Answer or Action: Due to synchronization problems, it occasionally happens that there is no category wz for the work situation in the banner of the file in My Career. It will then say 'Application pending'. You cannot send these files yourself administratively and send them to Backoffice Mediation for follow-up. Procedure Service line Create a ticket at back office mediation Click on: + New request > services citizens > 3. file: other > Questions from Admin to Backoffice Mediation Fill in the customer's details at IKL and name Note under 'Note': 'Work situation is on 'Application pending' which means that an administrative dispatch is currently not possible. Please follow up.' Copy/paste the mail from WDE. Click on: Submit FYI: you do not take any action in MLB for these files. End: register the mail in WDE under Admin > Other + Done. \n\n Question for the VDAB counselor: Incomplete file Procedure Service line MLB banner > check 'Work situation' > category wz = cat. 00 or cat. 89 Follow \"Situation A: incomplete file\" cat. 02, 03, 05, 06, 10, 11, 14, 19, 30, 32, 80, 82, 85, 90,? \n Answer or Action: 92 or 93 Follow \"Situation B: incomplete file\" cat. 66, 70, 76, 77, 78, 79, 94, 95, 96 or 97 Follow \"Situation C:  incomplete file\" \n\n Question for the VDAB counselor: File opens in the wizard - incomplete file? \n Answer or Action: File opens in the wizard and category wz is cat. 00 or cat. 89. Procedure Service line MLB > Click on tab Work situation > RVA > RVA payments > Were there RVA payments in the past 6 months? Yes or are you in doubt: Create a ticket at back office mediation Click on: + New request > services citizens > 3. file: other > Questions from Admin to Backoffice Mediation Fill in the customer's details at IKL and name Note under 'Note': 'Incomplete file of on list administrative dispatch. A review of the file is needed.' Copy/paste the mail from WDE. Click on: Submit FYI: you do not take any action in MLB for these files. End: register the mail in WDE under Admin > Other + Done.  No: no RVA payments: Follow the steps at Situation B Incomplete file. \n\n Question for the VDAB counselor: Situation A: incomplete file File opens in the wizard and category wz is: cat. 02, 03, 05, 06, 10,? \n Answer or Action: 11, 14, 19, 30, 32, 80, 82, 85, 90, 92 or 93. cat. 00, 89 and no RVA payments in the last 6 months. Procedure Service line MLB Click on 'Work situation' > click on 'Corrections' Change the info under 'New current situation' to 'Regular deregistration'. (79: I have opted for an unsubscription and will not receive any benefits) Overwrite the date under 'Last change date of current situation' to today's date. FYI, this is the top date of the four. Just change these. Click 'Confirm'. Click on 'Guidance' > open the step 'Change via corrections' Summary: note at the top: \"dd-mm-yyyy: No administrative dispatch possible due to incomplete file. Have SMP cleared and written out with cat. 79. Customer informed about deregistration by mail/letter. (first name name, Service line)\" Click on 'Confirm' Open this Google form Complete with IKL, customer name and first name. Always inform the customer Always send the letter: \"Letter to customer about deregistration incomplete file.\" Does customer have an email address? Also send the standard email: \"Mail to customer about deregistration incomplete file.\" To the customer's email address. From info@vdab.be. Don't do a reply. So that the customer does not see the original mail.  End: register the mail in WDE under Admin > Other + Done \n\n Question for the VDAB counselor: Situation B: incomplete file? \n Answer or Action: File opens in the wizard and category wz is cat. 66, 70, 76, 77, 78, 79, 94, 95, 96 or 97. Procedure Service line MLB Click on 'Work situation' Click on 'Guidance' > click on '+Add a step' New step: select 'Conversation by basic services' Click 'Add' Complete the fields: Condition: Done Date: Click Current Date Summary: Note: \"dd-mm-yyyy: No administrative dispatch possible due to incomplete file. Listed to have SMP cleared.  (first name name, Service line)\" Click on: 'Confirm' Open this Google form Complete with IKL, customer name and first name. End: register the mail in WDE under Admin > Other + Done \n\n Question for the VDAB counselor: Situation C: incomplete file? \n Answer or Action: Path WDE: Responses > Mails Admin > Dispatch Send the mail from info@vdab.be With the title: Your file at VDAB: IKL XXX ------------------------------------------------------- Best First Name You are no longer registered with VDAB.  Your file is incomplete. We tried to contact you several times but to no avail. That's why we unsubscribed you. When is a registration with VDAB necessary? If you receive unemployment benefits. If you are in your professional integration period. How can you register again? Log in to your account and register as a job seeker Call the free phone number 0800 30 700, every working day from 8 am to 4:30 pm. Due to the Privacy Act, a registration cannot be done by e-mail. Any questions? Reply to this email or call us. With kind regards VDAB As a customer of VDAB you expect the best service. However, things can also go wrong. Do you have a complaint or a problem? More information about the operation of VDAB and our privacy regulations can be found in our disclaimer. \n\n Question for the VDAB counselor: Mail to customer when unsubscribing incomplete file? \n Answer or Action: Procedure Service line Open the letter (at the bottom of this paragraph). Note: name and contact address of the customer in the upper left corner. Today's date at dd-mm-yyyy. Do not make any further adjustments and additions to the letter. Send the standard email: \"Send document by post\". WDE responses > Mails admin > Outgoing mail > Send document by mail To: verzending_CD@vdab.be Attach the letter. \n\n Question for the VDAB counselor: Letter to customer when unsubscribing incomplete file? \n Answer or Action: Put the customer on the waiting list. Even if you notice that there are still time slots available for another type of conversation.  E.g. Customer needs an administrative dispatch for a 'telephone conversation' and there are only time slots available for a 'personal conversation - on location'. You put this customer on the waiting list, you do not book the time slot for the 'personal interview'. Service Line Procedure Click on: 'Put on waiting list' Confirm by clicking on 'Yes, put on waiting list'. Open Service Tab > New Services > Reporting > click on '+Add Note' Share with: leave blank Note: Complete with the appropriate text below Click on: 'Add Note' WDE: Register the email under 'admin' > Other + Done. Text for in field explanation at 'waiting list' Check e-mail - title starts with: \"( blue ) Missing phone number\" \"dd-mm-yyyy: No free time slot so no administrative dispatch possible. Put on waiting list after reaching final status INOS 'Missing phone number'. (your first name, Service line)\".  \"( green ) Maximum duration of follow-up by SL\" \"dd-mm-yyyy: No free time slot so no administrative dispatch possible. Put on waiting list after reaching final status INOS 'Maximum duration of follow-up by SL'. (your first name, Service line)\". \"( red ) Youngster in cat.03 not reached\" \"dd-mm-yyyy: No free time slot so no administrative dispatch possible. Put on waiting list after reaching final status INOS 'Young person in cat.03 not reached'. (your first name, Service line)\". \"( pink ) 60+ not reached\" \"dd-mm-yyyy: No free time slot so no administrative dispatch possible. Put on waiting list because customer was not reached during the outbound 60+.  (your first name, Service line)\". \"(black) INOS quality list\" \"dd-mm-yyyy: No free time slot so no administrative dispatch possible. Put on waiting list after INOS quality control. This is an administrative action without contact with the customer and without (new) assessment. (your first name, Service line)\" \"(black) Administrative dispatch after final status INOS 'Technical error' \"dd-mm-yyyy: No free time slot so no administrative dispatch possible. Put on waiting list after reaching final status INOS 'Technical error'. (your first name, Service line)\" \"( purple ) Administrative dispatch after transmission\" \"dd-mm-yyyy: No free time slot so no administrative dispatch possible. Put on waiting list after reaching final status INOS 'Personal service after Transmission'. (your first name, Service line)\". \n\n Question for the VDAB counselor: Dispatching wizard Leave 'location' on 'as? \n Answer or Action: close as possible to contact address': Always dispatch to the location at the top.  So, if multiple locations open in the file, choose the top location for dispatch and waiting list. \n\n Question for the VDAB counselor: What if you don't find a free time slot?? \n Answer or Action: Doc with overview of municipalities of the Flemish periphery and Brussels-capital region. List of municipalities of the Brussels-Capital Region . The postal codes start with 10, 11 and 12, e.g. 1070 Anderlecht. List of the Flemish peripheral municipalities that have already (incorrectly) dared to deliver a time slot from the Brussels Region. \n\n Question for the VDAB counselor: Which location to dispatch to? Error message refers to help desk: Follow paragraph: \"Error message? \n Answer or Action: refers to help desk\" Error message: \"No locations can be retrieved at this time, etc.\" Try to get around the error message: Click on: Location Select: 'By postcode and city' Enter the customer's postal code (this is in the banner at contact address) Bypassing succeeds and the location charges? Yes: Continue dispatching according to the step-by-step plan. No: Follow paragraph: \"Error message refers to the help desk Error message: \"Adding the service proposal failed... You can't choose an extra service.\" Forward the email to slkennis@vdab.be Add the full error message to your email. \n\n Question for the VDAB counselor: The municipalities of the Brussels-Capital Region and the Flemish periphery? \n Answer or Action: Consult your team leader. Request a solution Backoffice Mediation : Click on 'Ask your question' Click on '+ new request' Choose: 'Dispatching' > 'Dispatching Other' Fill in the fields with your question or comment \n\n Question for the VDAB counselor: Error message in the dispatching wizard? \n Answer or Action: E.g.dat you forwarded the customer to the wrong sector Procedure Service line Send the colleague the standard email below. Cc your team leader. Path WDE: Mails admin > dispatch > Refer colleague to back office mediation Dear colleague It is always possible that something went wrong.  Therefore, pass on your questions and concerns about executed dispatches to back office mediation. They look at what actions are needed and let you know something. Intranet > For the customer > Back office > Mediation > Ask your question! > New request > Dispatching > Dispatching 2 - Quality Dispatching On the intranet you will find more information about: the operation and agreements of Service line when transferring files. what Service line does in an administrative dispatch. Kind regards First NameName Service Line \n\n Category: Service line \n\n Domain: administrative dispatch \n\n Url: https://intranet-rel1ldv.ops.vdab.be/faq/servicelijn/faqs-bij-het-administratief-dispatchen-met-de-dispatchingwizard \n\n Type: intranet"}