{"title": "Wn in beroep tegen de mutualiteit (cat. 92)", "type": "intranet", "field_trefwoorden_name": ["beroep", "beroep mutualiteit", "beroep tegen de mutualiteit"], "domain_name": ["riziv", "tijdelijk werkloos, outplacement, faillissement"], "category_name": "Servicelijn", "field_faq_summary": "Doc voor SL-bemiddelaars over wn in beroep tegen mutualiteit. ", "url": "https://intranet-rel1ldv.ops.vdab.be/faq/servicelijn/wn-beroep-tegen-de-mutualiteit-cat-92", "content": [["Wijziging in de federale regelgeving voor tijdelijk werklozen vanaf 1/9/2022", "Een werknemer in beroep tegen de mutualiteit is een tijdelijk werkloze door overmacht om medische redenen. Op 1/9/2022 gingen de wijzigingen in de federale wetgeving over de verplichtingen van tijdelijk werklozen, in. Tijdelijk werklozen door overmacht om medische redenen zijn niet meer verplicht zich in te schrijven bij VDAB, werknemers in beroep tegen de mutualiteit dus ook niet."], ["Stappenplan", "Stap 1: Staat onder contract bij werkgever? Nee > Ga naar Wz in beroep tegen de mutualiteit Geldt ook voor deeltijds werkende met deeltijdse uitkering (IGU) (cat. 80), zie krijgt deeltijds RVA-uitkering (IGU) Ja > Ga naar Stap 2. Stap 2: Wn is ingeschreven met cat. 92 maar wil geen begeleiding? Ja Schrijf uit met cat. 78. Stop Nee Ga naar stap 3. Stap 3: Wil dienstverlening van VDAB tijdens beroep? Ja > Ga naar Wil begeleiding ."], ["Contact met werknemer in beroep tegen mutualiteit", "Cat. 92, als de klant gebruik wil maken van de dienstverlening van VDAB. Wil de klant geen begeleiding, dan is een inschrijving niet nodig. Werknemers in beroep tegen de mutualiteit zijn immers niet verplicht zich in te schrijven bij VDAB."], ["Inschrijving", "Niet. Tijdelijk werklozen door overmacht om medische redenen zijn niet verplicht zich in te schrijven, werknemers in beroep tegen de mutualiteit dus ook niet."], ["Met welke categorie inschrijven?", "Met cat. 92, als de klant begeleiding van VDAB wil. Wil de klant geen begeleiding, dan is een inschrijving niet nodig. Procedure servicelijn Inschrijving Ga naar 'Correcties'. Pas de 'Nieuwe huidige situatie' aan naar cat. 92. Pas de 'datum laatste wijziging van de huidige situatie' aan naar datum van contact. Dispatch Boek een gesprek op locatie bij sector of IDV, zie  Niet CS: Actiegericht (her)inschatten (AGI) met DiWi . Noteer info uit het gesprek in Plan van aanpak (PvA). Achtergrondinfo Door in te schrijven via Correcties wijzigt de categorie niet automatisch naar cat. 03 o.w.v. het buitenlands adres."], ["Wanneer verplicht inschrijven?", "Sinds 1/9/2022 zijn tijdelijke werklozen door overmacht om medische redenen niet meer verplicht om zich in te schrijven, werknemers in beroep tegen de mutualiteit dus ook niet."], ["Hoe grensarbeider die in Belgie werkt en in het buitenland woont, inschrijven?", "Procedure Servicelijn Schrijf in met cat. 92. Schat in: sector of IDV. Boek een gesprek op locatie, zie  Niet CS: Actiegericht (her)inschatten (AGI) met DiWi Noteer in Plan van aanpak (PvA):  \"Werknemer is in beroep tegen de mutualiteit, maar wil in afwachting van de uitspraak begeleiding van VDAB. + extra info uit het gesprek \" Als de klant geen begeleiding wil, is een dispatch niet nodig. "], ["Dienstverlening / Dispatch", "Dit is niet de bevoegdheid van VDAB. Verwijs naar de uitbetalingsinstelling of RVA voor meer info. Een provisoire uitkering van RVA."], ["Verplicht ingeschreven en wil geen begeleiding", "Dit is niet de bevoegdheid van VDAB. Verwijs naar de uitbetalingsinstelling of RVA voor meer info. Werknemer krijgt gelijk (d.w.z. rechtbank bevestigt arbeidsongeschiktheid) De ziekteverzekering betaalt het bedrag van de ontvangen uitkeringen terug aan RVA. De werknemer krijgt opnieuw uitkering van de mutualiteit i.p.v. van RVA. Werknemer krijgt ongelijk (d.w.z. rechtbank bevestigt arbeidsgeschiktheid) De werknemer mag de ontvangen RVA-uitkeringen houden. Hij moet het werk hervatten."], ["Wil begeleiding", "Nee RVA stuurt deze info niet naar VDAB."], ["Uitkering", "1. Werknemer wordt arbeidsongeschikt. - Ontvangt uitkeringen van mutualiteit   2. Adviserend arts (mutualiteit of RIZIV) verklaart werknemer arbeidsgeschikt. - Moet werk hervatten.   3. Werknemer is niet akkoord  - Tekent beroep aan bij de arbeidsrechtbank. - Is 'in beroep tegen de mutualiteit'. - Ontvangt geen uitkeringen meer van mutualiteit, wel van RVA."], ["Welke uitkering krijgt de werknemer?", "Op Intranet, in de  Overzichtspagina in beroep tegen mutualiteit  lees je onder andere: Wat betekent 'in beroep tegen mutualiteit'? Waarom al stappen naar werk zetten tijdens het beroep tegen mutualiteit? Wat volgt na de uitspraak ? Opgelet   De procedures op deze pagina's gelden niet voor de Servicelijn."]], "link_ankers": [["https://intranet-rel1ldv.ops.vdab.be/faq/servicelijn/hoe-dispatchen-procedures", "Niet CS: Actiegericht (her)inschatten (AGI) met DiWi"], ["https://intranet-rel1ldv.ops.vdab.be/faq/servicelijn/inschr-personen-beroep-tegen-de-mutualiteit", "krijgt deeltijds RVA-uitkering (IGU)"], ["https://intranet-rel1ldv.ops.vdab.be/faq/servicelijn/inschr-personen-beroep-tegen-de-mutualiteit", "Wz in beroep tegen de mutualiteit"]], "title_translation": "Wn appeals against the health insurance fund (cat. 92)", "field_trefwoorden_name_translation": ["occupation mutualiteit", "profession", "appeal against the health insurance fund"], "domain_name_translation": ["nihdi", "temporarily unemployed, outplacement, bankruptcy"], "category_name_translation": "Service line", "field_faq_summary_translation": "Doc for SL mediators on wn appeal against mutuality. ", "content_translation": [["Change in the federal regulations for the temporarily unemployed from 1/9/2022", "An employee in appeal against the health insurance fund is a temporary unemployed person due to force majeure for medical reasons. On 1/9/2022, the changes to the federal legislation on the obligations of the temporarily unemployed took effect. Temporarily unemployed due to force majeure for medical reasons are no longer obliged to register with VDAB, nor are employees in appeal against the health insurance fund."], ["Step-by-step plan", "Step 1: Is under contract with the employer? No > Go to Wz in appeal against the health insurance fund Also applies to part-time workers with part-time benefits (IGU) (cat. 80), see receives part-time RVA benefit (IGU) Yes > Go to Step 2. Step 2: Wn is enrolled with cat. 92 but don't want guidance? Yes Write out with cat. 78. Stop No Go to step 3. Step 3: Want to provide services from VDAB during appeal? Yes > Go to Will guidance."], ["Contact with employee in appeal against mutuality", "Cat. 92, if the customer wants to use the services of VDAB. If the customer does not want guidance, a registration is not necessary. After all, employees who appeal against the health insurance fund are not obliged to register with VDAB."], ["Registration", "not. Temporarily unemployed due to force majeure for medical reasons are not obliged to register, nor are employees in appeal against the health insurance fund."], ["Register with which category?", "With cat. 92, if the customer wants guidance from VDAB. If the customer does not want guidance, a registration is not necessary. Service line procedure Registration Go to 'Corrections'. Change the 'New current situation' to cat. 92. Change the 'date of last change of the current situation' to date of contact. Dispatch Book an on-site call at sector or IDV, see Not CS: Action-oriented (re)assessment (AGI) with DiWi . Write down information from the conversation in Plan of Action (PvA). Background info Registering via Corrections does not automatically change the category to cat. 03 stating the foreign address."], ["When is registration required?", "Since 1/9/2022, temporary unemployed people are no longer obliged to register for medical reasons due to force majeure, so neither are employees in appeal against the health insurance fund."], ["How to register cross-border worker working in Belgium and living abroad?", "Procedure Service line Register with cat. 92. Estimate: sector or IDV. Book a meeting on location, see Not CS: Action-oriented (re)assessment (AGI) with DiWi Note in Plan of action (PvA): \"Employee is appealing against the health insurance, but wants guidance from VDAB pending the ruling. + extra info from the conversation \" If the customer does not want guidance, a dispatch is not necessary."], ["Services / Dispatch", "This is not the competence of VDAB. Refer to the payout institution or RVA for more information. A provisional payment from the NATIONAL EMPLOYMENT OFFICE."], ["Mandatory registration and does not want guidance", "This is not the competence of VDAB. Refer to the payout institution or RVA for more information. Employee is right (i.e. court confirms disability) The health insurance pays back the amount of the benefits received to the RVA. The employee again receives benefits from the health insurance fund instead of from the RVA. Employee is proven wrong (i.e. court confirms disability) The employee may keep the RVA benefits received. He must resume work."], ["No", "RVA does not send this information to VDAB."], ["Benefit", "1. Employee becomes incapacitated for work. - Receives benefits from health insurance 2. Advising doctor (mutuality or NIHDI) declares the employee fit for work. - Must resume work.   3. Employee disagrees - Appeals to the labour court. - Is 'on appeal against the health insurance fund'. - No longer receives benefits from health insurance, but from the RVA."], ["What benefit does the employee receive?", "On Intranet, in the Overview page in appeal against mutuality, you can read, among other things: What does 'appeal against mutuality' mean? Why take steps towards work during the appeal against health insurance? What follows after the verdict ? Please note The procedures on these pages do not apply to the Service Line."]], "document": "Wn in beroep tegen de mutualiteit (cat. 92) \n\n Doc voor SL-bemiddelaars over wn in beroep tegen mutualiteit. \n\n Vraag aan de VDAB consulent: Wijziging in de federale regelgeving voor tijdelijk werklozen vanaf 1/9/2022? \n Antwoord of Actie: Een werknemer in beroep tegen de mutualiteit is een tijdelijk werkloze door overmacht om medische redenen. Op 1/9/2022 gingen de wijzigingen in de federale wetgeving over de verplichtingen van tijdelijk werklozen, in. Tijdelijk werklozen door overmacht om medische redenen zijn niet meer verplicht zich in te schrijven bij VDAB, werknemers in beroep tegen de mutualiteit dus ook niet. \n\n Vraag aan de VDAB consulent: Stappenplan? \n Antwoord of Actie: Stap 1: Staat onder contract bij werkgever? Nee > Ga naar Wz in beroep tegen de mutualiteit Geldt ook voor deeltijds werkende met deeltijdse uitkering (IGU) (cat. 80), zie krijgt deeltijds RVA-uitkering (IGU) Ja > Ga naar Stap 2. Stap 2: Wn is ingeschreven met cat. 92 maar wil geen begeleiding? Ja Schrijf uit met cat. 78. Stop Nee Ga naar stap 3. Stap 3: Wil dienstverlening van VDAB tijdens beroep? Ja > Ga naar Wil begeleiding . \n\n Vraag aan de VDAB consulent: Contact met werknemer in beroep tegen mutualiteit? \n Antwoord of Actie: Cat. 92, als de klant gebruik wil maken van de dienstverlening van VDAB. Wil de klant geen begeleiding, dan is een inschrijving niet nodig. Werknemers in beroep tegen de mutualiteit zijn immers niet verplicht zich in te schrijven bij VDAB. \n\n Vraag aan de VDAB consulent: Inschrijving? \n Antwoord of Actie: Niet. Tijdelijk werklozen door overmacht om medische redenen zijn niet verplicht zich in te schrijven, werknemers in beroep tegen de mutualiteit dus ook niet. \n\n Vraag aan de VDAB consulent: Met welke categorie inschrijven?? \n Antwoord of Actie: Met cat. 92, als de klant begeleiding van VDAB wil. Wil de klant geen begeleiding, dan is een inschrijving niet nodig. Procedure servicelijn Inschrijving Ga naar 'Correcties'. Pas de 'Nieuwe huidige situatie' aan naar cat. 92. Pas de 'datum laatste wijziging van de huidige situatie' aan naar datum van contact. Dispatch Boek een gesprek op locatie bij sector of IDV, zie  Niet CS: Actiegericht (her)inschatten (AGI) met DiWi . Noteer info uit het gesprek in Plan van aanpak (PvA). Achtergrondinfo Door in te schrijven via Correcties wijzigt de categorie niet automatisch naar cat. 03 o.w.v. het buitenlands adres. \n\n Vraag aan de VDAB consulent: Wanneer verplicht inschrijven?? \n Antwoord of Actie: Sinds 1/9/2022 zijn tijdelijke werklozen door overmacht om medische redenen niet meer verplicht om zich in te schrijven, werknemers in beroep tegen de mutualiteit dus ook niet. \n\n Vraag aan de VDAB consulent: Hoe grensarbeider die in Belgie werkt en in het buitenland woont, inschrijven?? \n Antwoord of Actie: Procedure Servicelijn Schrijf in met cat. 92. Schat in: sector of IDV. Boek een gesprek op locatie, zie  Niet CS: Actiegericht (her)inschatten (AGI) met DiWi Noteer in Plan van aanpak (PvA):  \"Werknemer is in beroep tegen de mutualiteit, maar wil in afwachting van de uitspraak begeleiding van VDAB. + extra info uit het gesprek \" Als de klant geen begeleiding wil, is een dispatch niet nodig.  \n\n Vraag aan de VDAB consulent: Dienstverlening / Dispatch? \n Antwoord of Actie: Dit is niet de bevoegdheid van VDAB. Verwijs naar de uitbetalingsinstelling of RVA voor meer info. Een provisoire uitkering van RVA. \n\n Vraag aan de VDAB consulent: Verplicht ingeschreven en wil geen begeleiding? \n Antwoord of Actie: Dit is niet de bevoegdheid van VDAB. Verwijs naar de uitbetalingsinstelling of RVA voor meer info. Werknemer krijgt gelijk (d.w.z. rechtbank bevestigt arbeidsongeschiktheid) De ziekteverzekering betaalt het bedrag van de ontvangen uitkeringen terug aan RVA. De werknemer krijgt opnieuw uitkering van de mutualiteit i.p.v. van RVA. Werknemer krijgt ongelijk (d.w.z. rechtbank bevestigt arbeidsgeschiktheid) De werknemer mag de ontvangen RVA-uitkeringen houden. Hij moet het werk hervatten. \n\n Vraag aan de VDAB consulent: Wil begeleiding? \n Antwoord of Actie: Nee RVA stuurt deze info niet naar VDAB. \n\n Vraag aan de VDAB consulent: Uitkering? \n Antwoord of Actie: 1. Werknemer wordt arbeidsongeschikt. - Ontvangt uitkeringen van mutualiteit   2. Adviserend arts (mutualiteit of RIZIV) verklaart werknemer arbeidsgeschikt. - Moet werk hervatten.   3. Werknemer is niet akkoord  - Tekent beroep aan bij de arbeidsrechtbank. - Is 'in beroep tegen de mutualiteit'. - Ontvangt geen uitkeringen meer van mutualiteit, wel van RVA. \n\n Vraag aan de VDAB consulent: Welke uitkering krijgt de werknemer?? \n Antwoord of Actie: Op Intranet, in de  Overzichtspagina in beroep tegen mutualiteit  lees je onder andere: Wat betekent 'in beroep tegen mutualiteit'? Waarom al stappen naar werk zetten tijdens het beroep tegen mutualiteit? Wat volgt na de uitspraak ? Opgelet   De procedures op deze pagina's gelden niet voor de Servicelijn. \n\n Categorie: Servicelijn \n\n Domein: riziv - tijdelijk werkloos, outplacement, faillissement \n\n Tags: beroep, beroep mutualiteit, beroep tegen de mutualiteit \n\n Url: https://intranet-rel1ldv.ops.vdab.be/faq/servicelijn/wn-beroep-tegen-de-mutualiteit-cat-92 \n\n Volgende paginas: Niet CS: Actiegericht (her)inschatten (AGI) met DiWi, via https://intranet-rel1ldv.ops.vdab.be/faq/servicelijn/hoe-dispatchen-procedures - krijgt deeltijds RVA-uitkering (IGU), via https://intranet-rel1ldv.ops.vdab.be/faq/servicelijn/inschr-personen-beroep-tegen-de-mutualiteit - Wz in beroep tegen de mutualiteit, via https://intranet-rel1ldv.ops.vdab.be/faq/servicelijn/inschr-personen-beroep-tegen-de-mutualiteit \n\n Type: intranet", "document_translation": "Wn appeals against the health insurance fund (cat. 92) \n\n Doc for SL mediators on wn appeal against mutuality. \n\n Question for the VDAB counselor: Change in the federal regulations for the temporarily unemployed from 1/9/2022? \n Answer or Action: An employee in appeal against the health insurance fund is a temporary unemployed person due to force majeure for medical reasons. On 1/9/2022, the changes to the federal legislation on the obligations of the temporarily unemployed took effect. Temporarily unemployed due to force majeure for medical reasons are no longer obliged to register with VDAB, nor are employees in appeal against the health insurance fund. \n\n Question for the VDAB counselor: Step-by-step plan? \n Answer or Action: Step 1: Is under contract with the employer? No > Go to Wz in appeal against the health insurance fund Also applies to part-time workers with part-time benefits (IGU) (cat. 80), see receives part-time RVA benefit (IGU) Yes > Go to Step 2. Step 2: Wn is enrolled with cat. 92 but don't want guidance? Yes Write out with cat. 78. Stop No Go to step 3. Step 3: Want to provide services from VDAB during appeal? Yes > Go to Will guidance. \n\n Question for the VDAB counselor: Contact with employee in appeal against mutuality? \n Answer or Action: Cat. 92, if the customer wants to use the services of VDAB. If the customer does not want guidance, a registration is not necessary. After all, employees who appeal against the health insurance fund are not obliged to register with VDAB. \n\n Question for the VDAB counselor: Registration? \n Answer or Action: not. Temporarily unemployed due to force majeure for medical reasons are not obliged to register, nor are employees in appeal against the health insurance fund. \n\n Question for the VDAB counselor: Register with which category?? \n Answer or Action: With cat. 92, if the customer wants guidance from VDAB. If the customer does not want guidance, a registration is not necessary. Service line procedure Registration Go to 'Corrections'. Change the 'New current situation' to cat. 92. Change the 'date of last change of the current situation' to date of contact. Dispatch Book an on-site call at sector or IDV, see Not CS: Action-oriented (re)assessment (AGI) with DiWi . Write down information from the conversation in Plan of Action (PvA). Background info Registering via Corrections does not automatically change the category to cat. 03 stating the foreign address. \n\n Question for the VDAB counselor: When is registration required?? \n Answer or Action: Since 1/9/2022, temporary unemployed people are no longer obliged to register for medical reasons due to force majeure, so neither are employees in appeal against the health insurance fund. \n\n Question for the VDAB counselor: How to register cross-border worker working in Belgium and living abroad?? \n Answer or Action: Procedure Service line Register with cat. 92. Estimate: sector or IDV. Book a meeting on location, see Not CS: Action-oriented (re)assessment (AGI) with DiWi Note in Plan of action (PvA): \"Employee is appealing against the health insurance, but wants guidance from VDAB pending the ruling. + extra info from the conversation \" If the customer does not want guidance, a dispatch is not necessary. \n\n Question for the VDAB counselor: Services / Dispatch? \n Answer or Action: This is not the competence of VDAB. Refer to the payout institution or RVA for more information. A provisional payment from the NATIONAL EMPLOYMENT OFFICE. \n\n Question for the VDAB counselor: Mandatory registration and does not want guidance? \n Answer or Action: This is not the competence of VDAB. Refer to the payout institution or RVA for more information. Employee is right (i.e. court confirms disability) The health insurance pays back the amount of the benefits received to the RVA. The employee again receives benefits from the health insurance fund instead of from the RVA. Employee is proven wrong (i.e. court confirms disability) The employee may keep the RVA benefits received. He must resume work. \n\n Question for the VDAB counselor: No? \n Answer or Action: RVA does not send this information to VDAB. \n\n Question for the VDAB counselor: Benefit? \n Answer or Action: 1. Employee becomes incapacitated for work. - Receives benefits from health insurance 2. Advising doctor (mutuality or NIHDI) declares the employee fit for work. - Must resume work.   3. Employee disagrees - Appeals to the labour court. - Is 'on appeal against the health insurance fund'. - No longer receives benefits from health insurance, but from the RVA. \n\n Question for the VDAB counselor: What benefit does the employee receive?? \n Answer or Action: On Intranet, in the Overview page in appeal against mutuality, you can read, among other things: What does 'appeal against mutuality' mean? Why take steps towards work during the appeal against health insurance? What follows after the verdict ? Please note The procedures on these pages do not apply to the Service Line. \n\n Category: Service line \n\n Domain: nihdi - temporarily unemployed, outplacement, bankruptcy \n\n Tags: occupation mutualiteit, profession, appeal against the health insurance fund \n\n Url: https://intranet-rel1ldv.ops.vdab.be/faq/servicelijn/wn-beroep-tegen-de-mutualiteit-cat-92 \n\n Next pages: Niet CS: Actiegericht (her)inschatten (AGI) met DiWi, via https://intranet-rel1ldv.ops.vdab.be/faq/servicelijn/hoe-dispatchen-procedures - krijgt deeltijds RVA-uitkering (IGU), via https://intranet-rel1ldv.ops.vdab.be/faq/servicelijn/inschr-personen-beroep-tegen-de-mutualiteit - Wz in beroep tegen de mutualiteit, via https://intranet-rel1ldv.ops.vdab.be/faq/servicelijn/inschr-personen-beroep-tegen-de-mutualiteit \n\n Type: intranet"}