{"title": "Loopbaancheques: informatie voor loopbaancentra", "type": "intranet", "field_trefwoorden_name": ["rechtzetting", "loopbaanbegeleiding", "mandaat"], "domain_name": ["loopbaancheques"], "category_name": "Servicelijn", "field_faq_summary": "document voor de Servicelijn met informatie voor loopbaancentra over het gebruik van loopbaancheques, de mandatering, stimuleringsfinanciering,...", "url": "https://intranet-rel1ldv.ops.vdab.be/faq/servicelijn/loopbaancheques-informatie-voor-loopbaancentra", "content": [["Informatie voor loopbaancentra?", "Alle informatie voor loopbaancentra staat gebundeld op de website van VDAB:  extranet.vdab.be/voor-gemandateerde-loopbaancentra Loopbaancentra kunnen hier meer informatie vinden over: Wetgevend kader en praktische onderrichtingen Registratie en administratie Communicatie Kwaliteit Inbreuken Verder ook een overzicht van  infomails, events, rapporten en cijfergegevens en de contactgegevens van de regionale contactpersonen. "], ["Hoe kunnen loopbaancentra een mandaat aanvragen?", "Via VDAB vraagt een organisatie of individu een mandaat aan  om als erkend loopbaancentrum te fungeren.  Hoe gebeurt dit? Door een mandateringsaanvraag in te dienen b ij de VDAB. Er geldt geen beperking in tijd of volume voor de aanvragen.  Na een positief advies van VDAB verleent de Vlaamse minister van Werk aan het loopbaancentrum een mandaat tot uitvoering van loopbaanbegeleiding gedurende 6 jaar.  Procedure Servicelijn: Verwijs het loopbaancentrum naar de website voor meer informatie over het indienen van de mandateringsaanvraag:  extranet.vdab.be/voor-gemandateerde-loopbaancentra Achtergrondinfo: Het BVR (besluit van de Vlaamse regering betreffende de loopbaanbegeleiding) staat online beschikbaar voor iedereen. De voorwaarden voor loopbaancentra staan hierin duidelijk vermeld.  "], ["Hoe lang blijft het mandaat tot uitvoering van de loopbaanbegeleiding geldig?", "Zes jaar. Na het positieve advies van de VDAB verleent de minister aan de onderneming een mandaat tot uitvoering van de loopbaanbegeleiding met een looptijd van zes jaar."], ["Waar vinden loopbaancentra meer info over hoe een mandaat aanvragen?", "Op de website van VDAB staat alle info over loopbaanbegeleiding en de aanvraag van een mandaat.  Loopbaancentra kunnen voor bijkomende informatie contact opnemen met de regionale projectopvolgers. De contactgegevens staan op de website vermeld onder de titel 'VDAB als regisseur'.  Er worden geen infosessies meer georganiseerd met uitleg over hoe de mandatering concreet werkt."], ["Welke kwaliteitslabels voldoen om in aanmerking te komen voor de mandateringsaanvraag?", "Om aan de mandaat-voorwaarden te voldoen dient het loopbaancentrum over een geldig kwaliteitslabel te beschikken.  Het loopbaancentrum moet een registratie-aanvraag indienen om opgenomen te worden in het Kwaliteits - en Registratiemodel van het Departement WSE.  Een overzicht van aanvaarde kwaliteitslabels is terug te vinden op de website van het Departement WSE:  https://www.vlaanderen.be/kwaliteits-en-registratiemodel-van-dienstverleners-binnen-werk-en-sociale-economie"], ["Is er extra vergoeding voor de loopbaanbegeleiding van kansengroepen? (stimuleringsfinanciering)", "Ja, voor de begeleiding van kansengroepen is er een stimuleringsfinanciering voorzien. Deze is onderhevig aan voorwaarden: het gemandateerd centrum moet over minimum 2 jaar ervaring beschikken in het begeleiden van kansengroepen (ervaring te bewijzen bij de aanvraag van het mandaat) op jaarbasis moet minimum 30 % van de klanten behoren tot de kansengroepen en is er een minimumdrempel van 20 begeleidingen. En wordt op jaarbasis uitbetaald. (niet tweewekelijks zoals bij de loopbaancheques) Voor meer informatie verwijs je door naar de provinciale projectopvolger. "], ["Een vraag over het betalingsverkeer?", "Bij vragen over het betalingsverkeer kan het loopbaancentrum terecht bij de Cel Loopbaancheques via e-mail naar  lb.cheque@vdab.be  . Achtergrondinfo: De burger vraagt zijn loopbaancheque aan via 'Mijn loopbaan'. De centra registreren hun prestaties via Mijn VDAB voor werkgevers.  De VDAB stuurt deze gegevens door naar Edenred, die op basis hiervan het betalingsverkeer zal controleren en tweewekelijks de betaling uitvoert (in opdracht van vdab). Noch het gemandateerde loopbaancentrum noch de burger hoeft hiervoor rechtstreeks te communiceren met Edenred.  "], ["Een vraag over de nieuwe registratiemodule via Mijn VDAB?", "De registraties voor de loopbaancheques gebeuren via Mijn VDAB voor werkgevers. Bij vragen over deze nieuwe registratiemodule, verwijs je door naar de provinciale contactpersonen: Provincie Limburg: Ilse Dekkers :  ilse.dekkers@vdab.be  of 0496 57 74 34 Provincie Oost-Vlaanderen: Sofie Van Trappen: sofie.vantrappen@vdab.be of 0497 51 91 47 Provincie West-Vlaanderen: David Pappaert: david.pappaert@vdab.be of 0496 57 74 18 Provincie Vlaams-Brabant: An Snyers:  an.snyers@vdab.be of 0499 59 59 00 Provincie Antwerpen: Goele Vermeiren:  goele.vermeiren@vdab.be  of 0496 57 55 64"], ["Het loopbaancentrum meldt een technisch probleem in de registratiemodule van Mijn VDAB?", "Bv.  vragen over de registratiemodule voor de loopbaancheques (bv. problemen bij het invoeren of opzoeken van een loopbaancheque (enkel cijfers moeten ingegeven worden, geen slashes tussen de cijfers), problemen bij het registreren van een loopbaangesprek, ...) Verwijs de klant door naar de projectopvolgers. De contactgegevens vind je hier . ( Extranet.vdab.be > Alles voor jou als partner > Voor gemandateerde loopbaancentra > regionale contactpersonen loopbaanbegeleiding) Hiervoor moet je niet doorschakelen naar de Helpdesk. "], ["Kan een loopbaancentrum een rechtzetting vragen na de ingave van een foutieve datum?", "Nee . Als een loopbaancentrum een datum ingeeft die leidt tot het afsluiten van een loopbaancheque, krijgt het een extra verwittiging voor de afsluiting. \"De ingegeven datum bevindt zich meer dan 365 dagen in het verleden, hierdoor zal de cheque automatisch worden afgesloten, wilt u de ingegeven datum alsnog bevestigen?\" Deze melding moet men bevestigen vooraleer de cheque definitief afgesloten wordt.  Rechtzettingen achteraf zijn niet mogelijk en onterecht afgesloten dossiers worden niet meer uitbetaald. Uitzondering: Betreft het een foute registratie (bv. foute datum intake) en is het pakket nog niet afgesloten? In dit geval kan de datum wel rechtgezet worden. Verwijs de klant door naar zijn provinciale projectopvolger."], ["Een vraag van een loopbaancentrum waarop je geen antwoord weet?", "Procedure Servicelijn Verwijs door naar de website van VDAB. Extranet.vdab.be > Alles voor jou als partner > Arbeidsmarktinfo > Thema's > Loopbaanbegeleiding > Contact Of geef de contactgegevens mee van 1 van de medewerkers op deze pagina"], ["Reden van loopbaanbegeleiding", "Bij de start van de loopbaanbegeleiding moet het loopbaancentrum de loopbaancheque registreren. Vervolgens geeft men de reden(en) voor de loopbaanbegeleiding en de beginvraag van de klant in.  Pas daarna kan men het gesprek registreren. Mogelijke redenen voor loopbaanbegeleiding: o Orientatie o Competentie-ontwikkeling o Werkdruk/timemanagement o Evenwicht werk- en privesituatie o Sociale thema's (relatie chef, collega's,...) o Praktische thema's (mobiliteit, sollicitatievaardigheden,...) o Vervolg LBB1 o Andere (deze keuze genereert een verplicht in te vullen tekstveld 'Bijkomende motivering' waarin men zelf een reden kan opgeven) De beginvraag is een verplicht tekstveld."]], "link_ankers": [["https://intranet-rel1ldv.ops.vdab.be/faq/servicelijn/loopbaancheques-doelgroep-en-gelijkgestelden", "Loopbaancheques: doelgroep en gelijkgestelden"], ["https://intranet-rel1ldv.ops.vdab.be/faq/servicelijn/loopbaancheques-faqs", "Loopbaancheques: faq&#039;s"], ["https://intranet-rel1ldv.ops.vdab.be/faq/servicelijn/loopbaancheques-algemeen", "Loopbaancheques: algemeen"], ["https://intranet-rel1ldv.ops.vdab.be/faq/servicelijn/loopbaanbegeleiding-voor-werkende-klanten-vdab-regisseur", "Loopbaanbegeleiding voor werknemers"]], "title_translation": "Career vouchers: information for career centres", "field_trefwoorden_name_translation": ["mandate", "correction", "career guidance"], "domain_name_translation": ["career vouchers"], "category_name_translation": "Service line", "field_faq_summary_translation": "document for the Service line with information for career centres on the use of career vouchers, mandates, incentive funding,...", "content_translation": [["Information for career centers?", "All information for career centres is bundled on the VDAB website: extranet.vdab.be/voor-gemandateerde-loopbaancentra Career centres can find more information about: Legislative framework and practical instructions Registration and administration Communication Quality Infringements Furthermore, an overview of information emails, events, reports and figures and the contact details of the regional contact persons."], ["How can career centres apply for a mandate?", "Through VDAB, an organization or individual applies for a mandate to act as a recognized career center.  How does this happen? By submitting a mandate application, the VDAB. There is no time or volume limitation on the requests.  After a positive recommendation from VDAB, the Flemish Minister of Work grants the career centre a mandate to implement career guidance for 6 years.  Procedure Service line: Refer the career centre to the website for more information about submitting the mandate application: extranet.vdab.be/voor-gemandateerde-loopbaancentra Background information: The BVR (decree of the Flemish government on career guidance) is available online for everyone. The conditions for career centres are clearly stated herein."], ["How long does the mandate to implement the career guidance remain valid?", "Six years. Following the positive advice of the VDAB, the Minister grants the company a mandate to implement the career guidance with a duration of six years."], ["Where can career centres find more information on how to apply for a mandate?", "The VDAB website contains all information about career guidance and the application for a mandate.  Career centres can contact the regional project successors for additional information. The contact details are listed on the website under the title 'VDAB as director'.  No more information sessions are organized with explanations of how the mandate works in practice."], ["Which quality labels are sufficient to qualify for the mandate application?", "In order to meet the mandate conditions, the career centre must have a valid quality label.  The career centre must submit a registration application to be included in the Quality and Registration Model of the WSE Department.  An overview of accepted quality labels can be found on the website of the WSE Department: https://www.vlaanderen.be/kwaliteits-en-registratiemodel-van-dienstverleners-binnen-werk-en-sociale-economie"], ["Is there extra compensation for the career guidance of disadvantaged groups? (incentive finance)", "Yes, incentive funding is provided for the guidance of disadvantaged groups. This is subject to conditions: the mandated centre must have at least 2 years of experience in guiding disadvantaged groups (experience to be proven when applying for the mandate) on an annual basis at least 30% of the clients must belong to the disadvantaged groups and there is a minimum threshold of 20 accompaniments. And is paid out on an annual basis. (not biweekly as with the career vouchers) For more information, refer to the provincial project successor."], ["A question about the payment system?", "If you have any questions about the payment system, the career centre can contact the Career Vouchers Cell by e-mail to lb.cheque@vdab.be. Background information: Citizens apply for their career cheque via 'My career'. The centres register their performance via My VDAB for employers.  The VDAB forwards this data to Edenred, which will check the payment traffic on this basis and make the payment every two weeks (on behalf of vdab). Neither the mandated career center nor the citizen has to communicate directly with Edenred for this."], ["A question about the new registration module via My VDAB?", "The registrations for the career vouchers are done via Mijn VDAB for employers. If you have any questions about this new registration module, please refer to the provincial contact persons: Province of Limburg: Ilse Dekkers : ilse.dekkers@vdab.be or 0496 57 74 34 Province of East Flanders: Sofie Van Trappen: sofie.vantrappen@vdab.be or 0497 51 91 47 Province of West Flanders: David Pappaert: david.pappaert@vdab.be or 0496 57 74 18 Province of Flemish Brabant: An Snyers: an.snyers@vdab.be or 0499 59 59 00 Province of Antwerp:  Goele Vermeiren: goele.vermeiren@vdab.be or 0496 57 55 64"], ["The career centre reports a technical problem in the registration module of My VDAB?", "For example.  questions about the registration module for the career vouchers (e.g. problems when entering or looking up a career cheque (only numbers have to be entered, no slashes between the figures), problems registering a career interview, ...) Refer the customer to the project successors. The contact details can be found here. ( Extranet.vdab.be > Everything for you as a partner > For mandated career centres > regional contact persons career guidance) For this you do not have to forward to the Helpdesk."], ["Can a career center request a correction after entering an incorrect date?", "No. If a career centre enters a date that leads to the conclusion of a career cheque, it will receive an additional notification for the closure. \"The entered date is more than 365 days in the past, so the check will be closed automatically, do you still want to confirm the entered date?\" This notification must be confirmed before the cheque is finally closed.  Corrections afterwards are not possible and unjustly closed files are no longer paid out. Exception: Is it an incorrect registration (e.g. wrong intake date) and has the package not yet been closed? In this case, the date can be corrected. Refer the customer to his provincial project successor."], ["A question from a career center that you don't know the answer to?", "Procedure Service line Redirect to the VDAB website. Extranet.vdab.be > Everything for you as a partner > Labour market information > Themes > Career guidance > Contact Or provide the contact details of 1 of the employees on this page"], ["Reason for career guidance", "At the start of the career guidance, the career centre must register the career cheque. The reason(s) for the career guidance and the customer's initial question are then entered.  Only then can one record the conversation. Possible reasons for career guidance: o Orientation o Competence development o Work pressure/time management o Work-life balance o Social themes (relationship manager, colleagues,...) o Practical themes (mobility, application skills,...) o Continued LBB1 o Other (this choice generates a mandatory text field 'Additional motivation' in which one can give a reason) The initial question is a mandatory text field."]], "document": "Loopbaancheques: informatie voor loopbaancentra \n\n document voor de Servicelijn met informatie voor loopbaancentra over het gebruik van loopbaancheques, de mandatering, stimuleringsfinanciering,... \n\n Vraag aan de VDAB consulent: Informatie voor loopbaancentra?? \n Antwoord of Actie: Alle informatie voor loopbaancentra staat gebundeld op de website van VDAB:  extranet.vdab.be/voor-gemandateerde-loopbaancentra Loopbaancentra kunnen hier meer informatie vinden over: Wetgevend kader en praktische onderrichtingen Registratie en administratie Communicatie Kwaliteit Inbreuken Verder ook een overzicht van  infomails, events, rapporten en cijfergegevens en de contactgegevens van de regionale contactpersonen.  \n\n Vraag aan de VDAB consulent: Hoe kunnen loopbaancentra een mandaat aanvragen?? \n Antwoord of Actie: Via VDAB vraagt een organisatie of individu een mandaat aan  om als erkend loopbaancentrum te fungeren.  Hoe gebeurt dit? Door een mandateringsaanvraag in te dienen b ij de VDAB. Er geldt geen beperking in tijd of volume voor de aanvragen.  Na een positief advies van VDAB verleent de Vlaamse minister van Werk aan het loopbaancentrum een mandaat tot uitvoering van loopbaanbegeleiding gedurende 6 jaar.  Procedure Servicelijn: Verwijs het loopbaancentrum naar de website voor meer informatie over het indienen van de mandateringsaanvraag:  extranet.vdab.be/voor-gemandateerde-loopbaancentra Achtergrondinfo: Het BVR (besluit van de Vlaamse regering betreffende de loopbaanbegeleiding) staat online beschikbaar voor iedereen. De voorwaarden voor loopbaancentra staan hierin duidelijk vermeld.   \n\n Vraag aan de VDAB consulent: Hoe lang blijft het mandaat tot uitvoering van de loopbaanbegeleiding geldig?? \n Antwoord of Actie: Zes jaar. Na het positieve advies van de VDAB verleent de minister aan de onderneming een mandaat tot uitvoering van de loopbaanbegeleiding met een looptijd van zes jaar. \n\n Vraag aan de VDAB consulent: Waar vinden loopbaancentra meer info over hoe een mandaat aanvragen?? \n Antwoord of Actie: Op de website van VDAB staat alle info over loopbaanbegeleiding en de aanvraag van een mandaat.  Loopbaancentra kunnen voor bijkomende informatie contact opnemen met de regionale projectopvolgers. De contactgegevens staan op de website vermeld onder de titel 'VDAB als regisseur'.  Er worden geen infosessies meer georganiseerd met uitleg over hoe de mandatering concreet werkt. \n\n Vraag aan de VDAB consulent: Welke kwaliteitslabels voldoen om in aanmerking te komen voor de mandateringsaanvraag?? \n Antwoord of Actie: Om aan de mandaat-voorwaarden te voldoen dient het loopbaancentrum over een geldig kwaliteitslabel te beschikken.  Het loopbaancentrum moet een registratie-aanvraag indienen om opgenomen te worden in het Kwaliteits - en Registratiemodel van het Departement WSE.  Een overzicht van aanvaarde kwaliteitslabels is terug te vinden op de website van het Departement WSE:  https://www.vlaanderen.be/kwaliteits-en-registratiemodel-van-dienstverleners-binnen-werk-en-sociale-economie \n\n Vraag aan de VDAB consulent: Is er extra vergoeding voor de loopbaanbegeleiding van kansengroepen? (stimuleringsfinanciering)? \n Antwoord of Actie: Ja, voor de begeleiding van kansengroepen is er een stimuleringsfinanciering voorzien. Deze is onderhevig aan voorwaarden: het gemandateerd centrum moet over minimum 2 jaar ervaring beschikken in het begeleiden van kansengroepen (ervaring te bewijzen bij de aanvraag van het mandaat) op jaarbasis moet minimum 30 % van de klanten behoren tot de kansengroepen en is er een minimumdrempel van 20 begeleidingen. En wordt op jaarbasis uitbetaald. (niet tweewekelijks zoals bij de loopbaancheques) Voor meer informatie verwijs je door naar de provinciale projectopvolger.  \n\n Vraag aan de VDAB consulent: Een vraag over het betalingsverkeer?? \n Antwoord of Actie: Bij vragen over het betalingsverkeer kan het loopbaancentrum terecht bij de Cel Loopbaancheques via e-mail naar  lb.cheque@vdab.be  . Achtergrondinfo: De burger vraagt zijn loopbaancheque aan via 'Mijn loopbaan'. De centra registreren hun prestaties via Mijn VDAB voor werkgevers.  De VDAB stuurt deze gegevens door naar Edenred, die op basis hiervan het betalingsverkeer zal controleren en tweewekelijks de betaling uitvoert (in opdracht van vdab). Noch het gemandateerde loopbaancentrum noch de burger hoeft hiervoor rechtstreeks te communiceren met Edenred.   \n\n Vraag aan de VDAB consulent: Een vraag over de nieuwe registratiemodule via Mijn VDAB?? \n Antwoord of Actie: De registraties voor de loopbaancheques gebeuren via Mijn VDAB voor werkgevers. Bij vragen over deze nieuwe registratiemodule, verwijs je door naar de provinciale contactpersonen: Provincie Limburg: Ilse Dekkers :  ilse.dekkers@vdab.be  of 0496 57 74 34 Provincie Oost-Vlaanderen: Sofie Van Trappen: sofie.vantrappen@vdab.be of 0497 51 91 47 Provincie West-Vlaanderen: David Pappaert: david.pappaert@vdab.be of 0496 57 74 18 Provincie Vlaams-Brabant: An Snyers:  an.snyers@vdab.be of 0499 59 59 00 Provincie Antwerpen: Goele Vermeiren:  goele.vermeiren@vdab.be  of 0496 57 55 64 \n\n Vraag aan de VDAB consulent: Het loopbaancentrum meldt een technisch probleem in de registratiemodule van Mijn VDAB?? \n Antwoord of Actie: Bv.  vragen over de registratiemodule voor de loopbaancheques (bv. problemen bij het invoeren of opzoeken van een loopbaancheque (enkel cijfers moeten ingegeven worden, geen slashes tussen de cijfers), problemen bij het registreren van een loopbaangesprek, ...) Verwijs de klant door naar de projectopvolgers. De contactgegevens vind je hier . ( Extranet.vdab.be > Alles voor jou als partner > Voor gemandateerde loopbaancentra > regionale contactpersonen loopbaanbegeleiding) Hiervoor moet je niet doorschakelen naar de Helpdesk.  \n\n Vraag aan de VDAB consulent: Kan een loopbaancentrum een rechtzetting vragen na de ingave van een foutieve datum?? \n Antwoord of Actie: Nee . Als een loopbaancentrum een datum ingeeft die leidt tot het afsluiten van een loopbaancheque, krijgt het een extra verwittiging voor de afsluiting. \"De ingegeven datum bevindt zich meer dan 365 dagen in het verleden, hierdoor zal de cheque automatisch worden afgesloten, wilt u de ingegeven datum alsnog bevestigen?\" Deze melding moet men bevestigen vooraleer de cheque definitief afgesloten wordt.  Rechtzettingen achteraf zijn niet mogelijk en onterecht afgesloten dossiers worden niet meer uitbetaald. Uitzondering: Betreft het een foute registratie (bv. foute datum intake) en is het pakket nog niet afgesloten? In dit geval kan de datum wel rechtgezet worden. Verwijs de klant door naar zijn provinciale projectopvolger. \n\n Vraag aan de VDAB consulent: Een vraag van een loopbaancentrum waarop je geen antwoord weet?? \n Antwoord of Actie: Procedure Servicelijn Verwijs door naar de website van VDAB. Extranet.vdab.be > Alles voor jou als partner > Arbeidsmarktinfo > Thema's > Loopbaanbegeleiding > Contact Of geef de contactgegevens mee van 1 van de medewerkers op deze pagina \n\n Vraag aan de VDAB consulent: Reden van loopbaanbegeleiding? \n Antwoord of Actie: Bij de start van de loopbaanbegeleiding moet het loopbaancentrum de loopbaancheque registreren. Vervolgens geeft men de reden(en) voor de loopbaanbegeleiding en de beginvraag van de klant in.  Pas daarna kan men het gesprek registreren. Mogelijke redenen voor loopbaanbegeleiding: o Orientatie o Competentie-ontwikkeling o Werkdruk/timemanagement o Evenwicht werk- en privesituatie o Sociale thema's (relatie chef, collega's,...) o Praktische thema's (mobiliteit, sollicitatievaardigheden,...) o Vervolg LBB1 o Andere (deze keuze genereert een verplicht in te vullen tekstveld 'Bijkomende motivering' waarin men zelf een reden kan opgeven) De beginvraag is een verplicht tekstveld. \n\n Categorie: Servicelijn \n\n Domein: loopbaancheques \n\n Tags: rechtzetting, loopbaanbegeleiding, mandaat \n\n Url: https://intranet-rel1ldv.ops.vdab.be/faq/servicelijn/loopbaancheques-informatie-voor-loopbaancentra \n\n Volgende paginas: Loopbaancheques: doelgroep en gelijkgestelden, via https://intranet-rel1ldv.ops.vdab.be/faq/servicelijn/loopbaancheques-doelgroep-en-gelijkgestelden - Loopbaancheques: faq&#039;s, via https://intranet-rel1ldv.ops.vdab.be/faq/servicelijn/loopbaancheques-faqs - Loopbaancheques: algemeen, via https://intranet-rel1ldv.ops.vdab.be/faq/servicelijn/loopbaancheques-algemeen - Loopbaanbegeleiding voor werknemers, via https://intranet-rel1ldv.ops.vdab.be/faq/servicelijn/loopbaanbegeleiding-voor-werkende-klanten-vdab-regisseur \n\n Type: intranet", "document_translation": "Career vouchers: information for career centres \n\n document for the Service line with information for career centres on the use of career vouchers, mandates, incentive funding,... \n\n Question for the VDAB counselor: Information for career centers?? \n Answer or Action: All information for career centres is bundled on the VDAB website: extranet.vdab.be/voor-gemandateerde-loopbaancentra Career centres can find more information about: Legislative framework and practical instructions Registration and administration Communication Quality Infringements Furthermore, an overview of information emails, events, reports and figures and the contact details of the regional contact persons. \n\n Question for the VDAB counselor: How can career centres apply for a mandate?? \n Answer or Action: Through VDAB, an organization or individual applies for a mandate to act as a recognized career center.  How does this happen? By submitting a mandate application, the VDAB. There is no time or volume limitation on the requests.  After a positive recommendation from VDAB, the Flemish Minister of Work grants the career centre a mandate to implement career guidance for 6 years.  Procedure Service line: Refer the career centre to the website for more information about submitting the mandate application: extranet.vdab.be/voor-gemandateerde-loopbaancentra Background information: The BVR (decree of the Flemish government on career guidance) is available online for everyone. The conditions for career centres are clearly stated herein. \n\n Question for the VDAB counselor: How long does the mandate to implement the career guidance remain valid?? \n Answer or Action: Six years. Following the positive advice of the VDAB, the Minister grants the company a mandate to implement the career guidance with a duration of six years. \n\n Question for the VDAB counselor: Where can career centres find more information on how to apply for a mandate?? \n Answer or Action: The VDAB website contains all information about career guidance and the application for a mandate.  Career centres can contact the regional project successors for additional information. The contact details are listed on the website under the title 'VDAB as director'.  No more information sessions are organized with explanations of how the mandate works in practice. \n\n Question for the VDAB counselor: Which quality labels are sufficient to qualify for the mandate application?? \n Answer or Action: In order to meet the mandate conditions, the career centre must have a valid quality label.  The career centre must submit a registration application to be included in the Quality and Registration Model of the WSE Department.  An overview of accepted quality labels can be found on the website of the WSE Department: https://www.vlaanderen.be/kwaliteits-en-registratiemodel-van-dienstverleners-binnen-werk-en-sociale-economie \n\n Question for the VDAB counselor: Is there extra compensation for the career guidance of disadvantaged groups? (incentive finance)? \n Answer or Action: Yes, incentive funding is provided for the guidance of disadvantaged groups. This is subject to conditions: the mandated centre must have at least 2 years of experience in guiding disadvantaged groups (experience to be proven when applying for the mandate) on an annual basis at least 30% of the clients must belong to the disadvantaged groups and there is a minimum threshold of 20 accompaniments. And is paid out on an annual basis. (not biweekly as with the career vouchers) For more information, refer to the provincial project successor. \n\n Question for the VDAB counselor: A question about the payment system?? \n Answer or Action: If you have any questions about the payment system, the career centre can contact the Career Vouchers Cell by e-mail to lb.cheque@vdab.be. Background information: Citizens apply for their career cheque via 'My career'. The centres register their performance via My VDAB for employers.  The VDAB forwards this data to Edenred, which will check the payment traffic on this basis and make the payment every two weeks (on behalf of vdab). Neither the mandated career center nor the citizen has to communicate directly with Edenred for this. \n\n Question for the VDAB counselor: A question about the new registration module via My VDAB?? \n Answer or Action: The registrations for the career vouchers are done via Mijn VDAB for employers. If you have any questions about this new registration module, please refer to the provincial contact persons: Province of Limburg: Ilse Dekkers : ilse.dekkers@vdab.be or 0496 57 74 34 Province of East Flanders: Sofie Van Trappen: sofie.vantrappen@vdab.be or 0497 51 91 47 Province of West Flanders: David Pappaert: david.pappaert@vdab.be or 0496 57 74 18 Province of Flemish Brabant: An Snyers: an.snyers@vdab.be or 0499 59 59 00 Province of Antwerp:  Goele Vermeiren: goele.vermeiren@vdab.be or 0496 57 55 64 \n\n Question for the VDAB counselor: The career centre reports a technical problem in the registration module of My VDAB?? \n Answer or Action: For example.  questions about the registration module for the career vouchers (e.g. problems when entering or looking up a career cheque (only numbers have to be entered, no slashes between the figures), problems registering a career interview, ...) Refer the customer to the project successors. The contact details can be found here. ( Extranet.vdab.be > Everything for you as a partner > For mandated career centres > regional contact persons career guidance) For this you do not have to forward to the Helpdesk. \n\n Question for the VDAB counselor: Can a career center request a correction after entering an incorrect date?? \n Answer or Action: No. If a career centre enters a date that leads to the conclusion of a career cheque, it will receive an additional notification for the closure. \"The entered date is more than 365 days in the past, so the check will be closed automatically, do you still want to confirm the entered date?\" This notification must be confirmed before the cheque is finally closed.  Corrections afterwards are not possible and unjustly closed files are no longer paid out. Exception: Is it an incorrect registration (e.g. wrong intake date) and has the package not yet been closed? In this case, the date can be corrected. Refer the customer to his provincial project successor. \n\n Question for the VDAB counselor: A question from a career center that you don't know the answer to?? \n Answer or Action: Procedure Service line Redirect to the VDAB website. Extranet.vdab.be > Everything for you as a partner > Labour market information > Themes > Career guidance > Contact Or provide the contact details of 1 of the employees on this page \n\n Question for the VDAB counselor: Reason for career guidance? \n Answer or Action: At the start of the career guidance, the career centre must register the career cheque. The reason(s) for the career guidance and the customer's initial question are then entered.  Only then can one record the conversation. Possible reasons for career guidance: o Orientation o Competence development o Work pressure/time management o Work-life balance o Social themes (relationship manager, colleagues,...) o Practical themes (mobility, application skills,...) o Continued LBB1 o Other (this choice generates a mandatory text field 'Additional motivation' in which one can give a reason) The initial question is a mandatory text field. \n\n Category: Service line \n\n Domain: career vouchers \n\n Tags: mandate, correction, career guidance \n\n Url: https://intranet-rel1ldv.ops.vdab.be/faq/servicelijn/loopbaancheques-informatie-voor-loopbaancentra \n\n Next pages: Loopbaancheques: doelgroep en gelijkgestelden, via https://intranet-rel1ldv.ops.vdab.be/faq/servicelijn/loopbaancheques-doelgroep-en-gelijkgestelden - Loopbaancheques: faq&#039;s, via https://intranet-rel1ldv.ops.vdab.be/faq/servicelijn/loopbaancheques-faqs - Loopbaancheques: algemeen, via https://intranet-rel1ldv.ops.vdab.be/faq/servicelijn/loopbaancheques-algemeen - Loopbaanbegeleiding voor werknemers, via https://intranet-rel1ldv.ops.vdab.be/faq/servicelijn/loopbaanbegeleiding-voor-werkende-klanten-vdab-regisseur \n\n Type: intranet"}