{"title": "Opdrachten overzicht + spiekbrief", "type": "intranet", "field_trefwoorden_name": ["digibeet", "opdrachten", "spiekbrief"], "domain_name": ["opdrachten"], "category_name": "Servicelijn", "url": "https://intranet-rel1ldv.ops.vdab.be/faq/servicelijn/opdrachten-overzicht-spiekbrief-1", "content": [["Spiekbrief specifiek voor Servicelijn", "In de 'spiekbrief specifiek voor de Servicelijn' vind je een overzicht van alle opdrachten. Sommige opdrachten hebben een andere titel gekregen of staan onder een ander domein. De opdrachten die je aan digibeten meegeeft, staan in het rood aangeduid. De opdrachten die de SL doorgaans niet geeft, staan in het grijs aangeduid. De 4 AO's staan tussen de andere opdrachten omdat je deze ook manueel mag aanmaken. Onderaan de spiekbrief staan de AO 6/7/8 gebundeld. De korte omschrijving die op het afsprakenblad komt, staat onder 'omschrijving ASB'. De digitale infopakketten (DIP's) vind je gebundeld onder 'Cluster' terug. Achtergrondinfo:  De omschrijving van de opdracht die in MLB burger komt te staan, staat niet langer op de spiekbrief. Je vindt ze bij de opdracht zelf als je ze aanmaakt in MLB bemiddelaar."], ["Waar staan alle opdrachten?", "MLB bemiddelaar Je vindt de opdrachten in detail: in de spiekbrief voor de Servicelijn  en in tab Nieuwe dienstverlening > opdrachten MLB burger 'persoonlijke pagina' > luik 'opdrachten & tips' Op de afsprakenbundel"], ["Welke opdrachten staan onder de domeinen en welke onder de clusters?", "De opdrachten zijn ingedeeld in  5 domeinen en 6 clusters.  Domeinen : Bevatten de thema specifieke opdrachten Solliciteren en netwerken Orienteren Competentieversterking Werken aan randvoorwaarden Andere afspraken Deze domeinen vervangen de vroegere werkpunten en bundelen een groot deel van de opdrachten.  Voorbeeld: Solliciteren en netwerken: Stel een goede CV op.   Clusters : Bevatten de DIP's en cluster specifieke opdrachten Bouw en hout Business support, retail en ICT Diensten aan personen en bedrijven Industrie Transport en logistiek Zorg en onderwijs Voorbeeld: Hout en bouw: Neem info door over het beroep van wegenwerker via het digitaal infopakket  "], ["Wat is het verschil tussen een manuele en automatische opdracht?", "De manier waarop ze is aangemaakt. Een automatische opdracht komt automatisch in het dossier, met deadline. Een manuele opdracht is een opdracht die een bemiddelaar in het dossier noteert. Het is voor de bemiddelaar mogelijk om de 4 AO's (die niet open staan in het dossier), manueel toe te voegen. We spreken in dat geval over een manuele opdracht. Voorbeeld: 'Vervolledig je profiel' is een opdracht die klant die tot de contactstrategie behoort, automatisch krijgt. Dit is een automatische opdracht. Als een bemiddelaar diezelfde opdracht toevoegt aan het dossier, is het een manuele opdracht."], ["Hoe ziet de wz het verschil tussen een manuele en automatische opdracht?", "Niet. Voor de wz is er geen verschil, een opdracht is een opdracht. Achtergrondinfo:  De opsplitsing in automatische en manuele opdrachten is enkel interessant voor VDAB (achter de schermen).  "], ["Je merkt een fout op in de opdracht?", "Voorbeeld 1 : klant heeft een opdracht gekregen met een niet werkende link. Voorbeeld 2 : Er staat een typfout in de omschrijving van de opdracht. Wijzigingen aan bestaande opdrachten kan je doorgeven via  dit formulier. Wanneer mag je antwoord verwachten op je aanvraag? Aanpassingen aan opdrachten worden telkens de eerste maandag van de maand doorgegeven aan IT. Als er geen vragen zijn over je aanvraag zal je de eerste maandag van de volgende maand antwoord krijgen dat je aanvraag verwerkt is en doorgegeven om te laten toevoegen. De expert contacteert jou als er iets onduidelijk is of als er nog vragen zijn over jouw aanvraag. Een tweede aanvraag indienen of een extra e-mail sturen heeft geen zin, hier zal niet op geantwoord worden."], ["Technische problemen: Opdrachten zijn niet beschikbaar", "Situatie: Je krijgt foutmeldingen bij het toevoegen, heropenen, afsluiten of wijzigen van de opdracht. Het opdrachtenoverzicht in MLB opent niet. Procedure Servicelijn: Maak een HD melding aan. Vraag aan de klant welke opdrachten uitgevoerd zijn en vul dit aan in toelichting/verslag. Geef aan de klant mee om de uitgevoerde opdrachten 'af te werken' in zijn dossier. Zo krijgt hij geen herinneringssms meer. Noteer in toelichting/verslag dat je wegens technische problemen geen opdrachten hebt afgesloten of nieuwe hebt meegegeven."], ["Welke opdrachten geven?", "Werk altijd op maat van je klant. Hieronder enkele suggesties: Alle opdrachten onder 'solliciteren en netwerken': Maak een goed cv. Bereid je voor op het sollicitatiegesprek Zoek passende vacatures Solliciteer op passende vacatures Vul de sollicitatiefeedback aan Laat je competenties scoren  Maak een goede sollicitatiebrief  Solliciteer via interimkantoren  enz."], ["Opdrachten voor zelfredzame", "Passende werkpunten en opdrachten meegeven aan 60plussers / SWT-er is niet altijd evident. Werk altijd op maat van je klant - hieronder enkele suggesties: 'Solliciteren en netwerken': Bekijk of de job bij je past Gebruik je persoonlijk netwerk Krijg extra vacatures via mail 'Orienteren' : Zoek uit welke job je wilt doen Voeg een digitaal infopakket toe (naargelang de gewenste job van de klant). 'Competentieversterking' Aan de slag met de computers van VDAB Volg de workshop 'aan de slag met VDAB' 'Randvoorwaarden' 'Andere afspraken'  Lees je rechten en plichten."], ["Opdrachten voor 60plussers/SWT'ers", "Werk altijd op maat van je klant. Procedure Servicelijn: Is de klant in staat de 4 AO's uit te voeren? Nee? Sluit de 4 AO's af. Heropen geen afgewerkte opdrachten (ook niet als je merkt dat de klant deze afwerkte zonder er mee aan de slag te gaan). Vermeld in het veld toelichting: \" Klant is niet-digitaal vaardig  en kan niet aan de slag met de opdrachten\". Ja?  Laat de 4 AO's staan en pas deadline aan.  Vul dit aan met alle relevante informatie die je uit het gesprek kon halen. Voeg een nieuw(e) manuele opdracht(en) toe: De opdrachten met 'rode bullet' op 'de spiekbrief specifiek voor Servicelijn' zijn geschikt voor niet-digitaal vaardige klanten (= digibeten). Hou er rekening mee dat soms een online uit te voeren opdracht (met 'zwarte bullet') best geschikt is voor de niet-digitaal vaardige klant (al dan niet met externe hulp)."], ["Opdrachten voor digibeten", "Procedure Servicelijn:  Kan je de opdrachten bespreken met de klant in het Nederlands, Engels of Frans?  En je schat in dat de klant met de opdrachten in het Nederlands aan de slag kan gaan? Ja: Voeg nieuwe manuele opdrachten in het Nederlands toe aan het dossier. Overloop de AO's indien deze in het dossier staan. Zie  Mogelijke services en opdrachten op een afsprakenblad (Franse versie) Mogelijke services en opdrachten op een afsprakenblad (Engelse versie) Nee: Voeg geen nieuwe manuele opdrachten toe aan het dossier AO's: Sluit de 4 AO's af. Heropen geen afgewerkte opdrachten (ook niet als je merkt dat de klant deze afwerkte zonder er mee aan de slag te gaan). Vermeld in het veld toelichting: \" Klant kan door gebrek kennis Nederlands niet aan de slag met de opdrachten\". Vul dit aan met alle relevante informatie die je uit het gesprek kon halen. Opgelet:   De vertaling van opdrachten zijn bedoeld om te gebruiken in je gesprek. Ze zijn niet bedoeld om de afsprakenbundel te zetten. Enkel een inwoner uit de faciliteitengemeenten mag vragen om de afsprakenbundel in het Frans af te leveren."], ["Opdrachten voor anderstaligen", "Werk altijd op maat van je klant. Hieronder enkele suggesties: Domein 'solliciteren en netwerken' > 'Vervolledig je profiel' Domein 'orienteren' > 'zoek uit welke job je wilt doen' De wz kan deze als een tip beschouwen en ermee aan de slag gaan.   "], ["Opdrachten voor wz met status 'KNVW'", "Zie alinea: Wat meegeven in elk inschattings -en opvolggesprek?"], ["Opdrachten voor jongeren", "Werk op maat van de klant.   Geef een DIP (digitaal infopakket) aan de klant. Per cluster zijn er DIP's beschikbaar. Zie ook: Het digitaal infopakket"]], "link_ankers": [["https://intranet-rel1ldv.ops.vdab.be/faq/servicelijn/het-digitaal-infopakket-dip", " Het digitaal infopakket"], ["https://intranet-rel1ldv.ops.vdab.be/faq/servicelijn/het-digitaal-infopakket-dip", "De digitale infopakketten (DIP's) "], ["https://intranet-rel1ldv.ops.vdab.be/faq/servicelijn/inschatten-en-opvolgen-van-jongeren", "Wat meegeven in elk inschattings -en opvolggesprek?"]], "title_translation": "Assignments overview + cheat sheet", "field_trefwoorden_name_translation": ["cheat sheet", "digibeet", "commands"], "domain_name_translation": ["commands"], "category_name_translation": "Service line", "content_translation": [["Cheat sheet specific to Service line In the '", "cheat sheet specific to the Service line' you will find an overview of all assignments. Some assignments have a different title or are under a different domain. The assignments you give to digibites are indicated in red. The commands that the SL usually does not give are indicated in gray. The 4 AOs are among the other commands because you can also create them manually. At the bottom of the cheat sheet are the AO 6/7/8 bundled. The short description that appears on the appointment sheet can be found under 'description ASB'. The digital information packages (DIPs) can be found bundled under 'Cluster'. Background info: The description of the assignment that will be in MLB burger is no longer on the cheat sheet. You will find them with the assignment itself if you create them in MLB mediator."], ["Where are all the assignments?", "MLB mediator You will find the assignments in detail: in the cheat sheet for the Service Line and in tab New services > assignments MLB citizen 'personal page' > section 'assignments & tips' On the appointment bundle"], ["Which commands are under the domains and which are under the clusters?", "The commands are divided into 5 domains and 6 clusters.  Domains : Contain the theme specific assignments Applying and networking Orienting Competence strengthening Working on preconditions Other agreements These domains replace the previous work points and bundle a large part of the assignments.  Example: Applying and networking: Create a good CV.   Clusters : Contain the DIPs and cluster specific assignments Construction and wood Business support, retail and ICT Services to individuals and companies Industry Transport and logistics Care and education Example: Wood and construction: Read information about the profession of road worker via the digital info package"], ["What is the difference between a manual and automatic command?", "The way it was created. An automatic assignment is automatically placed in the file, with a deadline. A manual assignment is an assignment that a mediator writes down in the file. It is possible for the mediator to manually add the 4 AOs (which are not open in the file). In that case, we are talking about a manual assignment. Example: 'Complete your profile' is an assignment that the customer who belongs to the contact strategy automatically receives. This is an automatic command. If a mediator adds the same assignment to the file, it is a manual assignment."], ["How does the wz see the difference between a manual and automatic command?", "Not. For the wz there is no difference, an assignment is an assignment. Background information: The division into automatic and manual assignments is only interesting for VDAB (behind the scenes)."], ["You notice an error in the assignment?", "Example 1 : customer has received an assignment with a broken link. Example 2 : There is a typo in the description of the command. You can report changes to existing assignments via this form. When can you expect an answer to your request? Adjustments to assignments are always communicated to IT on the first Monday of the month. If there are no questions about your application, you will receive an answer on the first Monday of the following month that your request has been processed and passed on for addition. The expert will contact you if something is unclear or if there are any questions about your application. Submitting a second request or sending an extra e-mail makes no sense, this will not be answered."], ["Technical issues: Commands are unavailable", "Situation: You get error messages when adding, reopening, closing, or changing the assignment. The command summary in MLB does not open. Service Line Procedure: Create an HD alert. Ask the customer which assignments have been carried out and supplement this in the explanation/report. Indicate to the customer to 'finish' the executed assignments in his file. That way he won't get a reminder sms anymore. Note in the explanation/report that you have not closed any assignments or have given new ones due to technical problems."], ["What assignments to give?", "Always work tailored to your customer. Here are some suggestions: All assignments under 'applying and networking': Create a good resume. Prepare for the interview Find suitable vacancies Apply for suitable vacancies Complete the application feedback Let your competencies score Make a good cover letter Apply through interim agencies etc."], ["Assignments for self-reliant", "Appropriate work points and assignments to people over 60 / SWT-er is not always easy. Always work tailored to your customer - below some suggestions: 'Apply and network': See if the job suits you Use your personal network Get extra vacancies by mail 'Orientate' : Find out which job you want to do Add a digital info package (depending on the desired job of the customer). 'Competence reinforcement' Getting started with VDAB's computers Follow the workshop 'getting started with VDAB' 'Preconditions' 'Other agreements' Read your rights and obligations."], ["Assignments for over-60s/SWT'ers", "Always work tailored to your customer. Procedure Service line: Is the customer able to perform the 4 AOs? No? Exit the 4 AOs. Do not reopen finished jobs (even if you notice that the customer finished them without getting started). State in the explanation field: \"Customer is non-digitally skilled and cannot get started with the assignments\". Yes?  Leave the 4 AOs and adjust deadline.  Supplement this with all the relevant information you could get from the conversation. Add a new manual assignment(s): The assignments with 'red bullet' on 'the cheat sheet specifically for Service line' are suitable for non-digitally skilled customers (= digibites). Keep in mind that sometimes an online assignment (with 'black bullet') is best suited for the non-digitally skilled customer (with or without external help)."], ["Assignments for digibites", "Procedure Service line: Can you discuss the assignments with the customer in Dutch, English or French?  And you estimate that the customer can get started with the assignments in Dutch? Yes: Add new manual assignments in Dutch to the file. Go over the AOs if they are in the file. See Possible services and assignments on an appointment sheet (French version) Possible services and assignments on an appointment sheet No: Do not add new manual commands to the file AOs: Close the 4 AOs. Do not reopen finished jobs (even if you notice that the customer finished them without getting started). State in the explanation field: \"Customer cannot get started with the assignments due to lack of knowledge of Dutch\". Supplement this with all the relevant information you could get from the conversation. Note: The translation of assignments are intended to be used in your conversation. They are not intended to set the appointment bundle. Only a resident from the municipalities with facilities may ask to deliver the appointment bundle in French."], ["Assignments for non-native speakers", "Always work tailored to your customer. Here are some suggestions: Domain 'apply and network' > 'Complete your profile' Domain 'orientate' > 'find out which job you want to do' The wz can consider this as a tip and get started with it."], ["Assignments for wz with status 'KNVW'", "See paragraph: What to give in each assessment and follow-up interview?"], ["Assignments for young people", "Work tailored to the customer.   Give a DIP (digital info package) to the customer. DIPs are available per cluster. See also: The digital info package"]], "document": "Opdrachten overzicht + spiekbrief \n\n Vraag aan de VDAB consulent: Spiekbrief specifiek voor Servicelijn? \n Antwoord of Actie: In de 'spiekbrief specifiek voor de Servicelijn' vind je een overzicht van alle opdrachten. Sommige opdrachten hebben een andere titel gekregen of staan onder een ander domein. De opdrachten die je aan digibeten meegeeft, staan in het rood aangeduid. De opdrachten die de SL doorgaans niet geeft, staan in het grijs aangeduid. De 4 AO's staan tussen de andere opdrachten omdat je deze ook manueel mag aanmaken. Onderaan de spiekbrief staan de AO 6/7/8 gebundeld. De korte omschrijving die op het afsprakenblad komt, staat onder 'omschrijving ASB'. De digitale infopakketten (DIP's) vind je gebundeld onder 'Cluster' terug. Achtergrondinfo:  De omschrijving van de opdracht die in MLB burger komt te staan, staat niet langer op de spiekbrief. Je vindt ze bij de opdracht zelf als je ze aanmaakt in MLB bemiddelaar. \n\n Vraag aan de VDAB consulent: Waar staan alle opdrachten?? \n Antwoord of Actie: MLB bemiddelaar Je vindt de opdrachten in detail: in de spiekbrief voor de Servicelijn  en in tab Nieuwe dienstverlening > opdrachten MLB burger 'persoonlijke pagina' > luik 'opdrachten & tips' Op de afsprakenbundel \n\n Vraag aan de VDAB consulent: Welke opdrachten staan onder de domeinen en welke onder de clusters?? \n Antwoord of Actie: De opdrachten zijn ingedeeld in  5 domeinen en 6 clusters.  Domeinen : Bevatten de thema specifieke opdrachten Solliciteren en netwerken Orienteren Competentieversterking Werken aan randvoorwaarden Andere afspraken Deze domeinen vervangen de vroegere werkpunten en bundelen een groot deel van de opdrachten.  Voorbeeld: Solliciteren en netwerken: Stel een goede CV op.   Clusters : Bevatten de DIP's en cluster specifieke opdrachten Bouw en hout Business support, retail en ICT Diensten aan personen en bedrijven Industrie Transport en logistiek Zorg en onderwijs Voorbeeld: Hout en bouw: Neem info door over het beroep van wegenwerker via het digitaal infopakket   \n\n Vraag aan de VDAB consulent: Wat is het verschil tussen een manuele en automatische opdracht?? \n Antwoord of Actie: De manier waarop ze is aangemaakt. Een automatische opdracht komt automatisch in het dossier, met deadline. Een manuele opdracht is een opdracht die een bemiddelaar in het dossier noteert. Het is voor de bemiddelaar mogelijk om de 4 AO's (die niet open staan in het dossier), manueel toe te voegen. We spreken in dat geval over een manuele opdracht. Voorbeeld: 'Vervolledig je profiel' is een opdracht die klant die tot de contactstrategie behoort, automatisch krijgt. Dit is een automatische opdracht. Als een bemiddelaar diezelfde opdracht toevoegt aan het dossier, is het een manuele opdracht. \n\n Vraag aan de VDAB consulent: Hoe ziet de wz het verschil tussen een manuele en automatische opdracht?? \n Antwoord of Actie: Niet. Voor de wz is er geen verschil, een opdracht is een opdracht. Achtergrondinfo:  De opsplitsing in automatische en manuele opdrachten is enkel interessant voor VDAB (achter de schermen).   \n\n Vraag aan de VDAB consulent: Je merkt een fout op in de opdracht?? \n Antwoord of Actie: Voorbeeld 1 : klant heeft een opdracht gekregen met een niet werkende link. Voorbeeld 2 : Er staat een typfout in de omschrijving van de opdracht. Wijzigingen aan bestaande opdrachten kan je doorgeven via  dit formulier. Wanneer mag je antwoord verwachten op je aanvraag? Aanpassingen aan opdrachten worden telkens de eerste maandag van de maand doorgegeven aan IT. Als er geen vragen zijn over je aanvraag zal je de eerste maandag van de volgende maand antwoord krijgen dat je aanvraag verwerkt is en doorgegeven om te laten toevoegen. De expert contacteert jou als er iets onduidelijk is of als er nog vragen zijn over jouw aanvraag. Een tweede aanvraag indienen of een extra e-mail sturen heeft geen zin, hier zal niet op geantwoord worden. \n\n Vraag aan de VDAB consulent: Technische problemen: Opdrachten zijn niet beschikbaar? \n Antwoord of Actie: Situatie: Je krijgt foutmeldingen bij het toevoegen, heropenen, afsluiten of wijzigen van de opdracht. Het opdrachtenoverzicht in MLB opent niet. Procedure Servicelijn: Maak een HD melding aan. Vraag aan de klant welke opdrachten uitgevoerd zijn en vul dit aan in toelichting/verslag. Geef aan de klant mee om de uitgevoerde opdrachten 'af te werken' in zijn dossier. Zo krijgt hij geen herinneringssms meer. Noteer in toelichting/verslag dat je wegens technische problemen geen opdrachten hebt afgesloten of nieuwe hebt meegegeven. \n\n Vraag aan de VDAB consulent: Welke opdrachten geven?? \n Antwoord of Actie: Werk altijd op maat van je klant. Hieronder enkele suggesties: Alle opdrachten onder 'solliciteren en netwerken': Maak een goed cv. Bereid je voor op het sollicitatiegesprek Zoek passende vacatures Solliciteer op passende vacatures Vul de sollicitatiefeedback aan Laat je competenties scoren  Maak een goede sollicitatiebrief  Solliciteer via interimkantoren  enz. \n\n Vraag aan de VDAB consulent: Opdrachten voor zelfredzame? \n Antwoord of Actie: Passende werkpunten en opdrachten meegeven aan 60plussers / SWT-er is niet altijd evident. Werk altijd op maat van je klant - hieronder enkele suggesties: 'Solliciteren en netwerken': Bekijk of de job bij je past Gebruik je persoonlijk netwerk Krijg extra vacatures via mail 'Orienteren' : Zoek uit welke job je wilt doen Voeg een digitaal infopakket toe (naargelang de gewenste job van de klant). 'Competentieversterking' Aan de slag met de computers van VDAB Volg de workshop 'aan de slag met VDAB' 'Randvoorwaarden' 'Andere afspraken'  Lees je rechten en plichten. \n\n Vraag aan de VDAB consulent: Opdrachten voor 60plussers/SWT'ers? \n Antwoord of Actie: Werk altijd op maat van je klant. Procedure Servicelijn: Is de klant in staat de 4 AO's uit te voeren? Nee? Sluit de 4 AO's af. Heropen geen afgewerkte opdrachten (ook niet als je merkt dat de klant deze afwerkte zonder er mee aan de slag te gaan). Vermeld in het veld toelichting: \" Klant is niet-digitaal vaardig  en kan niet aan de slag met de opdrachten\". Ja?  Laat de 4 AO's staan en pas deadline aan.  Vul dit aan met alle relevante informatie die je uit het gesprek kon halen. Voeg een nieuw(e) manuele opdracht(en) toe: De opdrachten met 'rode bullet' op 'de spiekbrief specifiek voor Servicelijn' zijn geschikt voor niet-digitaal vaardige klanten (= digibeten). Hou er rekening mee dat soms een online uit te voeren opdracht (met 'zwarte bullet') best geschikt is voor de niet-digitaal vaardige klant (al dan niet met externe hulp). \n\n Vraag aan de VDAB consulent: Opdrachten voor digibeten? \n Antwoord of Actie: Procedure Servicelijn:  Kan je de opdrachten bespreken met de klant in het Nederlands, Engels of Frans?  En je schat in dat de klant met de opdrachten in het Nederlands aan de slag kan gaan? Ja: Voeg nieuwe manuele opdrachten in het Nederlands toe aan het dossier. Overloop de AO's indien deze in het dossier staan. Zie  Mogelijke services en opdrachten op een afsprakenblad (Franse versie) Mogelijke services en opdrachten op een afsprakenblad (Engelse versie) Nee: Voeg geen nieuwe manuele opdrachten toe aan het dossier AO's: Sluit de 4 AO's af. Heropen geen afgewerkte opdrachten (ook niet als je merkt dat de klant deze afwerkte zonder er mee aan de slag te gaan). Vermeld in het veld toelichting: \" Klant kan door gebrek kennis Nederlands niet aan de slag met de opdrachten\". Vul dit aan met alle relevante informatie die je uit het gesprek kon halen. Opgelet:   De vertaling van opdrachten zijn bedoeld om te gebruiken in je gesprek. Ze zijn niet bedoeld om de afsprakenbundel te zetten. Enkel een inwoner uit de faciliteitengemeenten mag vragen om de afsprakenbundel in het Frans af te leveren. \n\n Vraag aan de VDAB consulent: Opdrachten voor anderstaligen? \n Antwoord of Actie: Werk altijd op maat van je klant. Hieronder enkele suggesties: Domein 'solliciteren en netwerken' > 'Vervolledig je profiel' Domein 'orienteren' > 'zoek uit welke job je wilt doen' De wz kan deze als een tip beschouwen en ermee aan de slag gaan.    \n\n Vraag aan de VDAB consulent: Opdrachten voor wz met status 'KNVW'? \n Antwoord of Actie: Zie alinea: Wat meegeven in elk inschattings -en opvolggesprek? \n\n Vraag aan de VDAB consulent: Opdrachten voor jongeren? \n Antwoord of Actie: Werk op maat van de klant.   Geef een DIP (digitaal infopakket) aan de klant. Per cluster zijn er DIP's beschikbaar. Zie ook: Het digitaal infopakket \n\n Categorie: Servicelijn \n\n Domein: opdrachten \n\n Tags: digibeet, opdrachten, spiekbrief \n\n Url: https://intranet-rel1ldv.ops.vdab.be/faq/servicelijn/opdrachten-overzicht-spiekbrief-1 \n\n Volgende paginas:  Het digitaal infopakket, via https://intranet-rel1ldv.ops.vdab.be/faq/servicelijn/het-digitaal-infopakket-dip - De digitale infopakketten (DIP's) , via https://intranet-rel1ldv.ops.vdab.be/faq/servicelijn/het-digitaal-infopakket-dip - Wat meegeven in elk inschattings -en opvolggesprek?, via https://intranet-rel1ldv.ops.vdab.be/faq/servicelijn/inschatten-en-opvolgen-van-jongeren \n\n Type: intranet", "document_translation": "Assignments overview + cheat sheet \n\n Question for the VDAB counselor: Cheat sheet specific to Service line In the '? \n Answer or Action: cheat sheet specific to the Service line' you will find an overview of all assignments. Some assignments have a different title or are under a different domain. The assignments you give to digibites are indicated in red. The commands that the SL usually does not give are indicated in gray. The 4 AOs are among the other commands because you can also create them manually. At the bottom of the cheat sheet are the AO 6/7/8 bundled. The short description that appears on the appointment sheet can be found under 'description ASB'. The digital information packages (DIPs) can be found bundled under 'Cluster'. Background info: The description of the assignment that will be in MLB burger is no longer on the cheat sheet. You will find them with the assignment itself if you create them in MLB mediator. \n\n Question for the VDAB counselor: Where are all the assignments?? \n Answer or Action: MLB mediator You will find the assignments in detail: in the cheat sheet for the Service Line and in tab New services > assignments MLB citizen 'personal page' > section 'assignments & tips' On the appointment bundle \n\n Question for the VDAB counselor: Which commands are under the domains and which are under the clusters?? \n Answer or Action: The commands are divided into 5 domains and 6 clusters.  Domains : Contain the theme specific assignments Applying and networking Orienting Competence strengthening Working on preconditions Other agreements These domains replace the previous work points and bundle a large part of the assignments.  Example: Applying and networking: Create a good CV.   Clusters : Contain the DIPs and cluster specific assignments Construction and wood Business support, retail and ICT Services to individuals and companies Industry Transport and logistics Care and education Example: Wood and construction: Read information about the profession of road worker via the digital info package \n\n Question for the VDAB counselor: What is the difference between a manual and automatic command?? \n Answer or Action: The way it was created. An automatic assignment is automatically placed in the file, with a deadline. A manual assignment is an assignment that a mediator writes down in the file. It is possible for the mediator to manually add the 4 AOs (which are not open in the file). In that case, we are talking about a manual assignment. Example: 'Complete your profile' is an assignment that the customer who belongs to the contact strategy automatically receives. This is an automatic command. If a mediator adds the same assignment to the file, it is a manual assignment. \n\n Question for the VDAB counselor: How does the wz see the difference between a manual and automatic command?? \n Answer or Action: Not. For the wz there is no difference, an assignment is an assignment. Background information: The division into automatic and manual assignments is only interesting for VDAB (behind the scenes). \n\n Question for the VDAB counselor: You notice an error in the assignment?? \n Answer or Action: Example 1 : customer has received an assignment with a broken link. Example 2 : There is a typo in the description of the command. You can report changes to existing assignments via this form. When can you expect an answer to your request? Adjustments to assignments are always communicated to IT on the first Monday of the month. If there are no questions about your application, you will receive an answer on the first Monday of the following month that your request has been processed and passed on for addition. The expert will contact you if something is unclear or if there are any questions about your application. Submitting a second request or sending an extra e-mail makes no sense, this will not be answered. \n\n Question for the VDAB counselor: Technical issues: Commands are unavailable? \n Answer or Action: Situation: You get error messages when adding, reopening, closing, or changing the assignment. The command summary in MLB does not open. Service Line Procedure: Create an HD alert. Ask the customer which assignments have been carried out and supplement this in the explanation/report. Indicate to the customer to 'finish' the executed assignments in his file. That way he won't get a reminder sms anymore. Note in the explanation/report that you have not closed any assignments or have given new ones due to technical problems. \n\n Question for the VDAB counselor: What assignments to give?? \n Answer or Action: Always work tailored to your customer. Here are some suggestions: All assignments under 'applying and networking': Create a good resume. Prepare for the interview Find suitable vacancies Apply for suitable vacancies Complete the application feedback Let your competencies score Make a good cover letter Apply through interim agencies etc. \n\n Question for the VDAB counselor: Assignments for self-reliant? \n Answer or Action: Appropriate work points and assignments to people over 60 / SWT-er is not always easy. Always work tailored to your customer - below some suggestions: 'Apply and network': See if the job suits you Use your personal network Get extra vacancies by mail 'Orientate' : Find out which job you want to do Add a digital info package (depending on the desired job of the customer). 'Competence reinforcement' Getting started with VDAB's computers Follow the workshop 'getting started with VDAB' 'Preconditions' 'Other agreements' Read your rights and obligations. \n\n Question for the VDAB counselor: Assignments for over-60s/SWT'ers? \n Answer or Action: Always work tailored to your customer. Procedure Service line: Is the customer able to perform the 4 AOs? No? Exit the 4 AOs. Do not reopen finished jobs (even if you notice that the customer finished them without getting started). State in the explanation field: \"Customer is non-digitally skilled and cannot get started with the assignments\". Yes?  Leave the 4 AOs and adjust deadline.  Supplement this with all the relevant information you could get from the conversation. Add a new manual assignment(s): The assignments with 'red bullet' on 'the cheat sheet specifically for Service line' are suitable for non-digitally skilled customers (= digibites). Keep in mind that sometimes an online assignment (with 'black bullet') is best suited for the non-digitally skilled customer (with or without external help). \n\n Question for the VDAB counselor: Assignments for digibites? \n Answer or Action: Procedure Service line: Can you discuss the assignments with the customer in Dutch, English or French?  And you estimate that the customer can get started with the assignments in Dutch? Yes: Add new manual assignments in Dutch to the file. Go over the AOs if they are in the file. See Possible services and assignments on an appointment sheet (French version) Possible services and assignments on an appointment sheet No: Do not add new manual commands to the file AOs: Close the 4 AOs. Do not reopen finished jobs (even if you notice that the customer finished them without getting started). State in the explanation field: \"Customer cannot get started with the assignments due to lack of knowledge of Dutch\". Supplement this with all the relevant information you could get from the conversation. Note: The translation of assignments are intended to be used in your conversation. They are not intended to set the appointment bundle. Only a resident from the municipalities with facilities may ask to deliver the appointment bundle in French. \n\n Question for the VDAB counselor: Assignments for non-native speakers? \n Answer or Action: Always work tailored to your customer. Here are some suggestions: Domain 'apply and network' > 'Complete your profile' Domain 'orientate' > 'find out which job you want to do' The wz can consider this as a tip and get started with it. \n\n Question for the VDAB counselor: Assignments for wz with status 'KNVW'? \n Answer or Action: See paragraph: What to give in each assessment and follow-up interview? \n\n Question for the VDAB counselor: Assignments for young people? \n Answer or Action: Work tailored to the customer.   Give a DIP (digital info package) to the customer. DIPs are available per cluster. See also: The digital info package \n\n Category: Service line \n\n Domain: commands \n\n Tags: cheat sheet, digibeet, commands \n\n Url: https://intranet-rel1ldv.ops.vdab.be/faq/servicelijn/opdrachten-overzicht-spiekbrief-1 \n\n Next pages:  Het digitaal infopakket, via https://intranet-rel1ldv.ops.vdab.be/faq/servicelijn/het-digitaal-infopakket-dip - De digitale infopakketten (DIP's) , via https://intranet-rel1ldv.ops.vdab.be/faq/servicelijn/het-digitaal-infopakket-dip - Wat meegeven in elk inschattings -en opvolggesprek?, via https://intranet-rel1ldv.ops.vdab.be/faq/servicelijn/inschatten-en-opvolgen-van-jongeren \n\n Type: intranet"}