{"title": "Mijn VDAB voor Belgische ondernemingen", "type": "intranet", "field_trefwoorden_name": ["samenwerkingsovereenkomsten", "kiss", "mijn vdab", "aanvragen", "samenwerkingsakkoorden"], "domain_name": ["welk kiezen"], "category_name": "Servicelijn", "field_faq_summary": "Informatie specifiek voor de Servicelijn over de aanvraag van een Mijn VDAB-Samenwerkingsakkoord voor werkgevers.", "url": "https://intranet-rel1ldv.ops.vdab.be/faq/servicelijn/mijn-vdab-samenwerkingsakkoord-wg-aanvraag", "content": [["Hoe een Mijn VDAB-aanvraag voor Belgische ondernemingen verwerken?", "Procedure Servicelijn Volg het stappenplan ."], ["Hoe een Mijn VDAB-contract aanvragen als Belgisch bedrijf (bedrijven/intermediairen)?", "Zie gerelateerd document ' Mijn VDAB-contract aanvragen voor werkgevers '. Er is een standaardmail die je kan sturen naar de werkgever, met meer info over Mijn VDAB en hoe hij een Mijn VDAB-account kan aanvragen:  Standaardmail 'Info - Hoe aanvragen?' Tip: Deze mail bestaat ook in het Frans  en Engels ."]], "link_ankers": [["https://intranet-rel1ldv.ops.vdab.be/faq/servicelijn/mijn-vdab-samenwerkingsakkoord-wg-aanvraag-speciale-gevallen-0", "Mijn VDAB-Samenwerkingsakkoord WG: Aanvraag - Speciale gevallen"]], "title_translation": "My VDAB for Belgian companies", "field_trefwoorden_name_translation": ["request", "my vdab", "kiss", "cooperation agreements"], "domain_name_translation": ["which to choose"], "category_name_translation": "Service line", "field_faq_summary_translation": "Information specific to the Service Line about the application for a My VDAB Cooperation Agreement for employers.", "document": "Mijn VDAB voor Belgische ondernemingen \n\n Informatie specifiek voor de Servicelijn over de aanvraag van een Mijn VDAB-Samenwerkingsakkoord voor werkgevers. \n\n Vraag aan de VDAB consulent: Hoe een Mijn VDAB-aanvraag voor Belgische ondernemingen verwerken?? \n Antwoord of Actie: Procedure Servicelijn Volg het stappenplan . \n\n Vraag aan de VDAB consulent: Hoe een Mijn VDAB-contract aanvragen als Belgisch bedrijf (bedrijven/intermediairen)?? \n Antwoord of Actie: Zie gerelateerd document ' Mijn VDAB-contract aanvragen voor werkgevers '. Er is een standaardmail die je kan sturen naar de werkgever, met meer info over Mijn VDAB en hoe hij een Mijn VDAB-account kan aanvragen:  Standaardmail 'Info - Hoe aanvragen?' Tip: Deze mail bestaat ook in het Frans  en Engels . \n\n Categorie: Servicelijn \n\n Domein: welk kiezen \n\n Tags: samenwerkingsovereenkomsten, kiss, mijn vdab, aanvragen, samenwerkingsakkoorden \n\n Url: https://intranet-rel1ldv.ops.vdab.be/faq/servicelijn/mijn-vdab-samenwerkingsakkoord-wg-aanvraag \n\n Volgende paginas: Mijn VDAB-Samenwerkingsakkoord WG: Aanvraag - Speciale gevallen, via https://intranet-rel1ldv.ops.vdab.be/faq/servicelijn/mijn-vdab-samenwerkingsakkoord-wg-aanvraag-speciale-gevallen-0 \n\n Type: intranet", "document_translation": "My VDAB for Belgian companies \n\n Information specific to the Service Line about the application for a My VDAB Cooperation Agreement for employers. \n\n Category: Service line \n\n Domain: which to choose \n\n Tags: request, my vdab, kiss, cooperation agreements \n\n Url: https://intranet-rel1ldv.ops.vdab.be/faq/servicelijn/mijn-vdab-samenwerkingsakkoord-wg-aanvraag \n\n Next pages: Mijn VDAB-Samenwerkingsakkoord WG: Aanvraag - Speciale gevallen, via https://intranet-rel1ldv.ops.vdab.be/faq/servicelijn/mijn-vdab-samenwerkingsakkoord-wg-aanvraag-speciale-gevallen-0 \n\n Type: intranet"}