{"title": "Mijn loopbaan voor partners (MLP): partner kan niet inloggen", "type": "intranet", "field_trefwoorden_name": ["paswoord", "foutmelding", "helpdesk"], "domain_name": ["mijn loopbaan voor partners"], "category_name": "Servicelijn", "field_faq_summary": "Overzicht van mogelijke oorzaken voor het inlogprobleem van een partner in MLP.", "url": "https://intranet-rel1ldv.ops.vdab.be/faq/servicelijn/mijn-loopbaan-voor-partners-mlp-partner-kan-niet-inloggen", "content": [["Foutmelding: Je hebt een foutief e-mailadres, rijksregisternummer of wachtwoord ingegeven.", "> Oorzaak De partner probeert in te loggen in de burgerversie van Mijn loopbaan. Procedure Servicelijn Verwijs naar extranet.vdab.be."], ["Wat checken voor doorschakeling naar helpdesk?", "> Klant is geen gebruiker in IAM / Toegangsbeheer  Procedure Servicelijn:   Kijk na in IAM of je klant geregistreerd is als gebruiker voor zijn organisatie. Nee? - Verwijs naar zijn administrator om hem toe te voegen als gebruiker en om voor hem 'Mijn Loopbaan voor Partners (MLP)' aan te vinken. Daarnaast moet hij ook de cursus volgen, als hij dat nog niet deed. Zie ook Opleidings- en begeleidingspartners ,  Gecertificeerde partner: OCMW's . > Partnerorganisatie heeft geen toegang tot MLP Procedure Servicelijn: Kijk na in de IKP-fiche - tab Sam. akk. of er een actief SA CVS staat. Er staat een afgesloten SA CVS - Verwijs de partner naar zijn contactpersoon of stuur de vraag door naar de provinciale dienst regie . Er is geen SA CVS, maar de partner doorliep de toegangsprocedure? - Stuur de vraag door naar gebruikersbeheer@vdab.be. Er is geen SA CVS en de partner ondernam nog geen actie - Leg uit hoe de partner toegang kan krijgen of verwijs naar de toegangsprocedure op vdab.be .  >  Wel al gebruiker en de partnerorganisatie heeft toegang tot MLP Procedure Servicelijn: Vraag om te mailen naar gebruikersbeheer@vdab.be.  Team gebruikersbeheer zorgt voor een oplossing. Buitenlandse partners zonder rijksregisternummer kunnen bijvoorbeeld niet inloggen met Itsme of eID.  >  Itsme of eID is volledig onbeschikbaar Procedure Servicelijn: Verwijs door naar Itsme of naar eID . Achtergrondinfo: Itsme en eId zijn geen toepassingen van VDAB. VDAB kan bij problemen met die toepassingen niet verder helpen."], ["Mijn Loopbaan voor partners staat niet in het overzicht in Mijn VDAB?", "De partner kan inloggen in Mijn VDAB, maar 'Mijn loopbaan voor partners' staat niet in het overzicht.  > Oorzaak: Mijn loopbaan voor partners (MLP) staat niet aangevinkt in IAM / toegangsbeheer Procedure Servicelijn: Verwijs hem naar zijn administrator om het recht aan te vinken. Hij zal ook een opleiding volgen, als hij dat nog niet deed. Zie  Opleidings- en begeleidingspartners ,  Gecertificeerde partner: OCMW's . > Oorzaak: Partnerorganisatie heeft geen toegang tot MLP Procedure Servicelijn: Kijk na in de IKP-fiche - tab Sam. akk. of er een actief SA CVS staat. Er staat een afgesloten SA CVS? - Verwijs de partner naar zijn contactpersoon of stuur de vraag door naar de provinciale dienst regie . Er is geen SA CVS, maar de partner doorliep de toegangsprocedure? - Stuur de vraag door naar gebruikersbeheer@vdab.be. Er is geen SA CVS en de partner ondernam nog geen actie? - Leg uit hoe de partner toegang kan krijgen of verwijs naar de toegangsprocedure op vdab.be . "], ["Wanneer een partner doorschakelen naar de helpdesk?", "Partner komt terecht bij wz/wns Procedure Servicelijn Schakel door naar wgs Schakel niet door naar helpdesk Achtergrondinfo Partners komen soms terecht bij wz/wns omdat ze hun vraag niet juist formuleren tegen Telecats. Partner komt terecht bij wgs Je vindt geen oplossing voor het inlogprobleem van de partner. OF De partner krijgt een foutmelding die een technisch probleem doet vermoeden. Procedure Servicelijn: Telefonisch: Volg de flow ' Technisch probleem via telefoon ' Per mail: Volg de flow ' Technisch probleem via mail '. Opgelet Heeft de partner meerdere vragen? Beantwoord de andere vragen, stuur de originele mail door naar de helpdesk en vermeld dat je de andere vragen beantwoordde.  "]], "link_ankers": [["https://intranet-rel1ldv.ops.vdab.be/faq/servicelijn/gecertificeerde-partner-ocmws", "Gecertificeerde partner: OCMW&#039;s"], ["https://intranet-rel1ldv.ops.vdab.be/faq/servicelijn/opleidings-en-begeleidingspartners", "Opleidings- en begeleidingspartners"], ["https://intranet-rel1ldv.ops.vdab.be/faq/servicelijn/gecertificeerde-partner-ocmws", "Gecertificeerde partner: OCMW's"]], "title_translation": "My Partner Career (MLP): Partner can't log in", "field_trefwoorden_name_translation": ["error message", "help desk", "password"], "domain_name_translation": ["my partner career"], "category_name_translation": "Service line", "field_faq_summary_translation": "Overview of possible causes for a partner's sign-in problem in MLP.", "content_translation": [["Error message: You have entered an incorrect e-mail address, national register number or password.", "> Cause The partner is trying to log in to the civilian version of My Career. Procedure Service line Refer to extranet.vdab.be."], ["What to check before forwarding to helpdesk?", "> Customer is not a user in IAM / Access Control Procedure Service line: Check in IAM whether your customer is registered as a user for his organization. No? - Refer to his administrator to add him as a user and to check 'My Career for Partners (MLP)' for him. In addition, he must also take the course, if he did not already do so. See also Training and guidance partners, Certified partner: OCMW's. > Partner organization does not have access to MLP Procedure Service line: Check the IKP sheet - tab Sam. akk. whether there is an active SA CVS. There is a closed SA CVS - Refer the partner to his contact person or forward the question to the provincial service director. There is no SA CVS, but the partner went through the access procedure? - Forward the question to gebruikersbeheer@vdab.be. There is no SA CVS and the partner has not yet taken any action - Explain how the partner can gain access or refer to the access procedure on vdab.be.  > Already a user and the partner organization has access to MLP Procedure Service line: Ask to email gebruikersbeheer@vdab.be.  Team user management provides a solution. For example, foreign partners without a national register number cannot log in with Itsme or eID.  > Itsme or eID is completely unavailable Procedure Service line: Redirect to Itsme or to eID . Background info: Itsme and eId are not applications of VDAB. VDAB cannot help with problems with these applications."], ["My Career for partners is not listed in my VDAB?", "The partner can log in to My VDAB, but 'My career for partners' is not in the overview.  > Cause: My partner career (MLP) is unchecked in IAM / Access Control Service Line Procedure: Refer him to his administrator to check the permission. He will also get an education, if he hasn't already. See Training and guidance partners, Certified partner: OCMW's. > Cause: Partner organization does not have access to MLP Procedure Service line: Check the IKP sheet - tab Sam. akk. whether there is an active SA CVS. There is a closed SA CVS? - Refer the partner to his contact person or forward the question to the provincial director. There is no SA CVS, but the partner went through the access procedure? - Forward the question to gebruikersbeheer@vdab.be. There is no SA CVS and the partner has not yet taken any action? - Explain how the partner can access or refer to the access procedure on vdab.be ."], ["When to transfer a partner to the helpdesk?", "Partner ends up at wz/wns Procedure Service line Switch to wgs Do not switch to helpdesk Background info Partners sometimes end up at wz/wns because they do not formulate their question correctly against Telecats. Partner ends up at wgs You will not find a solution to the partner's login problem. OR The partner receives an error message that suggests a technical problem. Procedure Service line: Telephone: Follow the flow ' Technical problem by phone ' By mail: Follow the flow ' Technical problem by mail '. Attention Does the partner have multiple questions? Answer the other questions, forward the original email to the helpdesk and mention that you answered the other questions."]], "document": "Mijn loopbaan voor partners (MLP): partner kan niet inloggen \n\n Overzicht van mogelijke oorzaken voor het inlogprobleem van een partner in MLP. \n\n Vraag aan de VDAB consulent: Foutmelding: Je hebt een foutief e-mailadres, rijksregisternummer of wachtwoord ingegeven.? \n Antwoord of Actie: > Oorzaak De partner probeert in te loggen in de burgerversie van Mijn loopbaan. Procedure Servicelijn Verwijs naar extranet.vdab.be. \n\n Vraag aan de VDAB consulent: Wat checken voor doorschakeling naar helpdesk?? \n Antwoord of Actie: > Klant is geen gebruiker in IAM / Toegangsbeheer  Procedure Servicelijn:   Kijk na in IAM of je klant geregistreerd is als gebruiker voor zijn organisatie. Nee? - Verwijs naar zijn administrator om hem toe te voegen als gebruiker en om voor hem 'Mijn Loopbaan voor Partners (MLP)' aan te vinken. Daarnaast moet hij ook de cursus volgen, als hij dat nog niet deed. Zie ook Opleidings- en begeleidingspartners ,  Gecertificeerde partner: OCMW's . > Partnerorganisatie heeft geen toegang tot MLP Procedure Servicelijn: Kijk na in de IKP-fiche - tab Sam. akk. of er een actief SA CVS staat. Er staat een afgesloten SA CVS - Verwijs de partner naar zijn contactpersoon of stuur de vraag door naar de provinciale dienst regie . Er is geen SA CVS, maar de partner doorliep de toegangsprocedure? - Stuur de vraag door naar gebruikersbeheer@vdab.be. Er is geen SA CVS en de partner ondernam nog geen actie - Leg uit hoe de partner toegang kan krijgen of verwijs naar de toegangsprocedure op vdab.be .  >  Wel al gebruiker en de partnerorganisatie heeft toegang tot MLP Procedure Servicelijn: Vraag om te mailen naar gebruikersbeheer@vdab.be.  Team gebruikersbeheer zorgt voor een oplossing. Buitenlandse partners zonder rijksregisternummer kunnen bijvoorbeeld niet inloggen met Itsme of eID.  >  Itsme of eID is volledig onbeschikbaar Procedure Servicelijn: Verwijs door naar Itsme of naar eID . Achtergrondinfo: Itsme en eId zijn geen toepassingen van VDAB. VDAB kan bij problemen met die toepassingen niet verder helpen. \n\n Vraag aan de VDAB consulent: Mijn Loopbaan voor partners staat niet in het overzicht in Mijn VDAB?? \n Antwoord of Actie: De partner kan inloggen in Mijn VDAB, maar 'Mijn loopbaan voor partners' staat niet in het overzicht.  > Oorzaak: Mijn loopbaan voor partners (MLP) staat niet aangevinkt in IAM / toegangsbeheer Procedure Servicelijn: Verwijs hem naar zijn administrator om het recht aan te vinken. Hij zal ook een opleiding volgen, als hij dat nog niet deed. Zie  Opleidings- en begeleidingspartners ,  Gecertificeerde partner: OCMW's . > Oorzaak: Partnerorganisatie heeft geen toegang tot MLP Procedure Servicelijn: Kijk na in de IKP-fiche - tab Sam. akk. of er een actief SA CVS staat. Er staat een afgesloten SA CVS? - Verwijs de partner naar zijn contactpersoon of stuur de vraag door naar de provinciale dienst regie . Er is geen SA CVS, maar de partner doorliep de toegangsprocedure? - Stuur de vraag door naar gebruikersbeheer@vdab.be. Er is geen SA CVS en de partner ondernam nog geen actie? - Leg uit hoe de partner toegang kan krijgen of verwijs naar de toegangsprocedure op vdab.be .  \n\n Vraag aan de VDAB consulent: Wanneer een partner doorschakelen naar de helpdesk?? \n Antwoord of Actie: Partner komt terecht bij wz/wns Procedure Servicelijn Schakel door naar wgs Schakel niet door naar helpdesk Achtergrondinfo Partners komen soms terecht bij wz/wns omdat ze hun vraag niet juist formuleren tegen Telecats. Partner komt terecht bij wgs Je vindt geen oplossing voor het inlogprobleem van de partner. OF De partner krijgt een foutmelding die een technisch probleem doet vermoeden. Procedure Servicelijn: Telefonisch: Volg de flow ' Technisch probleem via telefoon ' Per mail: Volg de flow ' Technisch probleem via mail '. Opgelet Heeft de partner meerdere vragen? Beantwoord de andere vragen, stuur de originele mail door naar de helpdesk en vermeld dat je de andere vragen beantwoordde. \n\n Categorie: Servicelijn \n\n Domein: mijn loopbaan voor partners \n\n Tags: paswoord, foutmelding, helpdesk \n\n Url: https://intranet-rel1ldv.ops.vdab.be/faq/servicelijn/mijn-loopbaan-voor-partners-mlp-partner-kan-niet-inloggen \n\n Volgende paginas: Gecertificeerde partner: OCMW&#039;s, via https://intranet-rel1ldv.ops.vdab.be/faq/servicelijn/gecertificeerde-partner-ocmws - Opleidings- en begeleidingspartners, via https://intranet-rel1ldv.ops.vdab.be/faq/servicelijn/opleidings-en-begeleidingspartners - Gecertificeerde partner: OCMW's, via https://intranet-rel1ldv.ops.vdab.be/faq/servicelijn/gecertificeerde-partner-ocmws \n\n Type: intranet", "document_translation": "My Partner Career (MLP): Partner can't log in \n\n Overview of possible causes for a partner's sign-in problem in MLP. \n\n Question for the VDAB counselor: Error message: You have entered an incorrect e-mail address, national register number or password.? \n Answer or Action: > Cause The partner is trying to log in to the civilian version of My Career. Procedure Service line Refer to extranet.vdab.be. \n\n Question for the VDAB counselor: What to check before forwarding to helpdesk?? \n Answer or Action: > Customer is not a user in IAM / Access Control Procedure Service line: Check in IAM whether your customer is registered as a user for his organization. No? - Refer to his administrator to add him as a user and to check 'My Career for Partners (MLP)' for him. In addition, he must also take the course, if he did not already do so. See also Training and guidance partners, Certified partner: OCMW's. > Partner organization does not have access to MLP Procedure Service line: Check the IKP sheet - tab Sam. akk. whether there is an active SA CVS. There is a closed SA CVS - Refer the partner to his contact person or forward the question to the provincial service director. There is no SA CVS, but the partner went through the access procedure? - Forward the question to gebruikersbeheer@vdab.be. There is no SA CVS and the partner has not yet taken any action - Explain how the partner can gain access or refer to the access procedure on vdab.be.  > Already a user and the partner organization has access to MLP Procedure Service line: Ask to email gebruikersbeheer@vdab.be.  Team user management provides a solution. For example, foreign partners without a national register number cannot log in with Itsme or eID.  > Itsme or eID is completely unavailable Procedure Service line: Redirect to Itsme or to eID . Background info: Itsme and eId are not applications of VDAB. VDAB cannot help with problems with these applications. \n\n Question for the VDAB counselor: My Career for partners is not listed in my VDAB?? \n Answer or Action: The partner can log in to My VDAB, but 'My career for partners' is not in the overview.  > Cause: My partner career (MLP) is unchecked in IAM / Access Control Service Line Procedure: Refer him to his administrator to check the permission. He will also get an education, if he hasn't already. See Training and guidance partners, Certified partner: OCMW's. > Cause: Partner organization does not have access to MLP Procedure Service line: Check the IKP sheet - tab Sam. akk. whether there is an active SA CVS. There is a closed SA CVS? - Refer the partner to his contact person or forward the question to the provincial director. There is no SA CVS, but the partner went through the access procedure? - Forward the question to gebruikersbeheer@vdab.be. There is no SA CVS and the partner has not yet taken any action? - Explain how the partner can access or refer to the access procedure on vdab.be . \n\n Question for the VDAB counselor: When to transfer a partner to the helpdesk?? \n Answer or Action: Partner ends up at wz/wns Procedure Service line Switch to wgs Do not switch to helpdesk Background info Partners sometimes end up at wz/wns because they do not formulate their question correctly against Telecats. Partner ends up at wgs You will not find a solution to the partner's login problem. OR The partner receives an error message that suggests a technical problem. Procedure Service line: Telephone: Follow the flow ' Technical problem by phone ' By mail: Follow the flow ' Technical problem by mail '. Attention Does the partner have multiple questions? Answer the other questions, forward the original email to the helpdesk and mention that you answered the other questions. \n\n Category: Service line \n\n Domain: my partner career \n\n Tags: error message, help desk, password \n\n Url: https://intranet-rel1ldv.ops.vdab.be/faq/servicelijn/mijn-loopbaan-voor-partners-mlp-partner-kan-niet-inloggen \n\n Next pages: Gecertificeerde partner: OCMW&#039;s, via https://intranet-rel1ldv.ops.vdab.be/faq/servicelijn/gecertificeerde-partner-ocmws - Opleidings- en begeleidingspartners, via https://intranet-rel1ldv.ops.vdab.be/faq/servicelijn/opleidings-en-begeleidingspartners - Gecertificeerde partner: OCMW's, via https://intranet-rel1ldv.ops.vdab.be/faq/servicelijn/gecertificeerde-partner-ocmws \n\n Type: intranet"}