{"title": "Tewerkstellingsmaatregelen: algemene informatie voor wz/wn", "type": "intranet", "domain_name": ["tewerkstellingsmaatregelen"], "category_name": "Servicelijn", "field_faq_summary": "In dit document staat de eerstelijnsinformatie over TWM voor de wz/wn-bemiddelaar van SL. De info voor wg is terug te vinden onder het hoofddomein wg.", "url": "https://intranet-rel1ldv.ops.vdab.be/faq/tewerkstellingsmaatregelen-algemene-informatie-voor-wzwn", "content": [["Tewerkstellingsmaatregelen", "Dit zijn financiele voordelen die de loonkost verlagen voor de wg of  voor de wz. Doel = de tewerkstelling te bevorderen of te behouden."], ["Wat zijn tewerkstellingsmaatregelen (TWM)", "Zie: ' Overzicht Tewerkstellingsmaatregelen '."], ["Overzicht bestaande TWM", "< 21 jaar: startersloon of starterjobs (wz) < 25 jaar: doelgroepvermindering voor laaggeschoolde jongeren (wz)   >= 25 jaar en < 56 jaar: aanwervingsincentive voor langdurige werkzoekenden (wz)   >= 58 jaar: doelgroepvermindering voor oudere niet werkende werkzoekenden (wz) >= 58 jaar: doelgroepvermindering voor oudere werkende werknemers (wn)   Opgelet Naast de leeftijdsvoorwaarden zijn er per TWM nog andere bijkomende voorwaarden voor de wz en/of de wg."], ["TWM voor wz of wn op basis van leeftijd", "Procedure Servicelijn Verwijs voor de basisinfo naar de VDAB-website: www.vdab.be/tewerkstelling de klant moet kiezen voor de situatie die voor hem van toepassing is meer informatie naar de website van de bevoegde instantie Zie  Vragen over TWM - verwijzen afhankelijk van de TWM waarover de klant vragen heeft"], ["Info voor wz/wn", "BO TW geeft advies over en doet de eerste triage voor de Vlaamse TWM: Doelgroepvermindering laaggeschoolde jongeren Aanwervingsincentive voor langdurig werkzoekenden Doelgroepvermindering voor oudere wz/wn Daarnaast mogen vragen over enkele andere maatregelen ook aan BO TW gesteld worden: zie:  doorverwijzen naar BO TW . Voor alle overige maatregelen geef je de contactgegevens van de bevoegde instantie mee."], ["Voor welke TWM mag je BO TW inschakelen?", "als wz of wn De wz/wn mag BO TW zelf contacteren via mail. Procedure Servicelijn Geef het e-mailadres tewerkstelling@vdab.be mee aan de klant. Geef zeker mee dat de klant zijn vraag duidelijk moet omschrijven en de nodige contactgegevens moet toevoegen. Opgelet Enkel de kandidaat zelf mag contact opnemen met BO TW. BO TW mag omwille van de privacy niet antwoorden op de vraag van een wg over een mogelijke kandidaat.  als SL Procedure Servicelijn Stuur de vraag van de klant zo gedetailleerd mogelijk door naar BO TW: tewerkstelling@vdab.be .  Geef volgende informatie zeker mee:  Datum dat de wz/wn contact opnam. IKL als er een VDAB-dossier is. Welke stappen heb je al ondernomen? Over welke TWM heeft de wz/wn een vraag? Welke informatie gaf je al mee aan de wz/wn? ( gebruik hiervoor KS, Intranet, websites,...)? Contactgegevens van de wz/wn: mail, telefoonnummer Er is een VDAB-dossier:  Noteer in een Notitie dat je de vraag van de klant doorgaf aan BO TW. Achtergrondinfo Contacteer zelf BO TW als je merkt dat de wz niet zelfredzaam is."], ["Backoffice tewerkstelling (BO TW) contacteren", "Vermelden op zijn persoonlijk cv aanduiden op zijn VDAB - cv: mogelijk voor doelgroepvermindering voor laaggeschoolde jongeren aanwervingsincentive langdurig werkzoekenden doelgroepvermindering oudere niet werkende werkzoekenden Zie Vermelding TWM op VDAB-cv (batch Aanwervingspremie)"], ["Hoe kan een wz kenbaar maken dat hij in aanmerking komt voor een TWM", "Opgelet Als de klant vragen heeft over een bepaald voordeel (dus GEEN TWM), bekijk dan de gerelateerde documenten om de klant juist door te verwijzen. BO TW kan op deze vragen niet antwoorden. Tijdens hun zoektocht naar werk Verplaatsingsvergoedingen bij bemiddeling Ondersteunende maatregelen voor personen met een arbeidshandicap Gedeelde info > PmAB Springplank naar zelfstandigheid Sollicitatieverlof Om hun kansen te vergroten Gratis  of kosteloze VDAB-opleiding IBO Traject naar ondernemerschap Eens werk gevonden  Start- en stagebonus Jeugdvakantie Seniorvakantie Startlening Ondersteunende maatregelen voor personen met een arbeidshandicap Gedeelde info > PmAB"]], "link_ankers": [["https://intranet-rel1ldv.ops.vdab.be/faq/servicelijn/sollicitatieverlof", "Sollicitatieverlof"], ["https://intranet-rel1ldv.ops.vdab.be/faq/verplaatsingsvergoedingen-bij-bemiddeling", "Verplaatsingsvergoedingen bij bemiddeling"], ["https://intranet-rel1ldv.ops.vdab.be/faq/servicelijn/startlening", "Startlening"], ["https://intranet-rel1ldv.ops.vdab.be/faq/servicelijn/springplank-naar-zelfstandige", "Springplank naar zelfstandigheid"], ["https://intranet-rel1ldv.ops.vdab.be/faq/servicelijn/jeugdvakantie-0", "Jeugdvakantie"], ["https://intranet-rel1ldv.ops.vdab.be/faq/servicelijn/traject-naar-ondernemerschap", "Traject naar ondernemerschap"], ["https://intranet-rel1ldv.ops.vdab.be/faq/servicelijn/vragen-over-twm-verwijzen", "doorverwijzen naar BO TW"], ["https://intranet-rel1ldv.ops.vdab.be/faq/servicelijn/seniorvakantie", "Seniorvakantie"], ["https://intranet-rel1ldv.ops.vdab.be/faq/servicelijn/jongere-volgt-deeltijds-onderwijs", "Start- en stagebonus"], ["https://intranet-rel1ldv.ops.vdab.be/faq/servicelijn/vragen-over-twm-verwijzen", "Vragen over TWM - verwijzen"], ["https://intranet-rel1ldv.ops.vdab.be/faq/servicelijn/wie-kan-kosteloos-opleidingen-volgen", "kosteloze"], ["https://intranet-rel1ldv.ops.vdab.be/faq/servicelijn/vermelding-twm-op-vdab-cv-batch-aanwervingspremie", "Vermelding TWM op VDAB-cv (batch Aanwervingspremie)"], ["https://intranet-rel1ldv.ops.vdab.be/faq/servicelijn/vragen-over-twm-verwijzen", "alle overige maatregelen"], ["https://intranet-rel1ldv.ops.vdab.be/faq/servicelijn/wie-kan-gratis-opleidingen-volgen", "Gratis"]], "title_translation": "Employment measures: general information for wz/wn", "domain_name_translation": ["employment measures"], "category_name_translation": "Service line", "field_faq_summary_translation": "This document contains the first-line information about TWM for SL's wz/wn mediator. The info for wg can be found under the main domain wg.", "content_translation": [["Employment measures", "These are financial benefits that reduce the wage costs for the wg or for the wz. Purpose = to promote or maintain employment."], ["What are employment measures (TWM)", "See: 'Overview employment measures'."], ["Overview existing TWM", "< 21 years: starter salary or starter jobs (wz) < 25 years: target group reduction for low-skilled young people (wz) >= 25 years and < 56 years: recruitment incentive for long-term job seekers (wz) >= 58 years: target group reduction for older non-working jobseekers (wz) >= 58 years: target group reduction for older working employees (wn) Attention In addition to the age conditions, there are other additional conditions for the wz and/or the wg per TWM."], ["TWM for wz or wn based on age", "Procedure Service Line For the basic information, refer to the VDAB website: www.vdab.be/tewerkstelling the customer must choose the situation that applies to him more information to the website of the competent authority See Questions about TWM - referencing depending on the TWM that the customer has questions about"], ["Info for wz/wn", "BO TW gives advice on and does the first triage for the Flemish TWM: Target group reduction for low-skilled young people Recruitment incentive for long-term job seekers Target group reduction for older wz/wn In addition, questions about some other measures may also be asked to BO TW: see: redirect to BO TW . For all other measures, please provide the contact details of the competent authority."], ["For which TWM can you use BO TW?", "as wz or wn The wz/wn may contact BO TW itself by e-mail. Procedure Service line Give the e-mail address tewerkstelling@vdab.be to the customer. Be sure to indicate that the customer must clearly describe his question and add the necessary contact details. Attention: Only the candidate himself may contact BO TW. BO TW may not answer the question of a wg about a possible candidate for privacy reasons.  as SL Procedure Service Line Send the customer's question as detailed as possible to BO TW: tewerkstelling@vdab.be .  Be sure to provide the following information: Date the wz/wn contacted you. IKL if there is a VDAB file. What steps have you already taken? Which TWM does the wz/wn have a question about? What information did you already give to the wz/wn? ( use KS, Intranet, websites,...)? Contact details of the wz/wn: mail, telephone number There is a VDAB file: Note in a Note that you passed on the customer's question to BO TW. Background info Contact BO TW yourself if you notice that the wz is not self-reliant."], ["Contact back office employment (BO TW)", "Mention on his personal CV indicate on his VDAB - CV: possible for target group reduction for low-skilled young people recruitment incentive long-term job seekers target group reduction older non-working job seekers See Mention TWM on VDAB CV (batch Recruitment premium)"], ["How can a WZ announce that he is eligible for a TWM", "Attention If the customer has questions about a certain benefit (i.e. NOT TWM), please review the related documents to refer the customer correctly. BO TW cannot answer these questions. During their search for work Travel allowances in mediation Support measures for people with a work disability Shared info > PmAB Springboard to independence Application leave To increase their chances Free or free VDAB training IBO Pathway to entrepreneurship Once found a job Start and internship bonus Youth holiday Senior holiday Start loan Support measures for people with a work disability Shared information > PmAB"]], "document": "Tewerkstellingsmaatregelen: algemene informatie voor wz/wn \n\n In dit document staat de eerstelijnsinformatie over TWM voor de wz/wn-bemiddelaar van SL. De info voor wg is terug te vinden onder het hoofddomein wg. \n\n Vraag aan de VDAB consulent: Tewerkstellingsmaatregelen? \n Antwoord of Actie: Dit zijn financiele voordelen die de loonkost verlagen voor de wg of  voor de wz. Doel = de tewerkstelling te bevorderen of te behouden. \n\n Vraag aan de VDAB consulent: Wat zijn tewerkstellingsmaatregelen (TWM)? \n Antwoord of Actie: Zie: ' Overzicht Tewerkstellingsmaatregelen '. \n\n Vraag aan de VDAB consulent: Overzicht bestaande TWM? \n Antwoord of Actie: < 21 jaar: startersloon of starterjobs (wz) < 25 jaar: doelgroepvermindering voor laaggeschoolde jongeren (wz)   >= 25 jaar en < 56 jaar: aanwervingsincentive voor langdurige werkzoekenden (wz)   >= 58 jaar: doelgroepvermindering voor oudere niet werkende werkzoekenden (wz) >= 58 jaar: doelgroepvermindering voor oudere werkende werknemers (wn)   Opgelet Naast de leeftijdsvoorwaarden zijn er per TWM nog andere bijkomende voorwaarden voor de wz en/of de wg. \n\n Vraag aan de VDAB consulent: TWM voor wz of wn op basis van leeftijd? \n Antwoord of Actie: Procedure Servicelijn Verwijs voor de basisinfo naar de VDAB-website: www.vdab.be/tewerkstelling de klant moet kiezen voor de situatie die voor hem van toepassing is meer informatie naar de website van de bevoegde instantie Zie  Vragen over TWM - verwijzen afhankelijk van de TWM waarover de klant vragen heeft \n\n Vraag aan de VDAB consulent: Info voor wz/wn? \n Antwoord of Actie: BO TW geeft advies over en doet de eerste triage voor de Vlaamse TWM: Doelgroepvermindering laaggeschoolde jongeren Aanwervingsincentive voor langdurig werkzoekenden Doelgroepvermindering voor oudere wz/wn Daarnaast mogen vragen over enkele andere maatregelen ook aan BO TW gesteld worden: zie:  doorverwijzen naar BO TW . Voor alle overige maatregelen geef je de contactgegevens van de bevoegde instantie mee. \n\n Vraag aan de VDAB consulent: Voor welke TWM mag je BO TW inschakelen?? \n Antwoord of Actie: als wz of wn De wz/wn mag BO TW zelf contacteren via mail. Procedure Servicelijn Geef het e-mailadres tewerkstelling@vdab.be mee aan de klant. Geef zeker mee dat de klant zijn vraag duidelijk moet omschrijven en de nodige contactgegevens moet toevoegen. Opgelet Enkel de kandidaat zelf mag contact opnemen met BO TW. BO TW mag omwille van de privacy niet antwoorden op de vraag van een wg over een mogelijke kandidaat.  als SL Procedure Servicelijn Stuur de vraag van de klant zo gedetailleerd mogelijk door naar BO TW: tewerkstelling@vdab.be .  Geef volgende informatie zeker mee:  Datum dat de wz/wn contact opnam. IKL als er een VDAB-dossier is. Welke stappen heb je al ondernomen? Over welke TWM heeft de wz/wn een vraag? Welke informatie gaf je al mee aan de wz/wn? ( gebruik hiervoor KS, Intranet, websites,...)? Contactgegevens van de wz/wn: mail, telefoonnummer Er is een VDAB-dossier:  Noteer in een Notitie dat je de vraag van de klant doorgaf aan BO TW. Achtergrondinfo Contacteer zelf BO TW als je merkt dat de wz niet zelfredzaam is. \n\n Vraag aan de VDAB consulent: Backoffice tewerkstelling (BO TW) contacteren? \n Antwoord of Actie: Vermelden op zijn persoonlijk cv aanduiden op zijn VDAB - cv: mogelijk voor doelgroepvermindering voor laaggeschoolde jongeren aanwervingsincentive langdurig werkzoekenden doelgroepvermindering oudere niet werkende werkzoekenden Zie Vermelding TWM op VDAB-cv (batch Aanwervingspremie) \n\n Vraag aan de VDAB consulent: Hoe kan een wz kenbaar maken dat hij in aanmerking komt voor een TWM? \n Antwoord of Actie: Opgelet Als de klant vragen heeft over een bepaald voordeel (dus GEEN TWM), bekijk dan de gerelateerde documenten om de klant juist door te verwijzen. BO TW kan op deze vragen niet antwoorden. Tijdens hun zoektocht naar werk Verplaatsingsvergoedingen bij bemiddeling Ondersteunende maatregelen voor personen met een arbeidshandicap Gedeelde info > PmAB Springplank naar zelfstandigheid Sollicitatieverlof Om hun kansen te vergroten Gratis  of kosteloze VDAB-opleiding IBO Traject naar ondernemerschap Eens werk gevonden  Start- en stagebonus Jeugdvakantie Seniorvakantie Startlening Ondersteunende maatregelen voor personen met een arbeidshandicap Gedeelde info > PmAB \n\n Categorie: Servicelijn \n\n Domein: tewerkstellingsmaatregelen \n\n Url: https://intranet-rel1ldv.ops.vdab.be/faq/tewerkstellingsmaatregelen-algemene-informatie-voor-wzwn \n\n Volgende paginas: Sollicitatieverlof, via https://intranet-rel1ldv.ops.vdab.be/faq/servicelijn/sollicitatieverlof - Verplaatsingsvergoedingen bij bemiddeling, via https://intranet-rel1ldv.ops.vdab.be/faq/verplaatsingsvergoedingen-bij-bemiddeling - Startlening, via https://intranet-rel1ldv.ops.vdab.be/faq/servicelijn/startlening - Springplank naar zelfstandigheid, via https://intranet-rel1ldv.ops.vdab.be/faq/servicelijn/springplank-naar-zelfstandige - Jeugdvakantie, via https://intranet-rel1ldv.ops.vdab.be/faq/servicelijn/jeugdvakantie-0 - Traject naar ondernemerschap, via https://intranet-rel1ldv.ops.vdab.be/faq/servicelijn/traject-naar-ondernemerschap - doorverwijzen naar BO TW, via https://intranet-rel1ldv.ops.vdab.be/faq/servicelijn/vragen-over-twm-verwijzen - Seniorvakantie, via https://intranet-rel1ldv.ops.vdab.be/faq/servicelijn/seniorvakantie - Start- en stagebonus, via https://intranet-rel1ldv.ops.vdab.be/faq/servicelijn/jongere-volgt-deeltijds-onderwijs - Vragen over TWM - verwijzen, via https://intranet-rel1ldv.ops.vdab.be/faq/servicelijn/vragen-over-twm-verwijzen - kosteloze, via https://intranet-rel1ldv.ops.vdab.be/faq/servicelijn/wie-kan-kosteloos-opleidingen-volgen - Vermelding TWM op VDAB-cv (batch Aanwervingspremie), via https://intranet-rel1ldv.ops.vdab.be/faq/servicelijn/vermelding-twm-op-vdab-cv-batch-aanwervingspremie - alle overige maatregelen, via https://intranet-rel1ldv.ops.vdab.be/faq/servicelijn/vragen-over-twm-verwijzen - Gratis, via https://intranet-rel1ldv.ops.vdab.be/faq/servicelijn/wie-kan-gratis-opleidingen-volgen \n\n Type: intranet", "document_translation": "Employment measures: general information for wz/wn \n\n This document contains the first-line information about TWM for SL's wz/wn mediator. The info for wg can be found under the main domain wg. \n\n Question for the VDAB counselor: Employment measures? \n Answer or Action: These are financial benefits that reduce the wage costs for the wg or for the wz. Purpose = to promote or maintain employment. \n\n Question for the VDAB counselor: What are employment measures (TWM)? \n Answer or Action: See: 'Overview employment measures'. \n\n Question for the VDAB counselor: Overview existing TWM? \n Answer or Action: < 21 years: starter salary or starter jobs (wz) < 25 years: target group reduction for low-skilled young people (wz) >= 25 years and < 56 years: recruitment incentive for long-term job seekers (wz) >= 58 years: target group reduction for older non-working jobseekers (wz) >= 58 years: target group reduction for older working employees (wn) Attention In addition to the age conditions, there are other additional conditions for the wz and/or the wg per TWM. \n\n Question for the VDAB counselor: TWM for wz or wn based on age? \n Answer or Action: Procedure Service Line For the basic information, refer to the VDAB website: www.vdab.be/tewerkstelling the customer must choose the situation that applies to him more information to the website of the competent authority See Questions about TWM - referencing depending on the TWM that the customer has questions about \n\n Question for the VDAB counselor: Info for wz/wn? \n Answer or Action: BO TW gives advice on and does the first triage for the Flemish TWM: Target group reduction for low-skilled young people Recruitment incentive for long-term job seekers Target group reduction for older wz/wn In addition, questions about some other measures may also be asked to BO TW: see: redirect to BO TW . For all other measures, please provide the contact details of the competent authority. \n\n Question for the VDAB counselor: For which TWM can you use BO TW?? \n Answer or Action: as wz or wn The wz/wn may contact BO TW itself by e-mail. Procedure Service line Give the e-mail address tewerkstelling@vdab.be to the customer. Be sure to indicate that the customer must clearly describe his question and add the necessary contact details. Attention: Only the candidate himself may contact BO TW. BO TW may not answer the question of a wg about a possible candidate for privacy reasons.  as SL Procedure Service Line Send the customer's question as detailed as possible to BO TW: tewerkstelling@vdab.be .  Be sure to provide the following information: Date the wz/wn contacted you. IKL if there is a VDAB file. What steps have you already taken? Which TWM does the wz/wn have a question about? What information did you already give to the wz/wn? ( use KS, Intranet, websites,...)? Contact details of the wz/wn: mail, telephone number There is a VDAB file: Note in a Note that you passed on the customer's question to BO TW. Background info Contact BO TW yourself if you notice that the wz is not self-reliant. \n\n Question for the VDAB counselor: Contact back office employment (BO TW)? \n Answer or Action: Mention on his personal CV indicate on his VDAB - CV: possible for target group reduction for low-skilled young people recruitment incentive long-term job seekers target group reduction older non-working job seekers See Mention TWM on VDAB CV (batch Recruitment premium) \n\n Question for the VDAB counselor: How can a WZ announce that he is eligible for a TWM? \n Answer or Action: Attention If the customer has questions about a certain benefit (i.e. NOT TWM), please review the related documents to refer the customer correctly. BO TW cannot answer these questions. During their search for work Travel allowances in mediation Support measures for people with a work disability Shared info > PmAB Springboard to independence Application leave To increase their chances Free or free VDAB training IBO Pathway to entrepreneurship Once found a job Start and internship bonus Youth holiday Senior holiday Start loan Support measures for people with a work disability Shared information > PmAB \n\n Category: Service line \n\n Domain: employment measures \n\n Url: https://intranet-rel1ldv.ops.vdab.be/faq/tewerkstellingsmaatregelen-algemene-informatie-voor-wzwn \n\n Next pages: Sollicitatieverlof, via https://intranet-rel1ldv.ops.vdab.be/faq/servicelijn/sollicitatieverlof - Verplaatsingsvergoedingen bij bemiddeling, via https://intranet-rel1ldv.ops.vdab.be/faq/verplaatsingsvergoedingen-bij-bemiddeling - Startlening, via https://intranet-rel1ldv.ops.vdab.be/faq/servicelijn/startlening - Springplank naar zelfstandigheid, via https://intranet-rel1ldv.ops.vdab.be/faq/servicelijn/springplank-naar-zelfstandige - Jeugdvakantie, via https://intranet-rel1ldv.ops.vdab.be/faq/servicelijn/jeugdvakantie-0 - Traject naar ondernemerschap, via https://intranet-rel1ldv.ops.vdab.be/faq/servicelijn/traject-naar-ondernemerschap - doorverwijzen naar BO TW, via https://intranet-rel1ldv.ops.vdab.be/faq/servicelijn/vragen-over-twm-verwijzen - Seniorvakantie, via https://intranet-rel1ldv.ops.vdab.be/faq/servicelijn/seniorvakantie - Start- en stagebonus, via https://intranet-rel1ldv.ops.vdab.be/faq/servicelijn/jongere-volgt-deeltijds-onderwijs - Vragen over TWM - verwijzen, via https://intranet-rel1ldv.ops.vdab.be/faq/servicelijn/vragen-over-twm-verwijzen - kosteloze, via https://intranet-rel1ldv.ops.vdab.be/faq/servicelijn/wie-kan-kosteloos-opleidingen-volgen - Vermelding TWM op VDAB-cv (batch Aanwervingspremie), via https://intranet-rel1ldv.ops.vdab.be/faq/servicelijn/vermelding-twm-op-vdab-cv-batch-aanwervingspremie - alle overige maatregelen, via https://intranet-rel1ldv.ops.vdab.be/faq/servicelijn/vragen-over-twm-verwijzen - Gratis, via https://intranet-rel1ldv.ops.vdab.be/faq/servicelijn/wie-kan-gratis-opleidingen-volgen \n\n Type: intranet"}