{"title": "Hoe vacatures zoeken op vdab.be (Zoek een job)", "type": "intranet", "field_trefwoorden_name": ["zoek een job", "vind een job", "vacatures"], "domain_name": ["vacatures en sollicitaties", "solliciteren"], "category_name": "Servicelijn", "field_faq_summary": "Informatie voor de Servicelijn over Zoek een job", "url": "https://intranet-rel1ldv.ops.vdab.be/faq/servicelijn/hoe-vacatures-zoeken-op-vdabbe-zoek-een-job", "content": [["Hoe vacatures zoeken op vdab.be", "Met de toepassing 'Zoek een job', op de startpagina van vdab.be. De zoekopdracht start altijd leeg.  Vul de velden in en klik op 'Zoek'. Verfijn de zoekopdracht door filters te selecteren"], ["Meekijken met de klant", "Open het dossier van de klant in MLB-bemiddelaar. Klik in de banner op 'Vacatures en sollicitaties'. Het account van de klant opent op de pagina met bewaarde zoekopdrachten. Klik bovenaan de pagina op 'Zoek een job'. Je ziet nu hetzelfde als de klant ziet op zijn ingelogde pagina 'zoek een job'. Geef dezelfde criteria in bij trefwoord en filters. Sorteer de gevonden jobs op dezelfde manier als bij de klant. Standaard, op datum of op relevantie Je kan nu: meekijken met de klant en vacatures bespreken. vacatures bewaren, zodat de klant deze later terugvindt. bewaarde zoekopdrachten instellen voor de klant, zodat deze een e-mail krijgt telkens er nieuwe jobs zijn die voldoen aan de ingestelde criteria."], ["Klant en bemiddelaar zien andere vacatures", "Dat kan bij: gebruik van andere trefwoorden. of bij een andere instelling van de filters. of bij een andere sortering van de gevonden jobs. Zie ook Meekijken met de klant"], ["Hoe de gevonden vacatures sorteren", "Sorteer op Standaard: standaard sortering bij niet ingelogde klanten Datum: sortering op publicatiedatum van de vacature Relevantie: standaard sortering bij ingelogde klanten"], ["Hoe vacatures bewaren voor later", "Door op het sterretje te klikken achter de vacature. De vacature komt dan in het mapje 'Bewaarde vacatures en sollicitaties'."], ["De andere mapjes onder jobs op vdab.be", "Jobsuggesties Bewaarde zoekopdrachten Bewaarde vacatures en sollicitaties"]], "link_ankers": [["https://intranet-rel1ldv.ops.vdab.be/faq/servicelijn/bewaarde-zoekopdrachten", "Bewaarde zoekopdrachten"], ["https://intranet-rel1ldv.ops.vdab.be/faq/servicelijn/jobsuggesties", "Jobsuggesties"], ["https://intranet-rel1ldv.ops.vdab.be/faq/servicelijn/bewaarde-vacatures-en-sollicitaties", "Bewaarde vacatures en sollicitaties"]], "title_translation": "How to search for jobs on vdab.be (Find a job)", "field_trefwoorden_name_translation": ["find a job", "vacancies"], "domain_name_translation": ["vacancies and applications", "apply"], "category_name_translation": "Service line", "field_faq_summary_translation": "Information for the Find a Job Service Line", "content_translation": [["How to search for jobs on vdab.be", "With the \"Find a job\" application, on the home page of vdab.be. The search always starts empty.  Fill in the fields and click on 'Search'. Refine the search by selecting filters"], ["Watching with the customer", "Open the client's file in MLB mediator. Click on 'Vacancies and applications' in the banner. The customer's account opens on the saved searches page. At the top of the page, click on 'Find a job'. You now see the same as the customer sees on his logged-in page 'search for a job'. Enter the same criteria for keyword and filters. Sort the jobs found in the same way as with the customer. Standard, by date or by relevance You can now: watch the customer and discuss vacancies. Save vacancies so that the customer can find them later. set up saved searches for the customer, so that they receive an email every time there are new jobs that meet the set criteria."], ["Client and mediator see other vacancies", "This can be done with: use of other keywords. or with a different setting of the filters. or with a different sorting of the jobs found. See also Watching with the customer"], ["How to sort the jobs found Sort by Default: Default sorting for customers", "who are not logged in Date: sorting by publication date of the vacancy Relevance: default sorting for logged-in customers"], ["How to save jobs for later", "By clicking on the asterisk behind the vacancy. The vacancy will then appear in the folder 'Saved vacancies and applications'."], ["The other folders under jobs on vdab.be", "Job suggestions Saved searches Saved jobs and applications"]], "document": "Hoe vacatures zoeken op vdab.be (Zoek een job) \n\n Informatie voor de Servicelijn over Zoek een job \n\n Vraag aan de VDAB consulent: Hoe vacatures zoeken op vdab.be? \n Antwoord of Actie: Met de toepassing 'Zoek een job', op de startpagina van vdab.be. De zoekopdracht start altijd leeg.  Vul de velden in en klik op 'Zoek'. Verfijn de zoekopdracht door filters te selecteren \n\n Vraag aan de VDAB consulent: Meekijken met de klant? \n Antwoord of Actie: Open het dossier van de klant in MLB-bemiddelaar. Klik in de banner op 'Vacatures en sollicitaties'. Het account van de klant opent op de pagina met bewaarde zoekopdrachten. Klik bovenaan de pagina op 'Zoek een job'. Je ziet nu hetzelfde als de klant ziet op zijn ingelogde pagina 'zoek een job'. Geef dezelfde criteria in bij trefwoord en filters. Sorteer de gevonden jobs op dezelfde manier als bij de klant. Standaard, op datum of op relevantie Je kan nu: meekijken met de klant en vacatures bespreken. vacatures bewaren, zodat de klant deze later terugvindt. bewaarde zoekopdrachten instellen voor de klant, zodat deze een e-mail krijgt telkens er nieuwe jobs zijn die voldoen aan de ingestelde criteria. \n\n Vraag aan de VDAB consulent: Klant en bemiddelaar zien andere vacatures? \n Antwoord of Actie: Dat kan bij: gebruik van andere trefwoorden. of bij een andere instelling van de filters. of bij een andere sortering van de gevonden jobs. Zie ook Meekijken met de klant \n\n Vraag aan de VDAB consulent: Hoe de gevonden vacatures sorteren? \n Antwoord of Actie: Sorteer op Standaard: standaard sortering bij niet ingelogde klanten Datum: sortering op publicatiedatum van de vacature Relevantie: standaard sortering bij ingelogde klanten \n\n Vraag aan de VDAB consulent: Hoe vacatures bewaren voor later? \n Antwoord of Actie: Door op het sterretje te klikken achter de vacature. De vacature komt dan in het mapje 'Bewaarde vacatures en sollicitaties'. \n\n Vraag aan de VDAB consulent: De andere mapjes onder jobs op vdab.be? \n Antwoord of Actie: Jobsuggesties Bewaarde zoekopdrachten Bewaarde vacatures en sollicitaties \n\n Categorie: Servicelijn \n\n Domein: vacatures en sollicitaties - solliciteren \n\n Tags: zoek een job, vind een job, vacatures \n\n Url: https://intranet-rel1ldv.ops.vdab.be/faq/servicelijn/hoe-vacatures-zoeken-op-vdabbe-zoek-een-job \n\n Volgende paginas: Bewaarde zoekopdrachten, via https://intranet-rel1ldv.ops.vdab.be/faq/servicelijn/bewaarde-zoekopdrachten - Jobsuggesties, via https://intranet-rel1ldv.ops.vdab.be/faq/servicelijn/jobsuggesties - Bewaarde vacatures en sollicitaties, via https://intranet-rel1ldv.ops.vdab.be/faq/servicelijn/bewaarde-vacatures-en-sollicitaties \n\n Type: intranet", "document_translation": "How to search for jobs on vdab.be (Find a job) \n\n Information for the Find a Job Service Line \n\n Question for the VDAB counselor: How to search for jobs on vdab.be? \n Answer or Action: With the \"Find a job\" application, on the home page of vdab.be. The search always starts empty.  Fill in the fields and click on 'Search'. Refine the search by selecting filters \n\n Question for the VDAB counselor: Watching with the customer? \n Answer or Action: Open the client's file in MLB mediator. Click on 'Vacancies and applications' in the banner. The customer's account opens on the saved searches page. At the top of the page, click on 'Find a job'. You now see the same as the customer sees on his logged-in page 'search for a job'. Enter the same criteria for keyword and filters. Sort the jobs found in the same way as with the customer. Standard, by date or by relevance You can now: watch the customer and discuss vacancies. Save vacancies so that the customer can find them later. set up saved searches for the customer, so that they receive an email every time there are new jobs that meet the set criteria. \n\n Question for the VDAB counselor: Client and mediator see other vacancies? \n Answer or Action: This can be done with: use of other keywords. or with a different setting of the filters. or with a different sorting of the jobs found. See also Watching with the customer \n\n Question for the VDAB counselor: How to sort the jobs found Sort by Default: Default sorting for customers? \n Answer or Action: who are not logged in Date: sorting by publication date of the vacancy Relevance: default sorting for logged-in customers \n\n Question for the VDAB counselor: How to save jobs for later? \n Answer or Action: By clicking on the asterisk behind the vacancy. The vacancy will then appear in the folder 'Saved vacancies and applications'. \n\n Question for the VDAB counselor: The other folders under jobs on vdab.be? \n Answer or Action: Job suggestions Saved searches Saved jobs and applications \n\n Category: Service line \n\n Domain: vacancies and applications - apply \n\n Tags: find a job, vacancies \n\n Url: https://intranet-rel1ldv.ops.vdab.be/faq/servicelijn/hoe-vacatures-zoeken-op-vdabbe-zoek-een-job \n\n Next pages: Bewaarde zoekopdrachten, via https://intranet-rel1ldv.ops.vdab.be/faq/servicelijn/bewaarde-zoekopdrachten - Jobsuggesties, via https://intranet-rel1ldv.ops.vdab.be/faq/servicelijn/jobsuggesties - Bewaarde vacatures en sollicitaties, via https://intranet-rel1ldv.ops.vdab.be/faq/servicelijn/bewaarde-vacatures-en-sollicitaties \n\n Type: intranet"}