{"title": "Digitaal vaardige klanten: inschatten, opvolgen en aanbod", "type": "intranet", "field_trefwoorden_name": ["digitaal laaggeletterd", "digitaal basisvaardig", "digitaal vaardig", "digitale geletterdheid"], "domain_name": ["digitale geletterdheid"], "category_name": "Servicelijn", "field_faq_summary": "Document voor de Servicelijn over hoe omgaan met digitale geletterdheid.", "url": "https://intranet-rel1ldv.ops.vdab.be/faq/servicelijn/digitaal-vaardige-klanten-inschatten-opvolgen-en-aanbod", "content": [["Herkennen en dienstverlening", "Kunnen goed met een computer werken en zijn zelfredzaam op digitaal vlak. Kunnen online solliciteren. De communicatievoorkeur is aangeduid of de klant kan de communicatievoorkeur aanduiden. Vinden hun weg en maken gebruik van de VDAB-tools en andere online sollicitatietools. Kunnen met korte tips en advies van de bemiddelaar snel op weg gezet worden."], ["Herkennen", "Inschrijving Procedure Servicelijn Geef aan de klant mee om nog de communicatievoorkeur in het account aan te duiden. Inschattingsgesprek Procedure Servicelijn Klant duidde de communicatievoorkeur aan? Ja Schat ZR of PDV  rekening houdend met de mindset. Nee Geef de opdracht 'duid communicatievoorkeur aan'. Leg uit hoe dit te doen. Schat ZR of PDV  rekening houdend met de mindset. Eerste of laatste opvolggesprek Procedure Servicelijn Klant duidde de communicatievoorkeur aan? Ja Schat ZR of PDV  rekening houdend met de mindset. Nee Geef de opdracht 'Duid de communicatievoorkeur aan'. Duid PDV aan en dispatch. Hou rekening met contact met klant in de week na TOP waarbij niet alle klanten de tijd hebben gehad om dit aan te duiden.    Opgelet Hou ook rekening met andere punten voor inschatten zelfredzaam of PDV.  "], ["Dienstverlening", "Zie de opleidingengids  https://www.vdab.be/opleidingen"], ["Aanbod", "www.vdab.be/opleidingen/workshops www.vdabworkshops.be"], ["Webcursussen", "Interessante webinars  boordevol tips om te leren solliciteren. "], ["Workshops", "Hoe solliciteer ik:  www.vdab.be/solliciteren"], ["Webinars", "filmpjes over hoe Mijn Loopbaan werkt:  https://www.vdab.be/vdabtv/films/handleidingen.shtml filmpjes met tips voor het cv:  https://www.vdab.be/beeld/reportages/tips.shtml beroepenfilmpjes"], ["Website", "Heeft de klant toch nood aan meer informatie over de VDAB-tools, schrijf hem dan in voor een info-doesessies bij de vakbonden. Hoe? zie het document  Werken met VDAB-tools (info- en doe-sessies bij de vakbonden) ."]], "link_ankers": [["https://intranet-rel1ldv.ops.vdab.be/faq/servicelijn/werken-met-vdab-tools-info-en-doe-sessies-bij-de-vakbonden", "Werken met VDAB-tools (info- en doe-sessies bij de vakbonden)"]], "title_translation": "Digitally skilled customers: assessing, monitoring and offering", "field_trefwoorden_name_translation": ["digitally illiterate", "digitally basic skills", "digital literacy", "digitally proficient"], "domain_name_translation": ["digital literacy"], "category_name_translation": "Service line", "field_faq_summary_translation": "Document for the Service Line on how to deal with digital literacy.", "content_translation": [["Recognition and service", "Can work well with a computer and are self-reliant on a digital level. Can apply online. The communication preference is indicated or the customer can indicate the communication preference. Find their way and use the VDAB tools and other online application tools. Can be quickly set on the road with short tips and advice from the mediator."], ["Recognizing", "Registration Procedure Service Line Indicate to the customer the communication preference in the account. Assessment interview Procedure Service line Customer indicated the communication preference? Yes Estimate ZR or PDV taking into account the mindset. No Give the command 'indicate communication preference'. Explain how to do this. Estimate ZR or PDV taking into account the mindset. First or last follow-up interview Procedure Service line Customer indicated the communication preference? Yes Estimate ZR or PDV taking into account the mindset. No Specify the command \"Indicate communication preference.\" Designate PDV and dispatch. Take into account contact with customer in the week after TOP, where not all customers have had the time to indicate this.    Attention: Also take into account other points for estimating self-reliant or PDV."], ["Services", "See the training guide https://www.vdab.be/opleidingen"], ["Offer", "www.vdab.be/opleidingen/workshops www.vdabworkshops.be"], ["Web courses", "Interesting webinars full of tips to learn how to apply for a job."], ["Workshops", "How to apply: www.vdab.be/solliciteren"], ["Webinars", "videos about how My Career works: https://www.vdab.be/vdabtv/films/handleidingen.shtml videos with tips for the CV: https://www.vdab.be/beeld/reportages/tips.shtml professional videos"], ["Website", "If the customer still needs more information about the VDAB tools, register him for an info-do session with the trade unions. How? see the document Working with VDAB tools (info and activity sessions at the trade unions)."]], "document": "Digitaal vaardige klanten: inschatten, opvolgen en aanbod \n\n Document voor de Servicelijn over hoe omgaan met digitale geletterdheid. \n\n Vraag aan de VDAB consulent: Herkennen en dienstverlening? \n Antwoord of Actie: Kunnen goed met een computer werken en zijn zelfredzaam op digitaal vlak. Kunnen online solliciteren. De communicatievoorkeur is aangeduid of de klant kan de communicatievoorkeur aanduiden. Vinden hun weg en maken gebruik van de VDAB-tools en andere online sollicitatietools. Kunnen met korte tips en advies van de bemiddelaar snel op weg gezet worden. \n\n Vraag aan de VDAB consulent: Herkennen? \n Antwoord of Actie: Inschrijving Procedure Servicelijn Geef aan de klant mee om nog de communicatievoorkeur in het account aan te duiden. Inschattingsgesprek Procedure Servicelijn Klant duidde de communicatievoorkeur aan? Ja Schat ZR of PDV  rekening houdend met de mindset. Nee Geef de opdracht 'duid communicatievoorkeur aan'. Leg uit hoe dit te doen. Schat ZR of PDV  rekening houdend met de mindset. Eerste of laatste opvolggesprek Procedure Servicelijn Klant duidde de communicatievoorkeur aan? Ja Schat ZR of PDV  rekening houdend met de mindset. Nee Geef de opdracht 'Duid de communicatievoorkeur aan'. Duid PDV aan en dispatch. Hou rekening met contact met klant in de week na TOP waarbij niet alle klanten de tijd hebben gehad om dit aan te duiden.    Opgelet Hou ook rekening met andere punten voor inschatten zelfredzaam of PDV.   \n\n Vraag aan de VDAB consulent: Dienstverlening? \n Antwoord of Actie: Zie de opleidingengids  https://www.vdab.be/opleidingen \n\n Vraag aan de VDAB consulent: Aanbod? \n Antwoord of Actie: www.vdab.be/opleidingen/workshops www.vdabworkshops.be \n\n Vraag aan de VDAB consulent: Webcursussen? \n Antwoord of Actie: Interessante webinars  boordevol tips om te leren solliciteren.  \n\n Vraag aan de VDAB consulent: Workshops? \n Antwoord of Actie: Hoe solliciteer ik:  www.vdab.be/solliciteren \n\n Vraag aan de VDAB consulent: Webinars? \n Antwoord of Actie: filmpjes over hoe Mijn Loopbaan werkt:  https://www.vdab.be/vdabtv/films/handleidingen.shtml filmpjes met tips voor het cv:  https://www.vdab.be/beeld/reportages/tips.shtml beroepenfilmpjes \n\n Vraag aan de VDAB consulent: Website? \n Antwoord of Actie: Heeft de klant toch nood aan meer informatie over de VDAB-tools, schrijf hem dan in voor een info-doesessies bij de vakbonden. Hoe? zie het document  Werken met VDAB-tools (info- en doe-sessies bij de vakbonden) . \n\n Categorie: Servicelijn \n\n Domein: digitale geletterdheid \n\n Tags: digitaal laaggeletterd, digitaal basisvaardig, digitaal vaardig, digitale geletterdheid \n\n Url: https://intranet-rel1ldv.ops.vdab.be/faq/servicelijn/digitaal-vaardige-klanten-inschatten-opvolgen-en-aanbod \n\n Volgende paginas: Werken met VDAB-tools (info- en doe-sessies bij de vakbonden), via https://intranet-rel1ldv.ops.vdab.be/faq/servicelijn/werken-met-vdab-tools-info-en-doe-sessies-bij-de-vakbonden \n\n Type: intranet", "document_translation": "Digitally skilled customers: assessing, monitoring and offering \n\n Document for the Service Line on how to deal with digital literacy. \n\n Question for the VDAB counselor: Recognition and service? \n Answer or Action: Can work well with a computer and are self-reliant on a digital level. Can apply online. The communication preference is indicated or the customer can indicate the communication preference. Find their way and use the VDAB tools and other online application tools. Can be quickly set on the road with short tips and advice from the mediator. \n\n Question for the VDAB counselor: Recognizing? \n Answer or Action: Registration Procedure Service Line Indicate to the customer the communication preference in the account. Assessment interview Procedure Service line Customer indicated the communication preference? Yes Estimate ZR or PDV taking into account the mindset. No Give the command 'indicate communication preference'. Explain how to do this. Estimate ZR or PDV taking into account the mindset. First or last follow-up interview Procedure Service line Customer indicated the communication preference? Yes Estimate ZR or PDV taking into account the mindset. No Specify the command \"Indicate communication preference.\" Designate PDV and dispatch. Take into account contact with customer in the week after TOP, where not all customers have had the time to indicate this.    Attention: Also take into account other points for estimating self-reliant or PDV. \n\n Question for the VDAB counselor: Services? \n Answer or Action: See the training guide https://www.vdab.be/opleidingen \n\n Question for the VDAB counselor: Offer? \n Answer or Action: www.vdab.be/opleidingen/workshops www.vdabworkshops.be \n\n Question for the VDAB counselor: Web courses? \n Answer or Action: Interesting webinars full of tips to learn how to apply for a job. \n\n Question for the VDAB counselor: Workshops? \n Answer or Action: How to apply: www.vdab.be/solliciteren \n\n Question for the VDAB counselor: Webinars? \n Answer or Action: videos about how My Career works: https://www.vdab.be/vdabtv/films/handleidingen.shtml videos with tips for the CV: https://www.vdab.be/beeld/reportages/tips.shtml professional videos \n\n Question for the VDAB counselor: Website? \n Answer or Action: If the customer still needs more information about the VDAB tools, register him for an info-do session with the trade unions. How? see the document Working with VDAB tools (info and activity sessions at the trade unions). \n\n Category: Service line \n\n Domain: digital literacy \n\n Tags: digitally illiterate, digitally proficient, digital literacy, digitally basic skills \n\n Url: https://intranet-rel1ldv.ops.vdab.be/faq/servicelijn/digitaal-vaardige-klanten-inschatten-opvolgen-en-aanbod \n\n Next pages: Werken met VDAB-tools (info- en doe-sessies bij de vakbonden), via https://intranet-rel1ldv.ops.vdab.be/faq/servicelijn/werken-met-vdab-tools-info-en-doe-sessies-bij-de-vakbonden \n\n Type: intranet"}