{"title": "Jongere is niet beschikbaar wegens dagonderwijs", "type": "intranet", "domain_name": ["jongere is niet beschikbaar voor de arbeidsmarkt"], "category_name": "Servicelijn", "url": "https://intranet-rel1ldv.ops.vdab.be/faq/servicelijn/jongere-niet-beschikbaar-wegens-dagonderwijs", "content": [["In- en uitschrijven", "Inschrijven in cat. 02 indien: Jongere een beroepsopleiding volgt met een contract van de VDAB, Actiris, de Forem of de AGD. Jongere een korte of niet-intensieve opleiding* volgt.  Opgelet Inschrijven als werkzoekende betekent dat de jongere beschikbaar moet zijn voor de arbeidsmarkt. Hij moet actief blijven zoeken naar werk en ingaan op elk verzoek van VDAB. Uitschrijven in cat. 77 indien Jongere een langdurige opleiding** volgt die leidt tot rechtopenende studies.  de jongere volgt een studie hoger onderwijs (bachelor/ master) van minstens 27 studiepunten. Uitschrijven in cat.79 indien Jongere een langdurige opleiding** volgt en heeft rechtopenende studies.  Achtergrondinfo * Een korte of niet-intensieve opleiding  =  een opleiding waarvan de volledige cyclus minder dan 9 maanden bedraagt of gemiddeld minder dan 20u/week bedraagt of waarvan minder dan 10u/week zich situeren van maandag tot vrijdag tussen 8 en 18u. ** Een langdurige opleiding = een opleiding waarvan de volledige cyclus minstens 9 maanden duurt, met gemiddeld 20u/week (stages inbegrepen), en waarvan minstens 10u/week zich situeren van maandag tot vrijdag tussen 8 en 18u."], ["In welke categorie jongere in- of uitschrijven bij dagonderwijs?", "Merk je in het gesprek met de jongere (cat. 02, 82) dat hij een periode onbeschikbaar was wegens dagonderwijs, dan vraag je een rechtzetting in het verleden aan.  Procedure Servicelijn Vraag de rechtzetting aan bij Backoffice Bemiddeling . Bevraag begin- en einddatum. Indien dit niet geweten is, is het wel belangrijk het aantal dagen te weten.   Noteer in de aanvraag begin- en einddatum of het aantal dagen + de maand van onbeschikbaarheid.  Verwoord het niet als een straf, maar een algemene regel 'een periode van onbeschikbaarheid tijdens dagonderwijs verlengt de BIT'."], ["Wat doen met een jongere die een periode onbeschikbaar was wegens dagonderwijs?", "Dit is niet de bevoegdheid van VDAB. Meer info op www.rva.be of bij de uitbetalingsinstelling. Tellen mee voor de BIT: Dagen dat jongere een beroepsopleiding volgt met een contract van de VDAB, Actiris, de Forem of de AGD. Dagen dat jongere een korte of niet-intensieve opleiding volgt.   Tellen niet mee voor de BIT: Dagen dat jongere een langdurige opleiding volgt. De BIT loopt niet verder tijdens deze opleiding. De reeds doorlopen BIT blijft geldig (tenzij het een rechtopenende studies of een studie hoger onderwijs van minstens 27 studiepunten betreft)."], ["BIT", "Dit is niet de bevoegdheid van VDAB. Meer info op www.groeipakket.be . Ja, jongere behoudt recht op groeipakket tijdens dagonderwijs."]], "title_translation": "Young person is unavailable due to full-time education", "domain_name_translation": ["young people are not available for the labour market"], "category_name_translation": "Service line", "content_translation": [["Registering and unsubscribing", "Register in cat. 02 if: Young person undergoes vocational training with a contract from the VDAB, Actiris, the Forem or the AGD. Young people follow a short or non-intensive training*.  Attention: Registering as a jobseeker means that the young person must be available for the labour market. He must continue to actively look for work and respond to every request from VDAB. Unsubscribe in cat. 77 if the young person is undergoing long-term training** leading to entitlement studies.  The young person follows a higher education study (bachelor/ master) of at least 27 credits. Deregister in cat.79 if Young person is undergoing long-term training** and has straightforward studies.  Background information * A short or non-intensive training = a course of which the full cycle is less than 9 months or on average less than 20 hours / week or of which less than 10 hours / week is located from Monday to Friday between 8 am and 6 pm. ** A long-term training = a training of which the full cycle lasts at least 9 months, with an average of 20 hours / week (internships included),  and of which at least 10 hours/week are situated from Monday to Friday between 8 am and 6 pm."], ["In which category of young people enrolment or deregistration in full-time education?", "If you notice in the conversation with the young person (cat. 02, 82) that he was unavailable for a period due to full-time education, you request a correction in the past.  Procedure Service line Request the rectification at Backoffice Mediation. Question start and end dates. If this is not known, it is important to know the number of days.   In the request, note the start and end date or the number of days + the month of unavailability.  Don't phrase it as a punishment, but a general rule \"a period of unavailability during full-time education prolongs the BIT.\""], ["What to do with a young person who was unavailable for a period of time due to full-time education?", "This is not the competence of VDAB. More info on www.rva.be or at the payout institution. Count towards the BIT: Days when young people follow vocational training with a contract from the VDAB, Actiris, the Forem or the AGD. Days when young people follow a short or non-intensive training.   Do not count towards the BIT: Days when young people are undergoing long-term training. The BIT does not continue during this training. The BIT that has already been completed remains valid (unless it concerns a law opening study or a higher education study of at least 27 credits)."], ["BIT", "This is not the competence of VDAB. More info on www.groeipakket.be . Yes, young people retain the right to a growth package during full-time education."]], "document": "Jongere is niet beschikbaar wegens dagonderwijs \n\n Vraag aan de VDAB consulent: In- en uitschrijven? \n Antwoord of Actie: Inschrijven in cat. 02 indien: Jongere een beroepsopleiding volgt met een contract van de VDAB, Actiris, de Forem of de AGD. Jongere een korte of niet-intensieve opleiding* volgt.  Opgelet Inschrijven als werkzoekende betekent dat de jongere beschikbaar moet zijn voor de arbeidsmarkt. Hij moet actief blijven zoeken naar werk en ingaan op elk verzoek van VDAB. Uitschrijven in cat. 77 indien Jongere een langdurige opleiding** volgt die leidt tot rechtopenende studies.  de jongere volgt een studie hoger onderwijs (bachelor/ master) van minstens 27 studiepunten. Uitschrijven in cat.79 indien Jongere een langdurige opleiding** volgt en heeft rechtopenende studies.  Achtergrondinfo * Een korte of niet-intensieve opleiding  =  een opleiding waarvan de volledige cyclus minder dan 9 maanden bedraagt of gemiddeld minder dan 20u/week bedraagt of waarvan minder dan 10u/week zich situeren van maandag tot vrijdag tussen 8 en 18u. ** Een langdurige opleiding = een opleiding waarvan de volledige cyclus minstens 9 maanden duurt, met gemiddeld 20u/week (stages inbegrepen), en waarvan minstens 10u/week zich situeren van maandag tot vrijdag tussen 8 en 18u. \n\n Vraag aan de VDAB consulent: In welke categorie jongere in- of uitschrijven bij dagonderwijs?? \n Antwoord of Actie: Merk je in het gesprek met de jongere (cat. 02, 82) dat hij een periode onbeschikbaar was wegens dagonderwijs, dan vraag je een rechtzetting in het verleden aan.  Procedure Servicelijn Vraag de rechtzetting aan bij Backoffice Bemiddeling . Bevraag begin- en einddatum. Indien dit niet geweten is, is het wel belangrijk het aantal dagen te weten.   Noteer in de aanvraag begin- en einddatum of het aantal dagen + de maand van onbeschikbaarheid.  Verwoord het niet als een straf, maar een algemene regel 'een periode van onbeschikbaarheid tijdens dagonderwijs verlengt de BIT'. \n\n Vraag aan de VDAB consulent: Wat doen met een jongere die een periode onbeschikbaar was wegens dagonderwijs?? \n Antwoord of Actie: Dit is niet de bevoegdheid van VDAB. Meer info op www.rva.be of bij de uitbetalingsinstelling. Tellen mee voor de BIT: Dagen dat jongere een beroepsopleiding volgt met een contract van de VDAB, Actiris, de Forem of de AGD. Dagen dat jongere een korte of niet-intensieve opleiding volgt.   Tellen niet mee voor de BIT: Dagen dat jongere een langdurige opleiding volgt. De BIT loopt niet verder tijdens deze opleiding. De reeds doorlopen BIT blijft geldig (tenzij het een rechtopenende studies of een studie hoger onderwijs van minstens 27 studiepunten betreft). \n\n Vraag aan de VDAB consulent: BIT? \n Antwoord of Actie: Dit is niet de bevoegdheid van VDAB. Meer info op www.groeipakket.be . Ja, jongere behoudt recht op groeipakket tijdens dagonderwijs. \n\n Categorie: Servicelijn \n\n Domein: jongere is niet beschikbaar voor de arbeidsmarkt \n\n Url: https://intranet-rel1ldv.ops.vdab.be/faq/servicelijn/jongere-niet-beschikbaar-wegens-dagonderwijs \n\n Type: intranet", "document_translation": "Young person is unavailable due to full-time education \n\n Question for the VDAB counselor: Registering and unsubscribing? \n Answer or Action: Register in cat. 02 if: Young person undergoes vocational training with a contract from the VDAB, Actiris, the Forem or the AGD. Young people follow a short or non-intensive training*.  Attention: Registering as a jobseeker means that the young person must be available for the labour market. He must continue to actively look for work and respond to every request from VDAB. Unsubscribe in cat. 77 if the young person is undergoing long-term training** leading to entitlement studies.  The young person follows a higher education study (bachelor/ master) of at least 27 credits. Deregister in cat.79 if Young person is undergoing long-term training** and has straightforward studies.  Background information * A short or non-intensive training = a course of which the full cycle is less than 9 months or on average less than 20 hours / week or of which less than 10 hours / week is located from Monday to Friday between 8 am and 6 pm. ** A long-term training = a training of which the full cycle lasts at least 9 months, with an average of 20 hours / week (internships included),  and of which at least 10 hours/week are situated from Monday to Friday between 8 am and 6 pm. \n\n Question for the VDAB counselor: In which category of young people enrolment or deregistration in full-time education?? \n Answer or Action: If you notice in the conversation with the young person (cat. 02, 82) that he was unavailable for a period due to full-time education, you request a correction in the past.  Procedure Service line Request the rectification at Backoffice Mediation. Question start and end dates. If this is not known, it is important to know the number of days.   In the request, note the start and end date or the number of days + the month of unavailability.  Don't phrase it as a punishment, but a general rule \"a period of unavailability during full-time education prolongs the BIT.\" \n\n Question for the VDAB counselor: What to do with a young person who was unavailable for a period of time due to full-time education?? \n Answer or Action: This is not the competence of VDAB. More info on www.rva.be or at the payout institution. Count towards the BIT: Days when young people follow vocational training with a contract from the VDAB, Actiris, the Forem or the AGD. Days when young people follow a short or non-intensive training.   Do not count towards the BIT: Days when young people are undergoing long-term training. The BIT does not continue during this training. The BIT that has already been completed remains valid (unless it concerns a law opening study or a higher education study of at least 27 credits). \n\n Question for the VDAB counselor: BIT? \n Answer or Action: This is not the competence of VDAB. More info on www.groeipakket.be . Yes, young people retain the right to a growth package during full-time education. \n\n Category: Service line \n\n Domain: young people are not available for the labour market \n\n Url: https://intranet-rel1ldv.ops.vdab.be/faq/servicelijn/jongere-niet-beschikbaar-wegens-dagonderwijs \n\n Type: intranet"}