{"title": "Flexi-jobs", "type": "intranet", "field_trefwoorden_name": ["flexi-job"], "domain_name": ["specifieke jobs"], "category_name": "Servicelijn", "field_faq_summary": "Meer informatie over flexi-jobs.", "url": "https://intranet-rel1ldv.ops.vdab.be/faq/servicelijn/flexi-jobs", "content": [["Wat is een flexi-job?", "Ter informatie kunnen wij alvast het volgende meegeven. Toch raadpleegt u best de Rijksdienst voor Sociale Zekerheid die bevoegd is voor deze materie. Flexi-jobs zijn bedoeld voor gepensioneerden en voor mensen die al werk hebben en willen bijverdienen. Het is een tewerkstelling waarbij een werknemer, die voldoende prestaties verricht bij een of meerdere werkgevers, voordelig kan bijverdienen bij een andere werkgever.  Sinds 01-01-2023 is de lijst van sectoren uitgebreid (sport, exploitatie van bioscoopzalen, podiumkunsten en muziek (geen artistieke functies) en de zorgsector).  Voor meer info over Flexi-jobs kunnen klanten terecht bij de Rijksdienst voor Sociale Zekerheid op het nummer 02 509 59 59 van maandag tot vrijdag van 8.30u tot 17u."], ["Wie kan een flexi-job uitoefenen?", "Ter informatie kunnen wij alvast het volgende meegeven. Toch raadpleegt u best de Rijksdienst voor Sociale Zekerheid die bevoegd is voor deze materie. De flexi-job is een bijverdienste en staat open voor iedereen die 3 kwartalen geleden minstens 4/5 bij een andere werkgever heeft gewerkt. Elk kwartaal wordt deze voorwaarde opnieuw gecontroleerd. Heb je 9 maanden geleden 1 maand niet gewerkt, dan kom je niet in aanmerking.  Sinds 1 januari 2018 kunnen ook gepensioneerden onder bepaalde voorwaarden een flexi-job uitoefenen. De specifieke voorwaarden vraagt men na bij de Rijksdienst voor Sociale Zekerheid.  Voorbeeld:  Je kunt werken in een flexi-job in januari, februari en maart 2018 als je minstens 4/5de werkte in april, mei, juni 2017. Voor meer info over Flexi-jobs kunnen klanten terecht bij de Rijksdienst voor Sociale Zekerheid op het nummer 02 509 59 59 van maandag tot vrijdag van 8.30u tot 17u.  "], ["Kom ik in aanmerking voor een flexi-job?", "Als je twijfelt of je in aanmerking komt voor een flexi-job, neem dan contact op met Rijksdienst voor Sociale Zekerheid. Zij kunnen op basis van jouw persoonlijke gegevens (RRN) nakijken of je aan alle voorwaarden voldoet.  Neem contact op via 02 509 59 59 van maandag tot vrijdag van 8.30u tot 17u of via het contactformulie r op hun website. "]], "title_translation": "Flexi-jobs", "field_trefwoorden_name_translation": ["flexi-job"], "domain_name_translation": ["specific jobs"], "category_name_translation": "Service line", "field_faq_summary_translation": "Learn more about flexi-jobs.", "content_translation": [["What is a flexi-job?", "For your information, we can already provide the following. Nevertheless, it is best to consult the National Social Security Office, which is competent for this matter. Flexi-jobs are intended for pensioners and for people who already have work and want to earn extra money. It is an employment in which an employee, who performs sufficient services with one or more employers, can earn advantageously from another employer.  Since 01-01-2023, the list of sectors has been expanded (sports, operation of cinema halls, performing arts and music (no artistic functions) and the healthcare sector).  For more information about Flexi-jobs, customers can contact the National Social Security Office on 02 509 59 59 from Monday to Friday from 8.30 am to 5 pm."], ["Who can do a flexi-job?", "For your information, we can already provide the following. Nevertheless, it is best to consult the National Social Security Office, which is competent for this matter. The flexi-job is a side income and is open to anyone who worked at least 4/5 at another employer 3 quarters ago. This condition is rechecked every quarter. If you did not work for 1 month 9 months ago, you are not eligible.  Since 1 January 2018, pensioners can also exercise a flexi-job under certain conditions. The specific conditions are checked with the National Social Security Office.  Example: You can work in a flexi-job in January, February and March 2018 if you worked at least 4/5ths in April, May, June 2017. For more information about Flexi-jobs, customers can contact the National Social Security Office on 02 509 59 59 from Monday to Friday from 8.30 am to 5 pm."], ["Am I eligible for a flexi-job?", "If you are unsure whether you are eligible for a flexi-job, please contact the National Social Security Office. Based on your personal data (RRN), they can check whether you meet all the conditions.  Contact us on 02 509 59 59 from Monday to Friday from 8.30am to 5pm or via the contact form on their website."]], "document": "Flexi-jobs \n\n Meer informatie over flexi-jobs. \n\n Vraag aan de VDAB consulent: Wat is een flexi-job?? \n Antwoord of Actie: Ter informatie kunnen wij alvast het volgende meegeven. Toch raadpleegt u best de Rijksdienst voor Sociale Zekerheid die bevoegd is voor deze materie. Flexi-jobs zijn bedoeld voor gepensioneerden en voor mensen die al werk hebben en willen bijverdienen. Het is een tewerkstelling waarbij een werknemer, die voldoende prestaties verricht bij een of meerdere werkgevers, voordelig kan bijverdienen bij een andere werkgever.  Sinds 01-01-2023 is de lijst van sectoren uitgebreid (sport, exploitatie van bioscoopzalen, podiumkunsten en muziek (geen artistieke functies) en de zorgsector).  Voor meer info over Flexi-jobs kunnen klanten terecht bij de Rijksdienst voor Sociale Zekerheid op het nummer 02 509 59 59 van maandag tot vrijdag van 8.30u tot 17u. \n\n Vraag aan de VDAB consulent: Wie kan een flexi-job uitoefenen?? \n Antwoord of Actie: Ter informatie kunnen wij alvast het volgende meegeven. Toch raadpleegt u best de Rijksdienst voor Sociale Zekerheid die bevoegd is voor deze materie. De flexi-job is een bijverdienste en staat open voor iedereen die 3 kwartalen geleden minstens 4/5 bij een andere werkgever heeft gewerkt. Elk kwartaal wordt deze voorwaarde opnieuw gecontroleerd. Heb je 9 maanden geleden 1 maand niet gewerkt, dan kom je niet in aanmerking.  Sinds 1 januari 2018 kunnen ook gepensioneerden onder bepaalde voorwaarden een flexi-job uitoefenen. De specifieke voorwaarden vraagt men na bij de Rijksdienst voor Sociale Zekerheid.  Voorbeeld:  Je kunt werken in een flexi-job in januari, februari en maart 2018 als je minstens 4/5de werkte in april, mei, juni 2017. Voor meer info over Flexi-jobs kunnen klanten terecht bij de Rijksdienst voor Sociale Zekerheid op het nummer 02 509 59 59 van maandag tot vrijdag van 8.30u tot 17u.   \n\n Vraag aan de VDAB consulent: Kom ik in aanmerking voor een flexi-job?? \n Antwoord of Actie: Als je twijfelt of je in aanmerking komt voor een flexi-job, neem dan contact op met Rijksdienst voor Sociale Zekerheid. Zij kunnen op basis van jouw persoonlijke gegevens (RRN) nakijken of je aan alle voorwaarden voldoet.  Neem contact op via 02 509 59 59 van maandag tot vrijdag van 8.30u tot 17u of via het contactformulie r op hun website. \n\n Categorie: Servicelijn \n\n Domein: specifieke jobs \n\n Tags: flexi-job \n\n Url: https://intranet-rel1ldv.ops.vdab.be/faq/servicelijn/flexi-jobs \n\n Type: intranet", "document_translation": "Flexi-jobs \n\n Learn more about flexi-jobs. \n\n Question for the VDAB counselor: What is a flexi-job?? \n Answer or Action: For your information, we can already provide the following. Nevertheless, it is best to consult the National Social Security Office, which is competent for this matter. Flexi-jobs are intended for pensioners and for people who already have work and want to earn extra money. It is an employment in which an employee, who performs sufficient services with one or more employers, can earn advantageously from another employer.  Since 01-01-2023, the list of sectors has been expanded (sports, operation of cinema halls, performing arts and music (no artistic functions) and the healthcare sector).  For more information about Flexi-jobs, customers can contact the National Social Security Office on 02 509 59 59 from Monday to Friday from 8.30 am to 5 pm. \n\n Question for the VDAB counselor: Who can do a flexi-job?? \n Answer or Action: For your information, we can already provide the following. Nevertheless, it is best to consult the National Social Security Office, which is competent for this matter. The flexi-job is a side income and is open to anyone who worked at least 4/5 at another employer 3 quarters ago. This condition is rechecked every quarter. If you did not work for 1 month 9 months ago, you are not eligible.  Since 1 January 2018, pensioners can also exercise a flexi-job under certain conditions. The specific conditions are checked with the National Social Security Office.  Example: You can work in a flexi-job in January, February and March 2018 if you worked at least 4/5ths in April, May, June 2017. For more information about Flexi-jobs, customers can contact the National Social Security Office on 02 509 59 59 from Monday to Friday from 8.30 am to 5 pm. \n\n Question for the VDAB counselor: Am I eligible for a flexi-job?? \n Answer or Action: If you are unsure whether you are eligible for a flexi-job, please contact the National Social Security Office. Based on your personal data (RRN), they can check whether you meet all the conditions.  Contact us on 02 509 59 59 from Monday to Friday from 8.30am to 5pm or via the contact form on their website. \n\n Category: Service line \n\n Domain: specific jobs \n\n Tags: flexi-job \n\n Url: https://intranet-rel1ldv.ops.vdab.be/faq/servicelijn/flexi-jobs \n\n Type: intranet"}