{"title": "Jongere volgt een langdurige opleiding en kreeg nog geen uitkeringen", "type": "intranet", "domain_name": ["jongere hervat studies"], "category_name": "Servicelijn", "url": "https://intranet-rel1ldv.ops.vdab.be/faq/servicelijn/jongere-volgt-een-langdurige-opleiding-en-kreeg-nog-geen-uitkeringen", "content": [["Wat betekent 'een langdurige opleiding volgen'?", "Een langdurige opleiding:  Heeft een volledige cyclus van minstens 9 maanden. Duurt gemiddeld 20u/week (stages inbegrepen) waarvan minstens 10u/week zich situeren van maandag tot vrijdag tussen 8u en 18u. Leidt niet tot rechtopenende studies Gaat het over rechtopenende studies of hoger onderwijs? Zie:  Jongere hervat studies en kreeg nog geen uitkeringen"], ["Uitschrijven", "In cat.79, afschrijving om onbekende reden"], ["In welke categorie jongere uitschrijven bij langdurige opleiding volgen?", "Dit is niet de bevoegdheid van VDAB. Meer info op www.rva.be of bij de uitbetalingsinstelling. De BIT loopt niet verder tijdens de opleiding. Na de opleiding loopt de BIT verder vanaf waar ze gestopt is. Het al doorlopen deel van de BIT blijft dus geldig."], ["BIT", "Dit is niet de bevoegdheid van VDAB. Meer info op www.groeipakket.be . Wel:  Recht op groeipakket als schoolverlater. De periode van 12 maanden recht op groeipakket als schoolverlater blijft doorlopen tijdens de opleiding. Niet:  Recht op groeipakket als student. Want Jongere die een langdurige opleiding volgt heeft niet het statuut van student."]], "link_ankers": [["https://intranet-rel1ldv.ops.vdab.be/faq/servicelijn/categoriebepaling-bij-stopzetten-beeindigen-studies", "rechtopenende studies"], ["https://intranet-rel1ldv.ops.vdab.be/faq/servicelijn/jongere-hervat-studies-en-kreeg-nog-geen-uitkeringen", "Jongere hervat studies en kreeg nog geen uitkeringen"]], "title_translation": "Young people are undergoing long-term education and have not yet received benefits", "domain_name_translation": ["younger resumes studies"], "category_name_translation": "Service line", "content_translation": [["What does 'long-term training' mean?", "Long-term training: Has a full cycle of at least 9 months. Takes an average of 20h/week (internships included) of which at least 10h/week is located from Monday to Friday between 8am and 6pm. Does it not lead to right-opening studies Is it about right-opening studies or higher education? See: Young person resumes studies and has not yet received benefits"], ["Unsubscribe", "In cat.79, depreciation for unknown reason"], ["In which category do young people deregister for long-term training?", "This is not the competence of VDAB. More info on www.rva.be or at the payout institution. The BIT does not continue during the training. After the training, the BIT continues from where it left off. The part of the BIT that has already been completed therefore remains valid."], ["BIT", "This is not the competence of VDAB. More info on www.groeipakket.be . Well: Right to growth package as a school leaver. The period of 12 months entitled to growth package as a school leaver continues during the training. Not: Right to growth package as a student. Because young people who follow a long-term education do not have the status of student."]], "document": "Jongere volgt een langdurige opleiding en kreeg nog geen uitkeringen \n\n Vraag aan de VDAB consulent: Wat betekent 'een langdurige opleiding volgen'?? \n Antwoord of Actie: Een langdurige opleiding:  Heeft een volledige cyclus van minstens 9 maanden. Duurt gemiddeld 20u/week (stages inbegrepen) waarvan minstens 10u/week zich situeren van maandag tot vrijdag tussen 8u en 18u. Leidt niet tot rechtopenende studies Gaat het over rechtopenende studies of hoger onderwijs? Zie:  Jongere hervat studies en kreeg nog geen uitkeringen \n\n Vraag aan de VDAB consulent: Uitschrijven? \n Antwoord of Actie: In cat.79, afschrijving om onbekende reden \n\n Vraag aan de VDAB consulent: In welke categorie jongere uitschrijven bij langdurige opleiding volgen?? \n Antwoord of Actie: Dit is niet de bevoegdheid van VDAB. Meer info op www.rva.be of bij de uitbetalingsinstelling. De BIT loopt niet verder tijdens de opleiding. Na de opleiding loopt de BIT verder vanaf waar ze gestopt is. Het al doorlopen deel van de BIT blijft dus geldig. \n\n Vraag aan de VDAB consulent: BIT? \n Antwoord of Actie: Dit is niet de bevoegdheid van VDAB. Meer info op www.groeipakket.be . Wel:  Recht op groeipakket als schoolverlater. De periode van 12 maanden recht op groeipakket als schoolverlater blijft doorlopen tijdens de opleiding. Niet:  Recht op groeipakket als student. Want Jongere die een langdurige opleiding volgt heeft niet het statuut van student. \n\n Categorie: Servicelijn \n\n Domein: jongere hervat studies \n\n Url: https://intranet-rel1ldv.ops.vdab.be/faq/servicelijn/jongere-volgt-een-langdurige-opleiding-en-kreeg-nog-geen-uitkeringen \n\n Volgende paginas: rechtopenende studies, via https://intranet-rel1ldv.ops.vdab.be/faq/servicelijn/categoriebepaling-bij-stopzetten-beeindigen-studies - Jongere hervat studies en kreeg nog geen uitkeringen, via https://intranet-rel1ldv.ops.vdab.be/faq/servicelijn/jongere-hervat-studies-en-kreeg-nog-geen-uitkeringen \n\n Type: intranet", "document_translation": "Young people are undergoing long-term education and have not yet received benefits \n\n Question for the VDAB counselor: What does 'long-term training' mean?? \n Answer or Action: Long-term training: Has a full cycle of at least 9 months. Takes an average of 20h/week (internships included) of which at least 10h/week is located from Monday to Friday between 8am and 6pm. Does it not lead to right-opening studies Is it about right-opening studies or higher education? See: Young person resumes studies and has not yet received benefits \n\n Question for the VDAB counselor: Unsubscribe? \n Answer or Action: In cat.79, depreciation for unknown reason \n\n Question for the VDAB counselor: In which category do young people deregister for long-term training?? \n Answer or Action: This is not the competence of VDAB. More info on www.rva.be or at the payout institution. The BIT does not continue during the training. After the training, the BIT continues from where it left off. The part of the BIT that has already been completed therefore remains valid. \n\n Question for the VDAB counselor: BIT? \n Answer or Action: This is not the competence of VDAB. More info on www.groeipakket.be . Well: Right to growth package as a school leaver. The period of 12 months entitled to growth package as a school leaver continues during the training. Not: Right to growth package as a student. Because young people who follow a long-term education do not have the status of student. \n\n Category: Service line \n\n Domain: younger resumes studies \n\n Url: https://intranet-rel1ldv.ops.vdab.be/faq/servicelijn/jongere-volgt-een-langdurige-opleiding-en-kreeg-nog-geen-uitkeringen \n\n Next pages: rechtopenende studies, via https://intranet-rel1ldv.ops.vdab.be/faq/servicelijn/categoriebepaling-bij-stopzetten-beeindigen-studies - Jongere hervat studies en kreeg nog geen uitkeringen, via https://intranet-rel1ldv.ops.vdab.be/faq/servicelijn/jongere-hervat-studies-en-kreeg-nog-geen-uitkeringen \n\n Type: intranet"}