{"title": "2. Sociale bijstand", "type": "intranet", "field_trefwoorden_name": ["sociale zekerheid", "leefloon", "invalide"], "domain_name": ["sociale zekerheid"], "category_name": "Servicelijn", "field_faq_summary": "sociale bijstand, doel, voorzieningen", "url": "https://intranet-rel1ldv.ops.vdab.be/faq/servicelijn/wat-sociale-bijstand", "content": [["Wat is sociale bijstand", "De sociale bijstand vormt een   vangnet voor diegenen die naast het systeem van de sociale zekerheid vallen."], ["Wat is het doel van de sociale bijstand", "Het doel van de sociale bijstand is een vangnet (een minimuminkomen) bieden aan iedereen die door de mazen van het sociale zekerheidssysteem valt. Je moet aan bepaalde voorwaarden voldoen om sociale bijstand te ontvangen (bv. door een bestaansmiddelenonderzoek). "], ["Wat valt er onder de sociale bijstand", "Concreet is sociale bijstand: leefloon inkomensgarantie voor ouderen gewaarborgde gezinsbijslag tegemoetkomingen aan gehandicapten"], ["Wat is het verschil tussen sociale bijstand en sociale zekerheid", "De sociale bijstand geldt voor iedereen die niet door de sociale zekerheid is gedekt. Sociale bijstand wordt gefinancierd door de overheid. Voor de sociale zekerheid gebeurt dat door bijdragen van werknemers en werkgevers.  De sociale bijstandsvoorzieningen zijn minimumvoorzieningen om een basisbescherming te bieden. Bij sociale zekerheid berekent men een een percentage op het normale loon."]], "title_translation": "2. Social assistance", "field_trefwoorden_name_translation": ["disabled", "living wage", "social security"], "domain_name_translation": ["social security"], "category_name_translation": "Service line", "field_faq_summary_translation": "social assistance, purpose, facilities", "content_translation": [["What is social assistance", "Social assistance is a safety net for those who fall under the social security system."], ["The purpose of social", "assistance is to provide a safety net (a minimum income) to everyone who falls through the loopholes of the social security system. You must meet certain conditions in order to receive social assistance (e.g. through a means test)."], ["What is covered by social assistance", "Specifically, social assistance: living wage income guarantee for the elderly guaranteed family benefits allowances for the disabled"], ["What is the difference between social assistance and social security", "Social assistance applies to everyone who is not covered by social security. Social assistance is financed by the government. For social security, this is done through contributions from employees and employers.  Social assistance provisions are minimum provisions to provide basic protection. In the case of social security, a percentage is calculated on the normal wage."]], "document": "2. Sociale bijstand \n\n sociale bijstand, doel, voorzieningen \n\n Vraag aan de VDAB consulent: Wat is sociale bijstand? \n Antwoord of Actie: De sociale bijstand vormt een   vangnet voor diegenen die naast het systeem van de sociale zekerheid vallen. \n\n Vraag aan de VDAB consulent: Wat is het doel van de sociale bijstand? \n Antwoord of Actie: Het doel van de sociale bijstand is een vangnet (een minimuminkomen) bieden aan iedereen die door de mazen van het sociale zekerheidssysteem valt. Je moet aan bepaalde voorwaarden voldoen om sociale bijstand te ontvangen (bv. door een bestaansmiddelenonderzoek).  \n\n Vraag aan de VDAB consulent: Wat valt er onder de sociale bijstand? \n Antwoord of Actie: Concreet is sociale bijstand: leefloon inkomensgarantie voor ouderen gewaarborgde gezinsbijslag tegemoetkomingen aan gehandicapten \n\n Vraag aan de VDAB consulent: Wat is het verschil tussen sociale bijstand en sociale zekerheid? \n Antwoord of Actie: De sociale bijstand geldt voor iedereen die niet door de sociale zekerheid is gedekt. Sociale bijstand wordt gefinancierd door de overheid. Voor de sociale zekerheid gebeurt dat door bijdragen van werknemers en werkgevers.  De sociale bijstandsvoorzieningen zijn minimumvoorzieningen om een basisbescherming te bieden. Bij sociale zekerheid berekent men een een percentage op het normale loon. \n\n Categorie: Servicelijn \n\n Domein: sociale zekerheid \n\n Tags: sociale zekerheid, leefloon, invalide \n\n Url: https://intranet-rel1ldv.ops.vdab.be/faq/servicelijn/wat-sociale-bijstand \n\n Type: intranet", "document_translation": "2. Social assistance \n\n social assistance, purpose, facilities \n\n Question for the VDAB counselor: What is social assistance? \n Answer or Action: Social assistance is a safety net for those who fall under the social security system. \n\n Question for the VDAB counselor: The purpose of social? \n Answer or Action: assistance is to provide a safety net (a minimum income) to everyone who falls through the loopholes of the social security system. You must meet certain conditions in order to receive social assistance (e.g. through a means test). \n\n Question for the VDAB counselor: What is covered by social assistance? \n Answer or Action: Specifically, social assistance: living wage income guarantee for the elderly guaranteed family benefits allowances for the disabled \n\n Question for the VDAB counselor: What is the difference between social assistance and social security? \n Answer or Action: Social assistance applies to everyone who is not covered by social security. Social assistance is financed by the government. For social security, this is done through contributions from employees and employers.  Social assistance provisions are minimum provisions to provide basic protection. In the case of social security, a percentage is calculated on the normal wage. \n\n Category: Service line \n\n Domain: social security \n\n Tags: disabled, living wage, social security \n\n Url: https://intranet-rel1ldv.ops.vdab.be/faq/servicelijn/wat-sociale-bijstand \n\n Type: intranet"}