{"title": "Klant (wz, wn, wg) is niet akkoord met negatieve beslissing", "type": "intranet", "field_trefwoorden_name": ["wop", "klacht", "btom"], "domain_name": ["algemene info pmab"], "category_name": "Servicelijn", "field_faq_summary": "overzicht voor Servicelijnbemiddelaars van procedures voor situaties waar klant niet akkoord is met negatieve beslissing VDAB bij PmAB-indicatie, aanvraag rechten, gebruik rechten,...", "url": "https://intranet-rel1ldv.ops.vdab.be/faq/servicelijn/klant-wz-wn-wg-niet-akkoord-met-negatieve-beslissing", "content": [["Waar kan een klant terecht die ontevreden is over de beslissing: algemeen", "Wanneer een klant het niet eens is met een beslissing van VDAB in het kader van de maatregelen voor personen met een arbeidsbeperking, kan hij in alle gevallen een verzoek tot heroverweging indienen bij de Heroverwegingscommissie (HOC). Dat doet hij met het aanvraagdocument Verzoek tot heroverweging .  het zit bij de brief met de negatieve beslissing of op www.vdab.be/arbeidsbeperking . Deze procedure geldt voor werkzoekenden, werknemers en werkgevers. Procedure Servicelijn Mail de klant het aanvraagdocument . Als de klant niet webminded is, volg  alinea:  \"Hoe documenten verzenden via de post?\" . "], ["Situatie: Bemiddelaar start proces indicering voor werkzoekende niet op", "De werkzoekende heeft geen automatisch recht en de bemiddelaar ziet tijdens het gesprek niet voldoende redenen om het proces voor indicering op te starten. De werkzoekende meent wel een arbeidsbeperking te hebben en is niet akkoord met de beslissing van de bemiddelaar. Procedure Servicelijn Doe geen uitspraak over de beslissing van de bemiddelaar. Neem geen standpunt in. Stel de klant voor om nog eens in gesprek te gaan met de bemiddelaar. Als de klant dit wil, noteer dit in een Notitie. Let op: hou rekening met de afspraken over het vermelden van medische gegevens in het dossier. Zie  Wat mag in een dossier nav een gesprek over een arbeidsbeperking? Leg de klant uit dat hij kan vragen de beslissing te heroverwegen via de Heroverwegingscommissie (HOC) met het aanvraagdocument Verzoek tot heroverweging .  Het document is terug te vinden op www.vdab.be/arbeidsbeperking . De klant moet dit binnen de 45 dagen opsturen naar team TewerkstellingsOndersteunende Maatregelen (team TOM).  Voor adressen, klik  hier . Binnen de 60 dagen formuleert het HOC een advies aan de Raad van Bestuur (RvB) van VDAB. Binnen de 30 dagen na ontvangst van het advies beslist de RvB over het heroverwegingsverzoek. Stuur de klant het aanvraagdocument (zie onderaan alinea). Als de klant niet webminded is, volg alinea:  \"Hoe documenten verzenden via de post?\" .  Indien de klant niet tevreden is over de dienstverlening van VDAB, of zich onheus bejegend voelt, kan hij klacht indienen.  Noteer de klacht. Voor meer info zie doc  Praktisch : hoe registreert de Servicelijn een klacht?   Of geef de klant de mogelijkheden mee om klacht in te dienen bij VDAB. Zie alinea  Hoe kan ik een klacht indienen?  "], ["Situatie: WZ is niet akkoord met beslissing VDAB over het recht op ondersteunende maatregelen.", "De wz heeft geen automatisch recht op ondersteunende maatregelen. Na onderzoek door een indiceringsconsulent of partner, beslist VDAB (team TewerkstellingsOndersteunende Maatregelen (team TOM)) om het recht op ondersteunende maatregelen niet te openen voor de wz. De wz kan dan geen ondersteunende maatregelen aanvragen (BTOM of WOP). Hij heeft deze beslissing ontvangen per brief, samen met aanvraagdocument voor heroverweging. Procedure Servicelijn Doe geen uitspraak over de beslissing van team TOM. Neem geen standpunt in. Leg de klant uit dat hij kan vragen de beslissing te heroverwegen via de Heroverwegingscommissie (HOC) met het aanvraagdocument Verzoek tot heroverweging .  Deze info en het aanvraagdocument zijn met de brief met de beslissing naar de klant gestuurd.  Het document is ook terug te vinden op www.vdab.be/arbeidsbeperking . De klant moet dit binnen de 45 dagen opsturen naar team TOM. Voor adressen, klik  hier . Binnen de 60 dagen formuleert het HOC een advies aan de Raad van Bestuur (RvB) van VDAB. Binnen de 30 dagen na ontvangst van het advies beslist de RvB over het heroverwegingsverzoek. Stuur de klant het aanvraagdocument (zie onderaan alinea). Als de klant niet webminded is, volg alinea:  \"Hoe documenten verzenden via de post?\" .  Indien de klant niet tevreden is over de dienstverlening van VDAB, of zich onheus bejegend voelt, kan hij klacht indienen.  Noteer de klacht. Voor meer info zie doc  Praktisch : hoe registreert de Servicelijn een klacht?   Of geef de klant de mogelijkheden mee om klacht in te dienen bij VDAB. Zie alinea  Hoe kan ik een klacht indienen?  "], ["Situatie: Klant is niet akkoord met het niet toekennen van rechten", "De klant heeft rechten aangevraagd bij team TewerkstellingsOndersteunende Maatregelen (team TOM) maar niet toegekend gekregen. Hij kan dan ook geen gebruik maken van deze rechten. Hij heeft deze beslissing ontvangen per brief, samen met aanvraagdocument voor heroverweging. Dit kan zowel gaan over werkzoekenden, als over werknemers, zelfstandigen of jobstudenten. Procedure Servicelijn Doe geen uitspraak over de beslissing van team TOM. Neem geen standpunt in. Leg de klant uit dat hij kan vragen de beslissing te heroverwegen via de Heroverwegingscommissie (HOC) met het aanvraagdocument Verzoek tot heroverweging .  Deze info en het aanvraagdocument zijn met de brief met de beslissing naar de klant gestuurd.  Het document is ook terug te vinden op www.vdab.be/arbeidsbeperking .  De klant moet dit binnen de 45 dagen opsturen naar team TOM. Voor adressen, klik  hier . Binnen de 60 dagen formuleert het HOC een advies aan de Raad van Bestuur (RvB) van VDAB. Binnen de 30 dagen na ontvangst van het advies beslist de RvB over het heroverwegingsverzoek. Stuur de klant het aanvraagdocument (zie onderaan alinea). Als de klant niet webminded is, volg alinea:  \"Hoe documenten verzenden via de post?\" .  Indien de klant niet tevreden is over de dienstverlening van VDAB, of zich onheus bejegend voelt, kan hij klacht indienen.  Noteer de klacht. Voor meer info zie doc  Praktisch : hoe registreert de Servicelijn een klacht?   Of geef de klant de mogelijkheden mee om klacht in te dienen bij VDAB. Zie alinea  Hoe kan ik een klacht indienen?  "], ["Situatie: Klant is niet akkoord met het niet mogen gebruikmaken van maatregelen", "De klant heeft bij team TewerkstellingsOndersteunende Maatregelen (team TOM) een aanvraag gedaan voor het gebruik van een maatregel. Team TOM heeft negatief beslist. Bijv. werkgever vraagt terugbetaling van een arbeidspostaanpassing, maar team TOM antwoordt negatief.  Dit kan zowel gaan over werkzoekenden, als over werknemers, zelfstandigen, jobstudenten of werkgevers. Procedure Servicelijn Doe geen uitspraak over de beslissing van team TOM. Neem geen standpunt in. Leg de klant uit dat hij kan vragen de beslissing te heroverwegen via de Heroverwegingscommissie (HOC) met het aanvraagdocument Verzoek tot heroverweging .  Deze info en het aanvraagdocument zijn met de brief met de beslissing naar de klant gestuurd.  Het document is ook terug te vinden op www.vdab.be/arbeidsbeperking .  De klant moet dit binnen de 45 dagen opsturen naar team TOM. Voor adressen, klik  hier . Binnen de 60 dagen formuleert het HOC een advies aan de Raad van Bestuur (RvB) van VDAB. Binnen de 30 dagen na ontvangst van het advies beslist de RvB over het heroverwegingsverzoek. Stuur de klant het aanvraagdocument (zie onderaan alinea). Als de klant niet webminded is, volg alinea:  \"Hoe documenten verzenden via de post?\" .  Indien de klant niet tevreden is over de dienstverlening van VDAB, of zich onheus bejegend voelt, kan hij klacht indienen.  Noteer de klacht. Voor meer info zie doc  Praktisch : hoe registreert de Servicelijn een klacht?   Of geef de klant de mogelijkheden mee om klacht in te dienen bij VDAB. Zie alinea  Hoe kan ik een klacht indienen?  "]], "link_ankers": [["https://intranet-rel1ldv.ops.vdab.be/faq/servicelijn/situaties-bij-het-ontvangen-van-een-klacht", "Situaties bij het ontvangen van een klacht"], ["https://intranet-rel1ldv.ops.vdab.be/faq/servicelijn/pmab-werkzoekenden-stap-1-het-vermoeden", "Wat mag in een dossier nav een gesprek over een arbeidsbeperking?"], ["https://intranet-rel1ldv.ops.vdab.be/faq/servicelijn/hoe-documenten-verzenden-mail-en-post", "\"Hoe documenten verzenden via de post?\""]], "title_translation": "Customer (wz, wn, wg) does not agree with negative decision", "field_trefwoorden_name_translation": ["wop", "complaint", "btom"], "domain_name_translation": ["general info pmab"], "category_name_translation": "Service line", "field_faq_summary_translation": "overview for Service line mediators of procedures for situations where customer does not agree with negative decision VDAB with PmAB indication, application rights, use rights,...", "content_translation": [["Where can a customer who is dissatisfied with the decision: general", "If a customer does not agree with a decision of VDAB in the context of the measures for persons with an occupational disability, he can in all cases submit a request for reconsideration to the Review Committee (HOC). He does this with the application document Request for reconsideration.  it is with the letter with the negative decision or on www.vdab.be/arbeidsbeperking . This procedure applies to jobseekers, employees and employers. Procedure Service line Mail the customer the application document . If the customer is not webminded, follow paragraph: \"How to send documents by mail?\" ."], ["Situation: Mediator does not start process indication for job seeker on", "The job seeker does not have an automatic right and the mediator does not see sufficient reasons during the interview to start the process for indication. The job seeker believes that he or she has an occupational disability and does not agree with the mediator's decision. Procedure Service Line Do not rule on the arbitrator's decision. Don't take a stand. Suggest to the client to talk to the mediator again. If the customer wants this, write this down in a Note. Please note: take into account the agreements about mentioning medical data in the file. See What is allowed in a file after a conversation about an occupational disability? Explain to the client that they can ask to reconsider the decision through the Review Committee (HOC) with the Request for Reconsideration application document.  The document can be found on www.vdab.be/arbeidsbeperking . The customer must send this to the Employment Support Measures team (team TOM) within 45 days.  For addresses, click here. Within 60 days, the HOC formulates an advice to the Board of Directors of VDAB. Within 30 days of receipt of the advice, the Executive Board will decide on the reconsideration request. Send the customer the application document (see bottom of paragraph). If the customer is not webminded, follow paragraph: \"How to send documents by mail?\" .  If the customer is not satisfied with the services of VDAB, or feels that he has been treated unfairly, he can file a complaint.  Write down the complaint. For more information see doc Practical : how does the Service Line register a complaint?   Or give the customer the opportunity to file a complaint with VDAB. See paragraph How can I file a complaint?"], ["Situation: WZ does not agree with VDAB's decision on the right to support measures.", "The wz is not automatically entitled to support measures. After investigation by an indication consultant or partner, VDAB (Employment Support Measures team (team TOM)) decides not to open the right to support measures for the WZ. The WZ cannot then apply for support measures (BTOM or WOP). He received this decision by letter, along with application document for reconsideration. Procedure Service line Do not rule on the decision of team TOM. Don't take a stand. Explain to the client that they can ask to reconsider the decision through the Review Committee (HOC) with the Request for Reconsideration application document.  This information and the application document were sent to the customer with the letter with the decision.  The document can also be found on www.vdab.be/arbeidsbeperking . The customer must send this to team TOM within 45 days. For addresses, click here. Within 60 days, the HOC formulates an advice to the Board of Directors of VDAB. Within 30 days of receipt of the advice, the Executive Board will decide on the reconsideration request. Send the customer the application document (see bottom of paragraph). If the customer is not webminded, follow paragraph: \"How to send documents by mail?\" .  If the customer is not satisfied with the services of VDAB, or feels that he has been treated unfairly, he can file a complaint.  Write down the complaint. For more information see doc Practical : how does the Service Line register a complaint?   Or give the customer the opportunity to file a complaint with VDAB. See paragraph How can I file a complaint?"], ["Situation: Customer does not agree with the non-granting of rights", "The customer has applied for rights from the Employment Support Measures team (team TOM) but has not been granted. He can therefore not make use of these rights. He received this decision by letter, along with application document for reconsideration. This can concern job seekers, as well as employees, the self-employed or job students. Procedure Service line Do not rule on the decision of team TOM. Don't take a stand. Explain to the client that they can ask to reconsider the decision through the Review Committee (HOC) with the Request for Reconsideration application document.  This information and the application document were sent to the customer with the letter with the decision.  The document can also be found on www.vdab.be/arbeidsbeperking .  The customer must send this to team TOM within 45 days. For addresses, click here. Within 60 days, the HOC formulates an advice to the Board of Directors of VDAB. Within 30 days of receipt of the advice, the Executive Board will decide on the reconsideration request. Send the customer the application document (see bottom of paragraph). If the customer is not webminded, follow paragraph: \"How to send documents by mail?\" .  If the customer is not satisfied with the services of VDAB, or feels that he has been treated unfairly, he can file a complaint.  Write down the complaint. For more information see doc Practical : how does the Service Line register a complaint?   Or give the customer the opportunity to file a complaint with VDAB. See paragraph How can I file a complaint?"], ["Situation: Customer does not agree with not being allowed to use", "measures The customer has submitted an application to the Employment Support Measures team (team TOM) for the use of a measure. Team TOM has made a negative decision. E.g. employer asks for reimbursement of an employment post adjustment, but team TOM answers negatively.  This can concern job seekers, as well as employees, the self-employed, job students or employers. Procedure Service line Do not rule on the decision of team TOM. Don't take a stand. Explain to the client that they can ask to reconsider the decision through the Review Committee (HOC) with the Request for Reconsideration application document.  This information and the application document were sent to the customer with the letter with the decision.  The document can also be found on www.vdab.be/arbeidsbeperking .  The customer must send this to team TOM within 45 days. For addresses, click here. Within 60 days, the HOC formulates an advice to the Board of Directors of VDAB. Within 30 days of receipt of the advice, the Executive Board will decide on the reconsideration request. Send the customer the application document (see bottom of paragraph). If the customer is not webminded, follow paragraph: \"How to send documents by mail?\" .  If the customer is not satisfied with the services of VDAB, or feels that he has been treated unfairly, he can file a complaint.  Write down the complaint. For more information see doc Practical : how does the Service Line register a complaint?   Or give the customer the opportunity to file a complaint with VDAB. See paragraph How can I file a complaint?"]], "document": "Klant (wz, wn, wg) is niet akkoord met negatieve beslissing \n\n overzicht voor Servicelijnbemiddelaars van procedures voor situaties waar klant niet akkoord is met negatieve beslissing VDAB bij PmAB-indicatie, aanvraag rechten, gebruik rechten,... \n\n Vraag aan de VDAB consulent: Waar kan een klant terecht die ontevreden is over de beslissing: algemeen? \n Antwoord of Actie: Wanneer een klant het niet eens is met een beslissing van VDAB in het kader van de maatregelen voor personen met een arbeidsbeperking, kan hij in alle gevallen een verzoek tot heroverweging indienen bij de Heroverwegingscommissie (HOC). Dat doet hij met het aanvraagdocument Verzoek tot heroverweging .  het zit bij de brief met de negatieve beslissing of op www.vdab.be/arbeidsbeperking . Deze procedure geldt voor werkzoekenden, werknemers en werkgevers. Procedure Servicelijn Mail de klant het aanvraagdocument . Als de klant niet webminded is, volg  alinea:  \"Hoe documenten verzenden via de post?\" .  \n\n Vraag aan de VDAB consulent: Situatie: Bemiddelaar start proces indicering voor werkzoekende niet op? \n Antwoord of Actie: De werkzoekende heeft geen automatisch recht en de bemiddelaar ziet tijdens het gesprek niet voldoende redenen om het proces voor indicering op te starten. De werkzoekende meent wel een arbeidsbeperking te hebben en is niet akkoord met de beslissing van de bemiddelaar. Procedure Servicelijn Doe geen uitspraak over de beslissing van de bemiddelaar. Neem geen standpunt in. Stel de klant voor om nog eens in gesprek te gaan met de bemiddelaar. Als de klant dit wil, noteer dit in een Notitie. Let op: hou rekening met de afspraken over het vermelden van medische gegevens in het dossier. Zie  Wat mag in een dossier nav een gesprek over een arbeidsbeperking? Leg de klant uit dat hij kan vragen de beslissing te heroverwegen via de Heroverwegingscommissie (HOC) met het aanvraagdocument Verzoek tot heroverweging .  Het document is terug te vinden op www.vdab.be/arbeidsbeperking . De klant moet dit binnen de 45 dagen opsturen naar team TewerkstellingsOndersteunende Maatregelen (team TOM).  Voor adressen, klik  hier . Binnen de 60 dagen formuleert het HOC een advies aan de Raad van Bestuur (RvB) van VDAB. Binnen de 30 dagen na ontvangst van het advies beslist de RvB over het heroverwegingsverzoek. Stuur de klant het aanvraagdocument (zie onderaan alinea). Als de klant niet webminded is, volg alinea:  \"Hoe documenten verzenden via de post?\" .  Indien de klant niet tevreden is over de dienstverlening van VDAB, of zich onheus bejegend voelt, kan hij klacht indienen.  Noteer de klacht. Voor meer info zie doc  Praktisch : hoe registreert de Servicelijn een klacht?   Of geef de klant de mogelijkheden mee om klacht in te dienen bij VDAB. Zie alinea  Hoe kan ik een klacht indienen?   \n\n Vraag aan de VDAB consulent: Situatie: WZ is niet akkoord met beslissing VDAB over het recht op ondersteunende maatregelen.? \n Antwoord of Actie: De wz heeft geen automatisch recht op ondersteunende maatregelen. Na onderzoek door een indiceringsconsulent of partner, beslist VDAB (team TewerkstellingsOndersteunende Maatregelen (team TOM)) om het recht op ondersteunende maatregelen niet te openen voor de wz. De wz kan dan geen ondersteunende maatregelen aanvragen (BTOM of WOP). Hij heeft deze beslissing ontvangen per brief, samen met aanvraagdocument voor heroverweging. Procedure Servicelijn Doe geen uitspraak over de beslissing van team TOM. Neem geen standpunt in. Leg de klant uit dat hij kan vragen de beslissing te heroverwegen via de Heroverwegingscommissie (HOC) met het aanvraagdocument Verzoek tot heroverweging .  Deze info en het aanvraagdocument zijn met de brief met de beslissing naar de klant gestuurd.  Het document is ook terug te vinden op www.vdab.be/arbeidsbeperking . De klant moet dit binnen de 45 dagen opsturen naar team TOM. Voor adressen, klik  hier . Binnen de 60 dagen formuleert het HOC een advies aan de Raad van Bestuur (RvB) van VDAB. Binnen de 30 dagen na ontvangst van het advies beslist de RvB over het heroverwegingsverzoek. Stuur de klant het aanvraagdocument (zie onderaan alinea). Als de klant niet webminded is, volg alinea:  \"Hoe documenten verzenden via de post?\" .  Indien de klant niet tevreden is over de dienstverlening van VDAB, of zich onheus bejegend voelt, kan hij klacht indienen.  Noteer de klacht. Voor meer info zie doc  Praktisch : hoe registreert de Servicelijn een klacht?   Of geef de klant de mogelijkheden mee om klacht in te dienen bij VDAB. Zie alinea  Hoe kan ik een klacht indienen?   \n\n Vraag aan de VDAB consulent: Situatie: Klant is niet akkoord met het niet toekennen van rechten? \n Antwoord of Actie: De klant heeft rechten aangevraagd bij team TewerkstellingsOndersteunende Maatregelen (team TOM) maar niet toegekend gekregen. Hij kan dan ook geen gebruik maken van deze rechten. Hij heeft deze beslissing ontvangen per brief, samen met aanvraagdocument voor heroverweging. Dit kan zowel gaan over werkzoekenden, als over werknemers, zelfstandigen of jobstudenten. Procedure Servicelijn Doe geen uitspraak over de beslissing van team TOM. Neem geen standpunt in. Leg de klant uit dat hij kan vragen de beslissing te heroverwegen via de Heroverwegingscommissie (HOC) met het aanvraagdocument Verzoek tot heroverweging .  Deze info en het aanvraagdocument zijn met de brief met de beslissing naar de klant gestuurd.  Het document is ook terug te vinden op www.vdab.be/arbeidsbeperking .  De klant moet dit binnen de 45 dagen opsturen naar team TOM. Voor adressen, klik  hier . Binnen de 60 dagen formuleert het HOC een advies aan de Raad van Bestuur (RvB) van VDAB. Binnen de 30 dagen na ontvangst van het advies beslist de RvB over het heroverwegingsverzoek. Stuur de klant het aanvraagdocument (zie onderaan alinea). Als de klant niet webminded is, volg alinea:  \"Hoe documenten verzenden via de post?\" .  Indien de klant niet tevreden is over de dienstverlening van VDAB, of zich onheus bejegend voelt, kan hij klacht indienen.  Noteer de klacht. Voor meer info zie doc  Praktisch : hoe registreert de Servicelijn een klacht?   Of geef de klant de mogelijkheden mee om klacht in te dienen bij VDAB. Zie alinea  Hoe kan ik een klacht indienen?   \n\n Vraag aan de VDAB consulent: Situatie: Klant is niet akkoord met het niet mogen gebruikmaken van maatregelen? \n Antwoord of Actie: De klant heeft bij team TewerkstellingsOndersteunende Maatregelen (team TOM) een aanvraag gedaan voor het gebruik van een maatregel. Team TOM heeft negatief beslist. Bijv. werkgever vraagt terugbetaling van een arbeidspostaanpassing, maar team TOM antwoordt negatief.  Dit kan zowel gaan over werkzoekenden, als over werknemers, zelfstandigen, jobstudenten of werkgevers. Procedure Servicelijn Doe geen uitspraak over de beslissing van team TOM. Neem geen standpunt in. Leg de klant uit dat hij kan vragen de beslissing te heroverwegen via de Heroverwegingscommissie (HOC) met het aanvraagdocument Verzoek tot heroverweging .  Deze info en het aanvraagdocument zijn met de brief met de beslissing naar de klant gestuurd.  Het document is ook terug te vinden op www.vdab.be/arbeidsbeperking .  De klant moet dit binnen de 45 dagen opsturen naar team TOM. Voor adressen, klik  hier . Binnen de 60 dagen formuleert het HOC een advies aan de Raad van Bestuur (RvB) van VDAB. Binnen de 30 dagen na ontvangst van het advies beslist de RvB over het heroverwegingsverzoek. Stuur de klant het aanvraagdocument (zie onderaan alinea). Als de klant niet webminded is, volg alinea:  \"Hoe documenten verzenden via de post?\" .  Indien de klant niet tevreden is over de dienstverlening van VDAB, of zich onheus bejegend voelt, kan hij klacht indienen.  Noteer de klacht. Voor meer info zie doc  Praktisch : hoe registreert de Servicelijn een klacht?   Of geef de klant de mogelijkheden mee om klacht in te dienen bij VDAB. Zie alinea  Hoe kan ik een klacht indienen? \n\n Categorie: Servicelijn \n\n Domein: algemene info pmab \n\n Tags: wop, btom, klacht \n\n Url: https://intranet-rel1ldv.ops.vdab.be/faq/servicelijn/klant-wz-wn-wg-niet-akkoord-met-negatieve-beslissing \n\n Volgende paginas: Situaties bij het ontvangen van een klacht, via https://intranet-rel1ldv.ops.vdab.be/faq/servicelijn/situaties-bij-het-ontvangen-van-een-klacht - Wat mag in een dossier nav een gesprek over een arbeidsbeperking?, via https://intranet-rel1ldv.ops.vdab.be/faq/servicelijn/pmab-werkzoekenden-stap-1-het-vermoeden - \"Hoe documenten verzenden via de post?\", via https://intranet-rel1ldv.ops.vdab.be/faq/servicelijn/hoe-documenten-verzenden-mail-en-post \n\n Type: intranet", "document_translation": "Customer (wz, wn, wg) does not agree with negative decision \n\n overview for Service line mediators of procedures for situations where customer does not agree with negative decision VDAB with PmAB indication, application rights, use rights,... \n\n Question for the VDAB counselor: Where can a customer who is dissatisfied with the decision: general? \n Answer or Action: If a customer does not agree with a decision of VDAB in the context of the measures for persons with an occupational disability, he can in all cases submit a request for reconsideration to the Review Committee (HOC). He does this with the application document Request for reconsideration.  it is with the letter with the negative decision or on www.vdab.be/arbeidsbeperking . This procedure applies to jobseekers, employees and employers. Procedure Service line Mail the customer the application document . If the customer is not webminded, follow paragraph: \"How to send documents by mail?\" . \n\n Question for the VDAB counselor: Situation: Mediator does not start process indication for job seeker on? \n Answer or Action: The job seeker does not have an automatic right and the mediator does not see sufficient reasons during the interview to start the process for indication. The job seeker believes that he or she has an occupational disability and does not agree with the mediator's decision. Procedure Service Line Do not rule on the arbitrator's decision. Don't take a stand. Suggest to the client to talk to the mediator again. If the customer wants this, write this down in a Note. Please note: take into account the agreements about mentioning medical data in the file. See What is allowed in a file after a conversation about an occupational disability? Explain to the client that they can ask to reconsider the decision through the Review Committee (HOC) with the Request for Reconsideration application document.  The document can be found on www.vdab.be/arbeidsbeperking . The customer must send this to the Employment Support Measures team (team TOM) within 45 days.  For addresses, click here. Within 60 days, the HOC formulates an advice to the Board of Directors of VDAB. Within 30 days of receipt of the advice, the Executive Board will decide on the reconsideration request. Send the customer the application document (see bottom of paragraph). If the customer is not webminded, follow paragraph: \"How to send documents by mail?\" .  If the customer is not satisfied with the services of VDAB, or feels that he has been treated unfairly, he can file a complaint.  Write down the complaint. For more information see doc Practical : how does the Service Line register a complaint?   Or give the customer the opportunity to file a complaint with VDAB. See paragraph How can I file a complaint? \n\n Question for the VDAB counselor: Situation: WZ does not agree with VDAB's decision on the right to support measures.? \n Answer or Action: The wz is not automatically entitled to support measures. After investigation by an indication consultant or partner, VDAB (Employment Support Measures team (team TOM)) decides not to open the right to support measures for the WZ. The WZ cannot then apply for support measures (BTOM or WOP). He received this decision by letter, along with application document for reconsideration. Procedure Service line Do not rule on the decision of team TOM. Don't take a stand. Explain to the client that they can ask to reconsider the decision through the Review Committee (HOC) with the Request for Reconsideration application document.  This information and the application document were sent to the customer with the letter with the decision.  The document can also be found on www.vdab.be/arbeidsbeperking . The customer must send this to team TOM within 45 days. For addresses, click here. Within 60 days, the HOC formulates an advice to the Board of Directors of VDAB. Within 30 days of receipt of the advice, the Executive Board will decide on the reconsideration request. Send the customer the application document (see bottom of paragraph). If the customer is not webminded, follow paragraph: \"How to send documents by mail?\" .  If the customer is not satisfied with the services of VDAB, or feels that he has been treated unfairly, he can file a complaint.  Write down the complaint. For more information see doc Practical : how does the Service Line register a complaint?   Or give the customer the opportunity to file a complaint with VDAB. See paragraph How can I file a complaint? \n\n Question for the VDAB counselor: Situation: Customer does not agree with the non-granting of rights? \n Answer or Action: The customer has applied for rights from the Employment Support Measures team (team TOM) but has not been granted. He can therefore not make use of these rights. He received this decision by letter, along with application document for reconsideration. This can concern job seekers, as well as employees, the self-employed or job students. Procedure Service line Do not rule on the decision of team TOM. Don't take a stand. Explain to the client that they can ask to reconsider the decision through the Review Committee (HOC) with the Request for Reconsideration application document.  This information and the application document were sent to the customer with the letter with the decision.  The document can also be found on www.vdab.be/arbeidsbeperking .  The customer must send this to team TOM within 45 days. For addresses, click here. Within 60 days, the HOC formulates an advice to the Board of Directors of VDAB. Within 30 days of receipt of the advice, the Executive Board will decide on the reconsideration request. Send the customer the application document (see bottom of paragraph). If the customer is not webminded, follow paragraph: \"How to send documents by mail?\" .  If the customer is not satisfied with the services of VDAB, or feels that he has been treated unfairly, he can file a complaint.  Write down the complaint. For more information see doc Practical : how does the Service Line register a complaint?   Or give the customer the opportunity to file a complaint with VDAB. See paragraph How can I file a complaint? \n\n Question for the VDAB counselor: Situation: Customer does not agree with not being allowed to use? \n Answer or Action: measures The customer has submitted an application to the Employment Support Measures team (team TOM) for the use of a measure. Team TOM has made a negative decision. E.g. employer asks for reimbursement of an employment post adjustment, but team TOM answers negatively.  This can concern job seekers, as well as employees, the self-employed, job students or employers. Procedure Service line Do not rule on the decision of team TOM. Don't take a stand. Explain to the client that they can ask to reconsider the decision through the Review Committee (HOC) with the Request for Reconsideration application document.  This information and the application document were sent to the customer with the letter with the decision.  The document can also be found on www.vdab.be/arbeidsbeperking .  The customer must send this to team TOM within 45 days. For addresses, click here. Within 60 days, the HOC formulates an advice to the Board of Directors of VDAB. Within 30 days of receipt of the advice, the Executive Board will decide on the reconsideration request. Send the customer the application document (see bottom of paragraph). If the customer is not webminded, follow paragraph: \"How to send documents by mail?\" .  If the customer is not satisfied with the services of VDAB, or feels that he has been treated unfairly, he can file a complaint.  Write down the complaint. For more information see doc Practical : how does the Service Line register a complaint?   Or give the customer the opportunity to file a complaint with VDAB. See paragraph How can I file a complaint? \n\n Category: Service line \n\n Domain: general info pmab \n\n Tags: wop, complaint, btom \n\n Url: https://intranet-rel1ldv.ops.vdab.be/faq/servicelijn/klant-wz-wn-wg-niet-akkoord-met-negatieve-beslissing \n\n Next pages: Situaties bij het ontvangen van een klacht, via https://intranet-rel1ldv.ops.vdab.be/faq/servicelijn/situaties-bij-het-ontvangen-van-een-klacht - Wat mag in een dossier nav een gesprek over een arbeidsbeperking?, via https://intranet-rel1ldv.ops.vdab.be/faq/servicelijn/pmab-werkzoekenden-stap-1-het-vermoeden - \"Hoe documenten verzenden via de post?\", via https://intranet-rel1ldv.ops.vdab.be/faq/servicelijn/hoe-documenten-verzenden-mail-en-post \n\n Type: intranet"}