{"title": "Respons van werkzoekenden op een vacature.", "type": "intranet", "field_trefwoorden_name": ["kandidaten", "gesloten", "vacatures", "internet", "werkzoekenden"], "domain_name": ["vacatures opvolgen"], "category_name": "Servicelijn", "field_faq_summary": "Informatie voor de Servicelijnconsulenten over de respons van werkzoekenden op een vacature en de redenen.", "url": "https://intranet-rel1ldv.ops.vdab.be/faq/servicelijn/respons-van-werkzoekenden-op-een-vacature", "content": [["Kan VDAB nagaan hoeveel werkzoekenden de vacature hebben bekeken op internet?", "Ja, we weten ook hoeveel keer uw vacature geraadpleegd werd op het internet en hoeveel personen er via internet gesolliciteerd hebben. Hoe nakijken? Procedure Servicelijn: Zoek de vacature in Master Vac. en bekijk \"online sollicitaties\" onder de flap 'kandidaten'. Hier zien we de namen van kandidaten die via het internet rechtstreeks op de vacature hebben gesolliciteerd. Hieronder zien we het aantal raadplegingen via internet."], ["Waarom is bij sommige vacatures de respons zo laag?", "Weinig respons op een vacature kan verschillende oorzaken hebben: - Er zijn geen geschikte kandidaten: voor moeilijke profielen of knelpuntberoepen is dat vaak zo. - Het profiel is te moeilijk, er staan te veel en/of hoge eisen in de vacature. - De omschrijving is onduidelijk, onvoldoende of verkeerd. - De vacature werd gesloten geplaatst. ..."], ["Wat kan je doen als de werkgever geen of weinig respons krijgt?", "Weinig of geen respons op een vacature kan verschillende oorzaken hebben: Verspreiden we de vacature correct? Controleer de status van de vacature; de status moet op 'Actief' staan. Is de vacature duidelijk/aantrekkelijk? - Controleer of de vacature aantrekkelijk/duidelijk genoeg is voor de werkzoekenden. - Pas de vacature zonodig aan. Staat de vacature gesloten? Bij gesloten vacatures, dus zonder uw adresgegevens, kan de respons laag zijn. Deze procedure schrikt sommige werkzoekenden af. - Overleg met de werkgever of 'open publicatie' een optie is? - Indien ja: stuur een mail naar de dispatcher met de vraag om de vacature 'open' te publiceren. - Vul tevens de opvolgingslijn aan. Is de vacature al \"oud\"? Werkzoekenden maken vaak selecties op de meest recent ingevoerde vacatures. => Dit kan via het selectiecriterium \" vacature online sinds: vandaag of gisteren/voorbije week  \". Geen van bovenstaande oorzaken is van toepassing op de vacature? Indien de vacature kwalitatief in orde is, maar er komt toch geen/ te weinig respons, dan gaat het waarschijnlijk om een moeilijker in te vullen vacature (bv. knelpuntberoep). De regionale experten ondernemen dan best bemiddelingsacties. Werkgever wenst bemiddelingsacties? Zie gerelateerd document 'Opvolgen en beheer van een vacature: algemene info', alinea 'Werkgever wil actieve bemiddeling voor zijn vacature?'"], ["Waarom krijgt een werkgever verkeerde kandidaten (foute respons)?", "Vermoedelijk is de vacature niet duidelijk opgesteld of zijn de vooropgestelde voorwaarden te streng (of anders geinterpreteerd door werkzoekenden). Procedure Servicelijn Zoek de vacature op. Overloop de vacature en pas eventueel aan. Bij aanpassingen van een vacature in beheer van de regio: stuur een mail naar de dispatcher. Vul de opvolgingslijn aan met de ondernomen acties. Vacature is in beheer regio en WG wenst dit met de vacaturebemiddelaar in de regio te bespreken? Procedure Servicelijn Zoek vacature op en kijk na wie beheerder is. Geef het telefoonnummer mee of mail naar de dispatcher met de gegevens en vraag van werkgever. Vul de opvolgingslijn aan met de ondernomen acties."], ["Hoe is de respons bij gesloten vacatures?", "Bij gesloten vacatures kan de respons laag zijn. Waarom? Deze procedure schrikt sommige werkzoekenden af. De werkzoekende moet eerst bij VDAB informeren of hij in aanmerking komt voor de vacature. Slechts indien hij voldoet aan de voorwaarden, krijgt hij de werkgever zijn adres en vacature mee."], ["Zijn werkzoekenden verplicht om te solliciteren bij de werkgever?", "Verwezen werkzoekenden zijn verplicht te solliciteren, maar hier gaat altijd een gesprek vooraf met een VDAB-begeleider die peilt of de werkzoekende wel voldoet aan de vereisten in de vacature. Wanneer is een werkzoekende verwezen? De werkzoekenden zijn eerst en vooral verplicht om in te gaan op de VDAB-uitnodiging voor een vacaturegesprek bij hun VDAB-begeleider. De bemiddelaar informeert de werkzoekende over de werkaanbieding, peilt naar de interesse van de werkzoekende en houdt hierbij rekening met de objectieve criteria van de vacature. De bemiddelaar verwijst de werkzoekende enkel op de vacature indien zijn of haar profiel overeenkomt met de vacaturevereisten. Indien de werkzoekende is verwezen op een vacature, moet hij solliciteren en dit volgens de voorgeschreven sollicitatieprocedure (per brief, persoonlijk aanbieden, ...). Komt het profiel van de werkzoekende niet overeen met de vraag, volgt er geen verwijzing en is de werkzoekende niet verplicht om te solliciteren."], ["Werkgever meldt onwilligheid van sollicitanten.", "Zie gerelateerd document: ' Meldpunt WG: Werkgever meldt sollicitatiegedrag van werkzoekende '."], ["Melding werkzoekende over vacature voor een opleiding of jobbeurs", "Waarschijnlijk zitten er wel degelijk echte vacatures achter deze opleiding of jobbeurs, toch plaatsten we bij VDAB geen vacatures die leiden naar een opleiding of jobbeurs. Dit moet op de Agenda van de VDAB-site komen.  Procedure Servicelijn Plaats de vacature hangend Noteer in het toelichtingsveld dat het een vacature voor een opleiding of jobbeurs is Mail de melding van de vacature door naar slkennis Kennisbeheer neemt dit verder op"]], "link_ankers": [["https://intranet-rel1ldv.ops.vdab.be/faq/servicelijn/meldpunt-wg-wat-met-info-over-sollicitatiegedrag-van-een-werkzoekende", "Meldpunt wg: Wat met info over sollicitatiegedrag van een werkzoekende"], ["https://intranet-rel1ldv.ops.vdab.be/faq/servicelijn/4-opvolgen-en-beheer-van-een-vacature-algemene-info", "Opvolgen en beheer van een vacature: algemene info"]], "title_translation": "Response of job seekers to a vacancy.", "field_trefwoorden_name_translation": ["vacancies", "job seekers", "closed", "internet", "candidates"], "domain_name_translation": ["follow up on vacancies"], "category_name_translation": "Service line", "field_faq_summary_translation": "Information for the Service Line Consultants about the response of job seekers to a vacancy and the reasons.", "content_translation": [["Can VDAB check how many job seekers have viewed the vacancy on the internet?", "Yes, we also know how many times your vacancy has been consulted on the internet and how many people have applied via the internet. How to check? Procedure Service line: Search for the vacancy in Master Vac. and view \"online applications\" under the \"candidates\" flap. Here we see the names of candidates who have applied directly for the vacancy via the Internet. Below we see the number of consultations via the Internet."], ["Why is the response rate so low for some vacancies?", "Little response to a vacancy can have several causes: - There are no suitable candidates: for difficult profiles or bottleneck professions, this is often the case. - The profile is too difficult, there are too many and/or high requirements in the vacancy. - The description is unclear, insufficient or wrong. - The vacancy was closed. ..."], ["What can you do if the employer receives little or no response?", "Little or no response to a vacancy can have several causes: Do we distribute the vacancy correctly? Check the status of the vacancy; the status should be 'Active'. Is the vacancy clear/attractive? - Check whether the vacancy is attractive/clear enough for the job seekers. - Adjust the vacancy if necessary. Is the vacancy closed? For closed vacancies, i.e. without your address details, the response can be low. This procedure scares off some job seekers. - Consult with the employer whether 'open publication' is an option? - If yes: send an email to the dispatcher asking to publish the vacancy 'open'. - Also complete the line of succession. Is the vacancy already \"old\"? Job seekers often make selections on the most recently entered vacancies. => This can be done via the selection criterion \" vacancy online since: today or yesterday/last week \". None of the above causes apply to the vacancy? If the vacancy is qualitatively sound, but there is no or too little response, then it is probably a more difficult vacancy to fill (e.g. bottleneck profession). It is best for the regional experts to take mediation actions. Employer wants mediation actions? See related document 'Follow-up and management of a vacancy: general info', paragraph 'Employer wants active mediation for his vacancy?'"], ["Why does an employer get wrong candidates (wrong response)?", "Presumably the vacancy is not clearly drawn up or the predetermined conditions are too strict (or interpreted differently by job seekers). Procedure Service line Search for the vacancy. Go over the vacancy and adjust if necessary. In case of changes to a vacancy in the management of the region: send an email to the dispatcher. Supplement the follow-up line with the actions taken. Vacancy is managed in the region and WG wishes to discuss this with the vacancy broker in the region? Procedure Service line Search vacancy and check who is an administrator. Provide the telephone number or email the dispatcher with the details and question from the employer. Supplement the follow-up line with the actions taken."], ["What is the response to closed vacancies?", "With closed vacancies, the response rate can be low. Why? This procedure scares off some job seekers. The job seeker must first inquire with VDAB whether he is eligible for the vacancy. Only if he meets the conditions, he will receive the employer's address and vacancy."], ["Are job seekers obliged to apply to the employer?", "Referred job seekers are obliged to apply, but here there is always an interview with a VDAB supervisor who assesses whether the job seeker meets the requirements in the vacancy. When was a job seeker referred? The jobseekers are first and foremost obliged to accept the VDAB invitation for a vacancy interview with their VDAB supervisor. The mediator informs the jobseeker about the job offer, gauges the interest of the job seeker and takes into account the objective criteria of the vacancy. The mediator only refers the job seeker to the vacancy if his or her profile matches the vacancy requirements. If the jobseeker has been referred to a vacancy, he must apply according to the prescribed application procedure (by letter, offer in person, ...). If the profile of the job seeker does not match the question, there is no referral and the job seeker is not obliged to apply."], ["Employer reports unwillingness of applicants.", "See related document: 'WG Hotline: Employer reports job seeker's application behaviour'."], ["Notification of job seeker about vacancy for a training or job fair", "Probably there are real vacancies behind this training or job fair, yet at VDAB we did not post vacancies that lead to a training or job fair. This should be on the Agenda of the VDAB site.  Procedure Service line Post the vacancy hanging Note in the explanation field that it is a vacancy for a training or job fair Mail the notification of the vacancy to knowledge Knowledge management takes this further"]], "document": "Respons van werkzoekenden op een vacature. \n\n Informatie voor de Servicelijnconsulenten over de respons van werkzoekenden op een vacature en de redenen. \n\n Vraag aan de VDAB consulent: Kan VDAB nagaan hoeveel werkzoekenden de vacature hebben bekeken op internet?? \n Antwoord of Actie: Ja, we weten ook hoeveel keer uw vacature geraadpleegd werd op het internet en hoeveel personen er via internet gesolliciteerd hebben. Hoe nakijken? Procedure Servicelijn: Zoek de vacature in Master Vac. en bekijk \"online sollicitaties\" onder de flap 'kandidaten'. Hier zien we de namen van kandidaten die via het internet rechtstreeks op de vacature hebben gesolliciteerd. Hieronder zien we het aantal raadplegingen via internet. \n\n Vraag aan de VDAB consulent: Waarom is bij sommige vacatures de respons zo laag?? \n Antwoord of Actie: Weinig respons op een vacature kan verschillende oorzaken hebben: - Er zijn geen geschikte kandidaten: voor moeilijke profielen of knelpuntberoepen is dat vaak zo. - Het profiel is te moeilijk, er staan te veel en/of hoge eisen in de vacature. - De omschrijving is onduidelijk, onvoldoende of verkeerd. - De vacature werd gesloten geplaatst. ... \n\n Vraag aan de VDAB consulent: Wat kan je doen als de werkgever geen of weinig respons krijgt?? \n Antwoord of Actie: Weinig of geen respons op een vacature kan verschillende oorzaken hebben: Verspreiden we de vacature correct? Controleer de status van de vacature; de status moet op 'Actief' staan. Is de vacature duidelijk/aantrekkelijk? - Controleer of de vacature aantrekkelijk/duidelijk genoeg is voor de werkzoekenden. - Pas de vacature zonodig aan. Staat de vacature gesloten? Bij gesloten vacatures, dus zonder uw adresgegevens, kan de respons laag zijn. Deze procedure schrikt sommige werkzoekenden af. - Overleg met de werkgever of 'open publicatie' een optie is? - Indien ja: stuur een mail naar de dispatcher met de vraag om de vacature 'open' te publiceren. - Vul tevens de opvolgingslijn aan. Is de vacature al \"oud\"? Werkzoekenden maken vaak selecties op de meest recent ingevoerde vacatures. => Dit kan via het selectiecriterium \" vacature online sinds: vandaag of gisteren/voorbije week  \". Geen van bovenstaande oorzaken is van toepassing op de vacature? Indien de vacature kwalitatief in orde is, maar er komt toch geen/ te weinig respons, dan gaat het waarschijnlijk om een moeilijker in te vullen vacature (bv. knelpuntberoep). De regionale experten ondernemen dan best bemiddelingsacties. Werkgever wenst bemiddelingsacties? Zie gerelateerd document 'Opvolgen en beheer van een vacature: algemene info', alinea 'Werkgever wil actieve bemiddeling voor zijn vacature?' \n\n Vraag aan de VDAB consulent: Waarom krijgt een werkgever verkeerde kandidaten (foute respons)?? \n Antwoord of Actie: Vermoedelijk is de vacature niet duidelijk opgesteld of zijn de vooropgestelde voorwaarden te streng (of anders geinterpreteerd door werkzoekenden). Procedure Servicelijn Zoek de vacature op. Overloop de vacature en pas eventueel aan. Bij aanpassingen van een vacature in beheer van de regio: stuur een mail naar de dispatcher. Vul de opvolgingslijn aan met de ondernomen acties. Vacature is in beheer regio en WG wenst dit met de vacaturebemiddelaar in de regio te bespreken? Procedure Servicelijn Zoek vacature op en kijk na wie beheerder is. Geef het telefoonnummer mee of mail naar de dispatcher met de gegevens en vraag van werkgever. Vul de opvolgingslijn aan met de ondernomen acties. \n\n Vraag aan de VDAB consulent: Hoe is de respons bij gesloten vacatures?? \n Antwoord of Actie: Bij gesloten vacatures kan de respons laag zijn. Waarom? Deze procedure schrikt sommige werkzoekenden af. De werkzoekende moet eerst bij VDAB informeren of hij in aanmerking komt voor de vacature. Slechts indien hij voldoet aan de voorwaarden, krijgt hij de werkgever zijn adres en vacature mee. \n\n Vraag aan de VDAB consulent: Zijn werkzoekenden verplicht om te solliciteren bij de werkgever?? \n Antwoord of Actie: Verwezen werkzoekenden zijn verplicht te solliciteren, maar hier gaat altijd een gesprek vooraf met een VDAB-begeleider die peilt of de werkzoekende wel voldoet aan de vereisten in de vacature. Wanneer is een werkzoekende verwezen? De werkzoekenden zijn eerst en vooral verplicht om in te gaan op de VDAB-uitnodiging voor een vacaturegesprek bij hun VDAB-begeleider. De bemiddelaar informeert de werkzoekende over de werkaanbieding, peilt naar de interesse van de werkzoekende en houdt hierbij rekening met de objectieve criteria van de vacature. De bemiddelaar verwijst de werkzoekende enkel op de vacature indien zijn of haar profiel overeenkomt met de vacaturevereisten. Indien de werkzoekende is verwezen op een vacature, moet hij solliciteren en dit volgens de voorgeschreven sollicitatieprocedure (per brief, persoonlijk aanbieden, ...). Komt het profiel van de werkzoekende niet overeen met de vraag, volgt er geen verwijzing en is de werkzoekende niet verplicht om te solliciteren. \n\n Vraag aan de VDAB consulent: Werkgever meldt onwilligheid van sollicitanten.? \n Antwoord of Actie: Zie gerelateerd document: ' Meldpunt WG: Werkgever meldt sollicitatiegedrag van werkzoekende '. \n\n Vraag aan de VDAB consulent: Melding werkzoekende over vacature voor een opleiding of jobbeurs? \n Antwoord of Actie: Waarschijnlijk zitten er wel degelijk echte vacatures achter deze opleiding of jobbeurs, toch plaatsten we bij VDAB geen vacatures die leiden naar een opleiding of jobbeurs. Dit moet op de Agenda van de VDAB-site komen.  Procedure Servicelijn Plaats de vacature hangend Noteer in het toelichtingsveld dat het een vacature voor een opleiding of jobbeurs is Mail de melding van de vacature door naar slkennis Kennisbeheer neemt dit verder op \n\n Categorie: Servicelijn \n\n Domein: vacatures opvolgen \n\n Tags: kandidaten, gesloten, vacatures, internet, werkzoekenden \n\n Url: https://intranet-rel1ldv.ops.vdab.be/faq/servicelijn/respons-van-werkzoekenden-op-een-vacature \n\n Volgende paginas: Meldpunt wg: Wat met info over sollicitatiegedrag van een werkzoekende, via https://intranet-rel1ldv.ops.vdab.be/faq/servicelijn/meldpunt-wg-wat-met-info-over-sollicitatiegedrag-van-een-werkzoekende - Opvolgen en beheer van een vacature: algemene info, via https://intranet-rel1ldv.ops.vdab.be/faq/servicelijn/4-opvolgen-en-beheer-van-een-vacature-algemene-info \n\n Type: intranet", "document_translation": "Response of job seekers to a vacancy. \n\n Information for the Service Line Consultants about the response of job seekers to a vacancy and the reasons. \n\n Question for the VDAB counselor: Can VDAB check how many job seekers have viewed the vacancy on the internet?? \n Answer or Action: Yes, we also know how many times your vacancy has been consulted on the internet and how many people have applied via the internet. How to check? Procedure Service line: Search for the vacancy in Master Vac. and view \"online applications\" under the \"candidates\" flap. Here we see the names of candidates who have applied directly for the vacancy via the Internet. Below we see the number of consultations via the Internet. \n\n Question for the VDAB counselor: Why is the response rate so low for some vacancies?? \n Answer or Action: Little response to a vacancy can have several causes: - There are no suitable candidates: for difficult profiles or bottleneck professions, this is often the case. - The profile is too difficult, there are too many and/or high requirements in the vacancy. - The description is unclear, insufficient or wrong. - The vacancy was closed. ... \n\n Question for the VDAB counselor: What can you do if the employer receives little or no response?? \n Answer or Action: Little or no response to a vacancy can have several causes: Do we distribute the vacancy correctly? Check the status of the vacancy; the status should be 'Active'. Is the vacancy clear/attractive? - Check whether the vacancy is attractive/clear enough for the job seekers. - Adjust the vacancy if necessary. Is the vacancy closed? For closed vacancies, i.e. without your address details, the response can be low. This procedure scares off some job seekers. - Consult with the employer whether 'open publication' is an option? - If yes: send an email to the dispatcher asking to publish the vacancy 'open'. - Also complete the line of succession. Is the vacancy already \"old\"? Job seekers often make selections on the most recently entered vacancies. => This can be done via the selection criterion \" vacancy online since: today or yesterday/last week \". None of the above causes apply to the vacancy? If the vacancy is qualitatively sound, but there is no or too little response, then it is probably a more difficult vacancy to fill (e.g. bottleneck profession). It is best for the regional experts to take mediation actions. Employer wants mediation actions? See related document 'Follow-up and management of a vacancy: general info', paragraph 'Employer wants active mediation for his vacancy?' \n\n Question for the VDAB counselor: Why does an employer get wrong candidates (wrong response)?? \n Answer or Action: Presumably the vacancy is not clearly drawn up or the predetermined conditions are too strict (or interpreted differently by job seekers). Procedure Service line Search for the vacancy. Go over the vacancy and adjust if necessary. In case of changes to a vacancy in the management of the region: send an email to the dispatcher. Supplement the follow-up line with the actions taken. Vacancy is managed in the region and WG wishes to discuss this with the vacancy broker in the region? Procedure Service line Search vacancy and check who is an administrator. Provide the telephone number or email the dispatcher with the details and question from the employer. Supplement the follow-up line with the actions taken. \n\n Question for the VDAB counselor: What is the response to closed vacancies?? \n Answer or Action: With closed vacancies, the response rate can be low. Why? This procedure scares off some job seekers. The job seeker must first inquire with VDAB whether he is eligible for the vacancy. Only if he meets the conditions, he will receive the employer's address and vacancy. \n\n Question for the VDAB counselor: Are job seekers obliged to apply to the employer?? \n Answer or Action: Referred job seekers are obliged to apply, but here there is always an interview with a VDAB supervisor who assesses whether the job seeker meets the requirements in the vacancy. When was a job seeker referred? The jobseekers are first and foremost obliged to accept the VDAB invitation for a vacancy interview with their VDAB supervisor. The mediator informs the jobseeker about the job offer, gauges the interest of the job seeker and takes into account the objective criteria of the vacancy. The mediator only refers the job seeker to the vacancy if his or her profile matches the vacancy requirements. If the jobseeker has been referred to a vacancy, he must apply according to the prescribed application procedure (by letter, offer in person, ...). If the profile of the job seeker does not match the question, there is no referral and the job seeker is not obliged to apply. \n\n Question for the VDAB counselor: Employer reports unwillingness of applicants.? \n Answer or Action: See related document: 'WG Hotline: Employer reports job seeker's application behaviour'. \n\n Question for the VDAB counselor: Notification of job seeker about vacancy for a training or job fair? \n Answer or Action: Probably there are real vacancies behind this training or job fair, yet at VDAB we did not post vacancies that lead to a training or job fair. This should be on the Agenda of the VDAB site.  Procedure Service line Post the vacancy hanging Note in the explanation field that it is a vacancy for a training or job fair Mail the notification of the vacancy to knowledge Knowledge management takes this further \n\n Category: Service line \n\n Domain: follow up on vacancies \n\n Tags: vacancies, job seekers, closed, internet, candidates \n\n Url: https://intranet-rel1ldv.ops.vdab.be/faq/servicelijn/respons-van-werkzoekenden-op-een-vacature \n\n Next pages: Meldpunt wg: Wat met info over sollicitatiegedrag van een werkzoekende, via https://intranet-rel1ldv.ops.vdab.be/faq/servicelijn/meldpunt-wg-wat-met-info-over-sollicitatiegedrag-van-een-werkzoekende - Opvolgen en beheer van een vacature: algemene info, via https://intranet-rel1ldv.ops.vdab.be/faq/servicelijn/4-opvolgen-en-beheer-van-een-vacature-algemene-info \n\n Type: intranet"}