{"title": "Tab Klantenportret", "type": "intranet", "field_trefwoorden_name": ["overzicht", "mlb", "mijn loopbaan"], "domain_name": ["tab klantenportret"], "category_name": "Servicelijn", "field_faq_summary": "Verzamelde info mbt de overzichtspagina 'klantenportret'", "url": "https://intranet-rel1ldv.ops.vdab.be/faq/servicelijn/tab-klantenportret", "content": [["Wat is het Klantenportret?", "De eerste pagina die je als bemiddelaar ziet bij het openen van een dossier in Mijn Loopbaan.  Met een overzicht van de belangrijkste gegevens over de klant: tijdslijn, knipperlichten, loopbaangegevens, .. en kan er doorklikken naar de verschillende tabs in het dossier. "], ["Waar staat het Klantenportret?", "Het is de eerste tab in MLB bemiddelaar.  Het dossier opent er automatisch mee Niet zichtbaar in het account van de klant"], ["Blokken op het klantenportret", "Doorklikken kan vanaf elk onderdeel naar de achterliggende pagina in MLB. Blok boven -  t oekomst: Acties (afspraak, opdracht) met een deadline of timing in de toekomst Blok midden - blauw - vandaag: Een overzicht van de dienstverlening van de klant op dit moment, bijvoorbeeld: de hulpvragen die de klant aanvinkte als hij zich online inschreef   de melding 'drempels tot de arbeidsmarkt' diensten die voor de klant zijn aangemaakt de vooruitgang van het digitaal startpakket services (ook wijk-werken) informatie over de inschatting transmissiegegevens  opdrachten met deadline vandaag/ zonder deadline/ deadline in het verleden en niet afgewerkt sollicitatieopdrachten Blok onder - verleden: Alle contacten die de klant had met VDAB met een deadline of timing in het verleden."], ["Links - de tijdlijn:", "Toont de dienst (de tandwieltjes) en de actuele status (de handjes) waarin de klant zit of wat de eindstatus is. "], ["INOS: De bemiddelingsdienst en de status", "Je kan het verslag niet meer nalezen op het klantenportret. Klik op de status van de bemiddelingsdienst (de handjes). Dit brengt je naar 'Nieuwe dienstverlening > Verslaggeving'."], ["INOS: Nalezen verslag", "Minder gebonden aan timing/ deadlines. Doorklikken naar achterliggende pagina in MLB kan ook.  Knipperlichten Maximaal 4 knipperlichten (inclusief OLA-banner) zichtbaar. Als er meer zijn, staat er een knop 'toon meer'.  Gewenste jobs / Zoekgedrag / Nog niet gewenste jobs Toont de verhouding tussen gewenste jobs in het dossier en klikgedrag van de burger mbt tot vacatures (die nog niet bij gewenste jobs staan).  Lees hier meer. Vacatures en sollicitaties De matching.  De vacatures op maat, de bewaarde vacatures, de lopende sollicitaties en de bewaarde zoekopdrachten. Dimona De laatste tewerkstelling van de klant. Opgelet: enkel zichtbaar onder bepaalde voorwaarden (*). Als de klant niet aan die voorwaarden voldoet, staat er de melding: 'Er werden geen tewerkstellingen gevonden' In de flap 'Loopbaangegevens' staat wel alles.   Achtergrondinfo: Alleen Dimona-gegevens zichtbaar:  van klanten die werkloos zijn, of niet langer dan 15 maand geleden werkloos waren,  van klanten die loopbaancheques aangevraagd hebben, uit werknemerscontracten, dus geen info over activiteiten als zelfstandige of mutualiteitsgegevens. Studieverleden Maximaal de drie hoogst behaalde diploma's.  Gegevens uit de Leer- en ErvaringsDatabank (LED) krijgen voorrang. Hebben we die niet dan tonen we de gegevens zoals de klant zelf heeft ingegeven in MLB. Talenkennis: Altijd eerst de kennis van het Nederlands (ook als het 'geen kennis' is). Daaronder de talen waarvoor de klant een score ingaf. Rijbewijs: Een oplijsting van de rijbewijzen. Een link naar de rubriek in Mijn Loopbaan."], ["Rechts - de persoonsgegevens:", "Toont het zoekgedrag van de klant (het aantal kliks op een vacature), Is er een beroependetailpagina voor de functie, dan kan je er naar doorklikken Toont of de job al bij 'gewenste jobs' staat. Al bij gewenste jobs: toont ook de ervaring van de klant, en het aantal vacatures dat nu matcht. Nog niet in gewenste jobs: Door klikken op 'plus-teken' > mogelijkheid om toe te voegen. "], ["Het blok 'zoekgedrag':", "Toont de antwoorden die de klant bij de zelfinschatting in de inschrijvingswizard heeft gegeven.    Achtergrondinfo: De zelfinschatting zijn de vragen in stap 7 van de inschrijvingswizard: 7. Tot slot, is er iets waarmee we je nu al kunnen helpen? Op basis van wat je aanvinkt, krijg je tips.  Nederlands  Digitale vaardigheden  Joborientering  Cv opstellen  Solliciteren  Opleiding  Andere  Ik heb (nog) geen hulp nodig"], ["Zelfinschatting", "Dat kan.  Dan was er de voorbije 18 maanden geen actieve dienstverlening in dat dossier.  Achtergrondinfo: Om in orde te zijn met de privacy-wetgeving, zien we van die dossiers geen klantenportret. Mijn Loopbaan opent dan met de persoonsgegevens van de klant.  "], ["Technisch", "Dat klopt.  Procedure Servicelijn: Open in Chrome."], ["Een dossier start niet op met het klantenportret, maar met de persoonsgegevens:", "Dat kan door klikken op het onderdeel in het klantenportret. "]], "title_translation": "Customer Portrait tab", "field_trefwoorden_name_translation": ["overview", "my career", "mlb"], "domain_name_translation": ["customer portrait tab"], "category_name_translation": "Service line", "field_faq_summary_translation": "Information collected regarding the overview page 'customer portrait'", "content_translation": [["What is the Customer Portrait?", "The first page you see as a mediator when opening a file in My Career.  With an overview of the most important data about the customer: timeline, flashing lights, career data, .. and can click through to the different tabs in the file."], ["Where is the Customer Portrait?", "It is the first tab in MLB mediator.  The file opens automatically Not visible in the customer's account"], ["Blocks on the customer portrait", "You can click through from any part to the underlying page in MLB. Block above - t oecome: Actions (appointment, assignment) with a deadline or timing in the future Block middle - blue - today: An overview of the customer's services at the moment, for example: the requests for help that the customer ticked when he registered online the notification 'thresholds to the labor market' services created for the customer the progress of the digital starter package services (also district works) information about the estimation of transmission data assignments with deadline today/ without deadline/ deadline in the past and unfinished application assignments Block under - past: All contacts the client had with VDAB with a deadline or timing in the past."], ["Left - the timeline: Shows the service (the", "gears) and the current status (the hands) in which the customer is sitting or what the final status is."], ["INOS: The mediation service and the status", "You can no longer read the report on the customer portrait. Click on the status of the mediation service (the hands). This will take you to 'New Services > Reporting'."], ["INOS: Reread report", "Less tied to timing/deadlines. You can also click through to the underlying page in MLB.  Flashing lights Up to 4 flashing lights (including OLA banner) visible. If there are more, there is a 'show more' button.  Desired jobs / Search behavior / Not yet desired jobs Shows the ratio between desired jobs in the file and click behavior of the citizen with regard to vacancies (which are not yet listed among desired jobs).  Read more here. Vacancies and applications The matching.  The tailor-made vacancies, the saved vacancies, the current applications and the saved searches. Dimona The last employment of the customer. Attention: only visible under certain conditions (*). If the customer does not meet these conditions, there is the message: 'No employment was found' The 'Career data' flap does contain everything.   Background information: Only Dimona data visible: of customers who are unemployed, or were unemployed no more than 15 months ago, of customers who have applied for career vouchers, from employee contracts, so no information about activities as a self-employed person or health insurance data. Study history Maximum of the three highest diplomas obtained.  Data from the Learning and Experience Database (LED) is given priority. If we do not have this, we show the data as the customer has entered in MLB. Language skills: Always first the knowledge of Dutch (even if it is 'no knowledge'). Below this are the languages for which the customer entered a score. Driver's license: A list of the driver's licenses. A link to the section in My Career."], ["Right - the personal data: Shows the", "search behavior of the customer (the number of clicks on a vacancy), If there is a profession detail page for the position, you can click through to it Shows whether the job is already listed under 'desired jobs'. Already with desired jobs: also shows the experience of the customer, and the number of vacancies that match now. Not yet in desired jobs: By clicking on 'plus sign' > possibility to add."], ["The 'search behavior' block:", "Shows the answers that the customer gave during the self-assessment in the enrollment wizard.    Background info: The self-assessment are the questions in step 7 of the enrollment wizard: 7. Finally, is there anything we can help you with right now? Based on what you tick, you'll get tips.  Dutch Digital skills Job orientation Drafting CV Applying Training Other I don't need help (yet)"], ["Self-assessment", "That's possible.  Then there was no active service in that file for the past 18 months.  Background information: In order to comply with the privacy legislation, we do not see a customer portrait of these files. My Career then opens with the customer's personal data."], ["Technically", "That's right.  Service Line Procedure: Open in Chrome."], ["A file does not start with the customer portrait, but with the personal data:", "This can be done by clicking on the part in the customer portrait."]], "document": "Tab Klantenportret \n\n Verzamelde info mbt de overzichtspagina 'klantenportret' \n\n Vraag aan de VDAB consulent: Wat is het Klantenportret?? \n Antwoord of Actie: De eerste pagina die je als bemiddelaar ziet bij het openen van een dossier in Mijn Loopbaan.  Met een overzicht van de belangrijkste gegevens over de klant: tijdslijn, knipperlichten, loopbaangegevens, .. en kan er doorklikken naar de verschillende tabs in het dossier.  \n\n Vraag aan de VDAB consulent: Waar staat het Klantenportret?? \n Antwoord of Actie: Het is de eerste tab in MLB bemiddelaar.  Het dossier opent er automatisch mee Niet zichtbaar in het account van de klant \n\n Vraag aan de VDAB consulent: Blokken op het klantenportret? \n Antwoord of Actie: Doorklikken kan vanaf elk onderdeel naar de achterliggende pagina in MLB. Blok boven -  t oekomst: Acties (afspraak, opdracht) met een deadline of timing in de toekomst Blok midden - blauw - vandaag: Een overzicht van de dienstverlening van de klant op dit moment, bijvoorbeeld: de hulpvragen die de klant aanvinkte als hij zich online inschreef   de melding 'drempels tot de arbeidsmarkt' diensten die voor de klant zijn aangemaakt de vooruitgang van het digitaal startpakket services (ook wijk-werken) informatie over de inschatting transmissiegegevens  opdrachten met deadline vandaag/ zonder deadline/ deadline in het verleden en niet afgewerkt sollicitatieopdrachten Blok onder - verleden: Alle contacten die de klant had met VDAB met een deadline of timing in het verleden. \n\n Vraag aan de VDAB consulent: Links - de tijdlijn:? \n Antwoord of Actie: Toont de dienst (de tandwieltjes) en de actuele status (de handjes) waarin de klant zit of wat de eindstatus is.  \n\n Vraag aan de VDAB consulent: INOS: De bemiddelingsdienst en de status? \n Antwoord of Actie: Je kan het verslag niet meer nalezen op het klantenportret. Klik op de status van de bemiddelingsdienst (de handjes). Dit brengt je naar 'Nieuwe dienstverlening > Verslaggeving'. \n\n Vraag aan de VDAB consulent: INOS: Nalezen verslag? \n Antwoord of Actie: Minder gebonden aan timing/ deadlines. Doorklikken naar achterliggende pagina in MLB kan ook.  Knipperlichten Maximaal 4 knipperlichten (inclusief OLA-banner) zichtbaar. Als er meer zijn, staat er een knop 'toon meer'.  Gewenste jobs / Zoekgedrag / Nog niet gewenste jobs Toont de verhouding tussen gewenste jobs in het dossier en klikgedrag van de burger mbt tot vacatures (die nog niet bij gewenste jobs staan).  Lees hier meer. Vacatures en sollicitaties De matching.  De vacatures op maat, de bewaarde vacatures, de lopende sollicitaties en de bewaarde zoekopdrachten. Dimona De laatste tewerkstelling van de klant. Opgelet: enkel zichtbaar onder bepaalde voorwaarden (*). Als de klant niet aan die voorwaarden voldoet, staat er de melding: 'Er werden geen tewerkstellingen gevonden' In de flap 'Loopbaangegevens' staat wel alles.   Achtergrondinfo: Alleen Dimona-gegevens zichtbaar:  van klanten die werkloos zijn, of niet langer dan 15 maand geleden werkloos waren,  van klanten die loopbaancheques aangevraagd hebben, uit werknemerscontracten, dus geen info over activiteiten als zelfstandige of mutualiteitsgegevens. Studieverleden Maximaal de drie hoogst behaalde diploma's.  Gegevens uit de Leer- en ErvaringsDatabank (LED) krijgen voorrang. Hebben we die niet dan tonen we de gegevens zoals de klant zelf heeft ingegeven in MLB. Talenkennis: Altijd eerst de kennis van het Nederlands (ook als het 'geen kennis' is). Daaronder de talen waarvoor de klant een score ingaf. Rijbewijs: Een oplijsting van de rijbewijzen. Een link naar de rubriek in Mijn Loopbaan. \n\n Vraag aan de VDAB consulent: Rechts - de persoonsgegevens:? \n Antwoord of Actie: Toont het zoekgedrag van de klant (het aantal kliks op een vacature), Is er een beroependetailpagina voor de functie, dan kan je er naar doorklikken Toont of de job al bij 'gewenste jobs' staat. Al bij gewenste jobs: toont ook de ervaring van de klant, en het aantal vacatures dat nu matcht. Nog niet in gewenste jobs: Door klikken op 'plus-teken' > mogelijkheid om toe te voegen.  \n\n Vraag aan de VDAB consulent: Het blok 'zoekgedrag':? \n Antwoord of Actie: Toont de antwoorden die de klant bij de zelfinschatting in de inschrijvingswizard heeft gegeven.    Achtergrondinfo: De zelfinschatting zijn de vragen in stap 7 van de inschrijvingswizard: 7. Tot slot, is er iets waarmee we je nu al kunnen helpen? Op basis van wat je aanvinkt, krijg je tips.  Nederlands  Digitale vaardigheden  Joborientering  Cv opstellen  Solliciteren  Opleiding  Andere  Ik heb (nog) geen hulp nodig \n\n Vraag aan de VDAB consulent: Zelfinschatting? \n Antwoord of Actie: Dat kan.  Dan was er de voorbije 18 maanden geen actieve dienstverlening in dat dossier.  Achtergrondinfo: Om in orde te zijn met de privacy-wetgeving, zien we van die dossiers geen klantenportret. Mijn Loopbaan opent dan met de persoonsgegevens van de klant.   \n\n Vraag aan de VDAB consulent: Technisch? \n Antwoord of Actie: Dat klopt.  Procedure Servicelijn: Open in Chrome. \n\n Vraag aan de VDAB consulent: Een dossier start niet op met het klantenportret, maar met de persoonsgegevens:? \n Antwoord of Actie: Dat kan door klikken op het onderdeel in het klantenportret. \n\n Categorie: Servicelijn \n\n Domein: tab klantenportret \n\n Tags: overzicht, mlb, mijn loopbaan \n\n Url: https://intranet-rel1ldv.ops.vdab.be/faq/servicelijn/tab-klantenportret \n\n Type: intranet", "document_translation": "Customer Portrait tab \n\n Information collected regarding the overview page 'customer portrait' \n\n Question for the VDAB counselor: What is the Customer Portrait?? \n Answer or Action: The first page you see as a mediator when opening a file in My Career.  With an overview of the most important data about the customer: timeline, flashing lights, career data, .. and can click through to the different tabs in the file. \n\n Question for the VDAB counselor: Where is the Customer Portrait?? \n Answer or Action: It is the first tab in MLB mediator.  The file opens automatically Not visible in the customer's account \n\n Question for the VDAB counselor: Blocks on the customer portrait? \n Answer or Action: You can click through from any part to the underlying page in MLB. Block above - t oecome: Actions (appointment, assignment) with a deadline or timing in the future Block middle - blue - today: An overview of the customer's services at the moment, for example: the requests for help that the customer ticked when he registered online the notification 'thresholds to the labor market' services created for the customer the progress of the digital starter package services (also district works) information about the estimation of transmission data assignments with deadline today/ without deadline/ deadline in the past and unfinished application assignments Block under - past: All contacts the client had with VDAB with a deadline or timing in the past. \n\n Question for the VDAB counselor: Left - the timeline: Shows the service (the? \n Answer or Action: gears) and the current status (the hands) in which the customer is sitting or what the final status is. \n\n Question for the VDAB counselor: INOS: The mediation service and the status? \n Answer or Action: You can no longer read the report on the customer portrait. Click on the status of the mediation service (the hands). This will take you to 'New Services > Reporting'. \n\n Question for the VDAB counselor: INOS: Reread report? \n Answer or Action: Less tied to timing/deadlines. You can also click through to the underlying page in MLB.  Flashing lights Up to 4 flashing lights (including OLA banner) visible. If there are more, there is a 'show more' button.  Desired jobs / Search behavior / Not yet desired jobs Shows the ratio between desired jobs in the file and click behavior of the citizen with regard to vacancies (which are not yet listed among desired jobs).  Read more here. Vacancies and applications The matching.  The tailor-made vacancies, the saved vacancies, the current applications and the saved searches. Dimona The last employment of the customer. Attention: only visible under certain conditions (*). If the customer does not meet these conditions, there is the message: 'No employment was found' The 'Career data' flap does contain everything.   Background information: Only Dimona data visible: of customers who are unemployed, or were unemployed no more than 15 months ago, of customers who have applied for career vouchers, from employee contracts, so no information about activities as a self-employed person or health insurance data. Study history Maximum of the three highest diplomas obtained.  Data from the Learning and Experience Database (LED) is given priority. If we do not have this, we show the data as the customer has entered in MLB. Language skills: Always first the knowledge of Dutch (even if it is 'no knowledge'). Below this are the languages for which the customer entered a score. Driver's license: A list of the driver's licenses. A link to the section in My Career. \n\n Question for the VDAB counselor: Right - the personal data: Shows the? \n Answer or Action: search behavior of the customer (the number of clicks on a vacancy), If there is a profession detail page for the position, you can click through to it Shows whether the job is already listed under 'desired jobs'. Already with desired jobs: also shows the experience of the customer, and the number of vacancies that match now. Not yet in desired jobs: By clicking on 'plus sign' > possibility to add. \n\n Question for the VDAB counselor: The 'search behavior' block:? \n Answer or Action: Shows the answers that the customer gave during the self-assessment in the enrollment wizard.    Background info: The self-assessment are the questions in step 7 of the enrollment wizard: 7. Finally, is there anything we can help you with right now? Based on what you tick, you'll get tips.  Dutch Digital skills Job orientation Drafting CV Applying Training Other I don't need help (yet) \n\n Question for the VDAB counselor: Self-assessment? \n Answer or Action: That's possible.  Then there was no active service in that file for the past 18 months.  Background information: In order to comply with the privacy legislation, we do not see a customer portrait of these files. My Career then opens with the customer's personal data. \n\n Question for the VDAB counselor: Technically? \n Answer or Action: That's right.  Service Line Procedure: Open in Chrome. \n\n Question for the VDAB counselor: A file does not start with the customer portrait, but with the personal data:? \n Answer or Action: This can be done by clicking on the part in the customer portrait. \n\n Category: Service line \n\n Domain: customer portrait tab \n\n Tags: overview, my career, mlb \n\n Url: https://intranet-rel1ldv.ops.vdab.be/faq/servicelijn/tab-klantenportret \n\n Type: intranet"}