{"title": "Controle: De sanctie", "type": "intranet", "field_trefwoorden_name": ["beroep", "schorsing", "duplicaat", "controledienst", "klacht", "sanctie", "ocmw", "vrijstelling", "vakbond", "uitbetalingsinstelling"], "domain_name": ["controle"], "category_name": "Servicelijn", "field_faq_summary": "Info over de sanctie die de Controledienst kan opleggen aan werkzoekenden, voor Servicelijnmedewerkers", "url": "https://intranet-rel1ldv.ops.vdab.be/faq/servicelijn/controle-de-sanctie", "content": [["Wie doet wat?", "De Controledienst  (CODI) beslist over het type en de duur van de sanctie. RVA  is verantwoordelijk voor het uitvoeren van de sanctie. Zij betalen immers de uitkering.  Ze kunnen  niet beslissen om de sanctie niet uit te voeren of de sanctiemaat te wijzigen.  Wanneer de sanctie in gaat en RVA stopt met uitbetalen, is vastgelegd in afspraken met VDAB. RVA kan  daarvan slechts afwijken bij gegronde redenen.  "], ["Wanneer gaat de sanctie in?", "Op de maandag van de 4e week volgend op de week dat CODI sanctioneerde. Dit is zo afgesproken met RVA.  Bijv. CODI legt op dinsdag 31 mei een sanctie op. De sanctie gaat in op maandag 27 juni. RVA voert later of op een ander moment uit wanneer: meerdere schorsingen van het recht op uitkering tegelijk ingaan. Dan telt RVA de periodes op om tot de uiteindelijke duur van de sanctie te komen. een schorsing moet ingaan terwijl nog een andere uitsluiting loopt. Dan sluit de 2e schorsing aan op de de 1ste. de wz arbeidsongeschikt of ziek is. De schorsing gaat in na de periode van ziekte of arbeidsongeschiktheid.(*) Procedure Servicelijn De wz wil weten van en tot wanneer hij geen uitkering zal ontvangen - Verwijs naar RVA of de uitbetalingsinstelling. (*) Uitzondering De sanctie loopt wel tijdens bevallingsrust en een periode van arbeidsongeschiktheid na een arbeidsongeval of beroepsziekte."], ["Welke sancties kan de controledienst opleggen?", "verwittiging schorsing van de uitkering voor x-aantal weken schorsing van de uitkering van x-aantal weken met uitstel (uitstel voor of na de sanctie) uitsluiting van het recht op uitkeringen vermindering van uitkeringen met x-aantal weken vermindering van uitkeringen voor 6 maanden gevolgd door uitsluiting   De reden voor de transmissie bepaalt het type van de sanctie. De sanctiemaat (duur) is gebaseerd op een sanctievork. Per inbreuk is er een onder- en bovengrens. De maat is onder andere afhankelijk van de feiten die voorliggen en eerdere sancties. Werd een wz in de voorbije 2 jaar al geschorst, dan duurt een volgende schorsing langer. Achtergrondinfo : De sancties en sanctiematen zijn opgemaakt op basis van de federale werkloosheidsreglementering. CODI is dus gebonden aan regels waar binnen ze een beperkte vrijheid hebben. Opgelet De Servicelijn spreekt zich nooit uit over de sanctie die een wz kan krijgen en oordeelt niet over een gekregen sanctie. "], ["Wat is een sanctie tot wedertoelaatbaarheid / uitsluiting voor onbepaalde duur", "De klant krijgt geen werkloosheidsuitkering meer tot hij opnieuw voldoende dagen gewerkt heeft om het recht op uitkering te openen. Hoeveel dagen een werkzoekende moet werken om dat recht te openen, is RVA-materie.  Procedure Servicelijn Vragen over het recht op uitkering? Verwijs naar RVA of UI. Vragen over de beslissing tot uitsluiting? Verwijs naar CODI als zij beslisten. In dat geval staat er een transmissie met de beslissing in het dossier > tab Transmissie. RVA  of UI als RVA besliste. Dit vind je niet terug in het dossier.  In welke categorie de klant mag staan, lees je in  Kreeg sanctie tot wedertoelaatbaarheid / uitsluiting voor onbepaalde duur"], ["CODI informeert over de beslissing met een beslissingsbrief", "Met een brief: aangetekend voor een beslissing met gevolg. M.a.w. de wz krijgt een sanctie. met de gewone post als er geen gevolg is of de transmissie onontvankelijk is. In de brief staat wat de sanctie is en hoelang een eventuele schorsing duurt. Er staat niet in wanneer RVA de sanctie uitvoert, wanneer ze dus stoppen met  betalen van de  uitkering. Een werkzoekende kan een duplicaat vragen aan CODI, zie  Contact opnemen met de Controledienst . Interne info Een voorbeeld vind je als bijlage bij de Intranetpagina Wat na transmissie: dienstverlening voor, tijdens en na sanctie of uitsluiting ."], ["Kan wz beslissingsbrief in het Frans krijgen?", "Ja, als hij in een faciliteitengemeente woont en na het ontvangen van de Nederlandstalige versie, expliciet naar de Franstalige vraagt. Het overzicht van faciliteitengemeenten vind je onder deze alinea. Het team dat de beslissing nam, stuurt de Franstalige versie op naar de wz. Procedure Servicelijn Geef de wz de gegevens van het juiste team. Je vindt de link in  Contact opnemen met de Controledienst . OF Vraag zelf de Franstalige versie aan via Backoffice Controledienst: Ga naar Intranet. Klik op 'Voor de klant' - 'Backoffice' - 'Controledienst' - 'Nieuwe aanvraag indienen' - '5. Duplicaat beslissingsbrief'. Kies het juiste team en vul de velden in. Let op: je moet de datum invullen dat CODI de beslissing nam. Dit vind je terug in het MLB-dossier in de tab 'Transmissie'. Vermeld dat de wz in een faciliteitengemeente woont, en de beslissing in het Frans wil ontvangen."], ["Kan wz duplicaat van de beslissingbrief krijgen?", "Ja Het team dat de beslissing nam, kan de wz een duplicaat bezorgen. Ze doen dit altijd per brief via de post, niet per mail. Procedure Servicelijn Geef de wz de gegevens van het juiste team. Je vindt de link in  Contact opnemen met de Controledienst . OF Vraag zelf een duplicaat aan via Backoffice Controledienst: Ga naar Intranet. Klik op 'Voor de klant' - 'Backoffice' - 'Controledienst' - 'Nieuwe aanvraag' - '5. Duplicaat beslissingsbrief'. Kies het juiste team en vul de velden in. Let op: je moet de datum invullen dat CODI de beslissing nam. Dit vind je terug in het MLB-dossier in de tab 'Transmissie'."], ["Wie informeert over start en einde van de sanctie?", "RVA Niet automatisch. Ze sturen dus geen brief naar de werkzoekende wanneer ze stoppen met uitbetalen. De werkzoekende kan wel zelf met RVA contact opnemen voor meer info. VDAB Niet, omdat de uitvoering van de sanctie de taak van RVA is. RVA stopt met uitbetalen, niet VDAB. Uitbetalingsinstelling We weten niet of de hulpkas en de vakbonden de werkzoekende automatisch informeert wanneer hij geen uitkering meer krijgt. De werkzoekende kan wel bij hun terecht voor meer info. Procedure Servicelijn Een werkzoekende vraagt wanneer zijn sanctie in gaat / wanneer ze eindigt? -Verwijs naar zijn  u itbetalingsinstelling of eventueel RVA. Interne info De datum dat de RVATOEL het dossier op cat. 14 zet, is in principe de dag dat de sanctie start. Toch geven we deze datum niet mee aan de werkzoekende. Wanneer RVA op een ander moment stopt met het uitbetalen van de uitkering, of er is een technisch probleem met de gegevensstroom, dan geven we verkeerde info."], ["Waar vind ik de sanctie terug in het dossier?", "- tab Transmisie - klik op de transmissie - onderaan Er staat geen link naar de beslissingsbrief of de uitnodiging voor verhoor die de Controledienst verstuurt. Die zijn niet zichtbaar in MLB."], ["Wat doen om na de schorsing opnieuw uitkeringen te ontvangen?", "Inschrijven bij VDAB als uitkeringsgerechtigd werkzoekende (cat 00). Dit moet direct na de schorsing, hij heeft geen 8 dagen de tijd. Voor de dagen dat hij zich niet inschreef, ontvangt hij geen uitkering. Een uitkering aanvragen bij de uitbetalingsinstelling. Procedure Servicelijn Schrijf de wz in met cat. 00. Verwijs naar de UI om een uitkeringsaanvraag te doen. Opgelet Dit geldt ook voor een wz tijdens IBO (cat. 85). Zie  Wat moet de werkzoekende doen als de sanctie eindigt tijdens een IBO? ."], ["Sanctie eindigt tijdens een IBO?", "Procedure Servicelijn Schrijf de wz in met cat. 00. Bezorg het inschrijvingsbewijs aan de klant. Wijzig de cat. 00 naar cat. 85. Mail de aanpassingen in het dossier naar de IBO-consulent. Noteer in een Notitie waarom je inschreef met cat. 00, en daarna terug naar cat. 85. Verwijs naar de UI om een uitkeringsaanvraag te doen. Achtergrondinfo Het is nog onduidelijk of RVA ook een inschrijving in cat. 85 aanvaardt om na een sanctie terug uitkering uit te betalen. Daarom schrijf je de klant voor de zekerheid in met cat. 00. "], ["Legt de Controledienst als enige sancties op?", "Nee. Ook RVA sanctioneert. RVA  blijft verantwoordelijk voor het toekennen van een uitkering. Daarom kunnen zij bijvoorbeeld sanctioneren wanneer een werkzoekende ontslag neemt om een uitkering te ontvangen, wanneer de controlekaart verkeerd ingevuld is, wanneer de uitkeringsaanvraag onjuiste documenten bevat,... (Dit lijstje is niet volledig!) VDAB is bevoegd voor de sancties in het kader van de controle op het zoekgedrag. Of de werkzoekende voldoende zijn best deed om werk te vinden, dus. Procedure Servicelijn Een werkzoekende heeft een vraag over een sanctie die niet is opgelegd door de controledienst?* - Verwijs naar zijn uitbetalingsinstelling of RVA. Nooit naar codi.  *Sancties opgelegd door CODI vind je in de tab Transmissie - klikken op de transmissie - onderaan."], ["Een sanctie staat niet in het dossier?", "Sanctie van RVA Wanneer een wz zegt gesanctioneerd te zijn, maar je vindt de sanctie niet in het dossier, is het waarschijnlijk een sanctie beslist door de RVA. Zie ook  Legt de Controledienst als enige sancties op? . Voor meer info over deze sancties kan de wz terecht bij de UI of de RVA. Inschrijving bij VDAB tijdens RVA-sanctie Soms past de batch RVATOEL de categorie aan naar cat. 14 bij een RVA-sanctie. Maar niet altijd. Gaat de wz in beroep tegen de RVA-sanctie, dan is een inschrijving met cat. 00 ook voldoende.  Procedure Servicelijn Wijzig de categorie naar cat. 14 als de klant er naar vraagt. Vraag geen rechtzetting, dat is niet nodig.  Zie Werkzoekende wil zich inschrijven met cat. 14 Inschrijving bij VDAB na de RVA-sanctie Na de sanctie moet de wz opnieuw een uitkering aanvragen. Daarnaast heeft hij een inschrijvingsbewijs nodig van een inschrijving in cat. 00. Soms werd de categorie tijdens de sanctie niet gewijzigd en is de wz nog ingeschreven met cat. 00. Procedure Servicelijn De wz vraagt voor het einde van de sanctie om zich in te schrijven in cat 00, maar is nog ingeschreven? Bezorg hem een inschrijvingsbewijs van de inschrijving. Je hoeft niet eerst uit te schrijven en dan opnieuw in te schrijven."], ["Sanctioneert CODI een cat. 05?", "Nee Wanneer een bemiddelaar een transmissie doet op een dossier in cat. 05*, dan stuurt CODI het transmissiedossier naar het OCMW. Het OCMW beslist over eventuele gevolgen. * Cat. 05: ingeschreven op vraag van het OCMW"], ["Informeert VDAB de uitbetalingsinstelling over de transmissie, het verhoor en de beslissing van de controledienst?", "Over de transmissie en het verhoor Ja, de uitbetalingsinstelling krijgt een kopie van het transmissiedocument en van de uitnodiging voor verhoor, op voorwaarde dat de werkzoekende geen bezwaar maakte*. *In het transmissiedocument dat de werkzoekende krijgt bij transmissie staat: \"De Controledienst maakt uw dossier over aan uw uitbetalingsinstelling. Indien u dit niet wenst moet u dit binnen de 7 kalenderdagen na datum van deze brief melden aan teamcentraal@group.vdab.be of 02 506 04 70.\"  Maakt de werkzoekende geen bezwaar, dan stuurt VDAB een kopie van het transmissiedossier en van de uitnodiging voor verhoor  naar de uitbetalingsinstelling. Over de beslissing van CODI Ja, als de wz de vakbond* om bijstand of vertegenwoordiging bij het verhoor vroeg. Dan krijgt de vakbond een kopie van de beslissingsbrief. * De hulpkas verleent geen bijstand of vertegenwoordiging aan werkzoekenden bij een verhoor. Dit doen alleen de vakbonden."], ["Informeert VDAB het OCMW over een sanctie?", "Ja Een OCMW kan van CODI informatie krijgen over een sanctie in functie van de aanvraag van een leefloon bij het OCMW. Procedure Servicelijn Geef het OCMW de contactgegevens van het regionale team of van het centrale team ( Contactgegevens Controledienst )."], ["Wat is het gevolg van arbeidsongeschiktheid of ziekte op de sanctie?", "Wz wordt ziek of arbeidsongeschikt voor de sanctie start?  De sanctie start na de periode van ziekte of arbeidsongeschiktheid. Bijvoorbeeld: De sanctie start op 5 sep. en eindigt op 7 nov. De werkzoekende is ziek van 15 aug. tot 2 okt. Dan loopt de sanctie van 3 okt t.e.m. 5 dec. Uitzondering De sanctie loopt wel tijdens: bevallingsrust een periode van arbeidsongeschiktheid na een arbeidsongeval bij een beroepsziekte. Wz wordt ziek of arbeidsongeschikt tijdens de sanctie?   De sanctie wordt opgeschort tijdens de periode van ziekte of arbeidsongeschiktheid. M.a.w. de sanctie stopt tijdens die periode, en gaat verder als de werkzoekende terug arbeidsgeschikt is. Bijvoorbeeld: De sanctie start op 5 sep en eindigt op 7 nov. Tussen 1 okt. en 1 nov. is de werkzoekende ziek. Dan stopt de sanctie op 1 okt, en start terug op 1 nov. De werkzoekende kan opnieuw uitkering aanvragen op 7 dec.  Procedure Servicelijn Voor vragen over begin en einde van de sanctie - Verwijs naar de uitbetalingsinstelling of RVA. Voor vragen over ziekte-uitkering - Verwijs naar de mutualiteit. De werkzoekende is ingeschreven, maar arbeidsongeschikt  - Schrijf uit met cat. 76, zie Ziekte of arbeidsongeschiktheid."], ["Wz heeft vragen bij een sanctie opgelegd door CODI?", "Procedure Servicelijn Verwijs de wz naar het CODI-team dat de beslissing nam. Je vindt de info in  Contactgegevens Controledienst . Het juiste team vind je in  Opdeling regionale teams . Opgelet De wz kan via deze weg de beslissing niet opnieuw in vraag stellen. Daarvoor moet hij in beroep gaan bij de arbeidsrechtbank. Info vindt hij in de brief waar de sanctie in staat. Een voorbeeld vind je als bijlage bij de Intranetpagina Wat na transmissie: dienstverlening voor, tijdens en na sanctie of uitsluiting ."], ["Wz is niet akkoord met de beslissing van CODI?", "Dan kan de wz in beroep gaan tegen de beslissing bij de arbeidsrechtbank. Dit is de enige manier. Hij kan geen klacht indienen bij VDAB over beslissingen die de CODI neemt. Informatie over in beroep gaan, vindt de wz in de brief met de beslissing tot sanctie. Interne info Een voorbeeld vind je als bijlage bij de Intranetpagina Wat na transmissie: dienstverlening voor, tijdens en na sanctie of uitsluiting ."], ["De arbeidsrechtbank heft de schorsing op of wijzigt naar een verwittiging?", "Een rechtzetting van cat. 14 naar cat. 00 in het verleden is niet nodig. De cat. 14 dient net om er voor te zorgen dat de wz met terugwerkende kracht uitkering kan ontvangen als hij het beroep wint. Wanneer CODI een beslissing tot sanctie herziet, is wel een rechtzetting nodig. Dat doet CODI zelf."], ["Klant is aan het werk op de dag van het verhoor", "De situatie op de dag van het verhoor heeft geen invloed op de beslissing van CODI.  Bijvoorbeeld: Klant is aan het werk op de datum van het verhoor. Hij kreeg transmissie omdat hij niet aanwezig was op een aangetekende afspraak. Toen had hij geen werk, en geen andere geldige reden voor de afwezigheid. CODI houdt geen rekening met de tewerkstelling op de dag van het verhoor. De klant kan aan CODI vragen het verhoor te verplaatsen, zie  Kan de werkzoekende vragen het verhoor te verplaatsen? In sommige gevallen is schriftelijk verweer mogelijk, zie  Wat is schriftelijk verweer? Is de klant niet aanwezig op het verhoor, en diende hij geen schriftelijk verweer in, dan beslist CODI o.b.v. het ingediende transmissiedossier. Ook voor vragen over de uitvoering van een sanctie na de tewerkstelling, kan de klant bij CODI terecht. Procedure Servicelijn  Verwijs de klant naar het team van CODI dat hem uitnodigde. De gegevens staan in de uitnodiging. Je vindt ze ook in  Contactgegevens Controledienst ."]], "link_ankers": [["https://intranet-rel1ldv.ops.vdab.be/faq/servicelijn/contact-opnemen-met-de-controledienst", "CODI"], ["https://intranet-rel1ldv.ops.vdab.be/faq/servicelijn/controle-de-uitnodiging-voor-verhoor", "Wat is schriftelijk verweer?"], ["https://intranet-rel1ldv.ops.vdab.be/faq/servicelijn/contact-opnemen-met-de-controledienst", "Contactgegevens Controledienst"], ["https://intranet-rel1ldv.ops.vdab.be/faq/servicelijn/controle-de-uitnodiging-voor-verhoor", "Kan de werkzoekende vragen het verhoor te verplaatsen?"], ["https://intranet-rel1ldv.ops.vdab.be/faq/servicelijn/contact-opnemen-met-de-controledienst", "Contact opnemen met de Controledienst"], ["https://intranet-rel1ldv.ops.vdab.be/faq/servicelijn/flow-wat-na-transmissie-werking-controledienst", "Flow: Wat na transmissie - werking controledienst"], ["https://intranet-rel1ldv.ops.vdab.be/faq/servicelijn/controle-cat-14-algemene-info", "Cat. 14: inschrijving tijdens de sanctie"], ["https://intranet-rel1ldv.ops.vdab.be/faq/servicelijn/controle-de-uitnodiging-voor-verhoor", "De uitnodiging voor verhoor bij de Controledienst"], ["https://intranet-rel1ldv.ops.vdab.be/faq/servicelijn/controle-cat-14-algemene-info", "Werkzoekende wil zich inschrijven met cat. 14"], ["https://intranet-rel1ldv.ops.vdab.be/faq/servicelijn/contact-opnemen-met-de-controledienst", "Opdeling regionale teams"], ["https://intranet-rel1ldv.ops.vdab.be/faq/servicelijn/controle-cat-14-automatische-inschrijving-door-rvatoel", "Batch naar cat. 14"], ["https://intranet-rel1ldv.ops.vdab.be/faq/sanctie-van-onbeschikbaarheid", "Sanctie van onbeschikbaarheid"]], "title_translation": "Control: The sanction", "field_trefwoorden_name_translation": ["inspection service", "ocmw", "suspension", "exemption", "complaint", "trade union", "payout setting", "sanction", "duplicate", "profession"], "domain_name_translation": ["check"], "category_name_translation": "Service line", "field_faq_summary_translation": "Information about the sanction that the Inspection Service can impose on jobseekers, for Service line employees", "content_translation": [["Who does what?", "The Inspection Service (CODI) decides on the type and duration of the sanction. RVA is responsible for carrying out the sanction. After all, they pay the benefit.  They cannot decide not to implement the sanction or change the sanction size.  When the sanction takes effect and the RVA stops paying out is laid down in agreements with VDAB. The RVA can only deviate from this for well-founded reasons."], ["When does the sanction take effect?", "On the Monday of the 4th week following the week that CODI sanctioned. This has been agreed with the RVA.  E.g. CODI imposes a sanction on Tuesday 31 May. The sanction will take effect on Monday, June 27. RVA carries out later or at another time when: several suspensions of entitlement to benefits take effect at the same time. Then the RVA adds up the periods to arrive at the final duration of the sanction. A suspension must take effect while another exclusion is ongoing. Then the 2nd suspension connects to the 1st. the wz is incapacitated or ill. The suspension starts after the period of illness or incapacity for work. (*) Procedure Service line The WZ wants to know from and until when he will not receive benefits - Refer to RVA or the disbursement institution. (*) Exception The sanction does apply during maternity leave and a period of incapacity for work after an accident at work or occupational disease."], ["What sanctions can the inspectorate impose? notice suspension of the benefit for x number of weeks suspension of the benefit of x number of weeks with deferral", "(deferral before or after the penalty) exclusion of entitlement to benefits reduction of benefits by x number of weeks reduction of benefits for 6 months followed by exclusion The reason for the transmission determines the type of penalty. The penalty measure (duration) is based on a sanction fork. There is a lower and upper limit for each infringement. The measure depends, among other things, on the facts before us and previous sanctions. If a WZ has already been suspended in the past 2 years, a subsequent suspension will last longer. Background information : The sanctions and sanctions measures are drawn up on the basis of the federal unemployment regulations. CODI is therefore bound by rules within which they have limited freedom. Attention: The Service Line never expresses an opinion on the sanction that a WZ can receive and does not judge a sanction received."], ["What is a penalty for inadmissibility / exclusion for an indefinite period", "The customer no longer receives unemployment benefit until he has worked enough days again to open the right to benefit. How many days a job seeker has to work to open that right is RVA matter.  Procedure Service line Questions about entitlement to benefits? Refer to RVA or UI. Questions about the exclusion decision? Refer to CODI if they decided. In that case, there is a transmission with the decision in the file > Transmission tab. RVA or UI as RVA decided. You will not find this in the file.  You can read in which category the customer may be in Received sanction for inadmissibility / exclusion for an indefinite period"], ["CODI informs about the decision with a decision letter", "With a letter: registered for a decision with consequence. In other words, the wz receives a sanction. by ordinary mail if there is no consequence or the transmission is inadmissible. The letter states what the sanction is and how long any suspension will last. It does not say when the RVA will implement the sanction, when they will stop paying the benefit. A jobseeker can request a duplicate from CODI, see Contacting the Audit Service. Internal info An example can be found as an appendix to the Intranet page What after transmission: service before, during and after sanction or exclusion."], ["Can wz get decision letter in French?", "Yes, if he lives in a municipality with facilities and after receiving the Dutch version, explicitly asks for the French version. The overview of municipalities with facilities can be found under this paragraph. The team that made the decision sends the French version to the wz. Service Line Procedure Provide the wz with the details of the appropriate team. You can find the link in Contact the Inspection Service. OR Request the French version yourself via Backoffice Control Service: Go to Intranet. Click on 'For the customer' - 'Back office' - 'Inspection service' - 'Submit new request' - '5. Duplicate decision letter'. Choose the right team and fill in the fields. Please note: you must enter the date that CODI made the decision. This can be found in the MLB file in the 'Transmission' tab. Mention that the wz lives in a municipality with facilities, and wants to receive the decision in French."], ["Can wz get duplicate of decision letter?", "Yes The team that made the decision can provide the wz with a duplicate. They always do this by letter by post, not by mail. Service Line Procedure Provide the wz with the details of the appropriate team. You can find the link in Contact the Inspection Service. OR Request a duplicate yourself via Backoffice Control Service: Go to Intranet. Click on 'For the customer' - 'Back office' - 'Control service' - 'New request' - '5. Duplicate decision letter'. Choose the right team and fill in the fields. Please note: you must enter the date that CODI made the decision. This can be found in the MLB file in the 'Transmission' tab."], ["Who informs about the start and end of the sanction?", "RVA Not automatically. So they don't send a letter to the job seeker when they stop paying out. The job seeker can contact the RVA for more information. VDAB Not, because the implementation of the sanction is the task of the RVA. RVA stops paying out, not VDAB. We do not know whether the auxiliary fund and the trade unions automatically inform the jobseeker when he no longer receives benefits. The job seeker can contact them for more information. Procedure Service line A job seeker asks when his sanction will take effect / when it ends? -Refer to his it payment institution or possibly RVA. Internal info The date that the RVATOEL file on cat. 14 moves, is basically the day the sanction starts. However, we do not give this date to the job seeker. If the RVA stops paying the benefit at another time, or there is a technical problem with the data flow, we give wrong information."], ["Where can I find the sanction in the file? -", "tab Transmision - click on the transmission - at the bottom There is no link to the decision letter or the invitation for questioning sent by the Control Service. Those are not visible in MLB."], ["What to do to receive benefits again after the suspension?", "Register with VDAB as a jobseeker entitled to benefit (cat 00). This must be done immediately after the suspension, he does not have 8 days. For the days he did not register, he did not receive any benefits. Apply for a benefit from the disbursement institution. Procedure Service line Register the wz with cat. 00. Refer to the UI to make a benefit application. Attention: This also applies to a wz during IBO (cat. 85). See What should the job seeker do if the sanction ends during an IBO? ."], ["Sanction ends during an IBO?", "Procedure Service line Register the wz with cat. 00. Provide the registration certificate to the customer. Change the cat. 00 to cat. 85. Mail the changes in the file to the IBO consultant. In a Note, write down why you signed up with cat. 00, and then back to cat. 85. Refer to the UI to apply for benefits. Background information It is still unclear whether RVA also registers in cat. 85 agrees to pay back benefits after a penalty. That's why you register the customer with cat to be sure. 00."], ["Is the Audit Service the only one imposing sanctions?", "No. The RVA also sanctions. RVA remains responsible for granting a benefit. Therefore, they can sanction, for example, when a jobseeker resigns to receive benefits, when the control card is filled in incorrectly, when the benefit application contains incorrect documents,... (This list is not exhaustive!) VDAB is responsible for the sanctions in the context of the control of search behaviour. Whether the job seeker did his best to find work, in other words. Procedure Service line A job seeker has a question about a sanction that has not been imposed by the inspection service?* - Refer to his payment institution or RVA. Never to codi.  *Penalties imposed by CODI can be found in the Transmission tab - click on the transmission - at the bottom."], ["A sanction is not in the file?", "Sanction of RVA When a WZ claims to have been sanctioned, but you do not find the sanction in the file, it is probably a sanction decided by the RVA. See also Does the Audit Service be the only one to impose sanctions? . For more information about these sanctions, the WZ can contact the UI or the RVA. Registration with VDAB during RVA sanction Sometimes the batch RVATOEL adjusts the category to cat. 14 in the case of an RVA sanction. But not always. If the WZ appeals against the RVA sanction, then a registration with cat. 00 also sufficient.  Service Line Procedure Change the category to cat. 14 if the customer asks for it. Don't ask for correction, there's no need to.  See Job seeker wants to register with cat. 14 Registration with VDAB after the RVA sanction After the sanction, the WZ must apply for a benefit again. In addition, he needs a registration certificate of a registration in cat. 00. Sometimes the category was not changed during the sanction and the wz is still registered with cat. 00. Procedure Service line The wz asks to register in cat 00 before the end of the sanction, but is still registered? Provide him with a registration certificate of the registration. You don't have to unsubscribe first and then register again."], ["Does CODI sanction a cat. 05?", "No When a mediator makes a transmission on a file in cat. 05*, CODI sends the transmission file to the CPAS. The CPAS decides on any consequences. *Cat. 05: registered at the request of the OCMW"], ["Does VDAB inform the payment institution about the transmission, the interrogation and the decision of the control service? About the transmission and the interrogation Yes, the payment institution will", "receive a copy of the transmission document and of the invitation for questioning, provided that the jobseeker did not object*. *The transmission document that the jobseeker receives upon transmission states: \"The Audit Service will transfer your file to your payment institution. If you do not wish this, you must report this to teamcentraal@group.vdab.be or 02 506 04 70 within 7 calendar days of the date of this letter.\"  If the jobseeker does not object, VDAB will send a copy of the transmission file and of the invitation for questioning to the payment institution. About CODI's decision Yes, if the WZ asked the union* for assistance or representation in the interrogation. Then the union receives a copy of the decision letter. * The auxiliary fund does not provide assistance or representation to jobseekers during interrogation. Only the trade unions do this."], ["Does VDAB inform the OCMW about a sanction? Yes, a", "CPAS can receive information from CODI about a sanction in function of the application for a living wage at the OCMW. Procedure Service line Provide the CPAS with the contact details of the regional team or of the central team (Contact details Control Service)."], ["What is the consequence of incapacity for work or illness on the sanction?", "Wz becomes ill or incapacitated before the sanction starts?  The sanction starts after the period of illness or incapacity for work. For example: The sanction starts on 5 Sep. and ends Nov. 7. The job seeker is sick from Aug. 15. until 2 Oct. Then the sanction runs from 3 Oct to 5 Dec. Exception The sanction does run during: childbirth leave a period of incapacity for work after an accident at work in the event of an occupational disease. Wz becomes ill or incapacitated during the sanction?   The sanction shall be suspended during the period of illness or incapacity for work. In other words, the sanction stops during that period, and continues when the job seeker is fit for work again. For example: The sanction starts on Sep 5 and ends on Nov. 7. Between 1 Oct. and Nov. 1 the job seeker is ill. Then the sanction stops on Oct. 1, and starts back on Nov. 1. The jobseeker can reapply for benefits on Dec. 7.  Procedure Service line For questions about the start and end of the sanction - Refer to the payout institution or RVA. For questions about sickness benefit - Refer to the health insurance fund. The job seeker is enrolled, but incapacitated - Write out with cat. 76, see Sickness or incapacity for work."], ["Wz has questions about a sanction imposed by CODI?", "Procedure Service Line Refer the wz to the CODI team that made the decision. You can find the information in Contact details Control Service. You can find the right team in Division of regional teams. Please note that the WZ cannot question the decision again in this way. To do so, he must appeal to the labour court. He can find information in the letter containing the sanction. An example can be found as an appendix to the Intranet page What after transmission: service before, during and after sanction or exclusion."], ["Wz does not agree with CODI's decision?", "Then the WZ can appeal against the decision to the labour court. This is the only way. He cannot file a complaint with VDAB about decisions taken by CODI. Information about appealing can be found in the letter with the decision to sanction. Internal info An example can be found as an appendix to the Intranet page What after transmission: service before, during and after sanction or exclusion."], ["The labour court lifts the suspension or changes it to a notification?", "A correction from cat. 14 to cat. 00 in the past is not necessary. The cat. 14 serves precisely to ensure that the WZ can receive benefits retroactively if he wins the appeal. When CODI reviews a sanction decision, a correction is needed. CODI does this itself."], ["Client is at work on the day of the interrogation", "The situation on the day of the interrogation does not affect CODI's decision.  For example: Client is at work on the date of the interrogation. He was sent off because he was not present at a registered appointment. Then he had no work, and no other valid reason for the absence. CODI does not take into account employment on the day of the interrogation. The client can ask CODI to move the interrogation, see Can the job seeker ask the interrogation to be moved? In some cases, a written defence is possible, see What is a written defence? If the customer is not present at the hearing, and does not submit a written defence, CODI will decide on the basis of the submitted transmission file. The customer can also contact CODI for questions about the implementation of a sanction after employment. Procedure Service line Refer the customer to the CODI team that invited him. The details are in the invitation. You can also find them in Contact Information Control Service."]], "document": "Controle: De sanctie \n\n Info over de sanctie die de Controledienst kan opleggen aan werkzoekenden, voor Servicelijnmedewerkers \n\n Vraag aan de VDAB consulent: Wie doet wat?? \n Antwoord of Actie: De Controledienst  (CODI) beslist over het type en de duur van de sanctie. RVA  is verantwoordelijk voor het uitvoeren van de sanctie. Zij betalen immers de uitkering.  Ze kunnen  niet beslissen om de sanctie niet uit te voeren of de sanctiemaat te wijzigen.  Wanneer de sanctie in gaat en RVA stopt met uitbetalen, is vastgelegd in afspraken met VDAB. RVA kan  daarvan slechts afwijken bij gegronde redenen.   \n\n Vraag aan de VDAB consulent: Wanneer gaat de sanctie in?? \n Antwoord of Actie: Op de maandag van de 4e week volgend op de week dat CODI sanctioneerde. Dit is zo afgesproken met RVA.  Bijv. CODI legt op dinsdag 31 mei een sanctie op. De sanctie gaat in op maandag 27 juni. RVA voert later of op een ander moment uit wanneer: meerdere schorsingen van het recht op uitkering tegelijk ingaan. Dan telt RVA de periodes op om tot de uiteindelijke duur van de sanctie te komen. een schorsing moet ingaan terwijl nog een andere uitsluiting loopt. Dan sluit de 2e schorsing aan op de de 1ste. de wz arbeidsongeschikt of ziek is. De schorsing gaat in na de periode van ziekte of arbeidsongeschiktheid.(*) Procedure Servicelijn De wz wil weten van en tot wanneer hij geen uitkering zal ontvangen - Verwijs naar RVA of de uitbetalingsinstelling. (*) Uitzondering De sanctie loopt wel tijdens bevallingsrust en een periode van arbeidsongeschiktheid na een arbeidsongeval of beroepsziekte. \n\n Vraag aan de VDAB consulent: Welke sancties kan de controledienst opleggen?? \n Antwoord of Actie: verwittiging schorsing van de uitkering voor x-aantal weken schorsing van de uitkering van x-aantal weken met uitstel (uitstel voor of na de sanctie) uitsluiting van het recht op uitkeringen vermindering van uitkeringen met x-aantal weken vermindering van uitkeringen voor 6 maanden gevolgd door uitsluiting   De reden voor de transmissie bepaalt het type van de sanctie. De sanctiemaat (duur) is gebaseerd op een sanctievork. Per inbreuk is er een onder- en bovengrens. De maat is onder andere afhankelijk van de feiten die voorliggen en eerdere sancties. Werd een wz in de voorbije 2 jaar al geschorst, dan duurt een volgende schorsing langer. Achtergrondinfo : De sancties en sanctiematen zijn opgemaakt op basis van de federale werkloosheidsreglementering. CODI is dus gebonden aan regels waar binnen ze een beperkte vrijheid hebben. Opgelet De Servicelijn spreekt zich nooit uit over de sanctie die een wz kan krijgen en oordeelt niet over een gekregen sanctie.  \n\n Vraag aan de VDAB consulent: Wat is een sanctie tot wedertoelaatbaarheid / uitsluiting voor onbepaalde duur? \n Antwoord of Actie: De klant krijgt geen werkloosheidsuitkering meer tot hij opnieuw voldoende dagen gewerkt heeft om het recht op uitkering te openen. Hoeveel dagen een werkzoekende moet werken om dat recht te openen, is RVA-materie.  Procedure Servicelijn Vragen over het recht op uitkering? Verwijs naar RVA of UI. Vragen over de beslissing tot uitsluiting? Verwijs naar CODI als zij beslisten. In dat geval staat er een transmissie met de beslissing in het dossier > tab Transmissie. RVA  of UI als RVA besliste. Dit vind je niet terug in het dossier.  In welke categorie de klant mag staan, lees je in  Kreeg sanctie tot wedertoelaatbaarheid / uitsluiting voor onbepaalde duur \n\n Vraag aan de VDAB consulent: CODI informeert over de beslissing met een beslissingsbrief? \n Antwoord of Actie: Met een brief: aangetekend voor een beslissing met gevolg. M.a.w. de wz krijgt een sanctie. met de gewone post als er geen gevolg is of de transmissie onontvankelijk is. In de brief staat wat de sanctie is en hoelang een eventuele schorsing duurt. Er staat niet in wanneer RVA de sanctie uitvoert, wanneer ze dus stoppen met  betalen van de  uitkering. Een werkzoekende kan een duplicaat vragen aan CODI, zie  Contact opnemen met de Controledienst . Interne info Een voorbeeld vind je als bijlage bij de Intranetpagina Wat na transmissie: dienstverlening voor, tijdens en na sanctie of uitsluiting . \n\n Vraag aan de VDAB consulent: Kan wz beslissingsbrief in het Frans krijgen?? \n Antwoord of Actie: Ja, als hij in een faciliteitengemeente woont en na het ontvangen van de Nederlandstalige versie, expliciet naar de Franstalige vraagt. Het overzicht van faciliteitengemeenten vind je onder deze alinea. Het team dat de beslissing nam, stuurt de Franstalige versie op naar de wz. Procedure Servicelijn Geef de wz de gegevens van het juiste team. Je vindt de link in  Contact opnemen met de Controledienst . OF Vraag zelf de Franstalige versie aan via Backoffice Controledienst: Ga naar Intranet. Klik op 'Voor de klant' - 'Backoffice' - 'Controledienst' - 'Nieuwe aanvraag indienen' - '5. Duplicaat beslissingsbrief'. Kies het juiste team en vul de velden in. Let op: je moet de datum invullen dat CODI de beslissing nam. Dit vind je terug in het MLB-dossier in de tab 'Transmissie'. Vermeld dat de wz in een faciliteitengemeente woont, en de beslissing in het Frans wil ontvangen. \n\n Vraag aan de VDAB consulent: Kan wz duplicaat van de beslissingbrief krijgen?? \n Antwoord of Actie: Ja Het team dat de beslissing nam, kan de wz een duplicaat bezorgen. Ze doen dit altijd per brief via de post, niet per mail. Procedure Servicelijn Geef de wz de gegevens van het juiste team. Je vindt de link in  Contact opnemen met de Controledienst . OF Vraag zelf een duplicaat aan via Backoffice Controledienst: Ga naar Intranet. Klik op 'Voor de klant' - 'Backoffice' - 'Controledienst' - 'Nieuwe aanvraag' - '5. Duplicaat beslissingsbrief'. Kies het juiste team en vul de velden in. Let op: je moet de datum invullen dat CODI de beslissing nam. Dit vind je terug in het MLB-dossier in de tab 'Transmissie'. \n\n Vraag aan de VDAB consulent: Wie informeert over start en einde van de sanctie?? \n Antwoord of Actie: RVA Niet automatisch. Ze sturen dus geen brief naar de werkzoekende wanneer ze stoppen met uitbetalen. De werkzoekende kan wel zelf met RVA contact opnemen voor meer info. VDAB Niet, omdat de uitvoering van de sanctie de taak van RVA is. RVA stopt met uitbetalen, niet VDAB. Uitbetalingsinstelling We weten niet of de hulpkas en de vakbonden de werkzoekende automatisch informeert wanneer hij geen uitkering meer krijgt. De werkzoekende kan wel bij hun terecht voor meer info. Procedure Servicelijn Een werkzoekende vraagt wanneer zijn sanctie in gaat / wanneer ze eindigt? -Verwijs naar zijn  u itbetalingsinstelling of eventueel RVA. Interne info De datum dat de RVATOEL het dossier op cat. 14 zet, is in principe de dag dat de sanctie start. Toch geven we deze datum niet mee aan de werkzoekende. Wanneer RVA op een ander moment stopt met het uitbetalen van de uitkering, of er is een technisch probleem met de gegevensstroom, dan geven we verkeerde info. \n\n Vraag aan de VDAB consulent: Waar vind ik de sanctie terug in het dossier?? \n Antwoord of Actie: - tab Transmisie - klik op de transmissie - onderaan Er staat geen link naar de beslissingsbrief of de uitnodiging voor verhoor die de Controledienst verstuurt. Die zijn niet zichtbaar in MLB. \n\n Vraag aan de VDAB consulent: Wat doen om na de schorsing opnieuw uitkeringen te ontvangen?? \n Antwoord of Actie: Inschrijven bij VDAB als uitkeringsgerechtigd werkzoekende (cat 00). Dit moet direct na de schorsing, hij heeft geen 8 dagen de tijd. Voor de dagen dat hij zich niet inschreef, ontvangt hij geen uitkering. Een uitkering aanvragen bij de uitbetalingsinstelling. Procedure Servicelijn Schrijf de wz in met cat. 00. Verwijs naar de UI om een uitkeringsaanvraag te doen. Opgelet Dit geldt ook voor een wz tijdens IBO (cat. 85). Zie  Wat moet de werkzoekende doen als de sanctie eindigt tijdens een IBO? . \n\n Vraag aan de VDAB consulent: Sanctie eindigt tijdens een IBO?? \n Antwoord of Actie: Procedure Servicelijn Schrijf de wz in met cat. 00. Bezorg het inschrijvingsbewijs aan de klant. Wijzig de cat. 00 naar cat. 85. Mail de aanpassingen in het dossier naar de IBO-consulent. Noteer in een Notitie waarom je inschreef met cat. 00, en daarna terug naar cat. 85. Verwijs naar de UI om een uitkeringsaanvraag te doen. Achtergrondinfo Het is nog onduidelijk of RVA ook een inschrijving in cat. 85 aanvaardt om na een sanctie terug uitkering uit te betalen. Daarom schrijf je de klant voor de zekerheid in met cat. 00.  \n\n Vraag aan de VDAB consulent: Legt de Controledienst als enige sancties op?? \n Antwoord of Actie: Nee. Ook RVA sanctioneert. RVA  blijft verantwoordelijk voor het toekennen van een uitkering. Daarom kunnen zij bijvoorbeeld sanctioneren wanneer een werkzoekende ontslag neemt om een uitkering te ontvangen, wanneer de controlekaart verkeerd ingevuld is, wanneer de uitkeringsaanvraag onjuiste documenten bevat,... (Dit lijstje is niet volledig!) VDAB is bevoegd voor de sancties in het kader van de controle op het zoekgedrag. Of de werkzoekende voldoende zijn best deed om werk te vinden, dus. Procedure Servicelijn Een werkzoekende heeft een vraag over een sanctie die niet is opgelegd door de controledienst?* - Verwijs naar zijn uitbetalingsinstelling of RVA. Nooit naar codi.  *Sancties opgelegd door CODI vind je in de tab Transmissie - klikken op de transmissie - onderaan. \n\n Vraag aan de VDAB consulent: Een sanctie staat niet in het dossier?? \n Antwoord of Actie: Sanctie van RVA Wanneer een wz zegt gesanctioneerd te zijn, maar je vindt de sanctie niet in het dossier, is het waarschijnlijk een sanctie beslist door de RVA. Zie ook  Legt de Controledienst als enige sancties op? . Voor meer info over deze sancties kan de wz terecht bij de UI of de RVA. Inschrijving bij VDAB tijdens RVA-sanctie Soms past de batch RVATOEL de categorie aan naar cat. 14 bij een RVA-sanctie. Maar niet altijd. Gaat de wz in beroep tegen de RVA-sanctie, dan is een inschrijving met cat. 00 ook voldoende.  Procedure Servicelijn Wijzig de categorie naar cat. 14 als de klant er naar vraagt. Vraag geen rechtzetting, dat is niet nodig.  Zie Werkzoekende wil zich inschrijven met cat. 14 Inschrijving bij VDAB na de RVA-sanctie Na de sanctie moet de wz opnieuw een uitkering aanvragen. Daarnaast heeft hij een inschrijvingsbewijs nodig van een inschrijving in cat. 00. Soms werd de categorie tijdens de sanctie niet gewijzigd en is de wz nog ingeschreven met cat. 00. Procedure Servicelijn De wz vraagt voor het einde van de sanctie om zich in te schrijven in cat 00, maar is nog ingeschreven? Bezorg hem een inschrijvingsbewijs van de inschrijving. Je hoeft niet eerst uit te schrijven en dan opnieuw in te schrijven. \n\n Vraag aan de VDAB consulent: Sanctioneert CODI een cat. 05?? \n Antwoord of Actie: Nee Wanneer een bemiddelaar een transmissie doet op een dossier in cat. 05*, dan stuurt CODI het transmissiedossier naar het OCMW. Het OCMW beslist over eventuele gevolgen. * Cat. 05: ingeschreven op vraag van het OCMW \n\n Vraag aan de VDAB consulent: Informeert VDAB de uitbetalingsinstelling over de transmissie, het verhoor en de beslissing van de controledienst?? \n Antwoord of Actie: Over de transmissie en het verhoor Ja, de uitbetalingsinstelling krijgt een kopie van het transmissiedocument en van de uitnodiging voor verhoor, op voorwaarde dat de werkzoekende geen bezwaar maakte*. *In het transmissiedocument dat de werkzoekende krijgt bij transmissie staat: \"De Controledienst maakt uw dossier over aan uw uitbetalingsinstelling. Indien u dit niet wenst moet u dit binnen de 7 kalenderdagen na datum van deze brief melden aan teamcentraal@group.vdab.be of 02 506 04 70.\"  Maakt de werkzoekende geen bezwaar, dan stuurt VDAB een kopie van het transmissiedossier en van de uitnodiging voor verhoor  naar de uitbetalingsinstelling. Over de beslissing van CODI Ja, als de wz de vakbond* om bijstand of vertegenwoordiging bij het verhoor vroeg. Dan krijgt de vakbond een kopie van de beslissingsbrief. * De hulpkas verleent geen bijstand of vertegenwoordiging aan werkzoekenden bij een verhoor. Dit doen alleen de vakbonden. \n\n Vraag aan de VDAB consulent: Informeert VDAB het OCMW over een sanctie?? \n Antwoord of Actie: Ja Een OCMW kan van CODI informatie krijgen over een sanctie in functie van de aanvraag van een leefloon bij het OCMW. Procedure Servicelijn Geef het OCMW de contactgegevens van het regionale team of van het centrale team ( Contactgegevens Controledienst ). \n\n Vraag aan de VDAB consulent: Wat is het gevolg van arbeidsongeschiktheid of ziekte op de sanctie?? \n Antwoord of Actie: Wz wordt ziek of arbeidsongeschikt voor de sanctie start?  De sanctie start na de periode van ziekte of arbeidsongeschiktheid. Bijvoorbeeld: De sanctie start op 5 sep. en eindigt op 7 nov. De werkzoekende is ziek van 15 aug. tot 2 okt. Dan loopt de sanctie van 3 okt t.e.m. 5 dec. Uitzondering De sanctie loopt wel tijdens: bevallingsrust een periode van arbeidsongeschiktheid na een arbeidsongeval bij een beroepsziekte. Wz wordt ziek of arbeidsongeschikt tijdens de sanctie?   De sanctie wordt opgeschort tijdens de periode van ziekte of arbeidsongeschiktheid. M.a.w. de sanctie stopt tijdens die periode, en gaat verder als de werkzoekende terug arbeidsgeschikt is. Bijvoorbeeld: De sanctie start op 5 sep en eindigt op 7 nov. Tussen 1 okt. en 1 nov. is de werkzoekende ziek. Dan stopt de sanctie op 1 okt, en start terug op 1 nov. De werkzoekende kan opnieuw uitkering aanvragen op 7 dec.  Procedure Servicelijn Voor vragen over begin en einde van de sanctie - Verwijs naar de uitbetalingsinstelling of RVA. Voor vragen over ziekte-uitkering - Verwijs naar de mutualiteit. De werkzoekende is ingeschreven, maar arbeidsongeschikt  - Schrijf uit met cat. 76, zie Ziekte of arbeidsongeschiktheid. \n\n Vraag aan de VDAB consulent: Wz heeft vragen bij een sanctie opgelegd door CODI?? \n Antwoord of Actie: Procedure Servicelijn Verwijs de wz naar het CODI-team dat de beslissing nam. Je vindt de info in  Contactgegevens Controledienst . Het juiste team vind je in  Opdeling regionale teams . Opgelet De wz kan via deze weg de beslissing niet opnieuw in vraag stellen. Daarvoor moet hij in beroep gaan bij de arbeidsrechtbank. Info vindt hij in de brief waar de sanctie in staat. Een voorbeeld vind je als bijlage bij de Intranetpagina Wat na transmissie: dienstverlening voor, tijdens en na sanctie of uitsluiting . \n\n Vraag aan de VDAB consulent: Wz is niet akkoord met de beslissing van CODI?? \n Antwoord of Actie: Dan kan de wz in beroep gaan tegen de beslissing bij de arbeidsrechtbank. Dit is de enige manier. Hij kan geen klacht indienen bij VDAB over beslissingen die de CODI neemt. Informatie over in beroep gaan, vindt de wz in de brief met de beslissing tot sanctie. Interne info Een voorbeeld vind je als bijlage bij de Intranetpagina Wat na transmissie: dienstverlening voor, tijdens en na sanctie of uitsluiting . \n\n Vraag aan de VDAB consulent: De arbeidsrechtbank heft de schorsing op of wijzigt naar een verwittiging?? \n Antwoord of Actie: Een rechtzetting van cat. 14 naar cat. 00 in het verleden is niet nodig. De cat. 14 dient net om er voor te zorgen dat de wz met terugwerkende kracht uitkering kan ontvangen als hij het beroep wint. Wanneer CODI een beslissing tot sanctie herziet, is wel een rechtzetting nodig. Dat doet CODI zelf. \n\n Vraag aan de VDAB consulent: Klant is aan het werk op de dag van het verhoor? \n Antwoord of Actie: De situatie op de dag van het verhoor heeft geen invloed op de beslissing van CODI.  Bijvoorbeeld: Klant is aan het werk op de datum van het verhoor. Hij kreeg transmissie omdat hij niet aanwezig was op een aangetekende afspraak. Toen had hij geen werk, en geen andere geldige reden voor de afwezigheid. CODI houdt geen rekening met de tewerkstelling op de dag van het verhoor. De klant kan aan CODI vragen het verhoor te verplaatsen, zie  Kan de werkzoekende vragen het verhoor te verplaatsen? In sommige gevallen is schriftelijk verweer mogelijk, zie  Wat is schriftelijk verweer? Is de klant niet aanwezig op het verhoor, en diende hij geen schriftelijk verweer in, dan beslist CODI o.b.v. het ingediende transmissiedossier. Ook voor vragen over de uitvoering van een sanctie na de tewerkstelling, kan de klant bij CODI terecht. Procedure Servicelijn  Verwijs de klant naar het team van CODI dat hem uitnodigde. De gegevens staan in de uitnodiging. Je vindt ze ook in  Contactgegevens Controledienst . \n\n Categorie: Servicelijn \n\n Domein: controle \n\n Tags: beroep, schorsing, controledienst, duplicaat, klacht, sanctie, ocmw, vrijstelling, vakbond, uitbetalingsinstelling \n\n Url: https://intranet-rel1ldv.ops.vdab.be/faq/servicelijn/controle-de-sanctie \n\n Volgende paginas: CODI, via https://intranet-rel1ldv.ops.vdab.be/faq/servicelijn/contact-opnemen-met-de-controledienst - Wat is schriftelijk verweer?, via https://intranet-rel1ldv.ops.vdab.be/faq/servicelijn/controle-de-uitnodiging-voor-verhoor - Contactgegevens Controledienst, via https://intranet-rel1ldv.ops.vdab.be/faq/servicelijn/contact-opnemen-met-de-controledienst - Kan de werkzoekende vragen het verhoor te verplaatsen?, via https://intranet-rel1ldv.ops.vdab.be/faq/servicelijn/controle-de-uitnodiging-voor-verhoor - Contact opnemen met de Controledienst, via https://intranet-rel1ldv.ops.vdab.be/faq/servicelijn/contact-opnemen-met-de-controledienst - Flow: Wat na transmissie - werking controledienst, via https://intranet-rel1ldv.ops.vdab.be/faq/servicelijn/flow-wat-na-transmissie-werking-controledienst - Cat. 14: inschrijving tijdens de sanctie, via https://intranet-rel1ldv.ops.vdab.be/faq/servicelijn/controle-cat-14-algemene-info - De uitnodiging voor verhoor bij de Controledienst, via https://intranet-rel1ldv.ops.vdab.be/faq/servicelijn/controle-de-uitnodiging-voor-verhoor - Werkzoekende wil zich inschrijven met cat. 14, via https://intranet-rel1ldv.ops.vdab.be/faq/servicelijn/controle-cat-14-algemene-info - Opdeling regionale teams, via https://intranet-rel1ldv.ops.vdab.be/faq/servicelijn/contact-opnemen-met-de-controledienst - Batch naar cat. 14, via https://intranet-rel1ldv.ops.vdab.be/faq/servicelijn/controle-cat-14-automatische-inschrijving-door-rvatoel - Sanctie van onbeschikbaarheid, via https://intranet-rel1ldv.ops.vdab.be/faq/sanctie-van-onbeschikbaarheid \n\n Type: intranet", "document_translation": "Control: The sanction \n\n Information about the sanction that the Inspection Service can impose on jobseekers, for Service line employees \n\n Question for the VDAB counselor: Who does what?? \n Answer or Action: The Inspection Service (CODI) decides on the type and duration of the sanction. RVA is responsible for carrying out the sanction. After all, they pay the benefit.  They cannot decide not to implement the sanction or change the sanction size.  When the sanction takes effect and the RVA stops paying out is laid down in agreements with VDAB. The RVA can only deviate from this for well-founded reasons. \n\n Question for the VDAB counselor: When does the sanction take effect?? \n Answer or Action: On the Monday of the 4th week following the week that CODI sanctioned. This has been agreed with the RVA.  E.g. CODI imposes a sanction on Tuesday 31 May. The sanction will take effect on Monday, June 27. RVA carries out later or at another time when: several suspensions of entitlement to benefits take effect at the same time. Then the RVA adds up the periods to arrive at the final duration of the sanction. A suspension must take effect while another exclusion is ongoing. Then the 2nd suspension connects to the 1st. the wz is incapacitated or ill. The suspension starts after the period of illness or incapacity for work. (*) Procedure Service line The WZ wants to know from and until when he will not receive benefits - Refer to RVA or the disbursement institution. (*) Exception The sanction does apply during maternity leave and a period of incapacity for work after an accident at work or occupational disease. \n\n Question for the VDAB counselor: What sanctions can the inspectorate impose? notice suspension of the benefit for x number of weeks suspension of the benefit of x number of weeks with deferral? \n Answer or Action: (deferral before or after the penalty) exclusion of entitlement to benefits reduction of benefits by x number of weeks reduction of benefits for 6 months followed by exclusion The reason for the transmission determines the type of penalty. The penalty measure (duration) is based on a sanction fork. There is a lower and upper limit for each infringement. The measure depends, among other things, on the facts before us and previous sanctions. If a WZ has already been suspended in the past 2 years, a subsequent suspension will last longer. Background information : The sanctions and sanctions measures are drawn up on the basis of the federal unemployment regulations. CODI is therefore bound by rules within which they have limited freedom. Attention: The Service Line never expresses an opinion on the sanction that a WZ can receive and does not judge a sanction received. \n\n Question for the VDAB counselor: What is a penalty for inadmissibility / exclusion for an indefinite period? \n Answer or Action: The customer no longer receives unemployment benefit until he has worked enough days again to open the right to benefit. How many days a job seeker has to work to open that right is RVA matter.  Procedure Service line Questions about entitlement to benefits? Refer to RVA or UI. Questions about the exclusion decision? Refer to CODI if they decided. In that case, there is a transmission with the decision in the file > Transmission tab. RVA or UI as RVA decided. You will not find this in the file.  You can read in which category the customer may be in Received sanction for inadmissibility / exclusion for an indefinite period \n\n Question for the VDAB counselor: CODI informs about the decision with a decision letter? \n Answer or Action: With a letter: registered for a decision with consequence. In other words, the wz receives a sanction. by ordinary mail if there is no consequence or the transmission is inadmissible. The letter states what the sanction is and how long any suspension will last. It does not say when the RVA will implement the sanction, when they will stop paying the benefit. A jobseeker can request a duplicate from CODI, see Contacting the Audit Service. Internal info An example can be found as an appendix to the Intranet page What after transmission: service before, during and after sanction or exclusion. \n\n Question for the VDAB counselor: Can wz get decision letter in French?? \n Answer or Action: Yes, if he lives in a municipality with facilities and after receiving the Dutch version, explicitly asks for the French version. The overview of municipalities with facilities can be found under this paragraph. The team that made the decision sends the French version to the wz. Service Line Procedure Provide the wz with the details of the appropriate team. You can find the link in Contact the Inspection Service. OR Request the French version yourself via Backoffice Control Service: Go to Intranet. Click on 'For the customer' - 'Back office' - 'Inspection service' - 'Submit new request' - '5. Duplicate decision letter'. Choose the right team and fill in the fields. Please note: you must enter the date that CODI made the decision. This can be found in the MLB file in the 'Transmission' tab. Mention that the wz lives in a municipality with facilities, and wants to receive the decision in French. \n\n Question for the VDAB counselor: Can wz get duplicate of decision letter?? \n Answer or Action: Yes The team that made the decision can provide the wz with a duplicate. They always do this by letter by post, not by mail. Service Line Procedure Provide the wz with the details of the appropriate team. You can find the link in Contact the Inspection Service. OR Request a duplicate yourself via Backoffice Control Service: Go to Intranet. Click on 'For the customer' - 'Back office' - 'Control service' - 'New request' - '5. Duplicate decision letter'. Choose the right team and fill in the fields. Please note: you must enter the date that CODI made the decision. This can be found in the MLB file in the 'Transmission' tab. \n\n Question for the VDAB counselor: Who informs about the start and end of the sanction?? \n Answer or Action: RVA Not automatically. So they don't send a letter to the job seeker when they stop paying out. The job seeker can contact the RVA for more information. VDAB Not, because the implementation of the sanction is the task of the RVA. RVA stops paying out, not VDAB. We do not know whether the auxiliary fund and the trade unions automatically inform the jobseeker when he no longer receives benefits. The job seeker can contact them for more information. Procedure Service line A job seeker asks when his sanction will take effect / when it ends? -Refer to his it payment institution or possibly RVA. Internal info The date that the RVATOEL file on cat. 14 moves, is basically the day the sanction starts. However, we do not give this date to the job seeker. If the RVA stops paying the benefit at another time, or there is a technical problem with the data flow, we give wrong information. \n\n Question for the VDAB counselor: Where can I find the sanction in the file? -? \n Answer or Action: tab Transmision - click on the transmission - at the bottom There is no link to the decision letter or the invitation for questioning sent by the Control Service. Those are not visible in MLB. \n\n Question for the VDAB counselor: What to do to receive benefits again after the suspension?? \n Answer or Action: Register with VDAB as a jobseeker entitled to benefit (cat 00). This must be done immediately after the suspension, he does not have 8 days. For the days he did not register, he did not receive any benefits. Apply for a benefit from the disbursement institution. Procedure Service line Register the wz with cat. 00. Refer to the UI to make a benefit application. Attention: This also applies to a wz during IBO (cat. 85). See What should the job seeker do if the sanction ends during an IBO? . \n\n Question for the VDAB counselor: Sanction ends during an IBO?? \n Answer or Action: Procedure Service line Register the wz with cat. 00. Provide the registration certificate to the customer. Change the cat. 00 to cat. 85. Mail the changes in the file to the IBO consultant. In a Note, write down why you signed up with cat. 00, and then back to cat. 85. Refer to the UI to apply for benefits. Background information It is still unclear whether RVA also registers in cat. 85 agrees to pay back benefits after a penalty. That's why you register the customer with cat to be sure. 00. \n\n Question for the VDAB counselor: Is the Audit Service the only one imposing sanctions?? \n Answer or Action: No. The RVA also sanctions. RVA remains responsible for granting a benefit. Therefore, they can sanction, for example, when a jobseeker resigns to receive benefits, when the control card is filled in incorrectly, when the benefit application contains incorrect documents,... (This list is not exhaustive!) VDAB is responsible for the sanctions in the context of the control of search behaviour. Whether the job seeker did his best to find work, in other words. Procedure Service line A job seeker has a question about a sanction that has not been imposed by the inspection service?* - Refer to his payment institution or RVA. Never to codi.  *Penalties imposed by CODI can be found in the Transmission tab - click on the transmission - at the bottom. \n\n Question for the VDAB counselor: A sanction is not in the file?? \n Answer or Action: Sanction of RVA When a WZ claims to have been sanctioned, but you do not find the sanction in the file, it is probably a sanction decided by the RVA. See also Does the Audit Service be the only one to impose sanctions? . For more information about these sanctions, the WZ can contact the UI or the RVA. Registration with VDAB during RVA sanction Sometimes the batch RVATOEL adjusts the category to cat. 14 in the case of an RVA sanction. But not always. If the WZ appeals against the RVA sanction, then a registration with cat. 00 also sufficient.  Service Line Procedure Change the category to cat. 14 if the customer asks for it. Don't ask for correction, there's no need to.  See Job seeker wants to register with cat. 14 Registration with VDAB after the RVA sanction After the sanction, the WZ must apply for a benefit again. In addition, he needs a registration certificate of a registration in cat. 00. Sometimes the category was not changed during the sanction and the wz is still registered with cat. 00. Procedure Service line The wz asks to register in cat 00 before the end of the sanction, but is still registered? Provide him with a registration certificate of the registration. You don't have to unsubscribe first and then register again. \n\n Question for the VDAB counselor: Does CODI sanction a cat. 05?? \n Answer or Action: No When a mediator makes a transmission on a file in cat. 05*, CODI sends the transmission file to the CPAS. The CPAS decides on any consequences. *Cat. 05: registered at the request of the OCMW \n\n Question for the VDAB counselor: Does VDAB inform the payment institution about the transmission, the interrogation and the decision of the control service? About the transmission and the interrogation Yes, the payment institution will? \n Answer or Action: receive a copy of the transmission document and of the invitation for questioning, provided that the jobseeker did not object*. *The transmission document that the jobseeker receives upon transmission states: \"The Audit Service will transfer your file to your payment institution. If you do not wish this, you must report this to teamcentraal@group.vdab.be or 02 506 04 70 within 7 calendar days of the date of this letter.\"  If the jobseeker does not object, VDAB will send a copy of the transmission file and of the invitation for questioning to the payment institution. About CODI's decision Yes, if the WZ asked the union* for assistance or representation in the interrogation. Then the union receives a copy of the decision letter. * The auxiliary fund does not provide assistance or representation to jobseekers during interrogation. Only the trade unions do this. \n\n Question for the VDAB counselor: Does VDAB inform the OCMW about a sanction? Yes, a? \n Answer or Action: CPAS can receive information from CODI about a sanction in function of the application for a living wage at the OCMW. Procedure Service line Provide the CPAS with the contact details of the regional team or of the central team (Contact details Control Service). \n\n Question for the VDAB counselor: What is the consequence of incapacity for work or illness on the sanction?? \n Answer or Action: Wz becomes ill or incapacitated before the sanction starts?  The sanction starts after the period of illness or incapacity for work. For example: The sanction starts on 5 Sep. and ends Nov. 7. The job seeker is sick from Aug. 15. until 2 Oct. Then the sanction runs from 3 Oct to 5 Dec. Exception The sanction does run during: childbirth leave a period of incapacity for work after an accident at work in the event of an occupational disease. Wz becomes ill or incapacitated during the sanction?   The sanction shall be suspended during the period of illness or incapacity for work. In other words, the sanction stops during that period, and continues when the job seeker is fit for work again. For example: The sanction starts on Sep 5 and ends on Nov. 7. Between 1 Oct. and Nov. 1 the job seeker is ill. Then the sanction stops on Oct. 1, and starts back on Nov. 1. The jobseeker can reapply for benefits on Dec. 7.  Procedure Service line For questions about the start and end of the sanction - Refer to the payout institution or RVA. For questions about sickness benefit - Refer to the health insurance fund. The job seeker is enrolled, but incapacitated - Write out with cat. 76, see Sickness or incapacity for work. \n\n Question for the VDAB counselor: Wz has questions about a sanction imposed by CODI?? \n Answer or Action: Procedure Service Line Refer the wz to the CODI team that made the decision. You can find the information in Contact details Control Service. You can find the right team in Division of regional teams. Please note that the WZ cannot question the decision again in this way. To do so, he must appeal to the labour court. He can find information in the letter containing the sanction. An example can be found as an appendix to the Intranet page What after transmission: service before, during and after sanction or exclusion. \n\n Question for the VDAB counselor: Wz does not agree with CODI's decision?? \n Answer or Action: Then the WZ can appeal against the decision to the labour court. This is the only way. He cannot file a complaint with VDAB about decisions taken by CODI. Information about appealing can be found in the letter with the decision to sanction. Internal info An example can be found as an appendix to the Intranet page What after transmission: service before, during and after sanction or exclusion. \n\n Question for the VDAB counselor: The labour court lifts the suspension or changes it to a notification?? \n Answer or Action: A correction from cat. 14 to cat. 00 in the past is not necessary. The cat. 14 serves precisely to ensure that the WZ can receive benefits retroactively if he wins the appeal. When CODI reviews a sanction decision, a correction is needed. CODI does this itself. \n\n Question for the VDAB counselor: Client is at work on the day of the interrogation? \n Answer or Action: The situation on the day of the interrogation does not affect CODI's decision.  For example: Client is at work on the date of the interrogation. He was sent off because he was not present at a registered appointment. Then he had no work, and no other valid reason for the absence. CODI does not take into account employment on the day of the interrogation. The client can ask CODI to move the interrogation, see Can the job seeker ask the interrogation to be moved? In some cases, a written defence is possible, see What is a written defence? If the customer is not present at the hearing, and does not submit a written defence, CODI will decide on the basis of the submitted transmission file. The customer can also contact CODI for questions about the implementation of a sanction after employment. Procedure Service line Refer the customer to the CODI team that invited him. The details are in the invitation. You can also find them in Contact Information Control Service. \n\n Category: Service line \n\n Domain: check \n\n Tags: inspection service, ocmw, complaint, duplicate, trade union, payout setting, sanction, exemption, suspension, profession \n\n Url: https://intranet-rel1ldv.ops.vdab.be/faq/servicelijn/controle-de-sanctie \n\n Next pages: CODI, via https://intranet-rel1ldv.ops.vdab.be/faq/servicelijn/contact-opnemen-met-de-controledienst - Wat is schriftelijk verweer?, via https://intranet-rel1ldv.ops.vdab.be/faq/servicelijn/controle-de-uitnodiging-voor-verhoor - Contactgegevens Controledienst, via https://intranet-rel1ldv.ops.vdab.be/faq/servicelijn/contact-opnemen-met-de-controledienst - Kan de werkzoekende vragen het verhoor te verplaatsen?, via https://intranet-rel1ldv.ops.vdab.be/faq/servicelijn/controle-de-uitnodiging-voor-verhoor - Contact opnemen met de Controledienst, via https://intranet-rel1ldv.ops.vdab.be/faq/servicelijn/contact-opnemen-met-de-controledienst - Flow: Wat na transmissie - werking controledienst, via https://intranet-rel1ldv.ops.vdab.be/faq/servicelijn/flow-wat-na-transmissie-werking-controledienst - Cat. 14: inschrijving tijdens de sanctie, via https://intranet-rel1ldv.ops.vdab.be/faq/servicelijn/controle-cat-14-algemene-info - De uitnodiging voor verhoor bij de Controledienst, via https://intranet-rel1ldv.ops.vdab.be/faq/servicelijn/controle-de-uitnodiging-voor-verhoor - Werkzoekende wil zich inschrijven met cat. 14, via https://intranet-rel1ldv.ops.vdab.be/faq/servicelijn/controle-cat-14-algemene-info - Opdeling regionale teams, via https://intranet-rel1ldv.ops.vdab.be/faq/servicelijn/contact-opnemen-met-de-controledienst - Batch naar cat. 14, via https://intranet-rel1ldv.ops.vdab.be/faq/servicelijn/controle-cat-14-automatische-inschrijving-door-rvatoel - Sanctie van onbeschikbaarheid, via https://intranet-rel1ldv.ops.vdab.be/faq/sanctie-van-onbeschikbaarheid \n\n Type: intranet"}