{"title": "Inschrijven (Externe mails)", "type": "intranet", "domain_name": ["standaardmails extern"], "category_name": "Servicelijn", "field_faq_summary": "Standaardmails info@ die betrekking hebben op inschrijvingen en uitschrijven verschillende catwz. ", "url": "https://intranet-rel1ldv.ops.vdab.be/faq/servicelijn/inschrijven-externe-mails", "content": [["Deeltijds werk", "Beste Je laat weten dat je deeltijds werkt. Proficiat met je job. Afhankelijk van je situatie zijn er een aantal mogelijkheden. We raden je aan om je goed te informeren bij je uitbetalingsinstelling (vakbond of Hulpkas voor Werkloosheidsuitkering) naar je recht op een bijkomende uitkering en naar je behoud van rechten. Je VDAB-dossier pas je aan naargelang je situatie. Hieronder meer informatie daarover. Je kiest bewust voor een deeltijdse job? Je mag je volledig uitschrijven bij VDAB wegens werk ('ik werk voltijds'). Je moet niet meer beschikbaar zijn voor de arbeidsmarkt. Je werkt deeltijds en hebt recht op een uitkering? Schrijf je binnen de 2 maand na de start van je contract in bij VDAB als 'Ik werk deeltijds, krijg uitkeringen en ben (nog) op zoek naar ander werk'.  Voor de aanvraag van je uitkering contacteer je je uitbetalingsinstelling. Je blijft beschikbaar voor de arbeidsmarkt.  Je werkt deeltijds, hebt geen recht op uitkering maar je bent op zoek naar voltijds werk? Schrijf je in als 'ik werk deeltijds, krijg geen uitkeringen en ben (nog) op zoek naar werk'. Op die manier kan je je cv verspreiden via onze cv-databank.  Wil je vacatures op maat ontvangen, dan kan je gebruik maken van een bewaarde zoekopdracht . Je bent nog in je beroepsinschakelingstijd? Om je beroepsinschakelingstijd voltijds te laten doorlopen moet je ingeschreven staan als 'Ik werk deeltijds, in beroepsinschakelingstijd'. Dit doe je best vanaf de eerste dag van je deeltijdse tewerkstelling.  Nog vragen? Antwoord op deze mail of bel ons. Met vriendelijke groeten VDAB  Als klant van VDAB verwacht je de beste dienstverlening. Toch kan het ook eens fout gaan. Heb je een klacht of een probleem ? Meer info over de werking van VDAB en onze privacyvoorschriften vind je in onze disclaimer ."], ["Extra alinea derdelander", "Volg de richtlijnen op de intranetpagina: Contact met derdelander: procedure"], ["Inschrijven", "Beste Door de Privacywet kan je je bij VDAB niet inschrijven via e-mail. Je kan inschrijven als werkzoekende via de website of telefonisch. Wil je online inschrijven? Log in op je account met je e-mailadres of rijksregisternummer en je wachtwoord.  Ga via het 'Menu' naar 'Profiel en gewenste jobs'. Klik bij 'Werksituatie' op 'Wijzig'. Pas je gegevens aan Klik onderaan op 'Bewaar'. Onder 'Berichten' vind je je inschrijvingsbewijs (A23) terug. Heb je nog geen VDAB-dossier?  Maak een account aan. Wil je telefonisch inschrijven? Bel op het gratis nummer 0800 30 700.   Hou je rijksregisternummer bij de hand als je belt. Nog vragen? Antwoord op deze mail of bel ons. Met vriendelijke groeten VDAB  Als klant van VDAB verwacht je de beste dienstverlening. Toch kan het ook eens fout gaan. Heb je een klacht of een probleem ? Meer info over de werking van VDAB en onze privacyvoorschriften vind je in onze disclaimer ."], ["Inschrijven tijdens opzeg", "Beste Tijdens je opzegperiode heb je nog geen recht op werkloosheidsuitkeringen. Inschrijven als werkzoekende bij VDAB is echter al wel verplicht als je: volledig of gedeeltelijk vrijgesteld bent van het verrichten van prestaties en een opzeggingsvergoeding, verbrekingsvergoeding of ontslagcompensatievergoeding ontvangt.   Deze inschrijving moet binnen de 2 maanden gebeuren. Als je nog maandelijks uitbetaald wordt en prestaties moet verrichten is een inschrijving nog niet verplicht, maar wel altijd mogelijk.  Je kan je inschrijven als werkzoekende via de website van VDAB of telefonisch.  Wil je online inschrijven? Log in op je account met je e-mailadres of rijksregisternummer en je wachtwoord.  Ga via het 'Menu' naar 'Profiel en gewenste jobs'. Klik bij 'Werksituatie' op 'Wijzig'. Pas je gegevens aan Klik onderaan op 'Bewaar'. Onder 'Berichten' vind je je inschrijvingsbewijs (A23) terug. Heb je nog geen VDAB-dossier?  Maak een account aan. Wil je telefonisch inschrijven? Bel op het gratis nummer 0800 30 700.   Hou je rijksregisternummer bij de hand als je belt. Nog vragen? Antwoord op deze mail of bel ons. Met vriendelijke groeten VDAB  Als klant van VDAB verwacht je de beste dienstverlening. Toch kan het ook eens fout gaan. Heb je een klacht of een probleem ? Meer info over de werking van VDAB en onze privacyvoorschriften vind je in onze disclaimer ."], ["Inschrijving werkzoekende met RIZIV-uitkering ( Cat 32)", "Beste  Wanneer je een ziekte- of invaliditeitsuitkering ontvangt en ondertussen stappen wil zetten om terug aan het werk te kunnen, dan kan je terecht bij VDAB voor ondersteuning.  We raden je in dat geval aan telefonisch contact op te nemen via het gratis nummer 0800 30 700. Zo kunnen we je inschrijving in orde maken en verdere begeleiding opstarten. Belangrijk is dat je met de arts van je ziekenfonds of je arbeidsarts bespreekt dat je terug aan de slag wil, zodat hij of zij je een ingevuld aanmeldingsformulier GTB kan bezorgen. Meer informatie over de begeleiding die we aanbieden kan je nalezen in ons stappenplan .  Nog vragen? Antwoord op deze mail of bel ons. Met vriendelijke groeten VDAB  Als klant van VDAB verwacht je de beste dienstverlening. Toch kan het ook eens fout gaan. Heb je een klacht of een probleem ? Meer info over de werking van VDAB en onze privacyvoorschriften vind je in onze disclaimer ."], ["Inschrijving Britse burger", "Beste Je kan je via e-mail niet inschrijven bij VDAB. Als jouw nationaliteit Brit is, neem je telefonisch contact op met VDAB voor een inschrijving.  We verzamelden informatie over de Brexit en inschrijven bij VDAB op onze website. Je leest er onder andere meer de praktische regelingen die je moet treffen. De Belgische portaalsite bevat ook informatie over de voorwaarden om te werken in Belgie. Wil je telefonisch inschrijven? Bel op het gratis nummer 0800 30 700.   Hou je verblijfsdocumenten bij de hand als je belt. Met vriendelijke groeten VDAB Als klant van VDAB verwacht je de beste dienstverlening. Toch kan het ook eens fout gaan. Heb je een klacht of een probleem ? Meer info over de werking van VDAB en onze privacyvoorschriften vind je in onze disclaimer ."], ["Uitschrijven na ontvangst persoonsgegevens (aan te passen volgens situatie)", "Beste Bedankt voor deze informatie. We schreven je uit als werkzoekende.  Als je opnieuw werkzoekend wordt en je wil werkloosheidsuitkeringen aanvragen, dan moet je je binnen de 8 kalenderdagen opnieuw inschrijven bij VDAB. OF Als je opnieuw werk zoekt, moet je je meteen terug inschrijven bij VDAB om je beroepsinschakelingstijd te laten verder lopen. Nog vragen? Antwoord op deze mail of bel ons. Met vriendelijke groeten VDAB  Als klant van VDAB verwacht je de beste dienstverlening. Toch kan het ook eens fout gaan. Heb je een klacht of een probleem ? Meer info over de werking van VDAB en onze privacyvoorschriften vind je in onze disclaimer ."], ["Uitschrijven wegens werk", "Beste Proficiat met je nieuwe job. Normaal gezien word je bij voltijds werk automatisch uitgeschreven door de Dimona-aangifte. Als je via interim werkt, dan word je uitgeschreven van zodra je vier weken onafgebroken (telkens van maandag tot vrijdag) aan het werk bent. Voor die periode kun je je als uitzendkracht niet uitschrijven.  Je kunt jezelf op verschillende manieren uitschrijven wegens werk. Weet dat je je onmiddellijk dient in te schrijven als er een onderbreking is in je contract. Zo blijf je in orde voor je werkloosheidsuitkeringen of je beroepsinschakelingstijd. Online uitschrijven? Surf naar vdab.be Log in op je account Ga via het 'Menu' naar 'Profiel en gewenste jobs'. Pas je werksituatie aan naar 'Ik werk voltijds' Telefonisch uitschrijven? Bel ons op het gratis nummer 0800 30 700.  Via e-mail uitschrijven? Dan vragen we bijkomende informatie om je persoonsgegevens na te gaan en om je dossier te vervolledigen: rijksregisternummer: adres: e-mailadres: telefoon- en/of gsm-nummer: hoogst behaalde diploma of studie: nieuwe werkgever: je functie: startdatum contract: soort contract (vast, interim, of tewerkstellingsmaatregel): voltijds of deeltijds: Nog vragen? Antwoord op deze mail of bel ons. Met vriendelijke groeten VDAB  Als klant van VDAB verwacht je de beste dienstverlening. Toch kan het ook eens fout gaan. Heb je een klacht of een probleem ? Meer info over de werking van VDAB en onze privacyvoorschriften vind je in onze disclaimer ."], ["Uitschrijving Cat 89", "Beste Als je aan het werk bent via interim, dan schrijven we je niet onmiddellijk uit als werkzoekende. Zo vermijden we dat je telkens moet in- en uitschrijven bij korte contracten.  Wil je tijdens je werk niet gecontacteerd worden door werkgevers met jobaanbiedingen, haal dan je cv uit de cv-databank.  Als je 4 weken onafgebroken werkt via interim (steeds van maandag tot en met vrijdag), dan word je automatisch uitgeschreven wegens voltijds aan het werk. Ben je zo goed als zeker van een langdurige interim-tewerkstelling, dan kan VDAB je eerder uitschrijven als werkzoekende. Dit kan telefonisch of per kerende mail.  Weet dat je je onmiddellijk dient in te schrijven als er een onderbreking is in je contract. Zo blijf je in orde voor je werkloosheidsuitkeringen of je beroepsinschakelingstijd. Telefonisch uitschrijven? Bel ons op het gratis nummer 0800 30 700.   Uitschrijven via e-mail? Dan vragen we bijkomende informatie om je persoonsgegevens na te gaan en om je dossier te vervolledigen: rijksregisternummer: adres: e-mailadres: telefoon- en/of gsm-nummer: hoogst behaalde diploma of studie: nieuwe werkgever: je functie: startdatum contract: soort contract (vast, interim, of tewerkstellingsmaatregel): voltijds of deeltijds: Nog vragen? Antwoord op deze mail of bel ons. Met vriendelijke groeten VDAB  Als klant van VDAB verwacht je de beste dienstverlening. Toch kan het ook eens fout gaan. Heb je een klacht of een probleem ? Meer info over de werking van VDAB en onze privacyvoorschriften vind je in onze disclaimer ."], ["Uitschrijving na ontvangst C58/3.5 ANTWOORD", "Beste Je bezorgde ons het formulier 'C58/3.5 ANTWOORD' met de goedkeuring van de RVA voor je afstand van uitkeringen. Om die reden schreven we je op [datum] uit als werkzoekende.  Wil je na deze periode opnieuw uitkeringen ontvangen? Schrijf je dan in als werkzoekende bij VDAB, dit kan online via vdab.be of telefonisch. Nog vragen? Antwoord op deze mail of bel ons. Met vriendelijke groeten VDAB  Als klant van VDAB verwacht je de beste dienstverlening. Toch kan het ook eens fout gaan. Heb je een klacht of een probleem ? Meer info over de werking van VDAB en onze privacyvoorschriften vind je in onze disclaimer ."], ["Uitschrijving verblijf in het buitenland", "Beste   Als je voor een langere periode (meer dan 28 kalenderdagen) in het buitenland verblijft, dan moet je je uitschrijven bij VDAB. Breng ook je uitbetalingsinstelling (vakbond of hulpkas) op de hoogte.   Ben je nog in je beroepsinschakelingstijd, dan schrijf je je onmiddellijk uit wanneer je naar het buitenland gaat, ook al is dit voor een kortere periode dan 28 dagen. Een uitschrijving kan via onze website, telefonisch of per e-mail.  Belangrijk! Als je bij terugkomst werkzoekend zou zijn en je wenst een werkloosheidsuitkering aan te vragen dan moet je je binnen de 8 kalenderdagen opnieuw inschrijven bij VDAB. Als werkzoekende in beroepsinschakelingstijd doe je dit onmiddellijk.   Wil je je online uitschrijven?  Surf naar vdab.be Log in op je account Ga via het 'Menu' naar 'Profiel en gewenste jobs'. Pas je werksituatie aan naar 'Ik ben niet meer werkzoekend.' Wil je je telefonisch uitschrijven?  We zijn bereikbaar op het gratis nummer 0800 30 700. Vanuit het buitenland op het betalend nummer +32 2 508 38 11.  Wil je je uitschrijven via e-mail?  Dan vragen we bijkomende informatie om je persoonsgegevens na te gaan: rijksregisternummer:  adres in Belgie:  e-mailadres:  telefoon- en/of gsm-nummer: hoogst behaalde diploma of studie:  laatste (Belgische)werkgever:  reden uitschrijving: verblijf in het buitenland  vertrekdatum:  vermoedelijke datum terugkomst:  Nog vragen? Antwoord op deze mail of bel ons. Met vriendelijke groeten VDAB  Als klant van VDAB verwacht je de beste dienstverlening. Toch kan het ook eens fout gaan. Heb je een klacht of een probleem ? Meer info over de werking van VDAB en onze privacyvoorschriften vind je in onze disclaimer ."], ["Uitschrijving wegens andere reden (Cat 79)", "Beste Je hebt ons laten weten dat je op dit moment niet naar werk zoekt en geen begeleiding wil van VDAB. Je kan je telefonisch of via e-mail uitschrijven. Ontvang je een uitkering van RVA? De uitschrijving bij VDAB kan gevolgen hebben voor je werkloosheidsuitkering. Informeer je dus vooraf bij je uitbetalingsinstelling (vakbond of hulpkas). Wil je opnieuw uitkeringen ontvangen, schrijf je dan zo snel mogelijk terug in bij VDAB. Ben je schoolverlater? Dan onderbreekt deze uitschrijving je beroepsinschakelingstijd . Ben je opnieuw werkzoekend, schrijf je dan zo snel mogelijk terug in bij VDAB, dan loopt je beroepsinschakelingstijd verder. Wil je je telefonisch uitschrijven? Bel op het gratis nummer 0800 30 700.  Wil je je uitschrijven via e-mail? Bezorg ons dan de onderstaande gegevens: rijksregisternummer: adres: e-mailadres: telefoon- en/of gsm-nummer: hoogst behaalde diploma of studie: laatste werkgever: Nog vragen? Antwoord op deze mail of bel ons. Met vriendelijke groeten VDAB  Als klant van VDAB verwacht je de beste dienstverlening. Toch kan het ook eens fout gaan. Heb je een klacht of een probleem ? Meer info over de werking van VDAB en onze privacyvoorschriften vind je in onze disclaimer ."], ["Uitschrijving wegens ziekte/ arbeidsongeschiktheid", "Beste    Als je voor een langere periode (28 of meer kalenderdagen) ziek bent en een ziekte-uitkering ontvangt, dan moet je je bij VDAB uitschrijven wegens ziekte.   Een uitschrijving omwille van ziekte kan via onze website, telefonisch of per kerende e-mail.  Belangrijk! Wanneer je na je ziekteperiode opnieuw werkzoekende zou zijn en je een werkloosheidsuitkering wenst aan te vragen, dan moet je je binnen de 8 kalenderdagen opnieuw inschrijven bij VDAB. Een inschrijving kan via onze website of telefonisch, niet via e-mail.    Wil je je online uitschrijven? Surf naar vdab.be Log in op je account  Ga via het 'Menu' naar 'Profiel en gewenste jobs'. Pas je werksituatie aan naar 'Ik ben ziek.' Wil je je telefonisch uitschrijven? Bel op het gratis nummer 0800 30 700.  Wil je je uitschrijven via e-mail? Hiervoor hebben we volgende informatie nodig: rijksregisternummer:  adres:  e-mailadres:  telefoon- en/of gsm-nummer: hoogst behaalde diploma of studie:  laatste werkgever:  reden uitschrijving: ziekte  startdatum ziekte-uitkering:  vermoedelijke einddatum ziekte-uitkering (indien gekend):  Nog vragen? Antwoord op deze mail of bel ons. Met vriendelijke groeten VDAB  Als klant van VDAB verwacht je de beste dienstverlening. Toch kan het ook eens fout gaan. Heb je een klacht of een probleem ? Meer info over de werking van VDAB en onze privacyvoorschriften vind je in onze disclaimer ."]], "link_ankers": [["https://intranet-rel1ldv.ops.vdab.be/faq/servicelijn/dienstverlening-aan-derdelanders", " Contact met derdelander: procedure"]], "title_translation": "Subscribe (External mails)", "domain_name_translation": ["standard emails external"], "category_name_translation": "Service line", "field_faq_summary_translation": "Standard emails info@ that relate to registrations and unsubscribe different catwz. ", "content_translation": [["Part-time work", "Dear You let us know that you are working part-time. Congratulations on your job. Depending on your situation, there are a number of options. We advise you to inform your payment institution (trade union or Auxiliary Fund for Unemployment Benefit) about your entitlement to an additional benefit and about your retention of rights. You can adjust your VDAB file according to your situation. More information about this below. Do you consciously choose a part-time job? You may fully deregister from VDAB because of work ('I work full-time'). You should no longer be available for the labor market. You work part-time and are you entitled to benefits? Register with VDAB within 2 months of the start of your contract as 'I work part-time, receive benefits and am (still) looking for other work'.  To apply for your benefit, please contact your payout institution. You remain available for the labor market.  You work part-time, are not entitled to benefits but you are looking for full-time work? Register as 'I work part-time, do not receive benefits and am (still) looking for work'. This way you can distribute your CV via our CV database.  If you want to receive tailor-made vacancies, you can use a saved search. Are you still in your professional integration period? In order for your vocational integration period to continue full-time, you must be registered as 'I work part-time, in vocational integration time'. It is best to do this from the first day of your part-time employment.  Any questions? Reply to this email or call us. With kind regards VDAB As a customer of VDAB you expect the best service. However, things can also go wrong. Do you have a complaint or a problem? More information about the operation of VDAB and our privacy regulations can be found in our disclaimer."], ["Extra paragraph third-country national", "Follow the guidelines on the intranet page: Contact with third-country national: procedure"], ["Registration", "Best Due to the Privacy Act, you cannot register with VDAB by e-mail. You can register as a job seeker via the website or by telephone. Do you want to register online? Log in to your account with your e-mail address or national register number and your password.  Go to 'Profile and desired jobs' via the 'Menu'. Under 'Work situation', click 'Edit'. Edit your information Click Save at the bottom. Under 'Messages' you will find your registration certificate (A23). Don't have a VDAB file yet?  Create an account. Do you want to register by phone? Call the free number 0800 30 700.   Keep your national register number at hand when you call. Any questions? Reply to this email or call us. With kind regards VDAB As a customer of VDAB you expect the best service. However, things can also go wrong. Do you have a complaint or a problem? More information about the operation of VDAB and our privacy regulations can be found in our disclaimer."], ["Register during notice", "Best During your notice period, you are not yet entitled to unemployment benefits. However, registering as a job seeker with VDAB is already mandatory if you: are fully or partially exempt from performing services and receive a termination payment, severance payment or severance compensation.   This registration must be made within 2 months. If you are still paid monthly and have to perform services, registration is not yet mandatory, but it is always possible.  You can register as a job seeker via the VDAB website or by telephone.  Do you want to register online? Log in to your account with your e-mail address or national register number and your password.  Go to 'Profile and desired jobs' via the 'Menu'. Under 'Work situation', click 'Edit'. Edit your information Click Save at the bottom. Under 'Messages' you will find your registration certificate (A23). Don't have a VDAB file yet?  Create an account. Do you want to register by phone? Call the free number 0800 30 700.   Keep your national register number at hand when you call. Any questions? Reply to this email or call us. With kind regards VDAB As a customer of VDAB you expect the best service. However, things can also go wrong. Do you have a complaint or a problem? More information about the operation of VDAB and our privacy regulations can be found in our disclaimer."], ["Registration jobseeker with NIHDI benefit (Cat 32)", "Best If you receive a sickness or disability benefit and in the meantime want to take steps to return to work, you can contact VDAB for support.  In that case, we recommend that you contact us by telephone via the free number 0800 30 700. This way we can arrange your registration and start further guidance. It is important that you discuss with the doctor of your health insurance fund or your occupational doctor that you want to get back to work, so that he or she can provide you with a completed GTB registration form. More information about the guidance we offer can be found in our step-by-step plan.  Any questions? Reply to this email or call us. With kind regards VDAB As a customer of VDAB you expect the best service. However, things can also go wrong. Do you have a complaint or a problem? More information about the operation of VDAB and our privacy regulations can be found in our disclaimer."], ["Registration British citizen", "Dear You cannot register with VDAB via e-mail. If your nationality is British, please contact VDAB by phone to register.  We collected information about Brexit and registered with VDAB on our website. Among other things, you can read more about the practical arrangements that you have to make. The Belgian portal also contains information about the conditions for working in Belgium. Do you want to register by phone? Call the free number 0800 30 700.   Keep your residence documents ready when you call. With kind regards VDAB As a customer of VDAB you expect the best service. However, things can also go wrong. Do you have a complaint or a problem? More information about the operation of VDAB and our privacy regulations can be found in our disclaimer."], ["Unsubscribe after receipt of personal data (to be adjusted according to situation)", "Dear Thank you for this information. We wrote you out as a job seeker.  If you become a job seeker again and you want to apply for unemployment benefits, you must re-register with VDAB within 8 calendar days. OR If you are looking for work again, you must immediately register back with VDAB to continue your professional integration period. Any questions? Reply to this email or call us. With kind regards VDAB As a customer of VDAB you expect the best service. However, things can also go wrong. Do you have a complaint or a problem? More information about the operation of VDAB and our privacy regulations can be found in our disclaimer."], ["Unsubscribing due to work", "Best Congratulations on your new job. Normally, in the case of full-time work, you are automatically deregistered by the Dimona declaration. If you work via interim, you will be deregistered as soon as you have been working continuously for four weeks (from Monday to Friday). As a temporary worker, you cannot unsubscribe for that period.  You can unsubscribe from work in different ways. Know that you should register immediately if there is an interruption in your contract. This way you stay in order for your unemployment benefits or your professional integration time. Unsubscribe online? Surf to vdab.be Log in to your account Go to 'Profile and desired jobs' via the 'Menu'. Adjust your work situation to 'I work full-time' Unsubscribe by phone? Call us on the free number 0800 30 700.  Unsubscribe via e-mail? Then we ask for additional information to check your personal data and to complete your file: national register number: address: e-mail address: telephone and/or mobile number: highest diploma or study obtained: new employer: your position: start date of contract: type of contract (permanent, interim, or employment measure): full-time or part-time: Any questions? Reply to this email or call us. With kind regards VDAB As a customer of VDAB you expect the best service. However, things can also go wrong. Do you have a complaint or a problem? More information about the operation of VDAB and our privacy regulations can be found in our disclaimer."], ["Deregistration Cat 89", "Dear If you are working through interim, we will not immediately deregister you as a job seeker. This way we avoid that you always have to register and unsubscribe for short contracts.  If you do not want to be contacted by employers with job offers during your work, get your CV from the CV database.  If you work continuously for 4 weeks via interim (always from Monday to Friday), you will automatically be deregistered for full-time work. If you are almost certain of a long-term interim employment, VDAB can deregister you as a job seeker sooner. This can be done by telephone or by return mail.  Know that you should register immediately if there is an interruption in your contract. This way you stay in order for your unemployment benefits or your professional integration time. Unsubscribe by phone? Call us on the free number 0800 30 700.   Unsubscribe via e-mail? Then we ask for additional information to check your personal data and to complete your file: national register number: address: e-mail address: telephone and/or mobile number: highest diploma or study obtained: new employer: your position: start date of contract: type of contract (permanent, interim, or employment measure): full-time or part-time: Any questions? Reply to this email or call us. With kind regards VDAB As a customer of VDAB you expect the best service. However, things can also go wrong. Do you have a complaint or a problem? More information about the operation of VDAB and our privacy regulations can be found in our disclaimer."], ["Deregistration after receipt C58/3.5 ANSWER", "Dear You provided us with the form 'C58/3.5 ANSWER' with the approval of the RVA for your renunciation of benefits. For that reason, we unsubscribed you as a job seeker on [date].  Do you want to receive benefits again after this period? Then register as a job seeker at VDAB, this can be done online via vdab.be or by telephone. Any questions? Reply to this email or call us. With kind regards VDAB As a customer of VDAB you expect the best service. However, things can also go wrong. Do you have a complaint or a problem? More information about the operation of VDAB and our privacy regulations can be found in our disclaimer."], ["Deregistration stay abroad", "Best If you are staying abroad for a longer period (more than 28 calendar days), you must unsubscribe from VDAB. Also inform your disbursement institution (union or auxiliary fund).   If you are still in your professional integration period, you must immediately unsubscribe when you go abroad, even if this is for a shorter period than 28 days. You can unsubscribe via our website, by telephone or by e-mail.  Important! If you are looking for a job when you return and you wish to apply for unemployment benefit, you must re-register with VDAB within 8 calendar days. As a job seeker in professional integration time, you do this immediately.   Do you want to unsubscribe online?  Surf to vdab.be Log in to your account Go to 'Profile and desired jobs' via the 'Menu'. Change your work situation to \"I'm no longer looking for a job.\" Do you want to unsubscribe by phone?  We can be reached on the free number 0800 30 700. From abroad on the paying number +32 2 508 38 11.  Do you want to unsubscribe via e-mail?  Then we ask for additional information to check your personal data: national register number: address in Belgium: e-mail address: telephone and/or mobile number: highest diploma or study obtained: last (Belgian) employer: reason for deregistration: stay abroad departure date: expected date of return: Any questions? Reply to this email or call us. With kind regards VDAB As a customer of VDAB you expect the best service. However, things can also go wrong. Do you have a complaint or a problem? More information about the operation of VDAB and our privacy regulations can be found in our disclaimer."], ["Deregistration for other reason (Cat 79)", "Dear You have informed us that you are not looking for work at the moment and do not want guidance from VDAB. You can unsubscribe by phone or e-mail. Do you receive a benefit from the RVA? Deregistration with VDAB may have consequences for your unemployment benefit. So inform yourself in advance with your payment institution (trade union or auxiliary fund). If you want to receive benefits again, register with VDAB as soon as possible. Are you a school leaver? Then this deregistration interrupts your professional integration time. If you are looking for a job again, register with VDAB as soon as possible, then your professional integration time will continue. Do you want to unsubscribe by phone? Call the free number 0800 30 700.  Do you want to unsubscribe via e-mail? Please provide us with the following information: national register number: address: e-mail address: telephone and/or mobile number: highest diploma or study obtained: last employer: Any questions? Reply to this email or call us. With kind regards VDAB As a customer of VDAB you expect the best service. However, things can also go wrong. Do you have a complaint or a problem? More information about the operation of VDAB and our privacy regulations can be found in our disclaimer."], ["Deregistration due to illness/ incapacity for work", "Best If you are ill for a longer period (28 or more calendar days) and receive sickness benefit, you must deregister from VDAB due to illness.   You can unsubscribe due to illness via our website, by telephone or by return e-mail.  Important! If you are looking for a job again after your period of illness and you wish to apply for unemployment benefit, you must re-register with VDAB within 8 calendar days. Registration can be done via our website or by telephone, not by e-mail.    Do you want to unsubscribe online? Surf to vdab.be Log in to your account Go to 'Profile and desired jobs' via the 'Menu'. Adjust your work situation to \"I'm sick.\" Do you want to unsubscribe by phone? Call the free number 0800 30 700.  Do you want to unsubscribe via e-mail? For this we need the following information: national register number: address: e-mail address: telephone and/or mobile number: highest diploma or study obtained: last employer: reason for deregistration: sickness start date sickness benefit: probable end date sickness benefit (if known): Any questions? Reply to this email or call us. With kind regards VDAB As a customer of VDAB you expect the best service. However, things can also go wrong. Do you have a complaint or a problem? More information about the operation of VDAB and our privacy regulations can be found in our disclaimer."]], "document": "Inschrijven (Externe mails) \n\n Standaardmails info@ die betrekking hebben op inschrijvingen en uitschrijven verschillende catwz. \n\n Vraag aan de VDAB consulent: Deeltijds werk? \n Antwoord of Actie: Beste Je laat weten dat je deeltijds werkt. Proficiat met je job. Afhankelijk van je situatie zijn er een aantal mogelijkheden. We raden je aan om je goed te informeren bij je uitbetalingsinstelling (vakbond of Hulpkas voor Werkloosheidsuitkering) naar je recht op een bijkomende uitkering en naar je behoud van rechten. Je VDAB-dossier pas je aan naargelang je situatie. Hieronder meer informatie daarover. Je kiest bewust voor een deeltijdse job? Je mag je volledig uitschrijven bij VDAB wegens werk ('ik werk voltijds'). Je moet niet meer beschikbaar zijn voor de arbeidsmarkt. Je werkt deeltijds en hebt recht op een uitkering? Schrijf je binnen de 2 maand na de start van je contract in bij VDAB als 'Ik werk deeltijds, krijg uitkeringen en ben (nog) op zoek naar ander werk'.  Voor de aanvraag van je uitkering contacteer je je uitbetalingsinstelling. Je blijft beschikbaar voor de arbeidsmarkt.  Je werkt deeltijds, hebt geen recht op uitkering maar je bent op zoek naar voltijds werk? Schrijf je in als 'ik werk deeltijds, krijg geen uitkeringen en ben (nog) op zoek naar werk'. Op die manier kan je je cv verspreiden via onze cv-databank.  Wil je vacatures op maat ontvangen, dan kan je gebruik maken van een bewaarde zoekopdracht . Je bent nog in je beroepsinschakelingstijd? Om je beroepsinschakelingstijd voltijds te laten doorlopen moet je ingeschreven staan als 'Ik werk deeltijds, in beroepsinschakelingstijd'. Dit doe je best vanaf de eerste dag van je deeltijdse tewerkstelling.  Nog vragen? Antwoord op deze mail of bel ons. Met vriendelijke groeten VDAB  Als klant van VDAB verwacht je de beste dienstverlening. Toch kan het ook eens fout gaan. Heb je een klacht of een probleem ? Meer info over de werking van VDAB en onze privacyvoorschriften vind je in onze disclaimer . \n\n Vraag aan de VDAB consulent: Extra alinea derdelander? \n Antwoord of Actie: Volg de richtlijnen op de intranetpagina: Contact met derdelander: procedure \n\n Vraag aan de VDAB consulent: Inschrijven? \n Antwoord of Actie: Beste Door de Privacywet kan je je bij VDAB niet inschrijven via e-mail. Je kan inschrijven als werkzoekende via de website of telefonisch. Wil je online inschrijven? Log in op je account met je e-mailadres of rijksregisternummer en je wachtwoord.  Ga via het 'Menu' naar 'Profiel en gewenste jobs'. Klik bij 'Werksituatie' op 'Wijzig'. Pas je gegevens aan Klik onderaan op 'Bewaar'. Onder 'Berichten' vind je je inschrijvingsbewijs (A23) terug. Heb je nog geen VDAB-dossier?  Maak een account aan. Wil je telefonisch inschrijven? Bel op het gratis nummer 0800 30 700.   Hou je rijksregisternummer bij de hand als je belt. Nog vragen? Antwoord op deze mail of bel ons. Met vriendelijke groeten VDAB  Als klant van VDAB verwacht je de beste dienstverlening. Toch kan het ook eens fout gaan. Heb je een klacht of een probleem ? Meer info over de werking van VDAB en onze privacyvoorschriften vind je in onze disclaimer . \n\n Vraag aan de VDAB consulent: Inschrijven tijdens opzeg? \n Antwoord of Actie: Beste Tijdens je opzegperiode heb je nog geen recht op werkloosheidsuitkeringen. Inschrijven als werkzoekende bij VDAB is echter al wel verplicht als je: volledig of gedeeltelijk vrijgesteld bent van het verrichten van prestaties en een opzeggingsvergoeding, verbrekingsvergoeding of ontslagcompensatievergoeding ontvangt.   Deze inschrijving moet binnen de 2 maanden gebeuren. Als je nog maandelijks uitbetaald wordt en prestaties moet verrichten is een inschrijving nog niet verplicht, maar wel altijd mogelijk.  Je kan je inschrijven als werkzoekende via de website van VDAB of telefonisch.  Wil je online inschrijven? Log in op je account met je e-mailadres of rijksregisternummer en je wachtwoord.  Ga via het 'Menu' naar 'Profiel en gewenste jobs'. Klik bij 'Werksituatie' op 'Wijzig'. Pas je gegevens aan Klik onderaan op 'Bewaar'. Onder 'Berichten' vind je je inschrijvingsbewijs (A23) terug. Heb je nog geen VDAB-dossier?  Maak een account aan. Wil je telefonisch inschrijven? Bel op het gratis nummer 0800 30 700.   Hou je rijksregisternummer bij de hand als je belt. Nog vragen? Antwoord op deze mail of bel ons. Met vriendelijke groeten VDAB  Als klant van VDAB verwacht je de beste dienstverlening. Toch kan het ook eens fout gaan. Heb je een klacht of een probleem ? Meer info over de werking van VDAB en onze privacyvoorschriften vind je in onze disclaimer . \n\n Vraag aan de VDAB consulent: Inschrijving werkzoekende met RIZIV-uitkering ( Cat 32)? \n Antwoord of Actie: Beste  Wanneer je een ziekte- of invaliditeitsuitkering ontvangt en ondertussen stappen wil zetten om terug aan het werk te kunnen, dan kan je terecht bij VDAB voor ondersteuning.  We raden je in dat geval aan telefonisch contact op te nemen via het gratis nummer 0800 30 700. Zo kunnen we je inschrijving in orde maken en verdere begeleiding opstarten. Belangrijk is dat je met de arts van je ziekenfonds of je arbeidsarts bespreekt dat je terug aan de slag wil, zodat hij of zij je een ingevuld aanmeldingsformulier GTB kan bezorgen. Meer informatie over de begeleiding die we aanbieden kan je nalezen in ons stappenplan .  Nog vragen? Antwoord op deze mail of bel ons. Met vriendelijke groeten VDAB  Als klant van VDAB verwacht je de beste dienstverlening. Toch kan het ook eens fout gaan. Heb je een klacht of een probleem ? Meer info over de werking van VDAB en onze privacyvoorschriften vind je in onze disclaimer . \n\n Vraag aan de VDAB consulent: Inschrijving Britse burger? \n Antwoord of Actie: Beste Je kan je via e-mail niet inschrijven bij VDAB. Als jouw nationaliteit Brit is, neem je telefonisch contact op met VDAB voor een inschrijving.  We verzamelden informatie over de Brexit en inschrijven bij VDAB op onze website. Je leest er onder andere meer de praktische regelingen die je moet treffen. De Belgische portaalsite bevat ook informatie over de voorwaarden om te werken in Belgie. Wil je telefonisch inschrijven? Bel op het gratis nummer 0800 30 700.   Hou je verblijfsdocumenten bij de hand als je belt. Met vriendelijke groeten VDAB Als klant van VDAB verwacht je de beste dienstverlening. Toch kan het ook eens fout gaan. Heb je een klacht of een probleem ? Meer info over de werking van VDAB en onze privacyvoorschriften vind je in onze disclaimer . \n\n Vraag aan de VDAB consulent: Uitschrijven na ontvangst persoonsgegevens (aan te passen volgens situatie)? \n Antwoord of Actie: Beste Bedankt voor deze informatie. We schreven je uit als werkzoekende.  Als je opnieuw werkzoekend wordt en je wil werkloosheidsuitkeringen aanvragen, dan moet je je binnen de 8 kalenderdagen opnieuw inschrijven bij VDAB. OF Als je opnieuw werk zoekt, moet je je meteen terug inschrijven bij VDAB om je beroepsinschakelingstijd te laten verder lopen. Nog vragen? Antwoord op deze mail of bel ons. Met vriendelijke groeten VDAB  Als klant van VDAB verwacht je de beste dienstverlening. Toch kan het ook eens fout gaan. Heb je een klacht of een probleem ? Meer info over de werking van VDAB en onze privacyvoorschriften vind je in onze disclaimer . \n\n Vraag aan de VDAB consulent: Uitschrijven wegens werk? \n Antwoord of Actie: Beste Proficiat met je nieuwe job. Normaal gezien word je bij voltijds werk automatisch uitgeschreven door de Dimona-aangifte. Als je via interim werkt, dan word je uitgeschreven van zodra je vier weken onafgebroken (telkens van maandag tot vrijdag) aan het werk bent. Voor die periode kun je je als uitzendkracht niet uitschrijven.  Je kunt jezelf op verschillende manieren uitschrijven wegens werk. Weet dat je je onmiddellijk dient in te schrijven als er een onderbreking is in je contract. Zo blijf je in orde voor je werkloosheidsuitkeringen of je beroepsinschakelingstijd. Online uitschrijven? Surf naar vdab.be Log in op je account Ga via het 'Menu' naar 'Profiel en gewenste jobs'. Pas je werksituatie aan naar 'Ik werk voltijds' Telefonisch uitschrijven? Bel ons op het gratis nummer 0800 30 700.  Via e-mail uitschrijven? Dan vragen we bijkomende informatie om je persoonsgegevens na te gaan en om je dossier te vervolledigen: rijksregisternummer: adres: e-mailadres: telefoon- en/of gsm-nummer: hoogst behaalde diploma of studie: nieuwe werkgever: je functie: startdatum contract: soort contract (vast, interim, of tewerkstellingsmaatregel): voltijds of deeltijds: Nog vragen? Antwoord op deze mail of bel ons. Met vriendelijke groeten VDAB  Als klant van VDAB verwacht je de beste dienstverlening. Toch kan het ook eens fout gaan. Heb je een klacht of een probleem ? Meer info over de werking van VDAB en onze privacyvoorschriften vind je in onze disclaimer . \n\n Vraag aan de VDAB consulent: Uitschrijving Cat 89? \n Antwoord of Actie: Beste Als je aan het werk bent via interim, dan schrijven we je niet onmiddellijk uit als werkzoekende. Zo vermijden we dat je telkens moet in- en uitschrijven bij korte contracten.  Wil je tijdens je werk niet gecontacteerd worden door werkgevers met jobaanbiedingen, haal dan je cv uit de cv-databank.  Als je 4 weken onafgebroken werkt via interim (steeds van maandag tot en met vrijdag), dan word je automatisch uitgeschreven wegens voltijds aan het werk. Ben je zo goed als zeker van een langdurige interim-tewerkstelling, dan kan VDAB je eerder uitschrijven als werkzoekende. Dit kan telefonisch of per kerende mail.  Weet dat je je onmiddellijk dient in te schrijven als er een onderbreking is in je contract. Zo blijf je in orde voor je werkloosheidsuitkeringen of je beroepsinschakelingstijd. Telefonisch uitschrijven? Bel ons op het gratis nummer 0800 30 700.   Uitschrijven via e-mail? Dan vragen we bijkomende informatie om je persoonsgegevens na te gaan en om je dossier te vervolledigen: rijksregisternummer: adres: e-mailadres: telefoon- en/of gsm-nummer: hoogst behaalde diploma of studie: nieuwe werkgever: je functie: startdatum contract: soort contract (vast, interim, of tewerkstellingsmaatregel): voltijds of deeltijds: Nog vragen? Antwoord op deze mail of bel ons. Met vriendelijke groeten VDAB  Als klant van VDAB verwacht je de beste dienstverlening. Toch kan het ook eens fout gaan. Heb je een klacht of een probleem ? Meer info over de werking van VDAB en onze privacyvoorschriften vind je in onze disclaimer . \n\n Vraag aan de VDAB consulent: Uitschrijving na ontvangst C58/3.5 ANTWOORD? \n Antwoord of Actie: Beste Je bezorgde ons het formulier 'C58/3.5 ANTWOORD' met de goedkeuring van de RVA voor je afstand van uitkeringen. Om die reden schreven we je op [datum] uit als werkzoekende.  Wil je na deze periode opnieuw uitkeringen ontvangen? Schrijf je dan in als werkzoekende bij VDAB, dit kan online via vdab.be of telefonisch. Nog vragen? Antwoord op deze mail of bel ons. Met vriendelijke groeten VDAB  Als klant van VDAB verwacht je de beste dienstverlening. Toch kan het ook eens fout gaan. Heb je een klacht of een probleem ? Meer info over de werking van VDAB en onze privacyvoorschriften vind je in onze disclaimer . \n\n Vraag aan de VDAB consulent: Uitschrijving verblijf in het buitenland? \n Antwoord of Actie: Beste   Als je voor een langere periode (meer dan 28 kalenderdagen) in het buitenland verblijft, dan moet je je uitschrijven bij VDAB. Breng ook je uitbetalingsinstelling (vakbond of hulpkas) op de hoogte.   Ben je nog in je beroepsinschakelingstijd, dan schrijf je je onmiddellijk uit wanneer je naar het buitenland gaat, ook al is dit voor een kortere periode dan 28 dagen. Een uitschrijving kan via onze website, telefonisch of per e-mail.  Belangrijk! Als je bij terugkomst werkzoekend zou zijn en je wenst een werkloosheidsuitkering aan te vragen dan moet je je binnen de 8 kalenderdagen opnieuw inschrijven bij VDAB. Als werkzoekende in beroepsinschakelingstijd doe je dit onmiddellijk.   Wil je je online uitschrijven?  Surf naar vdab.be Log in op je account Ga via het 'Menu' naar 'Profiel en gewenste jobs'. Pas je werksituatie aan naar 'Ik ben niet meer werkzoekend.' Wil je je telefonisch uitschrijven?  We zijn bereikbaar op het gratis nummer 0800 30 700. Vanuit het buitenland op het betalend nummer +32 2 508 38 11.  Wil je je uitschrijven via e-mail?  Dan vragen we bijkomende informatie om je persoonsgegevens na te gaan: rijksregisternummer:  adres in Belgie:  e-mailadres:  telefoon- en/of gsm-nummer: hoogst behaalde diploma of studie:  laatste (Belgische)werkgever:  reden uitschrijving: verblijf in het buitenland  vertrekdatum:  vermoedelijke datum terugkomst:  Nog vragen? Antwoord op deze mail of bel ons. Met vriendelijke groeten VDAB  Als klant van VDAB verwacht je de beste dienstverlening. Toch kan het ook eens fout gaan. Heb je een klacht of een probleem ? Meer info over de werking van VDAB en onze privacyvoorschriften vind je in onze disclaimer . \n\n Vraag aan de VDAB consulent: Uitschrijving wegens andere reden (Cat 79)? \n Antwoord of Actie: Beste Je hebt ons laten weten dat je op dit moment niet naar werk zoekt en geen begeleiding wil van VDAB. Je kan je telefonisch of via e-mail uitschrijven. Ontvang je een uitkering van RVA? De uitschrijving bij VDAB kan gevolgen hebben voor je werkloosheidsuitkering. Informeer je dus vooraf bij je uitbetalingsinstelling (vakbond of hulpkas). Wil je opnieuw uitkeringen ontvangen, schrijf je dan zo snel mogelijk terug in bij VDAB. Ben je schoolverlater? Dan onderbreekt deze uitschrijving je beroepsinschakelingstijd . Ben je opnieuw werkzoekend, schrijf je dan zo snel mogelijk terug in bij VDAB, dan loopt je beroepsinschakelingstijd verder. Wil je je telefonisch uitschrijven? Bel op het gratis nummer 0800 30 700.  Wil je je uitschrijven via e-mail? Bezorg ons dan de onderstaande gegevens: rijksregisternummer: adres: e-mailadres: telefoon- en/of gsm-nummer: hoogst behaalde diploma of studie: laatste werkgever: Nog vragen? Antwoord op deze mail of bel ons. Met vriendelijke groeten VDAB  Als klant van VDAB verwacht je de beste dienstverlening. Toch kan het ook eens fout gaan. Heb je een klacht of een probleem ? Meer info over de werking van VDAB en onze privacyvoorschriften vind je in onze disclaimer . \n\n Vraag aan de VDAB consulent: Uitschrijving wegens ziekte/ arbeidsongeschiktheid? \n Antwoord of Actie: Beste    Als je voor een langere periode (28 of meer kalenderdagen) ziek bent en een ziekte-uitkering ontvangt, dan moet je je bij VDAB uitschrijven wegens ziekte.   Een uitschrijving omwille van ziekte kan via onze website, telefonisch of per kerende e-mail.  Belangrijk! Wanneer je na je ziekteperiode opnieuw werkzoekende zou zijn en je een werkloosheidsuitkering wenst aan te vragen, dan moet je je binnen de 8 kalenderdagen opnieuw inschrijven bij VDAB. Een inschrijving kan via onze website of telefonisch, niet via e-mail.    Wil je je online uitschrijven? Surf naar vdab.be Log in op je account  Ga via het 'Menu' naar 'Profiel en gewenste jobs'. Pas je werksituatie aan naar 'Ik ben ziek.' Wil je je telefonisch uitschrijven? Bel op het gratis nummer 0800 30 700.  Wil je je uitschrijven via e-mail? Hiervoor hebben we volgende informatie nodig: rijksregisternummer:  adres:  e-mailadres:  telefoon- en/of gsm-nummer: hoogst behaalde diploma of studie:  laatste werkgever:  reden uitschrijving: ziekte  startdatum ziekte-uitkering:  vermoedelijke einddatum ziekte-uitkering (indien gekend):  Nog vragen? Antwoord op deze mail of bel ons. Met vriendelijke groeten VDAB  Als klant van VDAB verwacht je de beste dienstverlening. Toch kan het ook eens fout gaan. Heb je een klacht of een probleem ? Meer info over de werking van VDAB en onze privacyvoorschriften vind je in onze disclaimer . \n\n Categorie: Servicelijn \n\n Domein: standaardmails extern \n\n Url: https://intranet-rel1ldv.ops.vdab.be/faq/servicelijn/inschrijven-externe-mails \n\n Volgende paginas:  Contact met derdelander: procedure, via https://intranet-rel1ldv.ops.vdab.be/faq/servicelijn/dienstverlening-aan-derdelanders \n\n Type: intranet", "document_translation": "Subscribe (External mails) \n\n Standard emails info@ that relate to registrations and unsubscribe different catwz. \n\n Question for the VDAB counselor: Part-time work? \n Answer or Action: Dear You let us know that you are working part-time. Congratulations on your job. Depending on your situation, there are a number of options. We advise you to inform your payment institution (trade union or Auxiliary Fund for Unemployment Benefit) about your entitlement to an additional benefit and about your retention of rights. You can adjust your VDAB file according to your situation. More information about this below. Do you consciously choose a part-time job? You may fully deregister from VDAB because of work ('I work full-time'). You should no longer be available for the labor market. You work part-time and are you entitled to benefits? Register with VDAB within 2 months of the start of your contract as 'I work part-time, receive benefits and am (still) looking for other work'.  To apply for your benefit, please contact your payout institution. You remain available for the labor market.  You work part-time, are not entitled to benefits but you are looking for full-time work? Register as 'I work part-time, do not receive benefits and am (still) looking for work'. This way you can distribute your CV via our CV database.  If you want to receive tailor-made vacancies, you can use a saved search. Are you still in your professional integration period? In order for your vocational integration period to continue full-time, you must be registered as 'I work part-time, in vocational integration time'. It is best to do this from the first day of your part-time employment.  Any questions? Reply to this email or call us. With kind regards VDAB As a customer of VDAB you expect the best service. However, things can also go wrong. Do you have a complaint or a problem? More information about the operation of VDAB and our privacy regulations can be found in our disclaimer. \n\n Question for the VDAB counselor: Extra paragraph third-country national? \n Answer or Action: Follow the guidelines on the intranet page: Contact with third-country national: procedure \n\n Question for the VDAB counselor: Registration? \n Answer or Action: Best Due to the Privacy Act, you cannot register with VDAB by e-mail. You can register as a job seeker via the website or by telephone. Do you want to register online? Log in to your account with your e-mail address or national register number and your password.  Go to 'Profile and desired jobs' via the 'Menu'. Under 'Work situation', click 'Edit'. Edit your information Click Save at the bottom. Under 'Messages' you will find your registration certificate (A23). Don't have a VDAB file yet?  Create an account. Do you want to register by phone? Call the free number 0800 30 700.   Keep your national register number at hand when you call. Any questions? Reply to this email or call us. With kind regards VDAB As a customer of VDAB you expect the best service. However, things can also go wrong. Do you have a complaint or a problem? More information about the operation of VDAB and our privacy regulations can be found in our disclaimer. \n\n Question for the VDAB counselor: Register during notice? \n Answer or Action: Best During your notice period, you are not yet entitled to unemployment benefits. However, registering as a job seeker with VDAB is already mandatory if you: are fully or partially exempt from performing services and receive a termination payment, severance payment or severance compensation.   This registration must be made within 2 months. If you are still paid monthly and have to perform services, registration is not yet mandatory, but it is always possible.  You can register as a job seeker via the VDAB website or by telephone.  Do you want to register online? Log in to your account with your e-mail address or national register number and your password.  Go to 'Profile and desired jobs' via the 'Menu'. Under 'Work situation', click 'Edit'. Edit your information Click Save at the bottom. Under 'Messages' you will find your registration certificate (A23). Don't have a VDAB file yet?  Create an account. Do you want to register by phone? Call the free number 0800 30 700.   Keep your national register number at hand when you call. Any questions? Reply to this email or call us. With kind regards VDAB As a customer of VDAB you expect the best service. However, things can also go wrong. Do you have a complaint or a problem? More information about the operation of VDAB and our privacy regulations can be found in our disclaimer. \n\n Question for the VDAB counselor: Registration jobseeker with NIHDI benefit (Cat 32)? \n Answer or Action: Best If you receive a sickness or disability benefit and in the meantime want to take steps to return to work, you can contact VDAB for support.  In that case, we recommend that you contact us by telephone via the free number 0800 30 700. This way we can arrange your registration and start further guidance. It is important that you discuss with the doctor of your health insurance fund or your occupational doctor that you want to get back to work, so that he or she can provide you with a completed GTB registration form. More information about the guidance we offer can be found in our step-by-step plan.  Any questions? Reply to this email or call us. With kind regards VDAB As a customer of VDAB you expect the best service. However, things can also go wrong. Do you have a complaint or a problem? More information about the operation of VDAB and our privacy regulations can be found in our disclaimer. \n\n Question for the VDAB counselor: Registration British citizen? \n Answer or Action: Dear You cannot register with VDAB via e-mail. If your nationality is British, please contact VDAB by phone to register.  We collected information about Brexit and registered with VDAB on our website. Among other things, you can read more about the practical arrangements that you have to make. The Belgian portal also contains information about the conditions for working in Belgium. Do you want to register by phone? Call the free number 0800 30 700.   Keep your residence documents ready when you call. With kind regards VDAB As a customer of VDAB you expect the best service. However, things can also go wrong. Do you have a complaint or a problem? More information about the operation of VDAB and our privacy regulations can be found in our disclaimer. \n\n Question for the VDAB counselor: Unsubscribe after receipt of personal data (to be adjusted according to situation)? \n Answer or Action: Dear Thank you for this information. We wrote you out as a job seeker.  If you become a job seeker again and you want to apply for unemployment benefits, you must re-register with VDAB within 8 calendar days. OR If you are looking for work again, you must immediately register back with VDAB to continue your professional integration period. Any questions? Reply to this email or call us. With kind regards VDAB As a customer of VDAB you expect the best service. However, things can also go wrong. Do you have a complaint or a problem? More information about the operation of VDAB and our privacy regulations can be found in our disclaimer. \n\n Question for the VDAB counselor: Unsubscribing due to work? \n Answer or Action: Best Congratulations on your new job. Normally, in the case of full-time work, you are automatically deregistered by the Dimona declaration. If you work via interim, you will be deregistered as soon as you have been working continuously for four weeks (from Monday to Friday). As a temporary worker, you cannot unsubscribe for that period.  You can unsubscribe from work in different ways. Know that you should register immediately if there is an interruption in your contract. This way you stay in order for your unemployment benefits or your professional integration time. Unsubscribe online? Surf to vdab.be Log in to your account Go to 'Profile and desired jobs' via the 'Menu'. Adjust your work situation to 'I work full-time' Unsubscribe by phone? Call us on the free number 0800 30 700.  Unsubscribe via e-mail? Then we ask for additional information to check your personal data and to complete your file: national register number: address: e-mail address: telephone and/or mobile number: highest diploma or study obtained: new employer: your position: start date of contract: type of contract (permanent, interim, or employment measure): full-time or part-time: Any questions? Reply to this email or call us. With kind regards VDAB As a customer of VDAB you expect the best service. However, things can also go wrong. Do you have a complaint or a problem? More information about the operation of VDAB and our privacy regulations can be found in our disclaimer. \n\n Question for the VDAB counselor: Deregistration Cat 89? \n Answer or Action: Dear If you are working through interim, we will not immediately deregister you as a job seeker. This way we avoid that you always have to register and unsubscribe for short contracts.  If you do not want to be contacted by employers with job offers during your work, get your CV from the CV database.  If you work continuously for 4 weeks via interim (always from Monday to Friday), you will automatically be deregistered for full-time work. If you are almost certain of a long-term interim employment, VDAB can deregister you as a job seeker sooner. This can be done by telephone or by return mail.  Know that you should register immediately if there is an interruption in your contract. This way you stay in order for your unemployment benefits or your professional integration time. Unsubscribe by phone? Call us on the free number 0800 30 700.   Unsubscribe via e-mail? Then we ask for additional information to check your personal data and to complete your file: national register number: address: e-mail address: telephone and/or mobile number: highest diploma or study obtained: new employer: your position: start date of contract: type of contract (permanent, interim, or employment measure): full-time or part-time: Any questions? Reply to this email or call us. With kind regards VDAB As a customer of VDAB you expect the best service. However, things can also go wrong. Do you have a complaint or a problem? More information about the operation of VDAB and our privacy regulations can be found in our disclaimer. \n\n Question for the VDAB counselor: Deregistration after receipt C58/3.5 ANSWER? \n Answer or Action: Dear You provided us with the form 'C58/3.5 ANSWER' with the approval of the RVA for your renunciation of benefits. For that reason, we unsubscribed you as a job seeker on [date].  Do you want to receive benefits again after this period? Then register as a job seeker at VDAB, this can be done online via vdab.be or by telephone. Any questions? Reply to this email or call us. With kind regards VDAB As a customer of VDAB you expect the best service. However, things can also go wrong. Do you have a complaint or a problem? More information about the operation of VDAB and our privacy regulations can be found in our disclaimer. \n\n Question for the VDAB counselor: Deregistration stay abroad? \n Answer or Action: Best If you are staying abroad for a longer period (more than 28 calendar days), you must unsubscribe from VDAB. Also inform your disbursement institution (union or auxiliary fund).   If you are still in your professional integration period, you must immediately unsubscribe when you go abroad, even if this is for a shorter period than 28 days. You can unsubscribe via our website, by telephone or by e-mail.  Important! If you are looking for a job when you return and you wish to apply for unemployment benefit, you must re-register with VDAB within 8 calendar days. As a job seeker in professional integration time, you do this immediately.   Do you want to unsubscribe online?  Surf to vdab.be Log in to your account Go to 'Profile and desired jobs' via the 'Menu'. Change your work situation to \"I'm no longer looking for a job.\" Do you want to unsubscribe by phone?  We can be reached on the free number 0800 30 700. From abroad on the paying number +32 2 508 38 11.  Do you want to unsubscribe via e-mail?  Then we ask for additional information to check your personal data: national register number: address in Belgium: e-mail address: telephone and/or mobile number: highest diploma or study obtained: last (Belgian) employer: reason for deregistration: stay abroad departure date: expected date of return: Any questions? Reply to this email or call us. With kind regards VDAB As a customer of VDAB you expect the best service. However, things can also go wrong. Do you have a complaint or a problem? More information about the operation of VDAB and our privacy regulations can be found in our disclaimer. \n\n Question for the VDAB counselor: Deregistration for other reason (Cat 79)? \n Answer or Action: Dear You have informed us that you are not looking for work at the moment and do not want guidance from VDAB. You can unsubscribe by phone or e-mail. Do you receive a benefit from the RVA? Deregistration with VDAB may have consequences for your unemployment benefit. So inform yourself in advance with your payment institution (trade union or auxiliary fund). If you want to receive benefits again, register with VDAB as soon as possible. Are you a school leaver? Then this deregistration interrupts your professional integration time. If you are looking for a job again, register with VDAB as soon as possible, then your professional integration time will continue. Do you want to unsubscribe by phone? Call the free number 0800 30 700.  Do you want to unsubscribe via e-mail? Please provide us with the following information: national register number: address: e-mail address: telephone and/or mobile number: highest diploma or study obtained: last employer: Any questions? Reply to this email or call us. With kind regards VDAB As a customer of VDAB you expect the best service. However, things can also go wrong. Do you have a complaint or a problem? More information about the operation of VDAB and our privacy regulations can be found in our disclaimer. \n\n Question for the VDAB counselor: Deregistration due to illness/ incapacity for work? \n Answer or Action: Best If you are ill for a longer period (28 or more calendar days) and receive sickness benefit, you must deregister from VDAB due to illness.   You can unsubscribe due to illness via our website, by telephone or by return e-mail.  Important! If you are looking for a job again after your period of illness and you wish to apply for unemployment benefit, you must re-register with VDAB within 8 calendar days. Registration can be done via our website or by telephone, not by e-mail.    Do you want to unsubscribe online? Surf to vdab.be Log in to your account Go to 'Profile and desired jobs' via the 'Menu'. Adjust your work situation to \"I'm sick.\" Do you want to unsubscribe by phone? Call the free number 0800 30 700.  Do you want to unsubscribe via e-mail? For this we need the following information: national register number: address: e-mail address: telephone and/or mobile number: highest diploma or study obtained: last employer: reason for deregistration: sickness start date sickness benefit: probable end date sickness benefit (if known): Any questions? Reply to this email or call us. With kind regards VDAB As a customer of VDAB you expect the best service. However, things can also go wrong. Do you have a complaint or a problem? More information about the operation of VDAB and our privacy regulations can be found in our disclaimer. \n\n Category: Service line \n\n Domain: standard emails external \n\n Url: https://intranet-rel1ldv.ops.vdab.be/faq/servicelijn/inschrijven-externe-mails \n\n Next pages:  Contact met derdelander: procedure, via https://intranet-rel1ldv.ops.vdab.be/faq/servicelijn/dienstverlening-aan-derdelanders \n\n Type: intranet"}