{"title": "Contactstrategie voor en na een rechtzetting", "type": "intranet", "field_trefwoorden_name": ["eenvoudige rechtzetting", "contactstrategie", "complexe rechtzetting"], "domain_name": ["wie, wat, hoe"], "category_name": "Servicelijn", "url": "https://intranet-rel1ldv.ops.vdab.be/faq/contactstrategie-voor-en-na-een-rechtzetting", "content": [["Invloed op CS en INOS", "CS = contactstrategie Zie ook alinea: Wie behoort tot de contactstrategie?"], ["Het dossier behoort na rechtzetting voor het eerst tot CS", "Het dossier behoort tot de CS en INOS vanaf de dag van uitvoering van de rechtzetting.  Voorbeeld Klant schrijft zich foutief in met cat.03 op 1/9. SL bemiddelaar zet dit recht op 20/10 naar cat.00.  Het dossier behoort tot de CS vanaf de dag van uitvoering van de rechtzetting (20/10) en INOS start vanaf 20/10 op.  "], ["Het dossier behoort na rechtzetting nog altijd tot CS", "Het dossier blijft ook op de dag van de uitvoering van de rechtzetting tot CS behoren en INOS loopt gewoon door. Voorbeeld Klant schrijft zich foutief in met cat.00 op 1/9. SL bemiddelaar zet dit recht op 20/10 naar cat.02.   Het dossier blijft ook op de dag van de uitvoering van de rechtzetting (20/10) tot CS behoren en INOS loopt gewoon door vanaf 20/10."], ["Het dossier behoort na rechtzetting niet meer tot CS", "Het dossier gaat in pauze op de dag van uitvoering van de rechtzetting en behoort vanaf dat moment niet meer tot de contactstrategie. Voorbeeld Klant behoorde tot CS (cat.02) op 1/8. Deze gaat in verlof op 01/09 tem 30/09. Backoffice Bemiddeling zet dit recht op 20/09 naar cat. 79. Het dossier gaat in pauze op de dag van uitvoering van de rechtzetting en behoort vanaf dat moment niet meer tot de contactstrategie."], ["Inschatten na een rechtzetting", "Eenvoudige rechtzetting Schat altijd in via INOS als de klant na de rechtzetting tot de  doelgroep CS  behoort. Complexe rechtzetting Klant is ZR? Schat niet in. Vanaf de rechtzetting gaat de klant tot CS behoren en krijgt deze de AO6 op dag 28.  Klant heeft AGI nodig of BLING? Schat in en dispatch. Je hoeft hiervoor niet op de rechtzetting te wachten. CS: Actiegericht (her)inschatten (AGI) met DiWi CS: Blijft ingeschreven, geen dienstverlening door VDAB (BLING) met de Dispatchlijst"], ["Het dossier behoort na rechtzetting voor het eerst tot CS", "Schat in via INOS Dispatch bij AGI of BLING CS: Actiegericht (her)inschatten (AGI) met DiWi CS: Blijft ingeschreven, geen dienstverlening door VDAB (BLING) met de Dispatchlijst"], ["Het dossier behoort na rechtzetting nog altijd tot CS", "Klant heeft ' Actiegericht (her)inschatten' (AGI) nodig of ' Blijft ingeschreven, geen dienstverlening door VDAB' (BLING). Schat in via INOS Dispatch.  CS: Actiegericht (her)inschatten (AGI) met DiWi CS: Blijft ingeschreven, geen dienstverlening door VDAB (BLING) met de Dispatchlijst Achtergrondinfo Als het niet lukt om in te schatten bij klanten die de AO6 nog niet kregen en een complexe rechtzetting vragen, is dat niet erg. Als deze klanten na de rechtzetting nog altijd tot de CS behoren, volgt een eerste inschattingsgesprek met Servicelijn (AO6) snel."], ["Het dossier behoort na rechtzetting niet meer tot CS", "Backoffice Bemiddeling doet zelf geen inschatting bij het uitvoeren van een rechtzetting. Ze noteren in een Notitie:  \"Klant is nog niet ingeschat en is langer dan 6 weken werkzoekend.\" Procedure Servicelijn Schat klant in. Heb extra aandacht voor lengte werkloosheid. Achtergrondinfo Door de rechtzetting is de datum van de inschrijving langer dan 6 weken geleden. Voorbeeld: Klant schreef zich op 1/8 foutief in cat.82 in en vraagt op 1/10 een rechtzetting naar cat.02 vanaf 1/8. Klant behoort vanaf 1/10 tot de contactstrategie maar is al langer werkzoekend."]], "link_ankers": [["https://intranet-rel1ldv.ops.vdab.be/faq/servicelijn/wie-behoort-tot-de-contactstrategie", "Wie behoort tot de contactstrategie?"], ["https://intranet-rel1ldv.ops.vdab.be/faq/servicelijn/hoe-dispatchen-procedures", "CS: Actiegericht (her)inschatten (AGI) met DiWi"], ["https://intranet-rel1ldv.ops.vdab.be/faq/servicelijn/hoe-dispatchen-procedures", "CS: Blijft ingeschreven, geen dienstverlening door VDAB (BLING) met de Dispatchlijst"]], "title_translation": "Contact strategy before and after a rectification", "field_trefwoorden_name_translation": ["contact strategy", "complex rectification", "simple rectification"], "domain_name_translation": ["who, what, how"], "category_name_translation": "Service line", "content_translation": [["Influence on CS and INOS", "CS = contact strategy See also paragraph: Who belongs to the contact strategy?"], ["The file belongs to CS for the first time after correction", "The file belongs to the CS and INOS from the day of implementation of the correction.  Example Customer incorrectly registers with cat.03 on 1/9. SL mediator puts this right on 20/10 to cat.00.  The file belongs to the CS from the day of implementation of the correction (20/10) and INOS starts from 20/10."], ["The file still belongs to CS after correction", "The file remains part of CS even on the day of the execution of the correction and INOS continues as usual. Example Customer incorrectly registers with cat.00 on 1/9. SL mediator puts this right on 20/10 to cat.02.   The file will continue to belong to CS on the day of the implementation of the correction (20/10) and INOS will continue as usual from 20/10."], ["The file no longer belongs to CS", "after correction The file goes into pause on the day of implementation of the correction and from that moment on no longer belongs to the contact strategy. Example Customer belonged to CS (cat.02) on 1/8. He will be on leave on 01/09 to 30/09. Backoffice Mediation puts this right on 20/09 to cat. 79. The file goes into pause on the day of implementation of the correction and from that moment on no longer forms part of the contact strategy."], ["Estimating after a correction", "Simple correction Always estimate via INOS if the customer belongs to the target group CS after the correction. Complex rectification Customer is ZR? Don't estimate. From the correction, the customer becomes part of CS and receives the AO6 on day 28.  Customer needs AGI or BLING? Estimate and dispatch. You don't have to wait for the correction for this. CS: Action-oriented (re)assessment (AGI) with DiWi CS: Remains registered, no service provided by VDAB (BLING) with the Dispatch list"], ["After correction, the file belongs to CS for the first time", "Estimate via INOS Dispatch at AGI or BLING CS: Action-oriented (re)assessment (AGI) with DiWi CS: Remains registered, no service provided by VDAB (BLING) with the Dispatch list"], ["After correction, the file still belongs to CS", "Customer needs 'Action-oriented (re)assessment' (AGI) or 'Remains registered, no service by VDAB' (BLING). Estimate via INOS Dispatch.  CS: Action-oriented (re)assessment (AGI) with DiWi CS: Remains registered, no service provided by VDAB (BLING) with the Dispatch list Background info If it is not possible to estimate with customers who have not yet received the AO6 and ask for a complex correction, that is not a problem. If these customers still belong to the CS after the correction, an initial assessment interview with Servicelijn (AO6) will follow quickly."], ["After correction, the file no longer belongs to CS", "Backoffice Mediation does not make an assessment when carrying out a correction. They note in a Note: \"Customer has not yet been assessed and has been looking for work for more than 6 weeks.\" Procedure Service line Estimate customer. Pay extra attention to length unemployment. Background information Due to the correction, the date of registration is longer than 6 weeks ago. Example: Customer incorrectly registered in cat.82 on 1/8 and requests a correction to cat.02 from 1/8 on 1/10. Customer belongs to the contact strategy from 1/10 but has been looking for work for some time."]], "document": "Contactstrategie voor en na een rechtzetting \n\n Vraag aan de VDAB consulent: Invloed op CS en INOS? \n Antwoord of Actie: CS = contactstrategie Zie ook alinea: Wie behoort tot de contactstrategie? \n\n Vraag aan de VDAB consulent: Het dossier behoort na rechtzetting voor het eerst tot CS? \n Antwoord of Actie: Het dossier behoort tot de CS en INOS vanaf de dag van uitvoering van de rechtzetting.  Voorbeeld Klant schrijft zich foutief in met cat.03 op 1/9. SL bemiddelaar zet dit recht op 20/10 naar cat.00.  Het dossier behoort tot de CS vanaf de dag van uitvoering van de rechtzetting (20/10) en INOS start vanaf 20/10 op.   \n\n Vraag aan de VDAB consulent: Het dossier behoort na rechtzetting nog altijd tot CS? \n Antwoord of Actie: Het dossier blijft ook op de dag van de uitvoering van de rechtzetting tot CS behoren en INOS loopt gewoon door. Voorbeeld Klant schrijft zich foutief in met cat.00 op 1/9. SL bemiddelaar zet dit recht op 20/10 naar cat.02.   Het dossier blijft ook op de dag van de uitvoering van de rechtzetting (20/10) tot CS behoren en INOS loopt gewoon door vanaf 20/10. \n\n Vraag aan de VDAB consulent: Het dossier behoort na rechtzetting niet meer tot CS? \n Antwoord of Actie: Het dossier gaat in pauze op de dag van uitvoering van de rechtzetting en behoort vanaf dat moment niet meer tot de contactstrategie. Voorbeeld Klant behoorde tot CS (cat.02) op 1/8. Deze gaat in verlof op 01/09 tem 30/09. Backoffice Bemiddeling zet dit recht op 20/09 naar cat. 79. Het dossier gaat in pauze op de dag van uitvoering van de rechtzetting en behoort vanaf dat moment niet meer tot de contactstrategie. \n\n Vraag aan de VDAB consulent: Inschatten na een rechtzetting? \n Antwoord of Actie: Eenvoudige rechtzetting Schat altijd in via INOS als de klant na de rechtzetting tot de  doelgroep CS  behoort. Complexe rechtzetting Klant is ZR? Schat niet in. Vanaf de rechtzetting gaat de klant tot CS behoren en krijgt deze de AO6 op dag 28.  Klant heeft AGI nodig of BLING? Schat in en dispatch. Je hoeft hiervoor niet op de rechtzetting te wachten. CS: Actiegericht (her)inschatten (AGI) met DiWi CS: Blijft ingeschreven, geen dienstverlening door VDAB (BLING) met de Dispatchlijst \n\n Vraag aan de VDAB consulent: Het dossier behoort na rechtzetting voor het eerst tot CS? \n Antwoord of Actie: Schat in via INOS Dispatch bij AGI of BLING CS: Actiegericht (her)inschatten (AGI) met DiWi CS: Blijft ingeschreven, geen dienstverlening door VDAB (BLING) met de Dispatchlijst \n\n Vraag aan de VDAB consulent: Het dossier behoort na rechtzetting nog altijd tot CS? \n Antwoord of Actie: Klant heeft ' Actiegericht (her)inschatten' (AGI) nodig of ' Blijft ingeschreven, geen dienstverlening door VDAB' (BLING). Schat in via INOS Dispatch.  CS: Actiegericht (her)inschatten (AGI) met DiWi CS: Blijft ingeschreven, geen dienstverlening door VDAB (BLING) met de Dispatchlijst Achtergrondinfo Als het niet lukt om in te schatten bij klanten die de AO6 nog niet kregen en een complexe rechtzetting vragen, is dat niet erg. Als deze klanten na de rechtzetting nog altijd tot de CS behoren, volgt een eerste inschattingsgesprek met Servicelijn (AO6) snel. \n\n Vraag aan de VDAB consulent: Het dossier behoort na rechtzetting niet meer tot CS? \n Antwoord of Actie: Backoffice Bemiddeling doet zelf geen inschatting bij het uitvoeren van een rechtzetting. Ze noteren in een Notitie:  \"Klant is nog niet ingeschat en is langer dan 6 weken werkzoekend.\" Procedure Servicelijn Schat klant in. Heb extra aandacht voor lengte werkloosheid. Achtergrondinfo Door de rechtzetting is de datum van de inschrijving langer dan 6 weken geleden. Voorbeeld: Klant schreef zich op 1/8 foutief in cat.82 in en vraagt op 1/10 een rechtzetting naar cat.02 vanaf 1/8. Klant behoort vanaf 1/10 tot de contactstrategie maar is al langer werkzoekend. \n\n Categorie: Servicelijn \n\n Domein: wie, wat, hoe \n\n Tags: complexe rechtzetting, contactstrategie, eenvoudige rechtzetting \n\n Url: https://intranet-rel1ldv.ops.vdab.be/faq/contactstrategie-voor-en-na-een-rechtzetting \n\n Volgende paginas: Wie behoort tot de contactstrategie?, via https://intranet-rel1ldv.ops.vdab.be/faq/servicelijn/wie-behoort-tot-de-contactstrategie - CS: Actiegericht (her)inschatten (AGI) met DiWi, via https://intranet-rel1ldv.ops.vdab.be/faq/servicelijn/hoe-dispatchen-procedures - CS: Blijft ingeschreven, geen dienstverlening door VDAB (BLING) met de Dispatchlijst, via https://intranet-rel1ldv.ops.vdab.be/faq/servicelijn/hoe-dispatchen-procedures \n\n Type: intranet", "document_translation": "Contact strategy before and after a rectification \n\n Question for the VDAB counselor: Influence on CS and INOS? \n Answer or Action: CS = contact strategy See also paragraph: Who belongs to the contact strategy? \n\n Question for the VDAB counselor: The file belongs to CS for the first time after correction? \n Answer or Action: The file belongs to the CS and INOS from the day of implementation of the correction.  Example Customer incorrectly registers with cat.03 on 1/9. SL mediator puts this right on 20/10 to cat.00.  The file belongs to the CS from the day of implementation of the correction (20/10) and INOS starts from 20/10. \n\n Question for the VDAB counselor: The file still belongs to CS after correction? \n Answer or Action: The file remains part of CS even on the day of the execution of the correction and INOS continues as usual. Example Customer incorrectly registers with cat.00 on 1/9. SL mediator puts this right on 20/10 to cat.02.   The file will continue to belong to CS on the day of the implementation of the correction (20/10) and INOS will continue as usual from 20/10. \n\n Question for the VDAB counselor: The file no longer belongs to CS? \n Answer or Action: after correction The file goes into pause on the day of implementation of the correction and from that moment on no longer belongs to the contact strategy. Example Customer belonged to CS (cat.02) on 1/8. He will be on leave on 01/09 to 30/09. Backoffice Mediation puts this right on 20/09 to cat. 79. The file goes into pause on the day of implementation of the correction and from that moment on no longer forms part of the contact strategy. \n\n Question for the VDAB counselor: Estimating after a correction? \n Answer or Action: Simple correction Always estimate via INOS if the customer belongs to the target group CS after the correction. Complex rectification Customer is ZR? Don't estimate. From the correction, the customer becomes part of CS and receives the AO6 on day 28.  Customer needs AGI or BLING? Estimate and dispatch. You don't have to wait for the correction for this. CS: Action-oriented (re)assessment (AGI) with DiWi CS: Remains registered, no service provided by VDAB (BLING) with the Dispatch list \n\n Question for the VDAB counselor: After correction, the file belongs to CS for the first time? \n Answer or Action: Estimate via INOS Dispatch at AGI or BLING CS: Action-oriented (re)assessment (AGI) with DiWi CS: Remains registered, no service provided by VDAB (BLING) with the Dispatch list \n\n Question for the VDAB counselor: After correction, the file still belongs to CS? \n Answer or Action: Customer needs 'Action-oriented (re)assessment' (AGI) or 'Remains registered, no service by VDAB' (BLING). Estimate via INOS Dispatch.  CS: Action-oriented (re)assessment (AGI) with DiWi CS: Remains registered, no service provided by VDAB (BLING) with the Dispatch list Background info If it is not possible to estimate with customers who have not yet received the AO6 and ask for a complex correction, that is not a problem. If these customers still belong to the CS after the correction, an initial assessment interview with Servicelijn (AO6) will follow quickly. \n\n Question for the VDAB counselor: After correction, the file no longer belongs to CS? \n Answer or Action: Backoffice Mediation does not make an assessment when carrying out a correction. They note in a Note: \"Customer has not yet been assessed and has been looking for work for more than 6 weeks.\" Procedure Service line Estimate customer. Pay extra attention to length unemployment. Background information Due to the correction, the date of registration is longer than 6 weeks ago. Example: Customer incorrectly registered in cat.82 on 1/8 and requests a correction to cat.02 from 1/8 on 1/10. Customer belongs to the contact strategy from 1/10 but has been looking for work for some time. \n\n Category: Service line \n\n Domain: who, what, how \n\n Tags: contact strategy, complex rectification, simple rectification \n\n Url: https://intranet-rel1ldv.ops.vdab.be/faq/contactstrategie-voor-en-na-een-rechtzetting \n\n Next pages: Wie behoort tot de contactstrategie?, via https://intranet-rel1ldv.ops.vdab.be/faq/servicelijn/wie-behoort-tot-de-contactstrategie - CS: Actiegericht (her)inschatten (AGI) met DiWi, via https://intranet-rel1ldv.ops.vdab.be/faq/servicelijn/hoe-dispatchen-procedures - CS: Blijft ingeschreven, geen dienstverlening door VDAB (BLING) met de Dispatchlijst, via https://intranet-rel1ldv.ops.vdab.be/faq/servicelijn/hoe-dispatchen-procedures \n\n Type: intranet"}