{"title": "Backoffice Bemiddeling: escalatie cascade (FLOW)", "type": "intranet", "field_trefwoorden_name": ["hoe", "procedure servicelijn"], "domain_name": ["sl, bo bml, x ddv", "backoffice bemiddeling"], "category_name": "Servicelijn", "field_faq_summary": "overzicht hoe en wanneer doorsturen naar backoffice voor Servicelijn-consulenten.", "url": "https://intranet-rel1ldv.ops.vdab.be/faq/servicelijn/werkwijze-escalatie-naar-backoffice-flow", "content": [["Flow", "Zie:  Backoffice Bemiddeling: escalatie cascade (FLOW)  "], ["Uitgeschreven Flow", "In je zoektocht naar een antwoord volg je volgende stappen.  Zoek zelf Dit doe je in de beschikbare bronnen zoals in het kennissysteem. Vind je geen antwoord? Vraag hulp bij jouw teamleider.  Teamleider Je teamleider helpt je binnen je wrap-up tijd. Vindt hij binnen deze tijd geen antwoord? Dan stel je de vraag aan Backoffice Bemiddeling. Backoffice Bemiddeling Te bereiken via Intranet, tab Voor de klant, tab Help me met mijn klant, Backoffice Backoffice Bemiddeling behandelt de vraag. Ze geven een antwoord aan zowel de klant en de indiener van het ticket. "]], "link_ankers": [["https://intranet-rel1ldv.ops.vdab.be/faq/servicelijn/bo-bml-contacteren-wie-hoe-en-met-welke-vragen", "Backoffice Bemiddeling: welke vragen kan ik stellen? "], ["https://intranet-rel1ldv.ops.vdab.be/faq/servicelijn/bo-bml-vuistregels-voor-de-behandeling-van-een-rechtzetting-door-backoffice", "Backoffice Bemiddeling: vuistregels bij behandeling dossierrechtzetting"], ["https://intranet-rel1ldv.ops.vdab.be/faq/servicelijn/bo-bml-hoe-een-rechtzetting-aanvragen", "Backoffice Bemiddeling: dossierrechtzettingen"]], "title_translation": "Back office Mediation: escalation cascade (FLOW)", "field_trefwoorden_name_translation": ["service line procedure", "how"], "domain_name_translation": ["sl, bo bml, x ddv", "back office mediation"], "category_name_translation": "Service line", "field_faq_summary_translation": "overview how and when to forward to back office for Service Line consultants.", "document": "Backoffice Bemiddeling: escalatie cascade (FLOW) \n\n overzicht hoe en wanneer doorsturen naar backoffice voor Servicelijn-consulenten. \n\n Vraag aan de VDAB consulent: Flow? \n Antwoord of Actie: Zie:  Backoffice Bemiddeling: escalatie cascade (FLOW)   \n\n Vraag aan de VDAB consulent: Uitgeschreven Flow? \n Antwoord of Actie: In je zoektocht naar een antwoord volg je volgende stappen.  Zoek zelf Dit doe je in de beschikbare bronnen zoals in het kennissysteem. Vind je geen antwoord? Vraag hulp bij jouw teamleider.  Teamleider Je teamleider helpt je binnen je wrap-up tijd. Vindt hij binnen deze tijd geen antwoord? Dan stel je de vraag aan Backoffice Bemiddeling. Backoffice Bemiddeling Te bereiken via Intranet, tab Voor de klant, tab Help me met mijn klant, Backoffice Backoffice Bemiddeling behandelt de vraag. Ze geven een antwoord aan zowel de klant en de indiener van het ticket. \n\n Categorie: Servicelijn \n\n Domein: sl, bo bml, x ddv - backoffice bemiddeling \n\n Tags: hoe, procedure servicelijn \n\n Url: https://intranet-rel1ldv.ops.vdab.be/faq/servicelijn/werkwijze-escalatie-naar-backoffice-flow \n\n Volgende paginas: Backoffice Bemiddeling: welke vragen kan ik stellen? , via https://intranet-rel1ldv.ops.vdab.be/faq/servicelijn/bo-bml-contacteren-wie-hoe-en-met-welke-vragen - Backoffice Bemiddeling: vuistregels bij behandeling dossierrechtzetting, via https://intranet-rel1ldv.ops.vdab.be/faq/servicelijn/bo-bml-vuistregels-voor-de-behandeling-van-een-rechtzetting-door-backoffice - Backoffice Bemiddeling: dossierrechtzettingen, via https://intranet-rel1ldv.ops.vdab.be/faq/servicelijn/bo-bml-hoe-een-rechtzetting-aanvragen \n\n Type: intranet", "document_translation": "Back office Mediation: escalation cascade (FLOW) \n\n overview how and when to forward to back office for Service Line consultants. \n\n Category: Service line \n\n Domain: sl, bo bml, x ddv - back office mediation \n\n Tags: service line procedure, how \n\n Url: https://intranet-rel1ldv.ops.vdab.be/faq/servicelijn/werkwijze-escalatie-naar-backoffice-flow \n\n Next pages: Backoffice Bemiddeling: welke vragen kan ik stellen? , via https://intranet-rel1ldv.ops.vdab.be/faq/servicelijn/bo-bml-contacteren-wie-hoe-en-met-welke-vragen - Backoffice Bemiddeling: vuistregels bij behandeling dossierrechtzetting, via https://intranet-rel1ldv.ops.vdab.be/faq/servicelijn/bo-bml-vuistregels-voor-de-behandeling-van-een-rechtzetting-door-backoffice - Backoffice Bemiddeling: dossierrechtzettingen, via https://intranet-rel1ldv.ops.vdab.be/faq/servicelijn/bo-bml-hoe-een-rechtzetting-aanvragen \n\n Type: intranet"}