{"title": "Hoe omgaan met: leeftijd, nationaliteit, woonplaats, taal", "type": "intranet", "field_trefwoorden_name": ["contactstrategie"], "domain_name": ["dossierinfo"], "category_name": "Servicelijn", "url": "https://intranet-rel1ldv.ops.vdab.be/faq/servicelijn/hoe-omgaan-met-leeftijd-nationaliteit-woonplaats-taal", "content": [["Leeftijd", "Inschatten en opvolgen van jongeren"], ["Contact met een jongere", "Jongere met BUSO OV2?"], ["Contact met een jongere met BUSO OV2 (cat. 00, 03, 05)", "Bij actieve beschikbaarheid \"55+: Actieve beschikbaarheid\" Bij aangepaste beschikbaarheid \"55+: Aangepaste beschikbaarheid\" Bij passieve beschikbaarheid \"55+: Passieve beschikbaarheid\" Bij vrijstelling van beschikbaarheid \"55+: Vrijstelling van beschikbaarheid voor oudere werkzoekenden\" Bij nog geen beschikbaarheid in het dossier beschouwen we de klant als actief beschikbaar totdat we de info in het dossier zien staan (aangepast beschikbaar). In welke dossiers verschijnt de beschikbaarheid niet 1 dag na de inschrijving?"], ["Contact met 55-plusser", "\"55+: Aangepaste beschikbaarheid\""], ["Contact met 60+er - aangepast beschikbaar", "Contact met een derdelander"], ["Nationaliteit", "Wanneer kan dienstverlening aan Brusselse wz?"], ["Contact met derdelander", "Wanneer kan dienstverlening aan Waalse wz?"], ["Woonplaats", "Klant werkt (niet) en vraagt geen werkloosheidsuitkering: vrije wz (cat. 03, 90, 93) Domicilie- en verblijfadres in het buitenland Opgelet Het is heel belangrijk dat er een e-mailadres in het dossier staat. Anders kan de regio of SL de klant niet dispatchen."], ["Klant uit Brussel", "Anderstalige klanten: info Klant spreekt Frans Klant spreekt Engels Klant spreekt geen Frans of Engels Tools bij gesprekken met FR/ENG klanten"]], "link_ankers": [["https://intranet-rel1ldv.ops.vdab.be/faq/servicelijn/dienstverlening-aan-waalse-en-brusselse-wz", "Wanneer kan dienstverlening aan Brusselse wz?"], ["https://intranet-rel1ldv.ops.vdab.be/faq/servicelijn/55-algemene-info", "In welke dossiers verschijnt de beschikbaarheid niet 1 dag na de inschrijving?"], ["https://intranet-rel1ldv.ops.vdab.be/faq/servicelijn/55-aangepaste-beschikbaarheid", "\"55+: Aangepaste beschikbaarheid\""], ["https://intranet-rel1ldv.ops.vdab.be/faq/servicelijn/klant-werkt-niet-en-vraagt-geen-werkloosheidsuitkering-vrije-wz-cat-03-90-93", "Klant werkt (niet) en vraagt geen werkloosheidsuitkering: vrije wz (cat. 03, 90, 93)"], ["https://intranet-rel1ldv.ops.vdab.be/faq/servicelijn/studies-stopgezet-beeindigd-en-buso-ov1-2-3-en-4", "Jongere met BUSO OV2?"], ["https://intranet-rel1ldv.ops.vdab.be/faq/servicelijn/dienstverlening-aan-waalse-en-brusselse-wz", "Wanneer kan dienstverlening aan Waalse wz?"], ["https://intranet-rel1ldv.ops.vdab.be/faq/servicelijn/wz-zonder-rijksregisternummer-of-bis-nummer", "Domicilie- en verblijfadres in het buitenland"], ["https://intranet-rel1ldv.ops.vdab.be/faq/servicelijn/dienstverlening-aan-derdelanders", "Contact met een derdelander"], ["https://intranet-rel1ldv.ops.vdab.be/faq/servicelijn/inschatten-en-opvolgen-van-jongeren", "Inschatten en opvolgen van jongeren"], ["https://intranet-rel1ldv.ops.vdab.be/faq/servicelijn/55-actieve-beschikbaarheid", "\"55+: Actieve beschikbaarheid\""], ["https://intranet-rel1ldv.ops.vdab.be/faq/klant-spreekt-engels", "Klant spreekt Engels"], ["https://intranet-rel1ldv.ops.vdab.be/faq/servicelijn/55-vrijstelling-van-beschikbaarheid-voor-oudere-werkzoekenden", "\"55+: Vrijstelling van beschikbaarheid voor oudere werkzoekenden\""], ["https://intranet-rel1ldv.ops.vdab.be/faq/servicelijn/55-passieve-beschikbaarheid", "\"55+: Passieve beschikbaarheid\""], ["https://intranet-rel1ldv.ops.vdab.be/faq/klant-spreekt-frans", "Klant spreekt Frans"], ["https://intranet-rel1ldv.ops.vdab.be/faq/servicelijn/klant-spreekt-geen-frans-engels", "Klant spreekt geen Frans of Engels"], ["https://intranet-rel1ldv.ops.vdab.be/faq/servicelijn/anderstalige-klanten-info", "Anderstalige klanten: info"]], "title_translation": "How to deal with: age, nationality, place of residence, language", "field_trefwoorden_name_translation": ["contact strategy"], "domain_name_translation": ["file info"], "category_name_translation": "Service line", "content_translation": [["Age", "Estimating and monitoring young people"], ["Contact a young", "person with BUSO OV2?"], ["Contact with a young person with BUSO OV2 (cat. 00, 03, 05) With active availability \"55+: Active availability\" With adjusted availability \"55+: Adjusted availability\" In case of passive availability \"55+: Passive availability\"", "In case of exemption from availability \"55+: Exemption from availability for older job seekers\" If there is no availability in the file yet, we consider the customer as actively available until we see the information in the file (adjusted available). In which files does the availability not appear 1 day after registration?"], ["Contact with over-55s \"", "55+: Adjusted availability\""], ["Contact with 60+er - adapted available", "Contact with a third-country national"], ["Nationality", "When can services be provided to Brussels WZ?"], ["Contact with a third-country national", "When can services be provided to Walloon WZ?"], ["Place of residence Customer works (not) and", "does not apply for unemployment benefit: free wz (cat. 03, 90, 93) Domicile and residence address abroad Attention It is very important that there is an e-mail address in the file. Otherwise, the region or SL will not be able to dispatch the customer."], ["Customer from Brussels", "Foreign-speaking customers: info Customer speaks French Customer speaks English Customer does not speak French or English Tools when talking to FR/ENG customers"]], "document": "Hoe omgaan met: leeftijd, nationaliteit, woonplaats, taal \n\n Vraag aan de VDAB consulent: Leeftijd? \n Antwoord of Actie: Inschatten en opvolgen van jongeren \n\n Vraag aan de VDAB consulent: Contact met een jongere? \n Antwoord of Actie: Jongere met BUSO OV2? \n\n Vraag aan de VDAB consulent: Contact met een jongere met BUSO OV2 (cat. 00, 03, 05)? \n Antwoord of Actie: Bij actieve beschikbaarheid \"55+: Actieve beschikbaarheid\" Bij aangepaste beschikbaarheid \"55+: Aangepaste beschikbaarheid\" Bij passieve beschikbaarheid \"55+: Passieve beschikbaarheid\" Bij vrijstelling van beschikbaarheid \"55+: Vrijstelling van beschikbaarheid voor oudere werkzoekenden\" Bij nog geen beschikbaarheid in het dossier beschouwen we de klant als actief beschikbaar totdat we de info in het dossier zien staan (aangepast beschikbaar). In welke dossiers verschijnt de beschikbaarheid niet 1 dag na de inschrijving? \n\n Vraag aan de VDAB consulent: Contact met 55-plusser? \n Antwoord of Actie: \"55+: Aangepaste beschikbaarheid\" \n\n Vraag aan de VDAB consulent: Contact met 60+er - aangepast beschikbaar? \n Antwoord of Actie: Contact met een derdelander \n\n Vraag aan de VDAB consulent: Nationaliteit? \n Antwoord of Actie: Wanneer kan dienstverlening aan Brusselse wz? \n\n Vraag aan de VDAB consulent: Contact met derdelander? \n Antwoord of Actie: Wanneer kan dienstverlening aan Waalse wz? \n\n Vraag aan de VDAB consulent: Woonplaats? \n Antwoord of Actie: Klant werkt (niet) en vraagt geen werkloosheidsuitkering: vrije wz (cat. 03, 90, 93) Domicilie- en verblijfadres in het buitenland Opgelet Het is heel belangrijk dat er een e-mailadres in het dossier staat. Anders kan de regio of SL de klant niet dispatchen. \n\n Vraag aan de VDAB consulent: Klant uit Brussel? \n Antwoord of Actie: Anderstalige klanten: info Klant spreekt Frans Klant spreekt Engels Klant spreekt geen Frans of Engels Tools bij gesprekken met FR/ENG klanten \n\n Categorie: Servicelijn \n\n Domein: dossierinfo \n\n Tags: contactstrategie \n\n Url: https://intranet-rel1ldv.ops.vdab.be/faq/servicelijn/hoe-omgaan-met-leeftijd-nationaliteit-woonplaats-taal \n\n Volgende paginas: Wanneer kan dienstverlening aan Brusselse wz?, via https://intranet-rel1ldv.ops.vdab.be/faq/servicelijn/dienstverlening-aan-waalse-en-brusselse-wz - In welke dossiers verschijnt de beschikbaarheid niet 1 dag na de inschrijving?, via https://intranet-rel1ldv.ops.vdab.be/faq/servicelijn/55-algemene-info - \"55+: Aangepaste beschikbaarheid\", via https://intranet-rel1ldv.ops.vdab.be/faq/servicelijn/55-aangepaste-beschikbaarheid - Klant werkt (niet) en vraagt geen werkloosheidsuitkering: vrije wz (cat. 03, 90, 93), via https://intranet-rel1ldv.ops.vdab.be/faq/servicelijn/klant-werkt-niet-en-vraagt-geen-werkloosheidsuitkering-vrije-wz-cat-03-90-93 - Jongere met BUSO OV2?, via https://intranet-rel1ldv.ops.vdab.be/faq/servicelijn/studies-stopgezet-beeindigd-en-buso-ov1-2-3-en-4 - Wanneer kan dienstverlening aan Waalse wz?, via https://intranet-rel1ldv.ops.vdab.be/faq/servicelijn/dienstverlening-aan-waalse-en-brusselse-wz - Domicilie- en verblijfadres in het buitenland, via https://intranet-rel1ldv.ops.vdab.be/faq/servicelijn/wz-zonder-rijksregisternummer-of-bis-nummer - Contact met een derdelander, via https://intranet-rel1ldv.ops.vdab.be/faq/servicelijn/dienstverlening-aan-derdelanders - Inschatten en opvolgen van jongeren, via https://intranet-rel1ldv.ops.vdab.be/faq/servicelijn/inschatten-en-opvolgen-van-jongeren - \"55+: Actieve beschikbaarheid\", via https://intranet-rel1ldv.ops.vdab.be/faq/servicelijn/55-actieve-beschikbaarheid - Klant spreekt Engels, via https://intranet-rel1ldv.ops.vdab.be/faq/klant-spreekt-engels - \"55+: Vrijstelling van beschikbaarheid voor oudere werkzoekenden\", via https://intranet-rel1ldv.ops.vdab.be/faq/servicelijn/55-vrijstelling-van-beschikbaarheid-voor-oudere-werkzoekenden - \"55+: Passieve beschikbaarheid\", via https://intranet-rel1ldv.ops.vdab.be/faq/servicelijn/55-passieve-beschikbaarheid - Klant spreekt Frans, via https://intranet-rel1ldv.ops.vdab.be/faq/klant-spreekt-frans - Klant spreekt geen Frans of Engels, via https://intranet-rel1ldv.ops.vdab.be/faq/servicelijn/klant-spreekt-geen-frans-engels - Anderstalige klanten: info, via https://intranet-rel1ldv.ops.vdab.be/faq/servicelijn/anderstalige-klanten-info \n\n Type: intranet", "document_translation": "How to deal with: age, nationality, place of residence, language \n\n Question for the VDAB counselor: Age? \n Answer or Action: Estimating and monitoring young people \n\n Question for the VDAB counselor: Contact a young? \n Answer or Action: person with BUSO OV2? \n\n Question for the VDAB counselor: Contact with a young person with BUSO OV2 (cat. 00, 03, 05) With active availability \"55+: Active availability\" With adjusted availability \"55+: Adjusted availability\" In case of passive availability \"55+: Passive availability\"? \n Answer or Action: In case of exemption from availability \"55+: Exemption from availability for older job seekers\" If there is no availability in the file yet, we consider the customer as actively available until we see the information in the file (adjusted available). In which files does the availability not appear 1 day after registration? \n\n Question for the VDAB counselor: Contact with over-55s \"? \n Answer or Action: 55+: Adjusted availability\" \n\n Question for the VDAB counselor: Contact with 60+er - adapted available? \n Answer or Action: Contact with a third-country national \n\n Question for the VDAB counselor: Nationality? \n Answer or Action: When can services be provided to Brussels WZ? \n\n Question for the VDAB counselor: Contact with a third-country national? \n Answer or Action: When can services be provided to Walloon WZ? \n\n Question for the VDAB counselor: Place of residence Customer works (not) and? \n Answer or Action: does not apply for unemployment benefit: free wz (cat. 03, 90, 93) Domicile and residence address abroad Attention It is very important that there is an e-mail address in the file. Otherwise, the region or SL will not be able to dispatch the customer. \n\n Question for the VDAB counselor: Customer from Brussels? \n Answer or Action: Foreign-speaking customers: info Customer speaks French Customer speaks English Customer does not speak French or English Tools when talking to FR/ENG customers \n\n Category: Service line \n\n Domain: file info \n\n Tags: contact strategy \n\n Url: https://intranet-rel1ldv.ops.vdab.be/faq/servicelijn/hoe-omgaan-met-leeftijd-nationaliteit-woonplaats-taal \n\n Next pages: Wanneer kan dienstverlening aan Brusselse wz?, via https://intranet-rel1ldv.ops.vdab.be/faq/servicelijn/dienstverlening-aan-waalse-en-brusselse-wz - In welke dossiers verschijnt de beschikbaarheid niet 1 dag na de inschrijving?, via https://intranet-rel1ldv.ops.vdab.be/faq/servicelijn/55-algemene-info - \"55+: Aangepaste beschikbaarheid\", via https://intranet-rel1ldv.ops.vdab.be/faq/servicelijn/55-aangepaste-beschikbaarheid - Klant werkt (niet) en vraagt geen werkloosheidsuitkering: vrije wz (cat. 03, 90, 93), via https://intranet-rel1ldv.ops.vdab.be/faq/servicelijn/klant-werkt-niet-en-vraagt-geen-werkloosheidsuitkering-vrije-wz-cat-03-90-93 - Jongere met BUSO OV2?, via https://intranet-rel1ldv.ops.vdab.be/faq/servicelijn/studies-stopgezet-beeindigd-en-buso-ov1-2-3-en-4 - Wanneer kan dienstverlening aan Waalse wz?, via https://intranet-rel1ldv.ops.vdab.be/faq/servicelijn/dienstverlening-aan-waalse-en-brusselse-wz - Domicilie- en verblijfadres in het buitenland, via https://intranet-rel1ldv.ops.vdab.be/faq/servicelijn/wz-zonder-rijksregisternummer-of-bis-nummer - Contact met een derdelander, via https://intranet-rel1ldv.ops.vdab.be/faq/servicelijn/dienstverlening-aan-derdelanders - Inschatten en opvolgen van jongeren, via https://intranet-rel1ldv.ops.vdab.be/faq/servicelijn/inschatten-en-opvolgen-van-jongeren - \"55+: Actieve beschikbaarheid\", via https://intranet-rel1ldv.ops.vdab.be/faq/servicelijn/55-actieve-beschikbaarheid - Klant spreekt Engels, via https://intranet-rel1ldv.ops.vdab.be/faq/klant-spreekt-engels - \"55+: Vrijstelling van beschikbaarheid voor oudere werkzoekenden\", via https://intranet-rel1ldv.ops.vdab.be/faq/servicelijn/55-vrijstelling-van-beschikbaarheid-voor-oudere-werkzoekenden - \"55+: Passieve beschikbaarheid\", via https://intranet-rel1ldv.ops.vdab.be/faq/servicelijn/55-passieve-beschikbaarheid - Klant spreekt Frans, via https://intranet-rel1ldv.ops.vdab.be/faq/klant-spreekt-frans - Klant spreekt geen Frans of Engels, via https://intranet-rel1ldv.ops.vdab.be/faq/servicelijn/klant-spreekt-geen-frans-engels - Anderstalige klanten: info, via https://intranet-rel1ldv.ops.vdab.be/faq/servicelijn/anderstalige-klanten-info \n\n Type: intranet"}