{"title": "Rest (Engelse mails)", "type": "intranet", "domain_name": ["standaardmails engels"], "category_name": "Servicelijn", "url": "https://intranet-rel1ldv.ops.vdab.be/faq/servicelijn/rest-engelse-mails", "content": [["Extra info wijziging openinsuren", "Please note: From 01-01-2023, the opening hours of our contact centre will change. From then on, we will be available by phone every working day from 8 am to 4.30 pm."], ["Privacycheck/ Privacy Control", "We would like to update [xxxxxx] for you. To do so, you need to provide us with some additional information so that we can access your file.  We would ask you to reply to this email and complete the list below. email address: national register number: address: telephone and/or mobile number: highest qualification obtained or study followed: current or previous employer:"], ["Mail is onduidelijk/ Email is unclear", "Dear Sir/Madam We have received an email from you via the general address info@vdab.be. We suspect you wanted to reach a specific employee. Could you let us know who you wanted to reach at VDAB or what your question is? We can then forward your email to the employee concerned or answer your questions. It would be helpful if you could also provide us with the following information: your name: your national register number: your address: your mobile number: email address: highest qualification obtained or study followed: current or previous employer: Do you have any questions? Reply to this email or call us . Best regards VDAB   "], ["Mailachterstand/ Email backlog", "Dear Sir/Madam   Due to the workload of our services, we are currently facing an email backlog. We apologise for the late reply to your email.  "], ["Slotformule", "Do you have any questions? Reply to this email or call us . Best regards VDAB  Due to language legislation, our website is only available in Dutch.  Our agents often only speak Dutch. But we will do our best to help you. As a VDAB customer, you expect us to provide you with the best service. However, sometimes things can still go wrong. Do you have a complaint or a problem ? You can find more information about the way we work and our privacy policy in our disclaimer ."]], "title_translation": "Rest (English mails)", "domain_name_translation": ["standard emails english"], "category_name_translation": "Service line", "content_translation": [["Extra info change openinsuren", "Please note: From 01-01-2023, the opening hours of our contact centre will change. From then on, we will be available by phone every working day from 8 am to 4.30 pm."], ["Privacy check/ Privacy Control", "We would like to update [xxxxxx] for you. To do so, you need to provide us with some additional information so that we can access your file.  We would ask you to reply to this email and complete the list below. email address: national register number: address: telephone and/or mobile number: highest qualification obtained or study followed: current or previous employer:"], ["Mail is unclear", "Dear Sir/Madam We have received an email from you via the general address info@vdab.be. We suspect you wanted to reach a specific employee. Could you let us know who you wanted to reach at VDAB or what your question is? We can then forward your email to the employee concerned or answer your questions. It would be helpful if you could also provide us with the following information: your name: your national register number: your address: your mobile number: email address: highest qualification obtained or study followed: current or previous employer: Do you have any questions? Reply to this email or call us . Best regards VDAB"], ["Mailachterstand/ Email backlog", "Dear Sir/Madam Due to the workload of our services, we are currently facing an email backlog. We apologise for the late reply to your email."], ["Final formula", "Do you have any questions? Reply to this email or call us . Best regards VDAB Due to language legislation, our website is only available in Dutch.  Our agents often only speak Dutch. But we will do our best to help you. As a VDAB customer, you expect us to provide you with the best service. However, sometimes things can still go wrong. Do you have a complaint or a problem ? You can find more information about the way we work and our privacy policy in our disclaimer ."]], "document": "Rest (Engelse mails) \n\n Vraag aan de VDAB consulent: Extra info wijziging openinsuren? \n Antwoord of Actie: Please note: From 01-01-2023, the opening hours of our contact centre will change. From then on, we will be available by phone every working day from 8 am to 4.30 pm. \n\n Vraag aan de VDAB consulent: Privacycheck/ Privacy Control? \n Antwoord of Actie: We would like to update [xxxxxx] for you. To do so, you need to provide us with some additional information so that we can access your file.  We would ask you to reply to this email and complete the list below. email address: national register number: address: telephone and/or mobile number: highest qualification obtained or study followed: current or previous employer: \n\n Vraag aan de VDAB consulent: Mail is onduidelijk/ Email is unclear? \n Antwoord of Actie: Dear Sir/Madam We have received an email from you via the general address info@vdab.be. We suspect you wanted to reach a specific employee. Could you let us know who you wanted to reach at VDAB or what your question is? We can then forward your email to the employee concerned or answer your questions. It would be helpful if you could also provide us with the following information: your name: your national register number: your address: your mobile number: email address: highest qualification obtained or study followed: current or previous employer: Do you have any questions? Reply to this email or call us . Best regards VDAB    \n\n Vraag aan de VDAB consulent: Mailachterstand/ Email backlog? \n Antwoord of Actie: Dear Sir/Madam   Due to the workload of our services, we are currently facing an email backlog. We apologise for the late reply to your email.   \n\n Vraag aan de VDAB consulent: Slotformule? \n Antwoord of Actie: Do you have any questions? Reply to this email or call us . Best regards VDAB  Due to language legislation, our website is only available in Dutch.  Our agents often only speak Dutch. But we will do our best to help you. As a VDAB customer, you expect us to provide you with the best service. However, sometimes things can still go wrong. Do you have a complaint or a problem ? You can find more information about the way we work and our privacy policy in our disclaimer . \n\n Categorie: Servicelijn \n\n Domein: standaardmails engels \n\n Url: https://intranet-rel1ldv.ops.vdab.be/faq/servicelijn/rest-engelse-mails \n\n Type: intranet", "document_translation": "Rest (English mails) \n\n Question for the VDAB counselor: Extra info change openinsuren? \n Answer or Action: Please note: From 01-01-2023, the opening hours of our contact centre will change. From then on, we will be available by phone every working day from 8 am to 4.30 pm. \n\n Question for the VDAB counselor: Privacy check/ Privacy Control? \n Answer or Action: We would like to update [xxxxxx] for you. To do so, you need to provide us with some additional information so that we can access your file.  We would ask you to reply to this email and complete the list below. email address: national register number: address: telephone and/or mobile number: highest qualification obtained or study followed: current or previous employer: \n\n Question for the VDAB counselor: Mail is unclear? \n Answer or Action: Dear Sir/Madam We have received an email from you via the general address info@vdab.be. We suspect you wanted to reach a specific employee. Could you let us know who you wanted to reach at VDAB or what your question is? We can then forward your email to the employee concerned or answer your questions. It would be helpful if you could also provide us with the following information: your name: your national register number: your address: your mobile number: email address: highest qualification obtained or study followed: current or previous employer: Do you have any questions? Reply to this email or call us . Best regards VDAB \n\n Question for the VDAB counselor: Mailachterstand/ Email backlog? \n Answer or Action: Dear Sir/Madam Due to the workload of our services, we are currently facing an email backlog. We apologise for the late reply to your email. \n\n Question for the VDAB counselor: Final formula? \n Answer or Action: Do you have any questions? Reply to this email or call us . Best regards VDAB Due to language legislation, our website is only available in Dutch.  Our agents often only speak Dutch. But we will do our best to help you. As a VDAB customer, you expect us to provide you with the best service. However, sometimes things can still go wrong. Do you have a complaint or a problem ? You can find more information about the way we work and our privacy policy in our disclaimer . \n\n Category: Service line \n\n Domain: standard emails english \n\n Url: https://intranet-rel1ldv.ops.vdab.be/faq/servicelijn/rest-engelse-mails \n\n Type: intranet"}