{"title": "Politiek mandaat en RVA-uitkering", "type": "intranet", "field_trefwoorden_name": ["mandaat"], "domain_name": ["andere specifieke klanten"], "category_name": "Servicelijn", "url": "https://intranet-rel1ldv.ops.vdab.be/faq/servicelijn/politiek-mandaat-en-rva-uitkering", "content": [["Inschrijven", "Een politiek mandaat is een bijberoep.  Klanten die een bijberoep uitoefenen moeten beschikbaar zijn voor de arbeidsmarkt.  Voorbeelden van politieke mandaten: schepen, burgemeester, parlementslid, ... Procedure Servicelijn Schrijf de klant in met cat. 00. "], ["Met welke categorie inschrijven?", "Procedure Servicelijn Zie  CS: Blijft ingeschreven, geen dienstverlening door VDAB (BLING) met de Dispatchlijst  > 'CS-dossier' Vul het verslag aan met volgende zin: Klant is schepen / burgemeester en ontvangt RVA-uitkering. Dispatch i.f.v. opvolging na mandaat."], ["Dispatch", "Procedure Servicelijn Zie  CS: Blijft ingeschreven, geen dienstverlening door VDAB (BLING) met de Dispatchlijst > 'Geen CS-dossier'. Noteer in een Notitie de volgende zin:  Klant is schepen / burgemeester en ontvangt RVA-uitkering. Dispatch i.f.v. opvolging na mandaat."], ["CS-dossier", "Klant is werkzoekende. De inschrijving zorgt ervoor dat de klant in orde is voor de sociale zekerheid. De werkloosheidsuitkering voor deze doelgroep is vaak minimaal (EUR4/maand)."], ["60+ in cat. 00", "Deze doelgroep is niet vrijgesteld door RVA. Omdat ze tijdens de uitoefening van hun mandaat niet beschikbaar zijn voor andere jobs, kiest VDAB ervoor het dossier op de status BLING te plaatsen. Als het mandaat afgelopen is volgt de regionale bemiddelaar het dossier verder op."]], "link_ankers": [["https://intranet-rel1ldv.ops.vdab.be/faq/servicelijn/hoe-dispatchen-procedures", "CS: Blijft ingeschreven, geen dienstverlening door VDAB (BLING) met de Dispatchlijst"]], "title_translation": "Political mandate and RVA allowance", "field_trefwoorden_name_translation": ["mandate"], "domain_name_translation": ["other specific customers"], "category_name_translation": "Service line", "content_translation": [["", "A political mandate is a secondary occupation.  Clients who pursue a secondary occupation must be available for the labour market.  Examples of political mandates: alderman, mayor, member of parliament, ... Procedure Service line Enroll the customer with cat. 00."], ["Register with which category?", "Procedure Service line See CS: Remains registered, no service provided by VDAB (BLING) with the Dispatch list > 'CS file' Complete the report with the following sentence: Customer is alderman / mayor and receives RVA benefit. Dispatch in connection with follow-up after mandate."], ["Dispatch", "Procedure Service Line See CS: Remains enrolled, no service provided by VDAB (BLING) with the Dispatch List > 'No CS File'. In a Note, write down the following sentence: Customer is alderman / mayor and receives RVA benefit. Dispatch in connection with follow-up after mandate."], ["CS-dossier", "Customer is a job seeker. The registration ensures that the customer is in order for social security. The unemployment benefit for this target group is often minimal (EUR4/month)."], ["60+ in cat. 00", "This target group is not exempt by the RVA. Because they are not available for other jobs during the exercise of their mandate, VDAB chooses to place the file on BLING status. When the mandate has expired, the regional mediator will follow up the file further."]], "document": "Politiek mandaat en RVA-uitkering \n\n Vraag aan de VDAB consulent: Inschrijven? \n Antwoord of Actie: Een politiek mandaat is een bijberoep.  Klanten die een bijberoep uitoefenen moeten beschikbaar zijn voor de arbeidsmarkt.  Voorbeelden van politieke mandaten: schepen, burgemeester, parlementslid, ... Procedure Servicelijn Schrijf de klant in met cat. 00.  \n\n Vraag aan de VDAB consulent: Met welke categorie inschrijven?? \n Antwoord of Actie: Procedure Servicelijn Zie  CS: Blijft ingeschreven, geen dienstverlening door VDAB (BLING) met de Dispatchlijst  > 'CS-dossier' Vul het verslag aan met volgende zin: Klant is schepen / burgemeester en ontvangt RVA-uitkering. Dispatch i.f.v. opvolging na mandaat. \n\n Vraag aan de VDAB consulent: Dispatch? \n Antwoord of Actie: Procedure Servicelijn Zie  CS: Blijft ingeschreven, geen dienstverlening door VDAB (BLING) met de Dispatchlijst > 'Geen CS-dossier'. Noteer in een Notitie de volgende zin:  Klant is schepen / burgemeester en ontvangt RVA-uitkering. Dispatch i.f.v. opvolging na mandaat. \n\n Vraag aan de VDAB consulent: CS-dossier? \n Antwoord of Actie: Klant is werkzoekende. De inschrijving zorgt ervoor dat de klant in orde is voor de sociale zekerheid. De werkloosheidsuitkering voor deze doelgroep is vaak minimaal (EUR4/maand). \n\n Vraag aan de VDAB consulent: 60+ in cat. 00? \n Antwoord of Actie: Deze doelgroep is niet vrijgesteld door RVA. Omdat ze tijdens de uitoefening van hun mandaat niet beschikbaar zijn voor andere jobs, kiest VDAB ervoor het dossier op de status BLING te plaatsen. Als het mandaat afgelopen is volgt de regionale bemiddelaar het dossier verder op. \n\n Categorie: Servicelijn \n\n Domein: andere specifieke klanten \n\n Tags: mandaat \n\n Url: https://intranet-rel1ldv.ops.vdab.be/faq/servicelijn/politiek-mandaat-en-rva-uitkering \n\n Volgende paginas: CS: Blijft ingeschreven, geen dienstverlening door VDAB (BLING) met de Dispatchlijst, via https://intranet-rel1ldv.ops.vdab.be/faq/servicelijn/hoe-dispatchen-procedures \n\n Type: intranet", "document_translation": "Political mandate and RVA allowance \n\n Question for the VDAB counselor: ? \n Answer or Action: A political mandate is a secondary occupation.  Clients who pursue a secondary occupation must be available for the labour market.  Examples of political mandates: alderman, mayor, member of parliament, ... Procedure Service line Enroll the customer with cat. 00. \n\n Question for the VDAB counselor: Register with which category?? \n Answer or Action: Procedure Service line See CS: Remains registered, no service provided by VDAB (BLING) with the Dispatch list > 'CS file' Complete the report with the following sentence: Customer is alderman / mayor and receives RVA benefit. Dispatch in connection with follow-up after mandate. \n\n Question for the VDAB counselor: Dispatch? \n Answer or Action: Procedure Service Line See CS: Remains enrolled, no service provided by VDAB (BLING) with the Dispatch List > 'No CS File'. In a Note, write down the following sentence: Customer is alderman / mayor and receives RVA benefit. Dispatch in connection with follow-up after mandate. \n\n Question for the VDAB counselor: CS-dossier? \n Answer or Action: Customer is a job seeker. The registration ensures that the customer is in order for social security. The unemployment benefit for this target group is often minimal (EUR4/month). \n\n Question for the VDAB counselor: 60+ in cat. 00? \n Answer or Action: This target group is not exempt by the RVA. Because they are not available for other jobs during the exercise of their mandate, VDAB chooses to place the file on BLING status. When the mandate has expired, the regional mediator will follow up the file further. \n\n Category: Service line \n\n Domain: other specific customers \n\n Tags: mandate \n\n Url: https://intranet-rel1ldv.ops.vdab.be/faq/servicelijn/politiek-mandaat-en-rva-uitkering \n\n Next pages: CS: Blijft ingeschreven, geen dienstverlening door VDAB (BLING) met de Dispatchlijst, via https://intranet-rel1ldv.ops.vdab.be/faq/servicelijn/hoe-dispatchen-procedures \n\n Type: intranet"}