{"title": "Tab Inzetbaarheid", "type": "intranet", "field_trefwoorden_name": ["inzetbaarheid"], "domain_name": ["tab dienstverlening en tab begeleiding"], "category_name": "Servicelijn", "field_faq_summary": "Informatie over de tab inzetbaarheid in MLB voor de Servicelijn", "url": "https://intranet-rel1ldv.ops.vdab.be/faq/servicelijn/inzetbaarheid", "content": [["Waar in MLB-bemiddelaar?", "Onder de flap Begeleiding"], ["Waarden van het veld inzetbaarheid.", "ja: burger is inzetbaar nee: burger is (tijdelijk) niet inzetbaar. De reden staat erbij + data (van ... tot ... )"], ["Invloed van het veld inzetbaarheid.", "Het veld \"inzetbaar\" is een van de parameters bij de vacature-matching en een aantal labelingen. Als de burger \"niet-inzetbaar\" is: gebeurt er geen automatische matching met de vacatures zijn er geen automatische doelgroepsacties Daarnaast is het een selectiecriterium bij manuele selecties (vb vacatureconsulent die kandidaten zoekt via AMI-selectie)"], ["Hoelang is de niet-inzetbaarheid geldig?", "Dit is afhankelijk van de reden van niet-inzetbaarheid.  Zie voor meer info de richtlijn ' Veld inzetbaarheid in Mijn Loopbaan '"], ["Wanneer op niet-inzetbaar?", "Door een automatische batch naar aanleiding van een bepaalde 'stap naar werk' (historiekcode)  of de conclusie van een bemiddelingsgesprek.  De reden van niet-inzetbaarheid staat vast en kan je niet manueel aanpassen.   Handmatig door een bemiddelaar in de regio"], ["Wanneer opnieuw inzetbaar?", "De dag na de de einddatum van de niet-inzetbaarheid."], ["Meer lezen over inzetbaarheid?", "Zie doc: Niet inzetbaar"]], "link_ankers": [["https://intranet-rel1ldv.ops.vdab.be/faq/niet-inzetbare-werkzoekenden", "Niet inzetbaar"], ["https://intranet-rel1ldv.ops.vdab.be/faq/servicelijn/inschr-personen-beroep-tegen-de-mutualiteit", "Wz in beroep tegen de mutualiteit"]], "title_translation": "Employability tab", "field_trefwoorden_name_translation": ["employability"], "domain_name_translation": ["tab services and tab guidance"], "category_name_translation": "Service line", "field_faq_summary_translation": "About the Employability tab in MLB for the Service Line", "content_translation": [["Where in MLB mediator?", "Under the flap Guidance"], ["Values of field employability. Yes: citizen is", "employable No: citizen is (temporarily) unemployable. The reason is listed + dates (from ... to ... )"], ["Influence of field employability.", "The field \"employable\" is one of the parameters in the vacancy matching and a number of labelings. If the citizen is \"unemployable\": there is no automatic matching with the vacancies, there are no automatic target group actions In addition, it is a selection criterion for manual selections (e.g. vacancy consultant who searches for candidates via AMI selection)"], ["How long is the non-employability valid?", "This depends on the reason for non-employability.  For more information, see the guideline 'Field employability in My Career'"], ["When on non-deployable?", "By an automatic batch following a certain 'step to work' (history code) or the conclusion of a mediation conversation.  The reason for non-employability is fixed and cannot be adjusted manually.   Manually by a mediator in the region"], ["When to be used again?", "The day after the non-employability end date."], ["Want to read more about employability?", "See doc: Not deployable"]], "document": "Tab Inzetbaarheid \n\n Informatie over de tab inzetbaarheid in MLB voor de Servicelijn \n\n Vraag aan de VDAB consulent: Waar in MLB-bemiddelaar?? \n Antwoord of Actie: Onder de flap Begeleiding \n\n Vraag aan de VDAB consulent: Waarden van het veld inzetbaarheid.? \n Antwoord of Actie: ja: burger is inzetbaar nee: burger is (tijdelijk) niet inzetbaar. De reden staat erbij + data (van ... tot ... ) \n\n Vraag aan de VDAB consulent: Invloed van het veld inzetbaarheid.? \n Antwoord of Actie: Het veld \"inzetbaar\" is een van de parameters bij de vacature-matching en een aantal labelingen. Als de burger \"niet-inzetbaar\" is: gebeurt er geen automatische matching met de vacatures zijn er geen automatische doelgroepsacties Daarnaast is het een selectiecriterium bij manuele selecties (vb vacatureconsulent die kandidaten zoekt via AMI-selectie) \n\n Vraag aan de VDAB consulent: Hoelang is de niet-inzetbaarheid geldig?? \n Antwoord of Actie: Dit is afhankelijk van de reden van niet-inzetbaarheid.  Zie voor meer info de richtlijn ' Veld inzetbaarheid in Mijn Loopbaan ' \n\n Vraag aan de VDAB consulent: Wanneer op niet-inzetbaar?? \n Antwoord of Actie: Door een automatische batch naar aanleiding van een bepaalde 'stap naar werk' (historiekcode)  of de conclusie van een bemiddelingsgesprek.  De reden van niet-inzetbaarheid staat vast en kan je niet manueel aanpassen.   Handmatig door een bemiddelaar in de regio \n\n Vraag aan de VDAB consulent: Wanneer opnieuw inzetbaar?? \n Antwoord of Actie: De dag na de de einddatum van de niet-inzetbaarheid. \n\n Vraag aan de VDAB consulent: Meer lezen over inzetbaarheid?? \n Antwoord of Actie: Zie doc: Niet inzetbaar \n\n Categorie: Servicelijn \n\n Domein: tab dienstverlening en tab begeleiding \n\n Tags: inzetbaarheid \n\n Url: https://intranet-rel1ldv.ops.vdab.be/faq/servicelijn/inzetbaarheid \n\n Volgende paginas: Niet inzetbaar, via https://intranet-rel1ldv.ops.vdab.be/faq/niet-inzetbare-werkzoekenden - Wz in beroep tegen de mutualiteit, via https://intranet-rel1ldv.ops.vdab.be/faq/servicelijn/inschr-personen-beroep-tegen-de-mutualiteit \n\n Type: intranet", "document_translation": "Employability tab \n\n About the Employability tab in MLB for the Service Line \n\n Question for the VDAB counselor: Where in MLB mediator?? \n Answer or Action: Under the flap Guidance \n\n Question for the VDAB counselor: Values of field employability. Yes: citizen is? \n Answer or Action: employable No: citizen is (temporarily) unemployable. The reason is listed + dates (from ... to ... ) \n\n Question for the VDAB counselor: Influence of field employability.? \n Answer or Action: The field \"employable\" is one of the parameters in the vacancy matching and a number of labelings. If the citizen is \"unemployable\": there is no automatic matching with the vacancies, there are no automatic target group actions In addition, it is a selection criterion for manual selections (e.g. vacancy consultant who searches for candidates via AMI selection) \n\n Question for the VDAB counselor: How long is the non-employability valid?? \n Answer or Action: This depends on the reason for non-employability.  For more information, see the guideline 'Field employability in My Career' \n\n Question for the VDAB counselor: When on non-deployable?? \n Answer or Action: By an automatic batch following a certain 'step to work' (history code) or the conclusion of a mediation conversation.  The reason for non-employability is fixed and cannot be adjusted manually.   Manually by a mediator in the region \n\n Question for the VDAB counselor: When to be used again?? \n Answer or Action: The day after the non-employability end date. \n\n Question for the VDAB counselor: Want to read more about employability?? \n Answer or Action: See doc: Not deployable \n\n Category: Service line \n\n Domain: tab services and tab guidance \n\n Tags: employability \n\n Url: https://intranet-rel1ldv.ops.vdab.be/faq/servicelijn/inzetbaarheid \n\n Next pages: Niet inzetbaar, via https://intranet-rel1ldv.ops.vdab.be/faq/niet-inzetbare-werkzoekenden - Wz in beroep tegen de mutualiteit, via https://intranet-rel1ldv.ops.vdab.be/faq/servicelijn/inschr-personen-beroep-tegen-de-mutualiteit \n\n Type: intranet"}