{"title": "Partners loggen in met itsme en eID", "type": "intranet", "field_trefwoorden_name": ["inloggen"], "domain_name": ["mijn loopbaan voor partners"], "category_name": "Servicelijn", "field_faq_summary": "\"Wat, wie en hoe\". Antwoorden over de nieuwe manier van inloggen voor Servicelijn bemiddelaars.", "url": "https://intranet-rel1ldv.ops.vdab.be/faq/servicelijn/partners-loggen-met-itsme-en-eid", "content": [["Partner kan niet inloggen met Itsme/ eID?", "Procedure Servicelijn: Kijk in IAM na of de gebruiker al geregistreerd is voor toegangsbeheer (*). Nog niet geregistreerd? Verwijs hem naar zijn administrator om hem toe te voegen.  Zie  Oorzaak: Klant is geen gebruiker in IAM / Toegangsbeheer   Wel al geregistreerd: Vraag om te mailen naar gebruikersbeheer@vdab.be.   Team gebruikersbeheer zorgt voor een oplossing. Buitenlandse partners zonder rijksregisternummer kunnen bijvoorbeeld niet inloggen met Itsme of eID.    Achtergrondinfo: (*) Er zijn een aantal gebruikers die werkten met inloggegevens van collega's. Dat kan nu uiteraard niet meer. Die gebruikers moeten een eigen account laten aanmaken door de administrator van hun bedrijf. "], ["Partner heeft andere problemen of vragen", "Procedure Servicelijn Verwijs naar: de MLP coach of met het team Gebruikersbeheer via mail op gebruikersbeheer@vdab.be meer informatie staat ook op  https://extranet.vdab.be/inloggen-met-itsme-eid"], ["Is een helpdeskmelding nodig?", "Nee. Procedure Servicelijn Vraag om te mailen naar gebruikersbeheer@vdab.be"], ["Onterechte gebruikers?", "Dit zijn gebruikers bij wie onterecht rechten tot MLP geactiveerd zijn in het verleden, reeds geblokkeerd waren, maar achterliggend de rechten niet stopgezet werden. De rechten zijn nu achterliggend stopgezet.  De lijst met onterechte gebruikers vind je hieronder."], ["Krijgen geblokkeerde gebruikers een foutmelding?", "Ja.  "], ["Contact met geblokkeerde MLP-gebruiker?", "Procedure Servicelijn:   Vraag om te mailen naar  Gebruikersbeheer@vdab.be Team gebruikersbeheer beschikt over de correcte info van de organisaties en gebruikers en neemt verder contact op met de betrokken personen. Opgelet: Verwijs niet door naar de helpdesk."], ["Achtergrondinfo", "Nieuwe, veilige manier voor de partners om in te loggen in MLP. "], ["Wat?", "Alle partners loggen verplicht in met Itsme of eID."], ["Hoe?", "Alle partners die inloggen op de website."], ["Wie?", "Sinds 13 juli 2020 werden wekelijks een aantal partnerorangisaties verplicht om te werken met Itsme of eID. Ze kregen daar allemaal een communicatie over van VDAB. Vanaf 13 april 2021 zijn alle partners omgeschakeld en verdwijnt de mogelijkheid om in te loggen met gebruikersnaam en wachtwoord. Elke partner moet dan inloggen met Itsme of eID. Achtergrondinfo: Het omschakelen gebeurde in fases, niet in een keer. Op die manier kan VDAB de verwerking makkelijker opvolgen."]], "link_ankers": [["https://intranet-rel1ldv.ops.vdab.be/faq/servicelijn/gecertificeerde-partner-ocmws", "MLP coach"]], "title_translation": "Partners log in with itsme and eID", "field_trefwoorden_name_translation": ["log in"], "domain_name_translation": ["my partner career"], "category_name_translation": "Service line", "field_faq_summary_translation": "\"What, who and how\". Answers about the new way of logging in for Service line mediators.", "content_translation": [["Partner cannot log in with Itsme/ eID?", "Service Line Procedure: Check in IAM whether the user is already registered for access control (*). Not registered yet? Refer him to his administrator to add him.  See Cause: Customer is not a user in IAM / Access control Already registered: Ask to email gebruikersbeheer@vdab.be.   Team user management provides a solution. For example, foreign partners without a national register number cannot log in with Itsme or eID.    Background info: (*) There are a number of users who worked with colleagues' login details. Of course, that is no longer possible. These users must have their own account created by the administrator of their company."], ["Partner has other problems or questions", "Procedure Service line Refer to: the MLP coach or with the User Management team via mail on gebruikersbeheer@vdab.be more information can also be found on https://extranet.vdab.be/inloggen-met-itsme-eid"], ["Is a help desk notification necessary?", ": No. Procedure Service line Ask to mail to gebruikersbeheer@vdab.be"], ["Unjustified users?", "These are users whose mlp rights have been wrongly activated in the past, have already been blocked, but whose rights have not been stopped. The rights have now been discontinued.  The list of unjustified users can be found below."], ["Do blocked users get an error message?", ": Yes."], ["Contact blocked MLP user?", "Procedure Service line: Ask to email Gebruikersbeheer@vdab.be User Management Team has the correct information of the organizations and users and will contact the people involved. Attention: Do not refer to the helpdesk."], ["Background info", "New, secure way for the partners to log in to MLP."], ["What?", "All partners are obliged to log in with Itsme or eID."], ["How?", "All partners who log in to the website."], ["Who?", "Since 13 July 2020, a number of partner orangisations have been required to work with Itsme or eID every week. They all received a communication about this from VDAB. From April 13, 2021, all partners have switched and the possibility to log in with username and password will disappear. Each partner must then log in with Itsme or eID. Background info: The switching was done in phases, not all at once. In this way, VDAB can monitor the processing more easily."]], "document": "Partners loggen in met itsme en eID \n\n \"Wat, wie en hoe\". Antwoorden over de nieuwe manier van inloggen voor Servicelijn bemiddelaars. \n\n Vraag aan de VDAB consulent: Partner kan niet inloggen met Itsme/ eID?? \n Antwoord of Actie: Procedure Servicelijn: Kijk in IAM na of de gebruiker al geregistreerd is voor toegangsbeheer (*). Nog niet geregistreerd? Verwijs hem naar zijn administrator om hem toe te voegen.  Zie  Oorzaak: Klant is geen gebruiker in IAM / Toegangsbeheer   Wel al geregistreerd: Vraag om te mailen naar gebruikersbeheer@vdab.be.   Team gebruikersbeheer zorgt voor een oplossing. Buitenlandse partners zonder rijksregisternummer kunnen bijvoorbeeld niet inloggen met Itsme of eID.    Achtergrondinfo: (*) Er zijn een aantal gebruikers die werkten met inloggegevens van collega's. Dat kan nu uiteraard niet meer. Die gebruikers moeten een eigen account laten aanmaken door de administrator van hun bedrijf.  \n\n Vraag aan de VDAB consulent: Partner heeft andere problemen of vragen? \n Antwoord of Actie: Procedure Servicelijn Verwijs naar: de MLP coach of met het team Gebruikersbeheer via mail op gebruikersbeheer@vdab.be meer informatie staat ook op  https://extranet.vdab.be/inloggen-met-itsme-eid \n\n Vraag aan de VDAB consulent: Is een helpdeskmelding nodig?? \n Antwoord of Actie: Nee. Procedure Servicelijn Vraag om te mailen naar gebruikersbeheer@vdab.be \n\n Vraag aan de VDAB consulent: Onterechte gebruikers?? \n Antwoord of Actie: Dit zijn gebruikers bij wie onterecht rechten tot MLP geactiveerd zijn in het verleden, reeds geblokkeerd waren, maar achterliggend de rechten niet stopgezet werden. De rechten zijn nu achterliggend stopgezet.  De lijst met onterechte gebruikers vind je hieronder. \n\n Vraag aan de VDAB consulent: Krijgen geblokkeerde gebruikers een foutmelding?? \n Antwoord of Actie: Ja.   \n\n Vraag aan de VDAB consulent: Contact met geblokkeerde MLP-gebruiker?? \n Antwoord of Actie: Procedure Servicelijn:   Vraag om te mailen naar  Gebruikersbeheer@vdab.be Team gebruikersbeheer beschikt over de correcte info van de organisaties en gebruikers en neemt verder contact op met de betrokken personen. Opgelet: Verwijs niet door naar de helpdesk. \n\n Vraag aan de VDAB consulent: Achtergrondinfo? \n Antwoord of Actie: Nieuwe, veilige manier voor de partners om in te loggen in MLP.  \n\n Vraag aan de VDAB consulent: Wat?? \n Antwoord of Actie: Alle partners loggen verplicht in met Itsme of eID. \n\n Vraag aan de VDAB consulent: Hoe?? \n Antwoord of Actie: Alle partners die inloggen op de website. \n\n Vraag aan de VDAB consulent: Wie?? \n Antwoord of Actie: Sinds 13 juli 2020 werden wekelijks een aantal partnerorangisaties verplicht om te werken met Itsme of eID. Ze kregen daar allemaal een communicatie over van VDAB. Vanaf 13 april 2021 zijn alle partners omgeschakeld en verdwijnt de mogelijkheid om in te loggen met gebruikersnaam en wachtwoord. Elke partner moet dan inloggen met Itsme of eID. Achtergrondinfo: Het omschakelen gebeurde in fases, niet in een keer. Op die manier kan VDAB de verwerking makkelijker opvolgen. \n\n Categorie: Servicelijn \n\n Domein: mijn loopbaan voor partners \n\n Tags: inloggen \n\n Url: https://intranet-rel1ldv.ops.vdab.be/faq/servicelijn/partners-loggen-met-itsme-en-eid \n\n Volgende paginas: MLP coach, via https://intranet-rel1ldv.ops.vdab.be/faq/servicelijn/gecertificeerde-partner-ocmws \n\n Type: intranet", "document_translation": "Partners log in with itsme and eID \n\n \"What, who and how\". Answers about the new way of logging in for Service line mediators. \n\n Question for the VDAB counselor: Partner cannot log in with Itsme/ eID?? \n Answer or Action: Service Line Procedure: Check in IAM whether the user is already registered for access control (*). Not registered yet? Refer him to his administrator to add him.  See Cause: Customer is not a user in IAM / Access control Already registered: Ask to email gebruikersbeheer@vdab.be.   Team user management provides a solution. For example, foreign partners without a national register number cannot log in with Itsme or eID.    Background info: (*) There are a number of users who worked with colleagues' login details. Of course, that is no longer possible. These users must have their own account created by the administrator of their company. \n\n Question for the VDAB counselor: Partner has other problems or questions? \n Answer or Action: Procedure Service line Refer to: the MLP coach or with the User Management team via mail on gebruikersbeheer@vdab.be more information can also be found on https://extranet.vdab.be/inloggen-met-itsme-eid \n\n Question for the VDAB counselor: Is a help desk notification necessary?? \n Answer or Action: : No. Procedure Service line Ask to mail to gebruikersbeheer@vdab.be \n\n Question for the VDAB counselor: Unjustified users?? \n Answer or Action: These are users whose mlp rights have been wrongly activated in the past, have already been blocked, but whose rights have not been stopped. The rights have now been discontinued.  The list of unjustified users can be found below. \n\n Question for the VDAB counselor: Do blocked users get an error message?? \n Answer or Action: : Yes. \n\n Question for the VDAB counselor: Contact blocked MLP user?? \n Answer or Action: Procedure Service line: Ask to email Gebruikersbeheer@vdab.be User Management Team has the correct information of the organizations and users and will contact the people involved. Attention: Do not refer to the helpdesk. \n\n Question for the VDAB counselor: Background info? \n Answer or Action: New, secure way for the partners to log in to MLP. \n\n Question for the VDAB counselor: What?? \n Answer or Action: All partners are obliged to log in with Itsme or eID. \n\n Question for the VDAB counselor: How?? \n Answer or Action: All partners who log in to the website. \n\n Question for the VDAB counselor: Who?? \n Answer or Action: Since 13 July 2020, a number of partner orangisations have been required to work with Itsme or eID every week. They all received a communication about this from VDAB. From April 13, 2021, all partners have switched and the possibility to log in with username and password will disappear. Each partner must then log in with Itsme or eID. Background info: The switching was done in phases, not all at once. In this way, VDAB can monitor the processing more easily. \n\n Category: Service line \n\n Domain: my partner career \n\n Tags: log in \n\n Url: https://intranet-rel1ldv.ops.vdab.be/faq/servicelijn/partners-loggen-met-itsme-en-eid \n\n Next pages: MLP coach, via https://intranet-rel1ldv.ops.vdab.be/faq/servicelijn/gecertificeerde-partner-ocmws \n\n Type: intranet"}