{"title": "Externe standaardmails - Mijn VDAB: nieuwe verwerking (vanaf oktober '22)", "type": "intranet", "field_trefwoorden_name": ["mijn vdab", "aanvraag"], "domain_name": ["standaardmails"], "category_name": "Servicelijn", "url": "https://intranet-rel1ldv.ops.vdab.be/faq/servicelijn/externe-standaardmails-mijn-vdab-nieuwe-verwerking-vanaf-oktober-22", "content": [["Mijn VDAB: Je bent al geregistreerd als werkgever", "Opgelet Stuur hiervoor een nieuwe e-mail vanuit WDE. Antwoord niet op de ontvangen e-mail, want die komt via de scanner of via de oplaadmodule. Voeg het IKP-nummer en de aanvraagcode toe in het onderwerp. Beste [VOORNAAM] Je registreerde je voor toegang tot Mijn VDAB. Maar je onderneming is al geregistreerd. De algemene voorwaarden  gelden voor alle vestigingen van je onderneming. Deze vestigingen zijn ook terug te vinden in je account. Wie is administrator? [KIES DE SITUATIE DIE PAST] Je was al aangesteld als administrator. Je ontvangt een mail om een nieuw wachtwoord te kiezen. De huidige administrator is [NAAM]. Deze persoon kan jou toevoegen als nieuwe gebruiker. Werkt deze collega intussen niet meer in jouw organisatie? Neem dan contact met ons op. Wat doet de administrator? In Mijn VDAB kan je met verschillende collega's werken. Elke collega heeft toegang met een aparte gebruikersnaam en wachtwoord. De administrator beheert de toegang voor alle collega's ( Hoe? ). Alleen de administrator kan: een nieuwe gebruiker toevoegen een gebruiker verwijderen per gebruiker de toegangsrechten bepalen (vb.: vacatures plaatsen, een IBO opvolgen) Aan de slag! Benieuwd wat je allemaal kan doen in Mijn VDAB? Bekijk onze korte instructievideo's .  Tip: Kijk meteen na of je bedrijfsinformatie up-to-date is. Deze verschijnt op al je vacatures. ( Hoe? ) Nog vragen? Antwoord op deze mail of bel ons. Met vriendelijke groeten VDAB Als klant van VDAB verwacht je de beste dienstverlening. Toch kan het ook eens fout gaan. Heb je een klacht of een probleem? Meer info over de werking van VDAB en onze privacyvoorschriften vind je in onze disclaimer ."], ["Mijn VDAB: Je aanvraag is verwerkt", "Opgelet Stuur hiervoor een nieuwe e-mail vanuit WDE. Antwoord niet op de ontvangen e-mail, want die komt via de scanner of via de oplaadmodule. Voeg het IKP-nummer en de aanvraagcode toe in het onderwerp. Zet de accountmanager in cc. Beste [VOORNAAM] We hebben je aanvraag voor toegang tot Mijn VDAB verwerkt. De algemene voorwaarden gelden voor alle vestigingen van je onderneming. Deze vestigingen zijn terug te vinden in je account. Wie is administrator? [KIES DE SITUATIE DIE PAST] We hebben jou toegevoegd als administrator. Je ontvangt je login in een aparte mail. Via een link kan je je wachtwoord aanmaken. Je was al aangesteld als administrator. Je ontvangt een mail om een nieuw wachtwoord te kiezen. De huidige administrator is [NAAM]. Deze persoon kan jou toevoegen als nieuwe gebruiker.  Werkt deze collega intussen niet meer in jouw organisatie? Neem dan contact met ons op. Wat doet de administrator? In Mijn VDAB kan je met verschillende collega's werken. Elke collega heeft toegang met een aparte gebruikersnaam en wachtwoord. De administrator beheert de toegang voor alle collega's ( Hoe? ). Alleen de administrator kan: een nieuwe gebruiker toevoegen een gebruiker verwijderen per gebruiker de toegangsrechten bepalen (vb.: vacatures plaatsen, een IBO opvolgen) Aan de slag! Benieuwd wat je allemaal kan doen in Mijn VDAB? Bekijk onze korte  instructievideo's .  Tip: Voeg meteen je bedrijfsinformatie toe. Deze verschijnt op al je vacatures. ( Hoe? ) Nog vragen? Antwoord op deze mail of bel ons. Met vriendelijke groeten VDAB Als klant van VDAB verwacht je de beste dienstverlening. Toch kan het ook eens fout gaan. Heb je een klacht of een probleem? Meer info over de werking van VDAB en onze privacyvoorschriften vind je in onze disclaimer ."], ["Mijn VDAB: Je aanvraag wordt verwerkt", "Opgelet Stuur hiervoor een nieuwe e-mail vanuit WDE. Antwoord niet op de ontvangen e-mail, want die komt via de scanner of via de oplaadmodule. Voeg het IKP-nummer en de aanvraagcode toe in het onderwerp. Zet de accountmanager in cc. Beste [VOORNAAM] We hebben je aanvraag voor toegang tot Mijn VDAB verwerkt. De algemene voorwaarden gelden voor alle vestigingen van je onderneming. Deze vestigingen voegen we nog toe aan je account. Wie is administrator? [KIES DE SITUATIE DIE PAST] We hebben jou toegevoegd als administrator. Je ontvangt je login in een aparte mail. Via een link kan je je wachtwoord aanmaken. Je was al aangesteld als administrator. Je ontvangt een mail om een nieuw wachtwoord te kiezen. De huidige administrator is [NAAM]. Deze persoon kan jou toevoegen als nieuwe gebruiker.  Werkt deze collega intussen niet meer in jouw organisatie? Neem dan contact met ons op. Wat doet de administrator? In Mijn VDAB kan je met verschillende collega's werken. Elke collega heeft toegang met een aparte gebruikersnaam en wachtwoord. De administrator beheert de toegang voor alle collega's ( Hoe? ). Alleen de administrator kan: een nieuwe gebruiker toevoegen een gebruiker verwijderen per gebruiker de toegangsrechten bepalen (vb.: vacatures plaatsen, een IBO opvolgen) Aan de slag! Benieuwd wat je allemaal kan doen in Mijn VDAB? Bekijk onze korte instructievideo's .  Tip: Voeg meteen je bedrijfsinformatie toe. Deze verschijnt op al je vacatures. ( Hoe? ) Nog vragen? Antwoord op deze mail of bel ons. Met vriendelijke groeten VDAB Als klant van VDAB verwacht je de beste dienstverlening. Toch kan het ook eens fout gaan. Heb je een klacht of een probleem? Meer info over de werking van VDAB en onze privacyvoorschriften vind je in onze disclaimer ."], ["Mijn VDAB: We kunnen je aanvraag niet verwerken", "Opgelet Stuur hiervoor een nieuwe e-mail vanuit WDE. Antwoord niet op de ontvangen e-mail, want die komt via de scanner of via de oplaadmodule. Voeg het IKP-nummer en de aanvraagcode toe in het onderwerp. Voeg de akkoordverklaring altijd toe als bijlage. Beste [VOORNAAM] We hebben je aanvraag voor toegang tot Mijn VDAB goed ontvangen, maar kunnen die helaas niet verwerken. Waarom niet? [KIES DE SITUATIE DIE PAST EN VUL AAN] Gegevens komen niet overeen met KBO De gegevens in de aanvraag komen niet volledig overeen met de informatie uit de Kruispuntbank van Ondernemingen (KBO). Op de aanvraag staat: [VUL AAN] In de KBO staat: [VUL AAN] VDAB mag je aanvraag alleen verwerken als de gegevens exact overeenkomen met die uit de KBO. Registreer je daarom opnieuw met de gegevens uit de KBO.   Zaakvoerder is niet gekend De naam van de zaakvoerder is niet terug te vinden in de 'functies' in de Kruispuntbank van Ondernemingen . Registreer je daarom opnieuw met een gekende zaakvoerder en laat de akkoordverklaring door deze zaakvoerder ondertekenen.   Bedrijfsactiviteit komt niet overeen met de gekozen activiteit Op basis van je bedrijfsactiviteit vermoeden we dat je de verkeerde activiteiten hebt aangeduid bij het begin van je registratie. Registreer je daarom opnieuw en kies alleen voor de bedrijfsactiviteiten die aansluiten bij de bedrijfsactiviteit van de onderneming.   Geen erkenning als uitzendkantoor We vinden geen erkenningsnummer als erkend uitzendkantoor voor jouw onderneming. Bedrijven die uitzendwerk aanbieden, hebben een erkenningsnummer nodig om te mogen rekruteren en mensen te werk te stellen op de Vlaamse arbeidsmarkt. Vraag daarom een erkenningsnummer aan via de website vlaanderen.be/erkenning-van-uitzendbureaus en geef ons hierna een seintje.   Geen erkenning als dienstenchequebedrijf: We vinden geen erkenningsnummer als erkend dienstenchequebedrijf voor jouw onderneming. Registreer je daarom opnieuw zonder de activiteit 'Dienstenchequebedrijf' of vraag een erkenningsnummer aan via de website dienstencheques.vlaanderen.be en geef ons hierna een seintje.   Geen erkenning als maatwerkbedrijf of bedrijf actief in lokale diensteneconomie We vinden geen erkenningsnummer terug als maatwerkbedrijf of bedrijf actief in de lokale diensteneconomie. Registreer je daarom opnieuw zonder de activiteit maatwerkbedrijf of bedrijf actief in de lokale diensteneconomie of vraag een erkenningsnummer aan via de website socialeeconomie.be en geef ons hierna een seintje.   Detachering als hoofdactiviteit Je vermeldt als bedrijfsactiviteit [SCHRAPPEN WAT NIET PAST] 'detachering / projectsourcing / outsourcing'. Kan je bevestigen dat dit de hoofdactiviteit is van je onderneming? Vul hiervoor het bijgevoegde document in, onderteken het en stuur het ons terug. Dan maken we je aanvraag in orde. Is de hoofdactiviteit van je bedrijf 'Werving & Selectie'? Registreer je dan opnieuw en kies voor de activiteit Wervings- en selectiekantoor of HR-adviesbureau. [VOEG DE BIJLAGE ' Verklaring detachering projectsourcing outsourcing ' TOE IN WORD.]   Ik heb een persoonlijk assistentiebudget (PAB/PVB) [Info nog toe te voegen]   Er is een probleem met het [SCHRAP WAT NIET PAST] rijksregisternummer / e-mailadres / gsm-nummer  We zien dat het [SCHRAP WAT NIET PAST] rijksregisternummer / e-mailadres / gsm-nummer van de aanvrager gelijk is aan dat van de zaakvoerder. Dit klopt niet. Registreer je daarom opnieuw met de juiste gegevens.   Vermoeden geen werknemer Voor VDAB is het onduidelijk of jij werknemer bent bij [NAAM BEDRIJF]. Enkel een officiele bestuurder, vermeld in de Kruispuntbank van Ondernemingen KBO van Belgie, of een werknemer kan administrator zijn. We passen dus het zorgvuldigheidsbeginsel toe en kunnen je daarom geen toegang verlenen. Wanneer je aantoont dat je werknemer bent bij [NAAM BEDRIJF], herbekijken we de aanvraag. Geen of ongeldige handtekening [SCHRAP WAT NIET PAST] De akkoordverklaring is niet ondertekend. / De handtekening op de akkoordverklaring is juridisch niet geldig. Laat de akkoordverklaring ondertekenen door de zaakvoerder met balpen of stift, of digitaal ( meer info over digitaal ondertekenen ).  Bezorg ons het document. Online [VOEG DE JUISTE OPLAADLINK TOE ACHTER 'Online'] Via de post: Keizerslaan 11, 1000 Brussel Let op: de naam van de zaakvoerder moet terug te vinden zijn in de rubriek 'functies' in de Kruispuntbank van Ondernemingen . Handtekeningen in opdracht van de zaakvoerder zijn niet geldig.  Waarom is dit belangrijk? Je registratie vormt de basis van onze samenwerking. Om deze samenwerking vlot te laten verlopen, moeten deze gegevens officieel en volledig zijn. Nog vragen? Antwoord op deze mail of bel ons. Met vriendelijke groeten VDAB Als klant van VDAB verwacht je de beste dienstverlening. Toch kan het ook eens fout gaan. Heb je een klacht of een probleem? Meer info over de werking van VDAB en onze privacyvoorschriften vind je in onze disclaimer ."]], "title_translation": "External standard emails - My VDAB: new processing (from October '22)", "field_trefwoorden_name_translation": ["request", "my vdab"], "domain_name_translation": ["standard emails"], "category_name_translation": "Service line", "content_translation": [["My VDAB: You are already registered as", "an employer Please send a new e-mail from WDE. Do not reply to the received e-mail, because it comes via the scanner or via the charging module. Add the IKP number and request code in the subject. Dear [FIRST NAME] You registered to access My VDAB. But your company is already registered. The general terms and conditions apply to all branches of your company. These locations can also be found in your account. Who is an administrator? [CHOOSE THE SITUATION THAT FITS] You had already been appointed administrator. You will receive an email to choose a new password. The current administrator is [NAME]. This person can add you as a new user. Does this colleague no longer work in your organization? Please contact us. What does the administrator do? In My VDAB you can work with different colleagues. Each colleague has access with a separate username and password. The administrator manages access for all colleagues (How?). Only the administrator can: add a new user delete a user determine the access rights per user (e.g.: post vacancies, follow up an IBO) Get started! Curious about what you can do in My VDAB? Watch our short instructional videos.  Tip: Check immediately whether your company information is up-to-date. This will appear on all your vacancies. ( How? ) Any questions? Reply to this email or call us. With kind regards VDAB As a customer of VDAB you expect the best service. However, things can also go wrong. Do you have a complaint or a problem? More information about the operation of VDAB and our privacy regulations can be found in our disclaimer."], ["My VDAB: Your request has been processed", "Please send a new e-mail from WDE. Do not reply to the received e-mail, because it comes via the scanner or via the charging module. Add the IKP number and request code in the subject. Put the account manager in cc. Dear [FIRST NAME] We have processed your request for access to My VDAB. The general terms and conditions apply to all branches of your company. These locations can be found in your account. Who is an administrator? [CHOOSE THE SITUATION THAT FITS] We have added you as an administrator. You will receive your login in a separate email. You can create your password via a link. You had already been appointed administrator. You will receive an email to choose a new password. The current administrator is [NAME]. This person can add you as a new user.  Does this colleague no longer work in your organization? Please contact us. What does the administrator do? In My VDAB you can work with different colleagues. Each colleague has access with a separate username and password. The administrator manages access for all colleagues (How?). Only the administrator can: add a new user delete a user determine the access rights per user (e.g.: post vacancies, follow up an IBO) Get started! Curious about what you can do in My VDAB? Watch our short instructional videos.  Tip: Add your business information right away. This will appear on all your vacancies. ( How? ) Any questions? Reply to this email or call us. With kind regards VDAB As a customer of VDAB you expect the best service. However, things can also go wrong. Do you have a complaint or a problem? More information about the operation of VDAB and our privacy regulations can be found in our disclaimer."], ["My VDAB: Your request is being processed", "Please send a new e-mail from WDE. Do not reply to the received e-mail, because it comes via the scanner or via the charging module. Add the IKP number and request code in the subject. Put the account manager in cc. Dear [FIRST NAME] We have processed your request for access to My VDAB. The general terms and conditions apply to all branches of your company. We will add these locations to your account. Who is an administrator? [CHOOSE THE SITUATION THAT FITS] We have added you as an administrator. You will receive your login in a separate email. You can create your password via a link. You had already been appointed administrator. You will receive an email to choose a new password. The current administrator is [NAME]. This person can add you as a new user.  Does this colleague no longer work in your organization? Please contact us. What does the administrator do? In My VDAB you can work with different colleagues. Each colleague has access with a separate username and password. The administrator manages access for all colleagues (How?). Only the administrator can: add a new user delete a user determine the access rights per user (e.g.: post vacancies, follow up an IBO) Get started! Curious about what you can do in My VDAB? Watch our short instructional videos.  Tip: Add your business information right away. This will appear on all your vacancies. ( How? ) Any questions? Reply to this email or call us. With kind regards VDAB As a customer of VDAB you expect the best service. However, things can also go wrong. Do you have a complaint or a problem? More information about the operation of VDAB and our privacy regulations can be found in our disclaimer."], ["My VDAB: We cannot process your request", "Please send a new e-mail from WDE. Do not reply to the received e-mail, because it comes via the scanner or via the charging module. Add the IKP number and request code in the subject. Always attach the letter of agreement. Dear [FIRST NAME] We have received your request for access to My VDAB, but unfortunately cannot process it. Why not? [CHOOSE THE SITUATION THAT SUITS AND COMPLETE] The data in the application do not fully correspond to the information from the Crossroads Bank for Enterprises (CBE). The application states: [COMPLETE] The CBE states: [COMPLETE] VDAB may only process your application if the data exactly matches that from the CBE. Therefore, register again with the data from the CBE.   The name of the manager cannot be found in the 'functions' in the Crossroads Bank for Enterprises. Therefore, register again with a known manager and have the letter of agreement signed by this manager.   Business activity does not match the chosen activity Based on your business activity, we suspect that you have indicated the wrong activities at the start of your registration. Therefore, register again and only choose the business activities that are in line with the company's business activity.   No recognition as a temporary employment agency We cannot find a recognition number as a recognized temporary employment agency for your company. Companies that offer temporary agency work need a recognition number to be allowed to recruit and employ people on the Flemish labour market. Therefore, request a recognition number via the website vlaanderen.be/erkenning-van-uitzendbureaus and give us a call afterwards.   No recognition as a service voucher company: We do not find an approval number as a recognized service voucher company for your company. Therefore, register again without the activity 'Service voucher company' or request a recognition number via the website dienstencheques.vlaanderen.be and give us a call afterwards.   No recognition as a tailor-made company or company active in local service economy We do not find a recognition number as a tailor-made company or company active in the local service economy. Therefore, register again without the activity tailor-made company or company active in the local service economy or request a recognition number via the website socialeeconomie.be and give us a call afterwards.   Secondment as main activity You mention as a business activity [DELETE WHAT DOES NOT FIT] 'secondment / project sourcing / outsourcing'. Can you confirm that this is the main activity of your company? To do this, fill in the attached document, sign it and send it back to us. Then we will make your request in order. Is the main activity of your company 'Recruitment & Selection'? Then register again and choose the recruitment and selection office or HR consultancy activity. [ADD THE ATTACHMENT \"Statement of secondment project sourcing outsourcing\" IN WORD.]   I have a personal assistance budget (PAB/PVB) [Info to be added] There is a problem with the [DELETE WHAT DOES NOT FIT] national register number / e-mail address / mobile number We see that the [DELETE WHAT DOES NOT FIT] national register number / e-mail address / mobile phone number of the applicant is the same as that of the manager. This is not true. Therefore, register again with the correct details.   Presumption of no employee For VDAB, it is unclear whether you are an employee at [COMPANY NAME]. Only an official director, listed in the Crossroads Bank for Enterprises CBE of Belgium, or an employee can be an administrator. We therefore apply the principle of due diligence and therefore cannot grant you access. When you prove that you are an employee at [COMPANY NAME], we will review the application. No or invalid signature [DELETE WHAT DOESN'T FIT] The letter of agreement is not signed. / The signature on the letter of agreement is not legally valid. Have the letter of agreement signed by the manager with ballpoint pen or marker, or digitally (more info about digital signing).  Send us the document. Online [ADD THE CORRECT CHARGING LINK BEHIND 'Online'] By post: Keizerslaan 11, 1000 Brussels Please note: the name of the manager must be found in the 'functions' section in the Crossroads Bank for Enterprises. Signatures commissioned by the manager are not valid.  Why is this important? Your registration forms the basis of our cooperation. In order for this cooperation to run smoothly, this information must be official and complete. Any questions? Reply to this email or call us. With kind regards VDAB As a customer of VDAB you expect the best service. However, things can also go wrong. Do you have a complaint or a problem? More information about the operation of VDAB and our privacy regulations can be found in our disclaimer."]], "document": "Externe standaardmails - Mijn VDAB: nieuwe verwerking (vanaf oktober '22) \n\n Vraag aan de VDAB consulent: Mijn VDAB: Je bent al geregistreerd als werkgever? \n Antwoord of Actie: Opgelet Stuur hiervoor een nieuwe e-mail vanuit WDE. Antwoord niet op de ontvangen e-mail, want die komt via de scanner of via de oplaadmodule. Voeg het IKP-nummer en de aanvraagcode toe in het onderwerp. Beste [VOORNAAM] Je registreerde je voor toegang tot Mijn VDAB. Maar je onderneming is al geregistreerd. De algemene voorwaarden  gelden voor alle vestigingen van je onderneming. Deze vestigingen zijn ook terug te vinden in je account. Wie is administrator? [KIES DE SITUATIE DIE PAST] Je was al aangesteld als administrator. Je ontvangt een mail om een nieuw wachtwoord te kiezen. De huidige administrator is [NAAM]. Deze persoon kan jou toevoegen als nieuwe gebruiker. Werkt deze collega intussen niet meer in jouw organisatie? Neem dan contact met ons op. Wat doet de administrator? In Mijn VDAB kan je met verschillende collega's werken. Elke collega heeft toegang met een aparte gebruikersnaam en wachtwoord. De administrator beheert de toegang voor alle collega's ( Hoe? ). Alleen de administrator kan: een nieuwe gebruiker toevoegen een gebruiker verwijderen per gebruiker de toegangsrechten bepalen (vb.: vacatures plaatsen, een IBO opvolgen) Aan de slag! Benieuwd wat je allemaal kan doen in Mijn VDAB? Bekijk onze korte instructievideo's .  Tip: Kijk meteen na of je bedrijfsinformatie up-to-date is. Deze verschijnt op al je vacatures. ( Hoe? ) Nog vragen? Antwoord op deze mail of bel ons. Met vriendelijke groeten VDAB Als klant van VDAB verwacht je de beste dienstverlening. Toch kan het ook eens fout gaan. Heb je een klacht of een probleem? Meer info over de werking van VDAB en onze privacyvoorschriften vind je in onze disclaimer . \n\n Vraag aan de VDAB consulent: Mijn VDAB: Je aanvraag is verwerkt? \n Antwoord of Actie: Opgelet Stuur hiervoor een nieuwe e-mail vanuit WDE. Antwoord niet op de ontvangen e-mail, want die komt via de scanner of via de oplaadmodule. Voeg het IKP-nummer en de aanvraagcode toe in het onderwerp. Zet de accountmanager in cc. Beste [VOORNAAM] We hebben je aanvraag voor toegang tot Mijn VDAB verwerkt. De algemene voorwaarden gelden voor alle vestigingen van je onderneming. Deze vestigingen zijn terug te vinden in je account. Wie is administrator? [KIES DE SITUATIE DIE PAST] We hebben jou toegevoegd als administrator. Je ontvangt je login in een aparte mail. Via een link kan je je wachtwoord aanmaken. Je was al aangesteld als administrator. Je ontvangt een mail om een nieuw wachtwoord te kiezen. De huidige administrator is [NAAM]. Deze persoon kan jou toevoegen als nieuwe gebruiker.  Werkt deze collega intussen niet meer in jouw organisatie? Neem dan contact met ons op. Wat doet de administrator? In Mijn VDAB kan je met verschillende collega's werken. Elke collega heeft toegang met een aparte gebruikersnaam en wachtwoord. De administrator beheert de toegang voor alle collega's ( Hoe? ). Alleen de administrator kan: een nieuwe gebruiker toevoegen een gebruiker verwijderen per gebruiker de toegangsrechten bepalen (vb.: vacatures plaatsen, een IBO opvolgen) Aan de slag! Benieuwd wat je allemaal kan doen in Mijn VDAB? Bekijk onze korte  instructievideo's .  Tip: Voeg meteen je bedrijfsinformatie toe. Deze verschijnt op al je vacatures. ( Hoe? ) Nog vragen? Antwoord op deze mail of bel ons. Met vriendelijke groeten VDAB Als klant van VDAB verwacht je de beste dienstverlening. Toch kan het ook eens fout gaan. Heb je een klacht of een probleem? Meer info over de werking van VDAB en onze privacyvoorschriften vind je in onze disclaimer . \n\n Vraag aan de VDAB consulent: Mijn VDAB: Je aanvraag wordt verwerkt? \n Antwoord of Actie: Opgelet Stuur hiervoor een nieuwe e-mail vanuit WDE. Antwoord niet op de ontvangen e-mail, want die komt via de scanner of via de oplaadmodule. Voeg het IKP-nummer en de aanvraagcode toe in het onderwerp. Zet de accountmanager in cc. Beste [VOORNAAM] We hebben je aanvraag voor toegang tot Mijn VDAB verwerkt. De algemene voorwaarden gelden voor alle vestigingen van je onderneming. Deze vestigingen voegen we nog toe aan je account. Wie is administrator? [KIES DE SITUATIE DIE PAST] We hebben jou toegevoegd als administrator. Je ontvangt je login in een aparte mail. Via een link kan je je wachtwoord aanmaken. Je was al aangesteld als administrator. Je ontvangt een mail om een nieuw wachtwoord te kiezen. De huidige administrator is [NAAM]. Deze persoon kan jou toevoegen als nieuwe gebruiker.  Werkt deze collega intussen niet meer in jouw organisatie? Neem dan contact met ons op. Wat doet de administrator? In Mijn VDAB kan je met verschillende collega's werken. Elke collega heeft toegang met een aparte gebruikersnaam en wachtwoord. De administrator beheert de toegang voor alle collega's ( Hoe? ). Alleen de administrator kan: een nieuwe gebruiker toevoegen een gebruiker verwijderen per gebruiker de toegangsrechten bepalen (vb.: vacatures plaatsen, een IBO opvolgen) Aan de slag! Benieuwd wat je allemaal kan doen in Mijn VDAB? Bekijk onze korte instructievideo's .  Tip: Voeg meteen je bedrijfsinformatie toe. Deze verschijnt op al je vacatures. ( Hoe? ) Nog vragen? Antwoord op deze mail of bel ons. Met vriendelijke groeten VDAB Als klant van VDAB verwacht je de beste dienstverlening. Toch kan het ook eens fout gaan. Heb je een klacht of een probleem? Meer info over de werking van VDAB en onze privacyvoorschriften vind je in onze disclaimer . \n\n Vraag aan de VDAB consulent: Mijn VDAB: We kunnen je aanvraag niet verwerken? \n Antwoord of Actie: Opgelet Stuur hiervoor een nieuwe e-mail vanuit WDE. Antwoord niet op de ontvangen e-mail, want die komt via de scanner of via de oplaadmodule. Voeg het IKP-nummer en de aanvraagcode toe in het onderwerp. Voeg de akkoordverklaring altijd toe als bijlage. Beste [VOORNAAM] We hebben je aanvraag voor toegang tot Mijn VDAB goed ontvangen, maar kunnen die helaas niet verwerken. Waarom niet? [KIES DE SITUATIE DIE PAST EN VUL AAN] Gegevens komen niet overeen met KBO De gegevens in de aanvraag komen niet volledig overeen met de informatie uit de Kruispuntbank van Ondernemingen (KBO). Op de aanvraag staat: [VUL AAN] In de KBO staat: [VUL AAN] VDAB mag je aanvraag alleen verwerken als de gegevens exact overeenkomen met die uit de KBO. Registreer je daarom opnieuw met de gegevens uit de KBO.   Zaakvoerder is niet gekend De naam van de zaakvoerder is niet terug te vinden in de 'functies' in de Kruispuntbank van Ondernemingen . Registreer je daarom opnieuw met een gekende zaakvoerder en laat de akkoordverklaring door deze zaakvoerder ondertekenen.   Bedrijfsactiviteit komt niet overeen met de gekozen activiteit Op basis van je bedrijfsactiviteit vermoeden we dat je de verkeerde activiteiten hebt aangeduid bij het begin van je registratie. Registreer je daarom opnieuw en kies alleen voor de bedrijfsactiviteiten die aansluiten bij de bedrijfsactiviteit van de onderneming.   Geen erkenning als uitzendkantoor We vinden geen erkenningsnummer als erkend uitzendkantoor voor jouw onderneming. Bedrijven die uitzendwerk aanbieden, hebben een erkenningsnummer nodig om te mogen rekruteren en mensen te werk te stellen op de Vlaamse arbeidsmarkt. Vraag daarom een erkenningsnummer aan via de website vlaanderen.be/erkenning-van-uitzendbureaus en geef ons hierna een seintje.   Geen erkenning als dienstenchequebedrijf: We vinden geen erkenningsnummer als erkend dienstenchequebedrijf voor jouw onderneming. Registreer je daarom opnieuw zonder de activiteit 'Dienstenchequebedrijf' of vraag een erkenningsnummer aan via de website dienstencheques.vlaanderen.be en geef ons hierna een seintje.   Geen erkenning als maatwerkbedrijf of bedrijf actief in lokale diensteneconomie We vinden geen erkenningsnummer terug als maatwerkbedrijf of bedrijf actief in de lokale diensteneconomie. Registreer je daarom opnieuw zonder de activiteit maatwerkbedrijf of bedrijf actief in de lokale diensteneconomie of vraag een erkenningsnummer aan via de website socialeeconomie.be en geef ons hierna een seintje.   Detachering als hoofdactiviteit Je vermeldt als bedrijfsactiviteit [SCHRAPPEN WAT NIET PAST] 'detachering / projectsourcing / outsourcing'. Kan je bevestigen dat dit de hoofdactiviteit is van je onderneming? Vul hiervoor het bijgevoegde document in, onderteken het en stuur het ons terug. Dan maken we je aanvraag in orde. Is de hoofdactiviteit van je bedrijf 'Werving & Selectie'? Registreer je dan opnieuw en kies voor de activiteit Wervings- en selectiekantoor of HR-adviesbureau. [VOEG DE BIJLAGE ' Verklaring detachering projectsourcing outsourcing ' TOE IN WORD.]   Ik heb een persoonlijk assistentiebudget (PAB/PVB) [Info nog toe te voegen]   Er is een probleem met het [SCHRAP WAT NIET PAST] rijksregisternummer / e-mailadres / gsm-nummer  We zien dat het [SCHRAP WAT NIET PAST] rijksregisternummer / e-mailadres / gsm-nummer van de aanvrager gelijk is aan dat van de zaakvoerder. Dit klopt niet. Registreer je daarom opnieuw met de juiste gegevens.   Vermoeden geen werknemer Voor VDAB is het onduidelijk of jij werknemer bent bij [NAAM BEDRIJF]. Enkel een officiele bestuurder, vermeld in de Kruispuntbank van Ondernemingen KBO van Belgie, of een werknemer kan administrator zijn. We passen dus het zorgvuldigheidsbeginsel toe en kunnen je daarom geen toegang verlenen. Wanneer je aantoont dat je werknemer bent bij [NAAM BEDRIJF], herbekijken we de aanvraag. Geen of ongeldige handtekening [SCHRAP WAT NIET PAST] De akkoordverklaring is niet ondertekend. / De handtekening op de akkoordverklaring is juridisch niet geldig. Laat de akkoordverklaring ondertekenen door de zaakvoerder met balpen of stift, of digitaal ( meer info over digitaal ondertekenen ).  Bezorg ons het document. Online [VOEG DE JUISTE OPLAADLINK TOE ACHTER 'Online'] Via de post: Keizerslaan 11, 1000 Brussel Let op: de naam van de zaakvoerder moet terug te vinden zijn in de rubriek 'functies' in de Kruispuntbank van Ondernemingen . Handtekeningen in opdracht van de zaakvoerder zijn niet geldig.  Waarom is dit belangrijk? Je registratie vormt de basis van onze samenwerking. Om deze samenwerking vlot te laten verlopen, moeten deze gegevens officieel en volledig zijn. Nog vragen? Antwoord op deze mail of bel ons. Met vriendelijke groeten VDAB Als klant van VDAB verwacht je de beste dienstverlening. Toch kan het ook eens fout gaan. Heb je een klacht of een probleem? Meer info over de werking van VDAB en onze privacyvoorschriften vind je in onze disclaimer . \n\n Categorie: Servicelijn \n\n Domein: standaardmails \n\n Tags: mijn vdab, aanvraag \n\n Url: https://intranet-rel1ldv.ops.vdab.be/faq/servicelijn/externe-standaardmails-mijn-vdab-nieuwe-verwerking-vanaf-oktober-22 \n\n Type: intranet", "document_translation": "External standard emails - My VDAB: new processing (from October '22) \n\n Question for the VDAB counselor: My VDAB: You are already registered as? \n Answer or Action: an employer Please send a new e-mail from WDE. Do not reply to the received e-mail, because it comes via the scanner or via the charging module. Add the IKP number and request code in the subject. Dear [FIRST NAME] You registered to access My VDAB. But your company is already registered. The general terms and conditions apply to all branches of your company. These locations can also be found in your account. Who is an administrator? [CHOOSE THE SITUATION THAT FITS] You had already been appointed administrator. You will receive an email to choose a new password. The current administrator is [NAME]. This person can add you as a new user. Does this colleague no longer work in your organization? Please contact us. What does the administrator do? In My VDAB you can work with different colleagues. Each colleague has access with a separate username and password. The administrator manages access for all colleagues (How?). Only the administrator can: add a new user delete a user determine the access rights per user (e.g.: post vacancies, follow up an IBO) Get started! Curious about what you can do in My VDAB? Watch our short instructional videos.  Tip: Check immediately whether your company information is up-to-date. This will appear on all your vacancies. ( How? ) Any questions? Reply to this email or call us. With kind regards VDAB As a customer of VDAB you expect the best service. However, things can also go wrong. Do you have a complaint or a problem? More information about the operation of VDAB and our privacy regulations can be found in our disclaimer. \n\n Question for the VDAB counselor: My VDAB: Your request has been processed? \n Answer or Action: Please send a new e-mail from WDE. Do not reply to the received e-mail, because it comes via the scanner or via the charging module. Add the IKP number and request code in the subject. Put the account manager in cc. Dear [FIRST NAME] We have processed your request for access to My VDAB. The general terms and conditions apply to all branches of your company. These locations can be found in your account. Who is an administrator? [CHOOSE THE SITUATION THAT FITS] We have added you as an administrator. You will receive your login in a separate email. You can create your password via a link. You had already been appointed administrator. You will receive an email to choose a new password. The current administrator is [NAME]. This person can add you as a new user.  Does this colleague no longer work in your organization? Please contact us. What does the administrator do? In My VDAB you can work with different colleagues. Each colleague has access with a separate username and password. The administrator manages access for all colleagues (How?). Only the administrator can: add a new user delete a user determine the access rights per user (e.g.: post vacancies, follow up an IBO) Get started! Curious about what you can do in My VDAB? Watch our short instructional videos.  Tip: Add your business information right away. This will appear on all your vacancies. ( How? ) Any questions? Reply to this email or call us. With kind regards VDAB As a customer of VDAB you expect the best service. However, things can also go wrong. Do you have a complaint or a problem? More information about the operation of VDAB and our privacy regulations can be found in our disclaimer. \n\n Question for the VDAB counselor: My VDAB: Your request is being processed? \n Answer or Action: Please send a new e-mail from WDE. Do not reply to the received e-mail, because it comes via the scanner or via the charging module. Add the IKP number and request code in the subject. Put the account manager in cc. Dear [FIRST NAME] We have processed your request for access to My VDAB. The general terms and conditions apply to all branches of your company. We will add these locations to your account. Who is an administrator? [CHOOSE THE SITUATION THAT FITS] We have added you as an administrator. You will receive your login in a separate email. You can create your password via a link. You had already been appointed administrator. You will receive an email to choose a new password. The current administrator is [NAME]. This person can add you as a new user.  Does this colleague no longer work in your organization? Please contact us. What does the administrator do? In My VDAB you can work with different colleagues. Each colleague has access with a separate username and password. The administrator manages access for all colleagues (How?). Only the administrator can: add a new user delete a user determine the access rights per user (e.g.: post vacancies, follow up an IBO) Get started! Curious about what you can do in My VDAB? Watch our short instructional videos.  Tip: Add your business information right away. This will appear on all your vacancies. ( How? ) Any questions? Reply to this email or call us. With kind regards VDAB As a customer of VDAB you expect the best service. However, things can also go wrong. Do you have a complaint or a problem? More information about the operation of VDAB and our privacy regulations can be found in our disclaimer. \n\n Question for the VDAB counselor: My VDAB: We cannot process your request? \n Answer or Action: Please send a new e-mail from WDE. Do not reply to the received e-mail, because it comes via the scanner or via the charging module. Add the IKP number and request code in the subject. Always attach the letter of agreement. Dear [FIRST NAME] We have received your request for access to My VDAB, but unfortunately cannot process it. Why not? [CHOOSE THE SITUATION THAT SUITS AND COMPLETE] The data in the application do not fully correspond to the information from the Crossroads Bank for Enterprises (CBE). The application states: [COMPLETE] The CBE states: [COMPLETE] VDAB may only process your application if the data exactly matches that from the CBE. Therefore, register again with the data from the CBE.   The name of the manager cannot be found in the 'functions' in the Crossroads Bank for Enterprises. Therefore, register again with a known manager and have the letter of agreement signed by this manager.   Business activity does not match the chosen activity Based on your business activity, we suspect that you have indicated the wrong activities at the start of your registration. Therefore, register again and only choose the business activities that are in line with the company's business activity.   No recognition as a temporary employment agency We cannot find a recognition number as a recognized temporary employment agency for your company. Companies that offer temporary agency work need a recognition number to be allowed to recruit and employ people on the Flemish labour market. Therefore, request a recognition number via the website vlaanderen.be/erkenning-van-uitzendbureaus and give us a call afterwards.   No recognition as a service voucher company: We do not find an approval number as a recognized service voucher company for your company. Therefore, register again without the activity 'Service voucher company' or request a recognition number via the website dienstencheques.vlaanderen.be and give us a call afterwards.   No recognition as a tailor-made company or company active in local service economy We do not find a recognition number as a tailor-made company or company active in the local service economy. Therefore, register again without the activity tailor-made company or company active in the local service economy or request a recognition number via the website socialeeconomie.be and give us a call afterwards.   Secondment as main activity You mention as a business activity [DELETE WHAT DOES NOT FIT] 'secondment / project sourcing / outsourcing'. Can you confirm that this is the main activity of your company? To do this, fill in the attached document, sign it and send it back to us. Then we will make your request in order. Is the main activity of your company 'Recruitment & Selection'? Then register again and choose the recruitment and selection office or HR consultancy activity. [ADD THE ATTACHMENT \"Statement of secondment project sourcing outsourcing\" IN WORD.]   I have a personal assistance budget (PAB/PVB) [Info to be added] There is a problem with the [DELETE WHAT DOES NOT FIT] national register number / e-mail address / mobile number We see that the [DELETE WHAT DOES NOT FIT] national register number / e-mail address / mobile phone number of the applicant is the same as that of the manager. This is not true. Therefore, register again with the correct details.   Presumption of no employee For VDAB, it is unclear whether you are an employee at [COMPANY NAME]. Only an official director, listed in the Crossroads Bank for Enterprises CBE of Belgium, or an employee can be an administrator. We therefore apply the principle of due diligence and therefore cannot grant you access. When you prove that you are an employee at [COMPANY NAME], we will review the application. No or invalid signature [DELETE WHAT DOESN'T FIT] The letter of agreement is not signed. / The signature on the letter of agreement is not legally valid. Have the letter of agreement signed by the manager with ballpoint pen or marker, or digitally (more info about digital signing).  Send us the document. Online [ADD THE CORRECT CHARGING LINK BEHIND 'Online'] By post: Keizerslaan 11, 1000 Brussels Please note: the name of the manager must be found in the 'functions' section in the Crossroads Bank for Enterprises. Signatures commissioned by the manager are not valid.  Why is this important? Your registration forms the basis of our cooperation. In order for this cooperation to run smoothly, this information must be official and complete. Any questions? Reply to this email or call us. With kind regards VDAB As a customer of VDAB you expect the best service. However, things can also go wrong. Do you have a complaint or a problem? More information about the operation of VDAB and our privacy regulations can be found in our disclaimer. \n\n Category: Service line \n\n Domain: standard emails \n\n Tags: request, my vdab \n\n Url: https://intranet-rel1ldv.ops.vdab.be/faq/servicelijn/externe-standaardmails-mijn-vdab-nieuwe-verwerking-vanaf-oktober-22 \n\n Type: intranet"}