{"title": "Inschrijvingswizard Mijn Loopbaan", "type": "intranet", "field_trefwoorden_name": ["registratie", "inschrijving", "inschrijvingswizard", "wizard", "kruispuntbank", "foutmelding", "mijn loopbaan", "zonder categorie"], "domain_name": ["inschrijvingswizard"], "category_name": "Servicelijn", "field_faq_summary": "FAQ's voor de Servicelijn over de (inschrijvings) wizard in Mijn Loopbaan", "url": "https://intranet-rel1ldv.ops.vdab.be/faq/servicelijn/inschrijvingswizard-mijn-loopbaan", "content": [["Inschrijvingswizard: Enkel een account of inschrijven als werkzoekende", "de klant wil alleen vacatures bewaren, jobsuggesties op maat krijgen, een online cursus of workshop volgen,... voor een volledig overzicht:  https://www.vdab.be/voordelen/account"], ["Wanneer enkel een account", "om een uitkering aan te vragen, om begeleiding te krijgen, wanneer de klant pas afgestudeerd is, ... een volledig overzicht:  https://www.vdab.be/inschrijven"], ["Wanneer kiezen voor Inschrijven als werkzoekende", "Procedure Servicelijn Laat het veld voornaam open."], ["Inschrijvingswizard bemiddelaar", "Het gebeurt dat de burger alleen zijn geboortejaar weet en niet zijn geboortedatum (dag en maand). De klant krijgt dan in de kruispuntbank een geboortedatum in de vorm 00-00-yyyy   Procedure Servicelijn Laat de velden dag en maand open in de wizard.  Achtergrondinfo: Met de vernieuwde registratiemodule kun je de geboortedatum invullen zoals hij bekend is bij KSZ (op de id-kaart staat). Voor geboortedatum 00/00/yyyy betekent dat gewoon het veld open laten."], ["Klant zonder voornaam", "Je maakt een nieuwe dossier aan en je krijgt volgende foutmelding:  Er zijn twee mogelijke problemen."], ["Klant zonder geboortedatum", "Je maakt een nieuwe dossier aan en je krijgt volgende foutmelding: Er zijn twee mogelijke problemen: Je gaf een verkeerde voornaam of naam. Geef de gegevens in zoals vermeld staan op je identiteitskaart.  Je gaf een verkeerd rijksregisternummer in. Het rijksregisternummer dat je ingaf is: (nummer). Is het verkeerd, begin dan opnieuw.   Procedure Servicelijn  Vraag de klant om zijn identiteitskaart te nemen. Controleer je alles ingaf zoals het op de identiteitskaart staat.  Wissel voornaam en achternaam niet om. Het moet echt identiek zijn.  Als de naam langer is dan 35 tekens, dan krijg je een foutmelding. Maak dan een helpdeskmelding.  Klant zonder voornaam Klant zonder geboortedatum   Lukt het echt niet en ben je zeker dat je alle gegevens juist invulde? Maar een Crisisplan en een helpdesk aan.   Stap 1: Maak een Crisisplan : 'Klant vraagt een inschrijving' aan. Onderaan dit formulier in er ruimte om het helpdesknummer uit stap 2 te noteren. Wacht daarom met het versturen totdat je de HD hebt aangemaakt.*    Stap 2: Maak een helpdeskmelding aan voor dit dossier. Noteer: RRN (want een IKL heb je niet bij een aan te maken dossier). Naam van de klant zoals jij die hebt verstaan.  Adres van de klant  Kopie van de foutboodschap Vraag om de ID- gegevens van de klant op te zoeken in datadesk Rijksregister. HD zoekt de ID- gegevens op en noteert dit in de HD.   Krijg je een antwoord of extra vraag op jouw helpdesk? Doe er niets mee. Het is de verwerker van het Crisisplan (Engagor) die dit verder behandelt.   Stap 3: Vul het helpdesknummer in het Crisisplan in en verstuur .  * TIP: Stel dat je het ingevulde Crisisplan per ongeluk sluit terwijl je met de HD bezig bent, je roept het terug op met CTRL-SHIFT-T. Het komt dan ingevuld opnieuw terug. "], ["Foutmelding: De gegevens die je invulde zijn niet juist", "Procedure Servicelijn Bevraag eerst e-mailadres en werksituatie van de klant (*).  Bevraag ook de nationaliteit (**) De keuze bij 'Situatie van de klant' bepaalt of je in de korte wizard (enkel account) verder gaat of in de lange wizard (inschrijven als werkzoekende). Achtergrondinformatie (*) Het kan onnatuurlijk aanvoelen om eerst e-mailadres en situatie te bevragen vooraleer de naam te vragen.  De reden daarvoor is dat de wizard voor de klant zelf identiek werkt aan die aan bemiddelaarskant. Omdat de klant geen dossier kan openen zonder e-mailadres, is er voor gekozen om dat expliciet eerst te vragen. (**) Voor derdelanders maken we geen dossier aan. Deze klanten verwijzen we door naar de werkwinkel. Zie: Klant heeft geen dossier."], ["Foutmelding: Er zijn twee mogelijke problemen", "naam en voornaam exact zoals op de identiteitskaart (anders kan je niet verder) opgelet dat je ze niet omwisselt heeft de klant geen voornaam, laat dat veld dan open gsm-nummer geen verplicht veld  heeft de klant geen gsm-nummer, voeg dan na de registratie wel een vast telefoonnummer toe in het dossier reden inschrijving (nog oude schermen vanaf hier - worden nog vernieuwd - ep 09/2021) hoogst behaalde diploma verplicht verfijnen tot op het laagste niveau talenkennis kennis Nederlands is verplicht de term moedertaal bestaat niet meer gewenste job voeg minstens 1 toe eerste hulp bespreek met de klant en vink aan de klant krijgt over dat onderwerp dan tips ga daarna naar Mijn Loopbaan: kijk adres na (dat komt automatisch in het dossier door synchronisatie met KSZ) heeft de klant een ander verblijfsadres? Voeg dat dan toe. voeg rijbewijs toe overloop de competenties "], ["Stap 1: Rijksregisternummer/e-mailadres/situatie van de klant/nationaliteit", "naam en voornaam exact zoals op de identiteitskaart staat (anders kan je niet verder) gsm-nummer geen verplicht veld  heeft de klant geen gsm-nummer, voeg dan na de registratie wel een vast telefoonnummer toe in het dossier hoogst behaalde diploma verplicht verfijnen tot op het laagste niveau talenkennis kennis Nederlands is verplicht de term moedertaal bestaat niet meer ga daarna naar Mijn Loopbaan: kijk adres na (dat komt automatisch in het dossier door synchronisatie met KSZ) heeft de klant een ander verblijfsadres, voeg dat dan toe"], ["Verdere stappen Inschrijven als werkzoekende (lange wizard)", "er zijn onmiddellijk een aantal gegevens van de klant ingevuld (naam, adres, rijkregisternummer, adres) de klant controleert die gegevens vult studieverleden aan vult talenkennis aan komt dan terecht in zijn account"], ["Verdere stappen Enkel een account aanmaken (korte wizard)", "bestaat er al een dossier met het rijksregisternummer, dan kan de klant inloggen (*) e-mailadres is verplicht (meer info: zie E-mailadres verplicht ) de klant doorloopt volgende schermen:  voornaam en naam gsm-nummer  wachtwoord studies talenkennis   Achtergrondinfo: (*) Dat kan omdat de klant bv vroeger ooit opleidingscheques gebruikte of lang geleden ingeschreven was als werkzoekende.  "], ["Inschrijvingswizard klant zelf op de website", "Om er voor te zorgen dat hackers geen computerprogramma's kunnen maken om rijksregisternummers te gokken. De klant moet het vakje aanvinken. Pas als hij dat deed, wordt het vakje 'Ga verder' aanklikbaar. "], ["Enkel een account", "er zijn onmiddellijk een aantal gegevens van de klant ingevuld (naam, adres, rijkregisternummer, adres) doorloopt de rest van de stappen in de wizard (gsm-nummer, reden inschrijving, studies, talenkennis, gewenste job, eerste hulp) krijgt dan de vraag om zijn dossier te vervolledigen"], ["Een account aanmaken met Itsme/eID", "bestaat er al een dossier met het rijksregisternummer, dan kan de klant inloggen (*) e-mailadres is verplicht (meer info: zie E-mailadres verplicht ) de klant doorloopt alle schermen in de wizard: voornaam en naam, gsm-nummer, wachtwoord, studies, talenkennis, gewenste job, eerste hulp krijgt dan de vraag om zijn dossier te vervolledigen Achtergrondinfo: (*) Dat kan omdat de klant bv vroeger ooit opleidingscheques gebruikte of lang geleden ingeschreven was als werkzoekende.  "], ["Een account aanmaken met rijksregisternummer en e-mailadres", "De wizard springt open op de stap waar het eerder invullen van het dossier is afgebroken EN moet verplicht verder worden afgemaakt tot aan de stap 'klaar'."], ["Waarom kan de klant niet verder zonder 'Ik ben geen robot' aan te vinken?", "Ja, in de laatste stap van de wizard kan de klant klikken op 'Je vindt je inschrijvingsbewijs in je berichten'."]], "link_ankers": [["https://intranet-rel1ldv.ops.vdab.be/faq/servicelijn/wz-zonder-rijksregisternummer-of-bis-nummer", "Wz zonder rijksregisternummer of BIS-nummer"], ["https://intranet-rel1ldv.ops.vdab.be/faq/servicelijn/dienstverlening-aan-derdelanders", "Klant heeft geen dossier."], ["https://intranet-rel1ldv.ops.vdab.be/faq/servicelijn/e-mailadres-verplicht", "E-mailadres verplicht"], ["https://intranet-rel1ldv.ops.vdab.be/faq/servicelijn/banner-mlb-bemiddelaar", "Banner in MLB bemiddelaar"]], "title_translation": "Enrollment Wizard My Career", "field_trefwoorden_name_translation": ["error message", "uncategorized", "wizard", "my career", "crossroads bank for enterprises", "registration", "registration wizard"], "domain_name_translation": ["enrollment wizard"], "category_name_translation": "Service line", "field_faq_summary_translation": "FAQ's for the Service Line about the (registration) wizard in My Career", "content_translation": [["Registration wizard: Only an account or register as a job seeker", "the customer only wants to save vacancies, get tailor-made job suggestions, follow an online course or workshop,... For a complete overview: https://www.vdab.be/voordelen/account"], ["When only an account", "to apply for a benefit, to receive guidance, when the customer has recently graduated, ... A complete overview: https://www.vdab.be/inschrijven"], ["When choosing Register as a Job", "Seeker Procedure Service Line Leave the first name field open."], ["Registration wizard mediator", "It happens that the citizen only knows his year of birth and not his date of birth (day and month). The customer then receives a date of birth in the form 00-00-yyyy Procedure Service line Leave the day and month fields open in the wizard.  Background information: With the renewed registration module you can enter the date of birth as it is known to KSZ (on the ID card). For date of birth 00/00/yyyy, that means just leave the field open."], ["Customer without first name", "You create a new file and you get the following error message: There are two possible problems."], ["Customer without date of birth You", "create a new file and you get the following error message: There are two possible problems: You gave the wrong first name or surname. Enter the details as stated on your identity card.  You entered the wrong national registration number. The national register number you entered is: (number). If it's wrong, start over.   Procedure Service line Ask the customer to take his identity card. Check everything as it appears on the identity card.  Do not swap first name and last name. It really has to be identical.  If the name is longer than 35 characters, you will receive an error message. Then create a helpdesk notification.  Customer without first name Customer without date of birth Does it really not work and are you sure that you filled in all the details correctly? But a Crisis Plan and a helpdesk.   Step 1: Create a Crisis Plan: 'Customer requests registration'. At the bottom of this form there is room to write down the helpdesk number from step 2. Therefore, wait to send until you have created the HD.* Step 2: Create a helpdesk notification for this file. Note: RRN (because you do not have an IKL with a file to be created). Name of the customer as you understood it.  Address of the customer Copy of the error message Ask to look up the customer's ID data in datadesk Rijksregister. HD looks up the ID data and writes it down in the HD.   Do you receive an answer or extra question on your helpdesk? Don't do anything with it. It is the processor of the Crisis Plan (Engagor) who deals with this further.   Step 3: Enter the helpdesk number in the Crisis Plan and send .  * TIP: Suppose you accidentally close the completed Crisis Plan while working on the HD, you call it back up with CTRL-SHIFT-T. It will then come back filled in again."], ["Error message: The information you entered is not correct", "Procedure Service line First ask e-mail address and work situation of the customer (*).  Also ask the nationality (**) The choice under 'Situation of the customer' determines whether you continue in the short wizard (single account) or in the long wizard (register as a job seeker). Background information (*) It can feel unnatural to first question e-mail address and situation before asking for the name.  The reason for this is that the wizard works identically for the customer itself to that on the mediator side. Because the customer cannot open a file without an e-mail address, it was decided to explicitly ask first. (**) We do not create a file for third-country nationals. We refer these customers to the work shop. See: Customer does not have a file."], ["Error message: There are two possible problems name and first name", "exactly as on the identity card (otherwise you cannot continue) be careful not to exchange them if the customer does not have a first name, leave that field open mobile phone number no mandatory field does the customer not have a mobile phone number, then add a fixed telephone number in the file after registration reason registration (still old screens from here - are still being renewed - ep 09/2021) highest diploma obtained mandatory refine to at the lowest level language knowledge knowledge Dutch is mandatory the term mother tongue no longer exists desired job add at least 1 first aid discuss with the customer and check the customer gets on that topic then tips go to My Career: check address (that automatically comes in the file by synchronization with KSZ) does the customer have a different residence address? Then add that. Add driver's license Go over the competencies"], ["Step 1: National register number/e-mail address/situation of the customer/nationality", "surname and first name exactly as stated on the identity card (otherwise you cannot continue) mobile phone number no mandatory field if the customer does not have a mobile phone number, then after registration add a fixed telephone number in the file highest diploma obtained mandatory refine to the lowest level language knowledge dutch is mandatory the term mother tongue no longer exists then go to My Career:  check address (that automatically enters the file by synchronizing with KSZ) if the customer has a different residence address, add that"], ["Further steps Register as a job seeker (long wizard)", "a number of customer details are immediately filled in (name, address, national register number, address) the customer checks that data completes study history supplements language skills then ends up in his account"], ["Further steps Only create an account (short wizard)", "if a file with the national register number already exists, the customer can log in (*) e-mail address is mandatory (more info: see E-mail address required) the customer goes through the following screens: first name and surname mobile phone number password studies language skills Background info: (*) This is possible because, for example, the customer once used training vouchers in the past or was registered as a job seeker a long time ago."], ["Customer registration wizard himself on the website", "To ensure that hackers cannot create computer programs to gamble national register numbers. The customer must check the box. Only when he did, the 'Continue' box becomes clickable."], ["Only an account a number of details of the", "customer are immediately filled in (name, address, national register number, address) goes through the rest of the steps in the wizard (mobile phone number, reason for registration, studies, language skills, desired job, first aid) is then asked to complete his file"], ["Creating an account with Itsme/eID", "if there is already a file with the national register number, the customer can log in (*) e-mail address is mandatory (more info: see E-mail address required) the customer goes through all the screens in the wizard: first name and surname, mobile phone number, password, studies, language skills, desired job, first aid is then asked to complete his file Background info:  (*) This is possible because, for example, the customer once used training vouchers in the past or was registered as a job seeker a long time ago."], ["Create an account with national register number and e-mail address", "The wizard opens up the step where the previous filling in of the file has aborted AND must be completed until the 'finished' step."], ["Why can't the customer continue without ticking 'I'm not a robot'? Yes, in the", "last step of the wizard, the customer can click on 'You will find your registration receipt in your messages'."]], "document": "Inschrijvingswizard Mijn Loopbaan \n\n FAQ's voor de Servicelijn over de (inschrijvings) wizard in Mijn Loopbaan \n\n Vraag aan de VDAB consulent: Inschrijvingswizard: Enkel een account of inschrijven als werkzoekende? \n Antwoord of Actie: de klant wil alleen vacatures bewaren, jobsuggesties op maat krijgen, een online cursus of workshop volgen,... voor een volledig overzicht:  https://www.vdab.be/voordelen/account \n\n Vraag aan de VDAB consulent: Wanneer enkel een account? \n Antwoord of Actie: om een uitkering aan te vragen, om begeleiding te krijgen, wanneer de klant pas afgestudeerd is, ... een volledig overzicht:  https://www.vdab.be/inschrijven \n\n Vraag aan de VDAB consulent: Wanneer kiezen voor Inschrijven als werkzoekende? \n Antwoord of Actie: Procedure Servicelijn Laat het veld voornaam open. \n\n Vraag aan de VDAB consulent: Inschrijvingswizard bemiddelaar? \n Antwoord of Actie: Het gebeurt dat de burger alleen zijn geboortejaar weet en niet zijn geboortedatum (dag en maand). De klant krijgt dan in de kruispuntbank een geboortedatum in de vorm 00-00-yyyy   Procedure Servicelijn Laat de velden dag en maand open in de wizard.  Achtergrondinfo: Met de vernieuwde registratiemodule kun je de geboortedatum invullen zoals hij bekend is bij KSZ (op de id-kaart staat). Voor geboortedatum 00/00/yyyy betekent dat gewoon het veld open laten. \n\n Vraag aan de VDAB consulent: Klant zonder voornaam? \n Antwoord of Actie: Je maakt een nieuwe dossier aan en je krijgt volgende foutmelding:  Er zijn twee mogelijke problemen. \n\n Vraag aan de VDAB consulent: Klant zonder geboortedatum? \n Antwoord of Actie: Je maakt een nieuwe dossier aan en je krijgt volgende foutmelding: Er zijn twee mogelijke problemen: Je gaf een verkeerde voornaam of naam. Geef de gegevens in zoals vermeld staan op je identiteitskaart.  Je gaf een verkeerd rijksregisternummer in. Het rijksregisternummer dat je ingaf is: (nummer). Is het verkeerd, begin dan opnieuw.   Procedure Servicelijn  Vraag de klant om zijn identiteitskaart te nemen. Controleer je alles ingaf zoals het op de identiteitskaart staat.  Wissel voornaam en achternaam niet om. Het moet echt identiek zijn.  Als de naam langer is dan 35 tekens, dan krijg je een foutmelding. Maak dan een helpdeskmelding.  Klant zonder voornaam Klant zonder geboortedatum   Lukt het echt niet en ben je zeker dat je alle gegevens juist invulde? Maar een Crisisplan en een helpdesk aan.   Stap 1: Maak een Crisisplan : 'Klant vraagt een inschrijving' aan. Onderaan dit formulier in er ruimte om het helpdesknummer uit stap 2 te noteren. Wacht daarom met het versturen totdat je de HD hebt aangemaakt.*    Stap 2: Maak een helpdeskmelding aan voor dit dossier. Noteer: RRN (want een IKL heb je niet bij een aan te maken dossier). Naam van de klant zoals jij die hebt verstaan.  Adres van de klant  Kopie van de foutboodschap Vraag om de ID- gegevens van de klant op te zoeken in datadesk Rijksregister. HD zoekt de ID- gegevens op en noteert dit in de HD.   Krijg je een antwoord of extra vraag op jouw helpdesk? Doe er niets mee. Het is de verwerker van het Crisisplan (Engagor) die dit verder behandelt.   Stap 3: Vul het helpdesknummer in het Crisisplan in en verstuur .  * TIP: Stel dat je het ingevulde Crisisplan per ongeluk sluit terwijl je met de HD bezig bent, je roept het terug op met CTRL-SHIFT-T. Het komt dan ingevuld opnieuw terug.  \n\n Vraag aan de VDAB consulent: Foutmelding: De gegevens die je invulde zijn niet juist? \n Antwoord of Actie: Procedure Servicelijn Bevraag eerst e-mailadres en werksituatie van de klant (*).  Bevraag ook de nationaliteit (**) De keuze bij 'Situatie van de klant' bepaalt of je in de korte wizard (enkel account) verder gaat of in de lange wizard (inschrijven als werkzoekende). Achtergrondinformatie (*) Het kan onnatuurlijk aanvoelen om eerst e-mailadres en situatie te bevragen vooraleer de naam te vragen.  De reden daarvoor is dat de wizard voor de klant zelf identiek werkt aan die aan bemiddelaarskant. Omdat de klant geen dossier kan openen zonder e-mailadres, is er voor gekozen om dat expliciet eerst te vragen. (**) Voor derdelanders maken we geen dossier aan. Deze klanten verwijzen we door naar de werkwinkel. Zie: Klant heeft geen dossier. \n\n Vraag aan de VDAB consulent: Foutmelding: Er zijn twee mogelijke problemen? \n Antwoord of Actie: naam en voornaam exact zoals op de identiteitskaart (anders kan je niet verder) opgelet dat je ze niet omwisselt heeft de klant geen voornaam, laat dat veld dan open gsm-nummer geen verplicht veld  heeft de klant geen gsm-nummer, voeg dan na de registratie wel een vast telefoonnummer toe in het dossier reden inschrijving (nog oude schermen vanaf hier - worden nog vernieuwd - ep 09/2021) hoogst behaalde diploma verplicht verfijnen tot op het laagste niveau talenkennis kennis Nederlands is verplicht de term moedertaal bestaat niet meer gewenste job voeg minstens 1 toe eerste hulp bespreek met de klant en vink aan de klant krijgt over dat onderwerp dan tips ga daarna naar Mijn Loopbaan: kijk adres na (dat komt automatisch in het dossier door synchronisatie met KSZ) heeft de klant een ander verblijfsadres? Voeg dat dan toe. voeg rijbewijs toe overloop de competenties  \n\n Vraag aan de VDAB consulent: Stap 1: Rijksregisternummer/e-mailadres/situatie van de klant/nationaliteit? \n Antwoord of Actie: naam en voornaam exact zoals op de identiteitskaart staat (anders kan je niet verder) gsm-nummer geen verplicht veld  heeft de klant geen gsm-nummer, voeg dan na de registratie wel een vast telefoonnummer toe in het dossier hoogst behaalde diploma verplicht verfijnen tot op het laagste niveau talenkennis kennis Nederlands is verplicht de term moedertaal bestaat niet meer ga daarna naar Mijn Loopbaan: kijk adres na (dat komt automatisch in het dossier door synchronisatie met KSZ) heeft de klant een ander verblijfsadres, voeg dat dan toe \n\n Vraag aan de VDAB consulent: Verdere stappen Inschrijven als werkzoekende (lange wizard)? \n Antwoord of Actie: er zijn onmiddellijk een aantal gegevens van de klant ingevuld (naam, adres, rijkregisternummer, adres) de klant controleert die gegevens vult studieverleden aan vult talenkennis aan komt dan terecht in zijn account \n\n Vraag aan de VDAB consulent: Verdere stappen Enkel een account aanmaken (korte wizard)? \n Antwoord of Actie: bestaat er al een dossier met het rijksregisternummer, dan kan de klant inloggen (*) e-mailadres is verplicht (meer info: zie E-mailadres verplicht ) de klant doorloopt volgende schermen:  voornaam en naam gsm-nummer  wachtwoord studies talenkennis   Achtergrondinfo: (*) Dat kan omdat de klant bv vroeger ooit opleidingscheques gebruikte of lang geleden ingeschreven was als werkzoekende.   \n\n Vraag aan de VDAB consulent: Inschrijvingswizard klant zelf op de website? \n Antwoord of Actie: Om er voor te zorgen dat hackers geen computerprogramma's kunnen maken om rijksregisternummers te gokken. De klant moet het vakje aanvinken. Pas als hij dat deed, wordt het vakje 'Ga verder' aanklikbaar.  \n\n Vraag aan de VDAB consulent: Enkel een account? \n Antwoord of Actie: er zijn onmiddellijk een aantal gegevens van de klant ingevuld (naam, adres, rijkregisternummer, adres) doorloopt de rest van de stappen in de wizard (gsm-nummer, reden inschrijving, studies, talenkennis, gewenste job, eerste hulp) krijgt dan de vraag om zijn dossier te vervolledigen \n\n Vraag aan de VDAB consulent: Een account aanmaken met Itsme/eID? \n Antwoord of Actie: bestaat er al een dossier met het rijksregisternummer, dan kan de klant inloggen (*) e-mailadres is verplicht (meer info: zie E-mailadres verplicht ) de klant doorloopt alle schermen in de wizard: voornaam en naam, gsm-nummer, wachtwoord, studies, talenkennis, gewenste job, eerste hulp krijgt dan de vraag om zijn dossier te vervolledigen Achtergrondinfo: (*) Dat kan omdat de klant bv vroeger ooit opleidingscheques gebruikte of lang geleden ingeschreven was als werkzoekende.   \n\n Vraag aan de VDAB consulent: Een account aanmaken met rijksregisternummer en e-mailadres? \n Antwoord of Actie: De wizard springt open op de stap waar het eerder invullen van het dossier is afgebroken EN moet verplicht verder worden afgemaakt tot aan de stap 'klaar'. \n\n Vraag aan de VDAB consulent: Waarom kan de klant niet verder zonder 'Ik ben geen robot' aan te vinken?? \n Antwoord of Actie: Ja, in de laatste stap van de wizard kan de klant klikken op 'Je vindt je inschrijvingsbewijs in je berichten'. \n\n Categorie: Servicelijn \n\n Domein: inschrijvingswizard \n\n Tags: registratie, inschrijving, inschrijvingswizard, wizard, kruispuntbank, foutmelding, mijn loopbaan, zonder categorie \n\n Url: https://intranet-rel1ldv.ops.vdab.be/faq/servicelijn/inschrijvingswizard-mijn-loopbaan \n\n Volgende paginas: Wz zonder rijksregisternummer of BIS-nummer, via https://intranet-rel1ldv.ops.vdab.be/faq/servicelijn/wz-zonder-rijksregisternummer-of-bis-nummer - Klant heeft geen dossier., via https://intranet-rel1ldv.ops.vdab.be/faq/servicelijn/dienstverlening-aan-derdelanders - E-mailadres verplicht, via https://intranet-rel1ldv.ops.vdab.be/faq/servicelijn/e-mailadres-verplicht - Banner in MLB bemiddelaar, via https://intranet-rel1ldv.ops.vdab.be/faq/servicelijn/banner-mlb-bemiddelaar \n\n Type: intranet", "document_translation": "Enrollment Wizard My Career \n\n FAQ's for the Service Line about the (registration) wizard in My Career \n\n Question for the VDAB counselor: Registration wizard: Only an account or register as a job seeker? \n Answer or Action: the customer only wants to save vacancies, get tailor-made job suggestions, follow an online course or workshop,... For a complete overview: https://www.vdab.be/voordelen/account \n\n Question for the VDAB counselor: When only an account? \n Answer or Action: to apply for a benefit, to receive guidance, when the customer has recently graduated, ... A complete overview: https://www.vdab.be/inschrijven \n\n Question for the VDAB counselor: When choosing Register as a Job? \n Answer or Action: Seeker Procedure Service Line Leave the first name field open. \n\n Question for the VDAB counselor: Registration wizard mediator? \n Answer or Action: It happens that the citizen only knows his year of birth and not his date of birth (day and month). The customer then receives a date of birth in the form 00-00-yyyy Procedure Service line Leave the day and month fields open in the wizard.  Background information: With the renewed registration module you can enter the date of birth as it is known to KSZ (on the ID card). For date of birth 00/00/yyyy, that means just leave the field open. \n\n Question for the VDAB counselor: Customer without first name? \n Answer or Action: You create a new file and you get the following error message: There are two possible problems. \n\n Question for the VDAB counselor: Customer without date of birth You? \n Answer or Action: create a new file and you get the following error message: There are two possible problems: You gave the wrong first name or surname. Enter the details as stated on your identity card.  You entered the wrong national registration number. The national register number you entered is: (number). If it's wrong, start over.   Procedure Service line Ask the customer to take his identity card. Check everything as it appears on the identity card.  Do not swap first name and last name. It really has to be identical.  If the name is longer than 35 characters, you will receive an error message. Then create a helpdesk notification.  Customer without first name Customer without date of birth Does it really not work and are you sure that you filled in all the details correctly? But a Crisis Plan and a helpdesk.   Step 1: Create a Crisis Plan: 'Customer requests registration'. At the bottom of this form there is room to write down the helpdesk number from step 2. Therefore, wait to send until you have created the HD.* Step 2: Create a helpdesk notification for this file. Note: RRN (because you do not have an IKL with a file to be created). Name of the customer as you understood it.  Address of the customer Copy of the error message Ask to look up the customer's ID data in datadesk Rijksregister. HD looks up the ID data and writes it down in the HD.   Do you receive an answer or extra question on your helpdesk? Don't do anything with it. It is the processor of the Crisis Plan (Engagor) who deals with this further.   Step 3: Enter the helpdesk number in the Crisis Plan and send .  * TIP: Suppose you accidentally close the completed Crisis Plan while working on the HD, you call it back up with CTRL-SHIFT-T. It will then come back filled in again. \n\n Question for the VDAB counselor: Error message: The information you entered is not correct? \n Answer or Action: Procedure Service line First ask e-mail address and work situation of the customer (*).  Also ask the nationality (**) The choice under 'Situation of the customer' determines whether you continue in the short wizard (single account) or in the long wizard (register as a job seeker). Background information (*) It can feel unnatural to first question e-mail address and situation before asking for the name.  The reason for this is that the wizard works identically for the customer itself to that on the mediator side. Because the customer cannot open a file without an e-mail address, it was decided to explicitly ask first. (**) We do not create a file for third-country nationals. We refer these customers to the work shop. See: Customer does not have a file. \n\n Question for the VDAB counselor: Error message: There are two possible problems name and first name? \n Answer or Action: exactly as on the identity card (otherwise you cannot continue) be careful not to exchange them if the customer does not have a first name, leave that field open mobile phone number no mandatory field does the customer not have a mobile phone number, then add a fixed telephone number in the file after registration reason registration (still old screens from here - are still being renewed - ep 09/2021) highest diploma obtained mandatory refine to at the lowest level language knowledge knowledge Dutch is mandatory the term mother tongue no longer exists desired job add at least 1 first aid discuss with the customer and check the customer gets on that topic then tips go to My Career: check address (that automatically comes in the file by synchronization with KSZ) does the customer have a different residence address? Then add that. Add driver's license Go over the competencies \n\n Question for the VDAB counselor: Step 1: National register number/e-mail address/situation of the customer/nationality? \n Answer or Action: surname and first name exactly as stated on the identity card (otherwise you cannot continue) mobile phone number no mandatory field if the customer does not have a mobile phone number, then after registration add a fixed telephone number in the file highest diploma obtained mandatory refine to the lowest level language knowledge dutch is mandatory the term mother tongue no longer exists then go to My Career:  check address (that automatically enters the file by synchronizing with KSZ) if the customer has a different residence address, add that \n\n Question for the VDAB counselor: Further steps Register as a job seeker (long wizard)? \n Answer or Action: a number of customer details are immediately filled in (name, address, national register number, address) the customer checks that data completes study history supplements language skills then ends up in his account \n\n Question for the VDAB counselor: Further steps Only create an account (short wizard)? \n Answer or Action: if a file with the national register number already exists, the customer can log in (*) e-mail address is mandatory (more info: see E-mail address required) the customer goes through the following screens: first name and surname mobile phone number password studies language skills Background info: (*) This is possible because, for example, the customer once used training vouchers in the past or was registered as a job seeker a long time ago. \n\n Question for the VDAB counselor: Customer registration wizard himself on the website? \n Answer or Action: To ensure that hackers cannot create computer programs to gamble national register numbers. The customer must check the box. Only when he did, the 'Continue' box becomes clickable. \n\n Question for the VDAB counselor: Only an account a number of details of the? \n Answer or Action: customer are immediately filled in (name, address, national register number, address) goes through the rest of the steps in the wizard (mobile phone number, reason for registration, studies, language skills, desired job, first aid) is then asked to complete his file \n\n Question for the VDAB counselor: Creating an account with Itsme/eID? \n Answer or Action: if there is already a file with the national register number, the customer can log in (*) e-mail address is mandatory (more info: see E-mail address required) the customer goes through all the screens in the wizard: first name and surname, mobile phone number, password, studies, language skills, desired job, first aid is then asked to complete his file Background info:  (*) This is possible because, for example, the customer once used training vouchers in the past or was registered as a job seeker a long time ago. \n\n Question for the VDAB counselor: Create an account with national register number and e-mail address? \n Answer or Action: The wizard opens up the step where the previous filling in of the file has aborted AND must be completed until the 'finished' step. \n\n Question for the VDAB counselor: Why can't the customer continue without ticking 'I'm not a robot'? Yes, in the? \n Answer or Action: last step of the wizard, the customer can click on 'You will find your registration receipt in your messages'. \n\n Category: Service line \n\n Domain: enrollment wizard \n\n Tags: error message, uncategorized, wizard, my career, crossroads bank for enterprises, registration, registration wizard \n\n Url: https://intranet-rel1ldv.ops.vdab.be/faq/servicelijn/inschrijvingswizard-mijn-loopbaan \n\n Next pages: Wz zonder rijksregisternummer of BIS-nummer, via https://intranet-rel1ldv.ops.vdab.be/faq/servicelijn/wz-zonder-rijksregisternummer-of-bis-nummer - Klant heeft geen dossier., via https://intranet-rel1ldv.ops.vdab.be/faq/servicelijn/dienstverlening-aan-derdelanders - E-mailadres verplicht, via https://intranet-rel1ldv.ops.vdab.be/faq/servicelijn/e-mailadres-verplicht - Banner in MLB bemiddelaar, via https://intranet-rel1ldv.ops.vdab.be/faq/servicelijn/banner-mlb-bemiddelaar \n\n Type: intranet"}