{"title": "Kandidaten zoeken en cv's bekijken in Vind een Werknemer", "type": "intranet", "field_trefwoorden_name": ["werkgever", "kandidaten", "selectie van potentiele kandidaten"], "domain_name": ["vind een werknemer - vewn"], "category_name": "Servicelijn", "url": "https://intranet-rel1ldv.ops.vdab.be/faq/servicelijn/kandidaten-zoeken-en-cvs-bekijken-vind-een-werknemer", "content": [["Kandidaten zoeken", "Vul 1 of meerdere zoekvelden in. Je krijgt meteen resultaten in een lijst. De zoekopdracht is op elk moment aanpasbaar. Voeg criteria toe of vink criteria uit. De resultatenlijst past zich aan naargelang je de criteria aanpast. Achtergrondinfo De werkgever kan nu verder actie ondernemen: de zoekopdracht bewaren door cv's bladeren cv's opslaan bv. in verschillende zelfgemaakte mappen of gelinkt aan een vacature advies vragen over een kandidaat aan VDAB vacature naar een kandidaat sturen"], ["Hoe kandidaten zoeken?", "Profiel bv. Dakdekker schuine daken, Leerkracht secundair onderwijs, TIG Lasser Plaats tewerkstelling Regio Grensregio Land Talen Opleiding Studieniveau Specifieke studie Attesten Arbeidsvoorwaarden Tijdsregeling bv. dagwerk, weekendwerk, 2-ploegenstelsel Extra opties bv. jobstudenten, werken met dienstencheques, collectief ontslag Mobiliteit Rijbewijs Eigen wagen Trefwoord"], ["Welke zoekcriteria zijn er?", "Dat kan op 2 manieren, door: de resultatenlijst te sorteren op 'cv laatst gewijzigd' De kandidaat met het recentst aangepaste cv staat bovenaan. bewaarde zoekopdrachten in te stellen met automatische mailing De werkgever krijgt een e-mail wanneer nieuwe profielen zich aanbieden die aan de zoekopdracht voldoen."], ["Hoe recente cv's zoeken?", "Op het competentiesjabloon dat de kandidaten aanduiden als gewenste job(s) in hun dossier. Voorbeeld De werkgever geeft bij 'Profiel' 'bakker' in. Hij krijgt enkel kandidaten te zien die in Mijn Loopbaan dit competentiesjabloon hebben aangeduid bij hun gewenste jobs. "], ["Waarop zoekt profiel?", "Op de aanwezigheid van het trefwoord in het cv van de kandidaat. Voorbeeld De werkgever geeft bij 'Trefwoord' 'bakker' in. Hij krijgt kandidaten te zien die: 'bakker' op hun cv hebben staan als vorige job, maar nu een andere job zoeken; als verkoopsmedewerker hebben gewerkt bij 'De Wakkere Bakker', maar zelf geen bakker zijn; het competentiesjabloon 'bakker' hebben aangeduid bij hun gewenste jobs."], ["Waarop zoekt trefwoord?", "Zoeken met 'en', 'of' De werkgever kan bij 'Trefwoord' kiezen of hij de EN- of de OF-operator wil gebruiken. De keuze staat aangeduid in het blauw. Zoeken met '&' Als de werkgever 'r&d' (zonder spaties) ingeeft in het trefwoordenveld, zoekt VeWN op de term. Als de werkgever 'r & d' (met spaties) ingeeft, zoekt VeWN apart op 'r' en op 'd'.  Zoeken met 'niet' Dat kan niet."], ["Hoe zoeken met 'en', 'of', 'niet'?", "Door enkele of dubbele aanhalingstekens te gebruiken in het veld 'Trefwoord': 'onderzoek en ontwikkeling' \"onderzoek en ontwikkeling\""], ["Hoe zoeken op een woordgroep?", "Op de regio's waarin de kandidaat wil werken. De kandidaat woont dus niet noodzakelijk in de regio waar de werkgever op zoekt. Voorbeeld Wanneer de werkgever zoekt op regio Oostende, krijgt hij kandidaten te zien die: in regio Oostende wonen. Het systeem duidt automatisch aan dat deze kandidaten daar ook willen werken). in regio Oostende willen werken, terwijl ze wel in een andere regio wonen, bv. regio Blankenberge."], ["Waarop zoekt regio?", "Omdat kandidaten vaker 1 of meerdere regio's aanduiden om in te werken dan een hele provincie. En omdat de werkgever enkel kandidaten ziet die 100% matchen met de gevraagde selectiecriteria. Voorbeeld Bart zoekt een bakker in Hasselt. In VeWN selecteert Bart de regio Hasselt en krijgt 10 kandidaten. Als hij de provincie Limburg selecteert, krijgt hij maar 1 kandidaat. Dit komt omdat er slechts 1 kandidaat de hele provincie opgaf als gewenste plaats tewerkstelling en VeWN 100% matcht met de gevraagde selectiecriteria. Procedure Servicelijn Raad de werkgever aan om regio's en provincies te combineren in de zoekopdracht. De werkgever ziet zo kandidaten die in de specifieke regio willen werken en kandidaten die in de hele provincie willen werken."], ["Waarom geeft 'zoeken op provincie' minder resultaten dan 'zoeken op regio'?", "Vind een Werknemer laat dit niet toe. Procedure Servicelijn Raad de werkgever aan om te zoeken via de knop 'matching' op zijn vacature en daar de resultaten te verfijnen. De werkgever vindt de matching in Mijn VDAB: 'Beheer een vacature' > de functienaam van de vacature > 'Matching' > 'Verfijn matching'. Achtergrondinfo Door de matching op een vacature te verfijnen, kan de werkgever wel zoeken op kandidaten met een woonplaats binnen een straal van x km van de plaats van tewerkstelling."], ["Hoe kandidaten zoeken met woonplaats dichtbij de plaats tewerkstelling?", "Dat kan, door bij de filter 'Opleiding': het 'studieniveau' leeg te laten; enkel een 'specifieke studie' te noteren. Achtergrondinfo Vinkt de werkgever het studieniveau toch aan, dan krijgt hij ook alle kandidaten binnen dat studieniveau te zien. Dus ook kandidaten met andere specifieke studies. Voorbeeld Als de werkgever bij 'studieniveau' de optie 'Bachelor' aanvinkt en bij 'specifieke studie' 'Prof. Bach. sociaal werk' noteert, krijgt de werkgever alle kandidaten met een bachelordiploma. Wil de werkgever enkel de kandidaten met een bachelor sociaal werk, moet hij bij 'studieniveau' 'Bachelor' uitvinken."], ["Hoe zoeken op specifieke studies?", "Dat kan niet. Vind een Werknemer houdt bij het zoeken enkel rekening met de opgegeven studie. Niet met het feit of de kandidaat het diploma behaalde. Achtergrondinfo De werkzoekende kan in zijn Mijn Loopbaan-cv wel aangeven of hij een diploma al dan niet behaald heeft."], ["Hoe enkel zoeken naar kandidaten die hun diploma hebben behaald?", "Via de filter 'Profiel'. Profiel > Noteer 'leerkracht' > Selecteer een leerkrachtprofiel > Selecteer de gewenste onderwijsgerelateerde filters De filters verschijnen naarmate je ze verder invult: graden  vakken  bekwaamheidsbewijs"], ["Hoe leerkrachten zoeken?", "Via de filter 'Arbeidsvoorwaarden'. Open 'Arbeidsvoorwaarden' > Kijk bij de 'Extra opties':  jobstudenten werken met dienstencheques werken als zelfstandige collectief ontslag"], ["Hoe via deeldatabanken zoeken?", "Via 'Arbeidsvoorwaarden'. Open 'Arbeidsvoorwaarden' > Kies de juiste 'Tijdsregeling' > Kies voor 'Voltijds' of 'Deeltijds'"], ["Hoe zoeken op voltijds of deeltijds?", "Je kan enkel zoeken op een EN-combinatie van verschillende talen. Als de werkgever Nederlands, Engels en Frans aanduidt, krijgt hij dus kandidaten te zien die alledrie deze talen kennen.  De werkgever kan dus niet zoeken op kandidaten die Nederlands kennen, en daarnaast ook goed Engels of goed Frans. De werkgever gebruikt dan het beste twee aparte zoekopdrachten: 1 zoekopdracht naar kandidaten die goed Nederlands en goed Engels kennen en een aparte zoekopdracht naar kandidaten die goed Nederlands en goed Frans kennen. Achtergrondinfo VDAB werkt eraan om dit op een later moment toe te voegen. Want we weten dat hier vraag naar is."], ["Hoe zoeken op combinaties van gekende talen?", "Dat kan op 2 manieren: De beste manier is door de kandidaten te bewaren (en al dan niet te linken aan een vacature of map/label). Dan kan de werkgever later in 'Mijn kandidaten' gaan kijken. Bovenaan in 'Mijn kandidaten' kan de werkgever: filteren per vacature of per map/label; de kandidaten ook alfabetisch weergeven. Of door het VDAB-referentienummer van de kandidaat zelf bij te houden. De referentie staat boven het geopende cv. Dan kan de werkgever later in VeWN bij de filter 'Trefwoord' zoeken op het referentienummer. Zoeken op naam geeft niet het gewenste resultaat."], ["Hoe eerder gevonden kandidaten terugvinden?", "Geef het IKL-nummer in bij 'Trefwoord' zoals volgt: 12345 Achtergrondinfo Het IKL-nummer is hetzelfde als het VDAB-referentienummer dat bovenaan elke cv staat. Soms is het nuttig voor een werkgever om te zoeken op IKL-nummer. bv. Bij een digitale jobdate. De bemiddelaar geeft geen privegegevens van de werkzoekende door, maar mag wel het IKL-nummer meegeven. De werkgever kan deze nummers opzoeken en het gepubliceerde cv bekijken.  "], ["Hoe zoeken op IKL-nummer?", "Dat kan niet. Meer informatie over het veld 'Aanwervingspremie' vind je in dit document . "], ["Hoe zoeken op het veld aanwervingspremie?", "Zowel Vind een Werknemer als de knop 'matching' bovenaan een vacature in Mijn VDAB vergelijken de wensen van een werkgever met de beschikbare cv's. Maar er zijn wel belangrijke verschillen tussen VeWN enerzijds en de matching-knop op de vacature anderzijds. Welke kandidaten krijgt de werkgever te zien? VeWN Enkel kandidaten die 100% overeenkomen met de selectiecriteria die de werkgever heeft aangeduid in zijn zoekopdracht. De kandidatenlijst wordt daarom in een willekeurige volgorde weergegeven. Matching Kandidaten die minstens 60% overeenkomen met de geautomatiseerde velden die de werkgever heeft ingevuld op zijn vacature. De kandidaten die het beste overeenkomen, staan altijd bovenaan de resultatenlijst. Kan de werkgever de resultatenlijst van kandidaten verder verfijnen? VeWN Ja . De werkgever kan de selectiecriteria eindeloos aanpassen en dus ook op elk moment extra selectiecriteria toevoegen. Hij ziet in hetzelfde scherm meteen een aangepaste resultatenlijst. Matching Ja . De werkgever kan andere kandidaten te zien krijgen door de velden op zijn vacature anders of vollediger in te vullen. En ook door de matching te verfijnen via de opties onder 'verfijn matching' bovenaan de resultatenlijst. Kan de werkgever updates krijgen van nieuwe cv's die voldoen aan zijn vereisten? VeWN Ja . De werkgever kan zijn zoekopdracht opslaan en instellen dat hij een automatische mail ontvangt wanneer er nieuwe cv's voldoen aan zijn zoekopdracht. Matching Nee . De werkgever kan geen automatische mail ontvangen wanneer er nieuwe cv's voldoende overeenkomen met zijn vacature."], ["Verschil in kandidaten zoeken vanuit VeWN of vanuit matching op een vacature?", "Alle gepubliceerde cv's uit de VDAB-databank. De cv's zijn van kandidaten die op zoek zijn naar werk, maar werkzoekenden kunnen bijvoorbeeld: werkloos zijn en uitkering krijgen werkloos zijn maar geen uitkering krijgen  werkzaam zijn maar intussen op zoek zijn naar een nieuwe job Achtergrondinfo Een werkzoekende kan er ook voor kiezen om zijn cv niet te publiceren. Die cv's zijn niet zichtbaar in Vind een Werknemer."], ["cv's bekijken", "Alle namen van de kandidaten staan onder elkaar, telkens gevolgd door hun postcode en gemeente. Per kandidaat zijn al enkele cv-details zichtbaar: laatst behaalde diploma talenkennis rijbewijs eigen wagen Achtergrondinfo Werkervaring wordt niet getoond in de lijst, omdat dat niet overzichtelijk is op zo'n kleine plaats. Bovendien is niet elke (laatste) werkervaring even relevant voor waar de werkgever op zoek is. Studies worden wel getoond omdat voor veel beroepen het diploma belangrijk is. Ook al geldt dit niet voor elke job.  "], ["Welke cv's zitten in Vind een Werknemer?", "De volgorde is willekeurig. Want elke kandidaat voldoet voor 100% aan de gewenste zoekcriteria."], ["Hoe ziet de resultatenlijst met cv's eruit?", "Er is een verschil in lay-out tussen de bekeken en niet-bekeken cv's: de naam van de kandidaat verandert van blauw naar grijs. Dit verschil blijft zichtbaar zolang de werkgever Vind een Werknemer niet afsluit."], ["In welke volgorde staan de cv's?", "Dat mag niet. Het printen van cv's is niet toegelaten wegens de wet op de privacy. De werkgever mag enkel werken met de gegevens van klanten binnen de Mijn VDAB-omgeving. Ze mogen de cv's niet buiten hun Mijn VDAB-omgeving bewaren. Achtergrondinfo Dit staat ook in de kwaliteitsrichtlijnen: 'je mag het resultaat van een zoekopdracht en de betrokken gegevens niet bewaren buiten Mijn VDAB. VDAB is eigenaar van deze data.' Interne info Als de werkgever kandidaten bewaart en vanuit zijn bewaarde kandidaten werkt, staat er wel nog een knop om te printen. Die optie verdwijnt met de nieuwe kandidatencomponent en we maken daar dan ook geen reclame voor. Stel dat de werkgever zelf deze optie aanhaalt, dan mag je meegeven dat dit zeker nog zal verdwijnen."], ["Hoe kan de werkgever zien of hij een cv al bekeek?", "Procedure Servicelijn Geef mee dat de werkgever vandaag geen cv's meer zal kunnen bekijken. Vanaf morgen staat de teller opnieuw op nul. Verwijs naar de kwaliteitsrichtlijnen . Kandidaten zoeken > 'je mag het zoeken van kandidaten niet automatiseren'. Geef als tip mee om de zoekcriteria te verfijnen. Achtergrondinfo De teller loopt enkel wanneer een werkgever door het cv-detail bladert. Hiervoor moet hij het cv dus openklikken.  Meer info over cv-crawling . Interne info Er staat een maximum op het aantal cv's dat een werkgever per dag mag bekijken. Het precieze aantal wordt nooit prijsgegeven, zelfs niet binnen VDAB. Dit maximum heeft VDAB ingesteld om misbruik te voorkomen."], ["Hoe cv's printen", "Bij cv-crawling laat de wg automatische scripts door de cv-databank van VDAB gaan. Dit is misbruik. In de kwaliteitsrichtlijnen staat: Je mag het zoeken van kandidaten niet automatiseren.  Het aantal gezochte cv's en profielen moet in overeenstemming zijn met het aantal gepubliceerde vacatures.  Backoffice Bemiddeling monitort het gebruik van Vind een Werknemer. Zij nemen contact op met de werkgever bij onregelmatigheden. Zo nodig sluiten ze de toegang tot VeWN af, of zetten ze het volledige Mijn VDAB-contract stop."], ["Werkgever krijgt foutmelding 'daglimiet bereikt'", "Nee, het gewenste werkregime is niet zichtbaar op het cv. Omdat de werkgever kandidaten ziet die 100% matchen met de gevraagde selectiecriteria, staat het werkregime niet meer in het cv. Voorbeeld Een werkgever die filtert op dagwerk vindt enkel cv's van kandidaten die aangeven dagwerk te willen doen. Dit staat niet nog eens extra op het cv."], ["Cv's crawlen, wat is dat?", "Nee, het volledige adres is nergens zichtbaar. Dit beschermt de privacy van de kandidaten. De woonplaats is wel zichtbaar op het cv. De postcode niet. Woonplaats en postcode zijn wel beide zichtbaar in de resultatenlijst."], ["Is het gewenst werkregime zichtbaar op het cv?", "Nee, de geboortedatum is niet zichtbaar. Leeftijd is wel zichtbaar. Achtergrondinfo VDAB geeft enkel noodzakelijke informatie mee. Leeftijd is voldoende informatie in het kader van selectie en aanwerving."]], "link_ankers": [["https://intranet-rel1ldv.ops.vdab.be/faq/servicelijn/vacatures-ihkv-twmtewerkstellingsprojecten", "dit document"], ["https://intranet-rel1ldv.ops.vdab.be/faq/servicelijn/advies-vragen-over-kandidaten-vind-een-werknemer", "advies vragen over een kandidaat aan VDAB"], ["https://intranet-rel1ldv.ops.vdab.be/faq/servicelijn/vind-een-werknemer-zoekopdrachten-bewaren", "Vind een Werknemer - Zoekopdrachten bewaren"], ["https://intranet-rel1ldv.ops.vdab.be/faq/servicelijn/kandidaten-contacteren-uit-vind-een-werknemer", "vacature naar een kandidaat sturen"], ["https://intranet-rel1ldv.ops.vdab.be/faq/servicelijn/kandidaten-bewaren-en-delen-vind-een-werknemer", "cv's opslaan"], ["https://intranet-rel1ldv.ops.vdab.be/faq/servicelijn/vind-een-werknemer-wat-waar-voor-wie-handleidingen-en-videos", "Vind een Werknemer - Wat, waar, voor wie, handleidingen en video&#039;s"], ["https://intranet-rel1ldv.ops.vdab.be/faq/servicelijn/advies-vragen-over-kandidaten-vind-een-werknemer", "Advies vragen over kandidaten in Vind een Werknemer"], ["https://intranet-rel1ldv.ops.vdab.be/faq/servicelijn/mijn-vdab-misbruik", "cv-crawling"], ["https://intranet-rel1ldv.ops.vdab.be/faq/servicelijn/kandidaten-contacteren-uit-vind-een-werknemer", "Kandidaten contacteren uit Vind een Werknemer"], ["https://intranet-rel1ldv.ops.vdab.be/faq/servicelijn/vind-een-werknemer-zoekopdrachten-bewaren", "zoekopdracht bewaren"], ["https://intranet-rel1ldv.ops.vdab.be/faq/servicelijn/kandidaten-bewaren-en-delen-vind-een-werknemer", "Kandidaten bewaren en delen in Vind een Werknemer"]], "title_translation": "Find candidates and view resumes in Find an Employee", "field_trefwoorden_name_translation": ["candidates", "selection of potential candidates", "employer"], "domain_name_translation": ["find an employee - vewn"], "category_name_translation": "Service line", "content_translation": [["Search candidates", "Enter 1 or more search fields. You immediately get results in a list. The search is customizable at any time. Add or uncheck criteria. The results list adapts as you adjust the criteria. Background information The employer can now take further action: save the search, browse CVs, save CVs, e.g. in various self-made folders or link to a vacancy, ask for advice about a candidate to VDAB send vacancy to a candidate"], ["How to search for candidates? Profile e.g.", "Roofer pitched roofs, Secondary school teacher, TIG Welder Place of employment Region Border region Land Languages Training Level of study Specific study Certificates Employment conditions Time arrangement e.g. day work, weekend work, 2-shift system Extra options e.g. job students, working with service vouchers, collective redundancies Mobility Driving licence Own car Keyword"], ["What search criteria are there?", "This can be done in 2 ways, by: sort the results list by 'cv last modified' The candidate with the most recently modified resume is at the top. set saved searches with automatic mailing The employer receives an email when new profiles match the search come forward."], ["How to search for recent resumes?", "On the competency template that the candidates indicate as desired job(s) in their file. Example The employer enters 'baker' in 'Profile'. He will only see candidates who have indicated this competency template in My Career for their desired jobs."], ["What is profile looking for?", "On the presence of the keyword in the candidate's resume. Example The employer enters 'baker' in 'Keyword'. He gets to see candidates who: have 'baker' on their CV as a previous job, but are now looking for another job; have worked as a sales assistant at 'De Wakkere Bakker', but are not bakers themselves; have designated the competence template 'Bakker' for their desired jobs."], ["What is keyword searching for? Search with 'and', 'or'", "The employer can choose under 'Keyword' whether he wants to use the AND or the OR operator. The choice is indicated in blue. Search with '&' If the employer enters 'r&d' (without spaces) in the keyword field, VeWN searches for the term. If the employer enters 'r & d' (with spaces), VeWN searches separately for 'r' and for 'd'.  Search with 'not' That is not possible."], ["How to search with 'and', 'or', 'not'?", "By using single or double quotes in the \"Keyword\" field: \"research and development\" \"research and development\""], ["How to search by phrase?", "On the regions in which the candidate wants to work. The candidate therefore does not necessarily live in the region that the employer is looking for. Example When the employer searches for the Ostend region, he will see candidates who live in the Ostend region. The system automatically indicates that these candidates also want to work there). want to work in the Ostend region, while they live in another region, e.g. the Blankenberge region."], ["What is the region looking for?", "Because candidates more often designate 1 or more regions to work in than an entire province. And because the employer only sees candidates who match 100% with the requested selection criteria. Example: Bart is looking for a baker in Hasselt. In VeWN, Bart selects the Hasselt region and receives 10 candidates. If he selects the province of Limburg, he will only get 1 candidate. This is because only 1 candidate indicated the entire province as the desired place of employment and VeWN 100% matches the requested selection criteria. Procedure Service line Advise the employer to combine regions and provinces in the search. The employer sees candidates who want to work in the specific region and candidates who want to work throughout the province."], ["Why does \"search by province\" give fewer results than \"search by region\"?", "Find an Employee does not allow this. Procedure Service line Advise the employer to search via the 'matching' button on his vacancy and refine the results there. The employer finds the matching in My VDAB: 'Manage a vacancy' > the job name of the vacancy > 'Matching' > 'Refine matching'. Background information By refining the matching to a vacancy, the employer can search for candidates with a place of residence within a radius of x km from the place of employment."], ["How to search for candidates with residence close to the place of employment?", "This can be done by leaving the 'study level' blank in the filter 'Education'; only noting a 'specific study'. Background information If the employer does check the study level, he will also see all candidates within that study level. So also candidates with other specific studies. Example: If the employer ticks the option 'Bachelor' for 'study level' and 'Prof. Bach. social work', the employer receives all candidates with a bachelor's degree. If the employer only wants candidates with a bachelor's degree in social work, he must uncheck 'Bachelor' at 'study level'."], ["How to search for specific studies?", "You can't. Find an Employee only takes into account the specified study when searching. Not with whether the candidate earned the degree. Background information The job seeker can indicate in his My Career CV whether or not he has obtained a diploma."], ["How to search only for candidates who have obtained their diploma?", "Via the 'Profile' filter. Profile > Write down 'teacher' > Select a teacher profile > Select the desired education-related filters The filters appear as you fill them in: degrees subjects certificate of competence"], ["How to find teachers?", "Via the filter 'Terms of employment'. Open 'Terms of employment' > Look at the 'Extra options': job students work with service vouchers work as self-employed collective redundancies"], ["How to search via sub-databases?", "Via 'Terms of employment'. Open 'Terms of employment' > Choose the right 'Time arrangement' > Choose 'Full-time' or 'Part-time'"], ["How to search by full-time or part-time?", "You can only search for an EN combination of different languages. If the employer indicates Dutch, English and French, he will therefore see candidates who know all three languages.  The employer cannot therefore search for candidates who know Dutch, as well as good English or good French. The employer should then use two separate searches: 1 search for candidates who know Dutch and good English well and a separate search for candidates who know Dutch and French well. Background info VDAB is working on adding this at a later time. Because we know that there is a demand for this."], ["How to search for combinations of known languages?", "This can be done in 2 ways: The best way is to save the candidates (and whether or not to link them to a vacancy or folder / label). Then the employer can later look in 'My candidates'. At the top of 'My candidates', the employer can: filter by vacancy or by folder/label; also list the candidates alphabetically. Or by keeping track of the VDAB reference number of the candidate himself. The reference is above the open resume. Then the employer can later search VeWN for the reference number in the filter 'Keyword'. Searching by name does not return the desired result."], ["How to find found candidates sooner? Enter the IKL number", "in 'Keyword' as follows: 12345 Background info The IKL number is the same as the VDAB reference number at the top of each CV. Sometimes it is useful for an employer to search by IKL number. for example. With a digital job date. The mediator does not pass on the private details of the job seeker, but may provide the IKL number. The employer can look up these numbers and view the published resume."], ["How to search by IKL number?", "You can't. More information about the 'Recruitment premium' field can be found in this document."], ["How to search the field recruitment premium?", "Both Find an Employee and the 'matching' button at the top of a vacancy in My VDAB compare the wishes of an employer with the available CVs. But there are important differences between VeWN on the one hand and the matching button on the vacancy on the other. Which candidates will the employer see? VeWN Only candidates who 100% match the selection criteria indicated by the employer in his search. The candidate list is therefore displayed in a random order. Matching Candidates who match at least 60% of the automated fields that the employer has filled in on his vacancy. The candidates who match best are always at the top of the results list. Can the employer further refine the list of candidates' results? VeWN Yes. The employer can adjust the selection criteria endlessly and therefore also add additional selection criteria at any time. He immediately sees a custom list of results in the same screen. Matching Yes. The employer can see other candidates by filling in the fields on his vacancy differently or more completely. And also by refining the matching via the options under 'refine matching' at the top of the results list. Can the employer get updates on new resumes that meet its requirements? VeWN Yes. The employer can save his search and set it to receive an automatic email when new resumes match his search. Matching No. The employer cannot receive an automatic e-mail when new CVs sufficiently match his vacancy."], ["Difference in candidate search from VeWN or from matching for a vacancy?", "All published CVs from the VDAB database. The CVs are from candidates who are looking for work, but job seekers can, for example: be unemployed and receive benefits are unemployed but do not receive benefits are employed but are looking for a new job in the meantime Background information A job seeker can also choose not to publish his cv. Those resumes are not visible in Find an Employee."], ["View CVs", "All the names of the candidates are listed below each other, each followed by their zip code and city. A few CV details are already visible for each candidate: last obtained diploma in language skills driving license own car Background information Work experience is not shown in the list, because that is not clear in such a small place. Moreover, not every (final) work experience is equally relevant to what the employer is looking for. Studies are shown because for many professions the diploma is important. Even if this does not apply to every job."], ["Which CVs are included in Find an Employee?", "The order is random. Because every candidate meets 100% of the desired search criteria."], ["What does the resume list of results look like?", "There is a difference in layout between the viewed and unviewed resumes: the candidate's name changes from blue to gray. This difference remains visible as long as the employer does not close Find an Employee."], ["What order are the CVs in?", "That is not allowed. Printing CVs is not permitted due to privacy law. The employer may only work with the data of customers within the My VDAB environment. They are not allowed to store the CVs outside their My VDAB environment. Background information This is also stated in the quality guidelines: 'you may not store the result of a search and the data concerned outside My VDAB. VDAB owns this data.' Internal info If the employer saves candidates and works from his saved candidates, there is still a button to print. That option disappears with the new candidate component and we do not advertise it. Suppose the employer himself cites this option, then you can say that this will certainly disappear."], ["How can the employer tell if he has already looked at a resume?", "Procedure Service line Please note that the employer will no longer be able to view CVs today. As of tomorrow, the counter is back at zero. Refer to the quality guidelines. Searching for candidates > 'you can't automate the search for candidates'. As a tip, give to refine the search criteria. Background information The counter only runs when an employer browses through the CV detail. For this, he has to click open the resume.  Learn more about resume crawling. Internal info There is a maximum on the number of CVs that an employer can view per day. The exact number is never revealed, even within VDAB. VDAB has set this maximum to prevent abuse."], ["How to print CVs", "In CV crawling, the wg runs automatic scripts through the VDAB CV database. This is abuse. The quality guidelines state: You may not automate the search for candidates.  The number of CVs and profiles sought must be in line with the number of vacancies published.  Backoffice Mediation monitors the use of Find an Employee. They contact the employer in case of irregularities. If necessary, they close access to VeWN, or stop the entire My VDAB contract."], ["Employer receives error message 'daily limit reached'", "No, the desired work regime is not visible on the CV. Because the employer sees candidates who match 100% with the requested selection criteria, the work regime is no longer in the resume. Example An employer who filters by day work only finds CVs of candidates who indicate that they want to do day work. This is not on the cv."], ["Crawling resumes, what is it?", "No, the full address is not visible anywhere. This protects the privacy of the candidates. The place of residence is visible on the CV. The zip code does not. City and zip code are both visible in the results list."], ["Is the desired work regime visible on the CV?", "No, the date of birth is not visible. Age is visible. Background information VDAB only provides necessary information. Age is sufficient information in the context of selection and recruitment."]], "document": "Kandidaten zoeken en cv's bekijken in Vind een Werknemer \n\n Vraag aan de VDAB consulent: Kandidaten zoeken? \n Antwoord of Actie: Vul 1 of meerdere zoekvelden in. Je krijgt meteen resultaten in een lijst. De zoekopdracht is op elk moment aanpasbaar. Voeg criteria toe of vink criteria uit. De resultatenlijst past zich aan naargelang je de criteria aanpast. Achtergrondinfo De werkgever kan nu verder actie ondernemen: de zoekopdracht bewaren door cv's bladeren cv's opslaan bv. in verschillende zelfgemaakte mappen of gelinkt aan een vacature advies vragen over een kandidaat aan VDAB vacature naar een kandidaat sturen \n\n Vraag aan de VDAB consulent: Hoe kandidaten zoeken?? \n Antwoord of Actie: Profiel bv. Dakdekker schuine daken, Leerkracht secundair onderwijs, TIG Lasser Plaats tewerkstelling Regio Grensregio Land Talen Opleiding Studieniveau Specifieke studie Attesten Arbeidsvoorwaarden Tijdsregeling bv. dagwerk, weekendwerk, 2-ploegenstelsel Extra opties bv. jobstudenten, werken met dienstencheques, collectief ontslag Mobiliteit Rijbewijs Eigen wagen Trefwoord \n\n Vraag aan de VDAB consulent: Welke zoekcriteria zijn er?? \n Antwoord of Actie: Dat kan op 2 manieren, door: de resultatenlijst te sorteren op 'cv laatst gewijzigd' De kandidaat met het recentst aangepaste cv staat bovenaan. bewaarde zoekopdrachten in te stellen met automatische mailing De werkgever krijgt een e-mail wanneer nieuwe profielen zich aanbieden die aan de zoekopdracht voldoen. \n\n Vraag aan de VDAB consulent: Hoe recente cv's zoeken?? \n Antwoord of Actie: Op het competentiesjabloon dat de kandidaten aanduiden als gewenste job(s) in hun dossier. Voorbeeld De werkgever geeft bij 'Profiel' 'bakker' in. Hij krijgt enkel kandidaten te zien die in Mijn Loopbaan dit competentiesjabloon hebben aangeduid bij hun gewenste jobs.  \n\n Vraag aan de VDAB consulent: Waarop zoekt profiel?? \n Antwoord of Actie: Op de aanwezigheid van het trefwoord in het cv van de kandidaat. Voorbeeld De werkgever geeft bij 'Trefwoord' 'bakker' in. Hij krijgt kandidaten te zien die: 'bakker' op hun cv hebben staan als vorige job, maar nu een andere job zoeken; als verkoopsmedewerker hebben gewerkt bij 'De Wakkere Bakker', maar zelf geen bakker zijn; het competentiesjabloon 'bakker' hebben aangeduid bij hun gewenste jobs. \n\n Vraag aan de VDAB consulent: Waarop zoekt trefwoord?? \n Antwoord of Actie: Zoeken met 'en', 'of' De werkgever kan bij 'Trefwoord' kiezen of hij de EN- of de OF-operator wil gebruiken. De keuze staat aangeduid in het blauw. Zoeken met '&' Als de werkgever 'r&d' (zonder spaties) ingeeft in het trefwoordenveld, zoekt VeWN op de term. Als de werkgever 'r & d' (met spaties) ingeeft, zoekt VeWN apart op 'r' en op 'd'.  Zoeken met 'niet' Dat kan niet. \n\n Vraag aan de VDAB consulent: Hoe zoeken met 'en', 'of', 'niet'?? \n Antwoord of Actie: Door enkele of dubbele aanhalingstekens te gebruiken in het veld 'Trefwoord': 'onderzoek en ontwikkeling' \"onderzoek en ontwikkeling\" \n\n Vraag aan de VDAB consulent: Hoe zoeken op een woordgroep?? \n Antwoord of Actie: Op de regio's waarin de kandidaat wil werken. De kandidaat woont dus niet noodzakelijk in de regio waar de werkgever op zoekt. Voorbeeld Wanneer de werkgever zoekt op regio Oostende, krijgt hij kandidaten te zien die: in regio Oostende wonen. Het systeem duidt automatisch aan dat deze kandidaten daar ook willen werken). in regio Oostende willen werken, terwijl ze wel in een andere regio wonen, bv. regio Blankenberge. \n\n Vraag aan de VDAB consulent: Waarop zoekt regio?? \n Antwoord of Actie: Omdat kandidaten vaker 1 of meerdere regio's aanduiden om in te werken dan een hele provincie. En omdat de werkgever enkel kandidaten ziet die 100% matchen met de gevraagde selectiecriteria. Voorbeeld Bart zoekt een bakker in Hasselt. In VeWN selecteert Bart de regio Hasselt en krijgt 10 kandidaten. Als hij de provincie Limburg selecteert, krijgt hij maar 1 kandidaat. Dit komt omdat er slechts 1 kandidaat de hele provincie opgaf als gewenste plaats tewerkstelling en VeWN 100% matcht met de gevraagde selectiecriteria. Procedure Servicelijn Raad de werkgever aan om regio's en provincies te combineren in de zoekopdracht. De werkgever ziet zo kandidaten die in de specifieke regio willen werken en kandidaten die in de hele provincie willen werken. \n\n Vraag aan de VDAB consulent: Waarom geeft 'zoeken op provincie' minder resultaten dan 'zoeken op regio'?? \n Antwoord of Actie: Vind een Werknemer laat dit niet toe. Procedure Servicelijn Raad de werkgever aan om te zoeken via de knop 'matching' op zijn vacature en daar de resultaten te verfijnen. De werkgever vindt de matching in Mijn VDAB: 'Beheer een vacature' > de functienaam van de vacature > 'Matching' > 'Verfijn matching'. Achtergrondinfo Door de matching op een vacature te verfijnen, kan de werkgever wel zoeken op kandidaten met een woonplaats binnen een straal van x km van de plaats van tewerkstelling. \n\n Vraag aan de VDAB consulent: Hoe kandidaten zoeken met woonplaats dichtbij de plaats tewerkstelling?? \n Antwoord of Actie: Dat kan, door bij de filter 'Opleiding': het 'studieniveau' leeg te laten; enkel een 'specifieke studie' te noteren. Achtergrondinfo Vinkt de werkgever het studieniveau toch aan, dan krijgt hij ook alle kandidaten binnen dat studieniveau te zien. Dus ook kandidaten met andere specifieke studies. Voorbeeld Als de werkgever bij 'studieniveau' de optie 'Bachelor' aanvinkt en bij 'specifieke studie' 'Prof. Bach. sociaal werk' noteert, krijgt de werkgever alle kandidaten met een bachelordiploma. Wil de werkgever enkel de kandidaten met een bachelor sociaal werk, moet hij bij 'studieniveau' 'Bachelor' uitvinken. \n\n Vraag aan de VDAB consulent: Hoe zoeken op specifieke studies?? \n Antwoord of Actie: Dat kan niet. Vind een Werknemer houdt bij het zoeken enkel rekening met de opgegeven studie. Niet met het feit of de kandidaat het diploma behaalde. Achtergrondinfo De werkzoekende kan in zijn Mijn Loopbaan-cv wel aangeven of hij een diploma al dan niet behaald heeft. \n\n Vraag aan de VDAB consulent: Hoe enkel zoeken naar kandidaten die hun diploma hebben behaald?? \n Antwoord of Actie: Via de filter 'Profiel'. Profiel > Noteer 'leerkracht' > Selecteer een leerkrachtprofiel > Selecteer de gewenste onderwijsgerelateerde filters De filters verschijnen naarmate je ze verder invult: graden  vakken  bekwaamheidsbewijs \n\n Vraag aan de VDAB consulent: Hoe leerkrachten zoeken?? \n Antwoord of Actie: Via de filter 'Arbeidsvoorwaarden'. Open 'Arbeidsvoorwaarden' > Kijk bij de 'Extra opties':  jobstudenten werken met dienstencheques werken als zelfstandige collectief ontslag \n\n Vraag aan de VDAB consulent: Hoe via deeldatabanken zoeken?? \n Antwoord of Actie: Via 'Arbeidsvoorwaarden'. Open 'Arbeidsvoorwaarden' > Kies de juiste 'Tijdsregeling' > Kies voor 'Voltijds' of 'Deeltijds' \n\n Vraag aan de VDAB consulent: Hoe zoeken op voltijds of deeltijds?? \n Antwoord of Actie: Je kan enkel zoeken op een EN-combinatie van verschillende talen. Als de werkgever Nederlands, Engels en Frans aanduidt, krijgt hij dus kandidaten te zien die alledrie deze talen kennen.  De werkgever kan dus niet zoeken op kandidaten die Nederlands kennen, en daarnaast ook goed Engels of goed Frans. De werkgever gebruikt dan het beste twee aparte zoekopdrachten: 1 zoekopdracht naar kandidaten die goed Nederlands en goed Engels kennen en een aparte zoekopdracht naar kandidaten die goed Nederlands en goed Frans kennen. Achtergrondinfo VDAB werkt eraan om dit op een later moment toe te voegen. Want we weten dat hier vraag naar is. \n\n Vraag aan de VDAB consulent: Hoe zoeken op combinaties van gekende talen?? \n Antwoord of Actie: Dat kan op 2 manieren: De beste manier is door de kandidaten te bewaren (en al dan niet te linken aan een vacature of map/label). Dan kan de werkgever later in 'Mijn kandidaten' gaan kijken. Bovenaan in 'Mijn kandidaten' kan de werkgever: filteren per vacature of per map/label; de kandidaten ook alfabetisch weergeven. Of door het VDAB-referentienummer van de kandidaat zelf bij te houden. De referentie staat boven het geopende cv. Dan kan de werkgever later in VeWN bij de filter 'Trefwoord' zoeken op het referentienummer. Zoeken op naam geeft niet het gewenste resultaat. \n\n Vraag aan de VDAB consulent: Hoe eerder gevonden kandidaten terugvinden?? \n Antwoord of Actie: Geef het IKL-nummer in bij 'Trefwoord' zoals volgt: 12345 Achtergrondinfo Het IKL-nummer is hetzelfde als het VDAB-referentienummer dat bovenaan elke cv staat. Soms is het nuttig voor een werkgever om te zoeken op IKL-nummer. bv. Bij een digitale jobdate. De bemiddelaar geeft geen privegegevens van de werkzoekende door, maar mag wel het IKL-nummer meegeven. De werkgever kan deze nummers opzoeken en het gepubliceerde cv bekijken.   \n\n Vraag aan de VDAB consulent: Hoe zoeken op IKL-nummer?? \n Antwoord of Actie: Dat kan niet. Meer informatie over het veld 'Aanwervingspremie' vind je in dit document .  \n\n Vraag aan de VDAB consulent: Hoe zoeken op het veld aanwervingspremie?? \n Antwoord of Actie: Zowel Vind een Werknemer als de knop 'matching' bovenaan een vacature in Mijn VDAB vergelijken de wensen van een werkgever met de beschikbare cv's. Maar er zijn wel belangrijke verschillen tussen VeWN enerzijds en de matching-knop op de vacature anderzijds. Welke kandidaten krijgt de werkgever te zien? VeWN Enkel kandidaten die 100% overeenkomen met de selectiecriteria die de werkgever heeft aangeduid in zijn zoekopdracht. De kandidatenlijst wordt daarom in een willekeurige volgorde weergegeven. Matching Kandidaten die minstens 60% overeenkomen met de geautomatiseerde velden die de werkgever heeft ingevuld op zijn vacature. De kandidaten die het beste overeenkomen, staan altijd bovenaan de resultatenlijst. Kan de werkgever de resultatenlijst van kandidaten verder verfijnen? VeWN Ja . De werkgever kan de selectiecriteria eindeloos aanpassen en dus ook op elk moment extra selectiecriteria toevoegen. Hij ziet in hetzelfde scherm meteen een aangepaste resultatenlijst. Matching Ja . De werkgever kan andere kandidaten te zien krijgen door de velden op zijn vacature anders of vollediger in te vullen. En ook door de matching te verfijnen via de opties onder 'verfijn matching' bovenaan de resultatenlijst. Kan de werkgever updates krijgen van nieuwe cv's die voldoen aan zijn vereisten? VeWN Ja . De werkgever kan zijn zoekopdracht opslaan en instellen dat hij een automatische mail ontvangt wanneer er nieuwe cv's voldoen aan zijn zoekopdracht. Matching Nee . De werkgever kan geen automatische mail ontvangen wanneer er nieuwe cv's voldoende overeenkomen met zijn vacature. \n\n Vraag aan de VDAB consulent: Verschil in kandidaten zoeken vanuit VeWN of vanuit matching op een vacature?? \n Antwoord of Actie: Alle gepubliceerde cv's uit de VDAB-databank. De cv's zijn van kandidaten die op zoek zijn naar werk, maar werkzoekenden kunnen bijvoorbeeld: werkloos zijn en uitkering krijgen werkloos zijn maar geen uitkering krijgen  werkzaam zijn maar intussen op zoek zijn naar een nieuwe job Achtergrondinfo Een werkzoekende kan er ook voor kiezen om zijn cv niet te publiceren. Die cv's zijn niet zichtbaar in Vind een Werknemer. \n\n Vraag aan de VDAB consulent: cv's bekijken? \n Antwoord of Actie: Alle namen van de kandidaten staan onder elkaar, telkens gevolgd door hun postcode en gemeente. Per kandidaat zijn al enkele cv-details zichtbaar: laatst behaalde diploma talenkennis rijbewijs eigen wagen Achtergrondinfo Werkervaring wordt niet getoond in de lijst, omdat dat niet overzichtelijk is op zo'n kleine plaats. Bovendien is niet elke (laatste) werkervaring even relevant voor waar de werkgever op zoek is. Studies worden wel getoond omdat voor veel beroepen het diploma belangrijk is. Ook al geldt dit niet voor elke job.   \n\n Vraag aan de VDAB consulent: Welke cv's zitten in Vind een Werknemer?? \n Antwoord of Actie: De volgorde is willekeurig. Want elke kandidaat voldoet voor 100% aan de gewenste zoekcriteria. \n\n Vraag aan de VDAB consulent: Hoe ziet de resultatenlijst met cv's eruit?? \n Antwoord of Actie: Er is een verschil in lay-out tussen de bekeken en niet-bekeken cv's: de naam van de kandidaat verandert van blauw naar grijs. Dit verschil blijft zichtbaar zolang de werkgever Vind een Werknemer niet afsluit. \n\n Vraag aan de VDAB consulent: In welke volgorde staan de cv's?? \n Antwoord of Actie: Dat mag niet. Het printen van cv's is niet toegelaten wegens de wet op de privacy. De werkgever mag enkel werken met de gegevens van klanten binnen de Mijn VDAB-omgeving. Ze mogen de cv's niet buiten hun Mijn VDAB-omgeving bewaren. Achtergrondinfo Dit staat ook in de kwaliteitsrichtlijnen: 'je mag het resultaat van een zoekopdracht en de betrokken gegevens niet bewaren buiten Mijn VDAB. VDAB is eigenaar van deze data.' Interne info Als de werkgever kandidaten bewaart en vanuit zijn bewaarde kandidaten werkt, staat er wel nog een knop om te printen. Die optie verdwijnt met de nieuwe kandidatencomponent en we maken daar dan ook geen reclame voor. Stel dat de werkgever zelf deze optie aanhaalt, dan mag je meegeven dat dit zeker nog zal verdwijnen. \n\n Vraag aan de VDAB consulent: Hoe kan de werkgever zien of hij een cv al bekeek?? \n Antwoord of Actie: Procedure Servicelijn Geef mee dat de werkgever vandaag geen cv's meer zal kunnen bekijken. Vanaf morgen staat de teller opnieuw op nul. Verwijs naar de kwaliteitsrichtlijnen . Kandidaten zoeken > 'je mag het zoeken van kandidaten niet automatiseren'. Geef als tip mee om de zoekcriteria te verfijnen. Achtergrondinfo De teller loopt enkel wanneer een werkgever door het cv-detail bladert. Hiervoor moet hij het cv dus openklikken.  Meer info over cv-crawling . Interne info Er staat een maximum op het aantal cv's dat een werkgever per dag mag bekijken. Het precieze aantal wordt nooit prijsgegeven, zelfs niet binnen VDAB. Dit maximum heeft VDAB ingesteld om misbruik te voorkomen. \n\n Vraag aan de VDAB consulent: Hoe cv's printen? \n Antwoord of Actie: Bij cv-crawling laat de wg automatische scripts door de cv-databank van VDAB gaan. Dit is misbruik. In de kwaliteitsrichtlijnen staat: Je mag het zoeken van kandidaten niet automatiseren.  Het aantal gezochte cv's en profielen moet in overeenstemming zijn met het aantal gepubliceerde vacatures.  Backoffice Bemiddeling monitort het gebruik van Vind een Werknemer. Zij nemen contact op met de werkgever bij onregelmatigheden. Zo nodig sluiten ze de toegang tot VeWN af, of zetten ze het volledige Mijn VDAB-contract stop. \n\n Vraag aan de VDAB consulent: Werkgever krijgt foutmelding 'daglimiet bereikt'? \n Antwoord of Actie: Nee, het gewenste werkregime is niet zichtbaar op het cv. Omdat de werkgever kandidaten ziet die 100% matchen met de gevraagde selectiecriteria, staat het werkregime niet meer in het cv. Voorbeeld Een werkgever die filtert op dagwerk vindt enkel cv's van kandidaten die aangeven dagwerk te willen doen. Dit staat niet nog eens extra op het cv. \n\n Vraag aan de VDAB consulent: Cv's crawlen, wat is dat?? \n Antwoord of Actie: Nee, het volledige adres is nergens zichtbaar. Dit beschermt de privacy van de kandidaten. De woonplaats is wel zichtbaar op het cv. De postcode niet. Woonplaats en postcode zijn wel beide zichtbaar in de resultatenlijst. \n\n Vraag aan de VDAB consulent: Is het gewenst werkregime zichtbaar op het cv?? \n Antwoord of Actie: Nee, de geboortedatum is niet zichtbaar. Leeftijd is wel zichtbaar. Achtergrondinfo VDAB geeft enkel noodzakelijke informatie mee. Leeftijd is voldoende informatie in het kader van selectie en aanwerving. \n\n Categorie: Servicelijn \n\n Domein: vind een werknemer - vewn \n\n Tags: werkgever, kandidaten, selectie van potentiele kandidaten \n\n Url: https://intranet-rel1ldv.ops.vdab.be/faq/servicelijn/kandidaten-zoeken-en-cvs-bekijken-vind-een-werknemer \n\n Volgende paginas: dit document, via https://intranet-rel1ldv.ops.vdab.be/faq/servicelijn/vacatures-ihkv-twmtewerkstellingsprojecten - advies vragen over een kandidaat aan VDAB, via https://intranet-rel1ldv.ops.vdab.be/faq/servicelijn/advies-vragen-over-kandidaten-vind-een-werknemer - Vind een Werknemer - Zoekopdrachten bewaren, via https://intranet-rel1ldv.ops.vdab.be/faq/servicelijn/vind-een-werknemer-zoekopdrachten-bewaren - vacature naar een kandidaat sturen, via https://intranet-rel1ldv.ops.vdab.be/faq/servicelijn/kandidaten-contacteren-uit-vind-een-werknemer - cv's opslaan, via https://intranet-rel1ldv.ops.vdab.be/faq/servicelijn/kandidaten-bewaren-en-delen-vind-een-werknemer - Vind een Werknemer - Wat, waar, voor wie, handleidingen en video&#039;s, via https://intranet-rel1ldv.ops.vdab.be/faq/servicelijn/vind-een-werknemer-wat-waar-voor-wie-handleidingen-en-videos - Advies vragen over kandidaten in Vind een Werknemer, via https://intranet-rel1ldv.ops.vdab.be/faq/servicelijn/advies-vragen-over-kandidaten-vind-een-werknemer - cv-crawling, via https://intranet-rel1ldv.ops.vdab.be/faq/servicelijn/mijn-vdab-misbruik - Kandidaten contacteren uit Vind een Werknemer, via https://intranet-rel1ldv.ops.vdab.be/faq/servicelijn/kandidaten-contacteren-uit-vind-een-werknemer - zoekopdracht bewaren, via https://intranet-rel1ldv.ops.vdab.be/faq/servicelijn/vind-een-werknemer-zoekopdrachten-bewaren - Kandidaten bewaren en delen in Vind een Werknemer, via https://intranet-rel1ldv.ops.vdab.be/faq/servicelijn/kandidaten-bewaren-en-delen-vind-een-werknemer \n\n Type: intranet", "document_translation": "Find candidates and view resumes in Find an Employee \n\n Question for the VDAB counselor: Search candidates? \n Answer or Action: Enter 1 or more search fields. You immediately get results in a list. The search is customizable at any time. Add or uncheck criteria. The results list adapts as you adjust the criteria. Background information The employer can now take further action: save the search, browse CVs, save CVs, e.g. in various self-made folders or link to a vacancy, ask for advice about a candidate to VDAB send vacancy to a candidate \n\n Question for the VDAB counselor: How to search for candidates? Profile e.g.? \n Answer or Action: Roofer pitched roofs, Secondary school teacher, TIG Welder Place of employment Region Border region Land Languages Training Level of study Specific study Certificates Employment conditions Time arrangement e.g. day work, weekend work, 2-shift system Extra options e.g. job students, working with service vouchers, collective redundancies Mobility Driving licence Own car Keyword \n\n Question for the VDAB counselor: What search criteria are there?? \n Answer or Action: This can be done in 2 ways, by: sort the results list by 'cv last modified' The candidate with the most recently modified resume is at the top. set saved searches with automatic mailing The employer receives an email when new profiles match the search come forward. \n\n Question for the VDAB counselor: How to search for recent resumes?? \n Answer or Action: On the competency template that the candidates indicate as desired job(s) in their file. Example The employer enters 'baker' in 'Profile'. He will only see candidates who have indicated this competency template in My Career for their desired jobs. \n\n Question for the VDAB counselor: What is profile looking for?? \n Answer or Action: On the presence of the keyword in the candidate's resume. Example The employer enters 'baker' in 'Keyword'. He gets to see candidates who: have 'baker' on their CV as a previous job, but are now looking for another job; have worked as a sales assistant at 'De Wakkere Bakker', but are not bakers themselves; have designated the competence template 'Bakker' for their desired jobs. \n\n Question for the VDAB counselor: What is keyword searching for? Search with 'and', 'or'? \n Answer or Action: The employer can choose under 'Keyword' whether he wants to use the AND or the OR operator. The choice is indicated in blue. Search with '&' If the employer enters 'r&d' (without spaces) in the keyword field, VeWN searches for the term. If the employer enters 'r & d' (with spaces), VeWN searches separately for 'r' and for 'd'.  Search with 'not' That is not possible. \n\n Question for the VDAB counselor: How to search with 'and', 'or', 'not'?? \n Answer or Action: By using single or double quotes in the \"Keyword\" field: \"research and development\" \"research and development\" \n\n Question for the VDAB counselor: How to search by phrase?? \n Answer or Action: On the regions in which the candidate wants to work. The candidate therefore does not necessarily live in the region that the employer is looking for. Example When the employer searches for the Ostend region, he will see candidates who live in the Ostend region. The system automatically indicates that these candidates also want to work there). want to work in the Ostend region, while they live in another region, e.g. the Blankenberge region. \n\n Question for the VDAB counselor: What is the region looking for?? \n Answer or Action: Because candidates more often designate 1 or more regions to work in than an entire province. And because the employer only sees candidates who match 100% with the requested selection criteria. Example: Bart is looking for a baker in Hasselt. In VeWN, Bart selects the Hasselt region and receives 10 candidates. If he selects the province of Limburg, he will only get 1 candidate. This is because only 1 candidate indicated the entire province as the desired place of employment and VeWN 100% matches the requested selection criteria. Procedure Service line Advise the employer to combine regions and provinces in the search. The employer sees candidates who want to work in the specific region and candidates who want to work throughout the province. \n\n Question for the VDAB counselor: Why does \"search by province\" give fewer results than \"search by region\"?? \n Answer or Action: Find an Employee does not allow this. Procedure Service line Advise the employer to search via the 'matching' button on his vacancy and refine the results there. The employer finds the matching in My VDAB: 'Manage a vacancy' > the job name of the vacancy > 'Matching' > 'Refine matching'. Background information By refining the matching to a vacancy, the employer can search for candidates with a place of residence within a radius of x km from the place of employment. \n\n Question for the VDAB counselor: How to search for candidates with residence close to the place of employment?? \n Answer or Action: This can be done by leaving the 'study level' blank in the filter 'Education'; only noting a 'specific study'. Background information If the employer does check the study level, he will also see all candidates within that study level. So also candidates with other specific studies. Example: If the employer ticks the option 'Bachelor' for 'study level' and 'Prof. Bach. social work', the employer receives all candidates with a bachelor's degree. If the employer only wants candidates with a bachelor's degree in social work, he must uncheck 'Bachelor' at 'study level'. \n\n Question for the VDAB counselor: How to search for specific studies?? \n Answer or Action: You can't. Find an Employee only takes into account the specified study when searching. Not with whether the candidate earned the degree. Background information The job seeker can indicate in his My Career CV whether or not he has obtained a diploma. \n\n Question for the VDAB counselor: How to search only for candidates who have obtained their diploma?? \n Answer or Action: Via the 'Profile' filter. Profile > Write down 'teacher' > Select a teacher profile > Select the desired education-related filters The filters appear as you fill them in: degrees subjects certificate of competence \n\n Question for the VDAB counselor: How to find teachers?? \n Answer or Action: Via the filter 'Terms of employment'. Open 'Terms of employment' > Look at the 'Extra options': job students work with service vouchers work as self-employed collective redundancies \n\n Question for the VDAB counselor: How to search via sub-databases?? \n Answer or Action: Via 'Terms of employment'. Open 'Terms of employment' > Choose the right 'Time arrangement' > Choose 'Full-time' or 'Part-time' \n\n Question for the VDAB counselor: How to search by full-time or part-time?? \n Answer or Action: You can only search for an EN combination of different languages. If the employer indicates Dutch, English and French, he will therefore see candidates who know all three languages.  The employer cannot therefore search for candidates who know Dutch, as well as good English or good French. The employer should then use two separate searches: 1 search for candidates who know Dutch and good English well and a separate search for candidates who know Dutch and French well. Background info VDAB is working on adding this at a later time. Because we know that there is a demand for this. \n\n Question for the VDAB counselor: How to search for combinations of known languages?? \n Answer or Action: This can be done in 2 ways: The best way is to save the candidates (and whether or not to link them to a vacancy or folder / label). Then the employer can later look in 'My candidates'. At the top of 'My candidates', the employer can: filter by vacancy or by folder/label; also list the candidates alphabetically. Or by keeping track of the VDAB reference number of the candidate himself. The reference is above the open resume. Then the employer can later search VeWN for the reference number in the filter 'Keyword'. Searching by name does not return the desired result. \n\n Question for the VDAB counselor: How to find found candidates sooner? Enter the IKL number? \n Answer or Action: in 'Keyword' as follows: 12345 Background info The IKL number is the same as the VDAB reference number at the top of each CV. Sometimes it is useful for an employer to search by IKL number. for example. With a digital job date. The mediator does not pass on the private details of the job seeker, but may provide the IKL number. The employer can look up these numbers and view the published resume. \n\n Question for the VDAB counselor: How to search by IKL number?? \n Answer or Action: You can't. More information about the 'Recruitment premium' field can be found in this document. \n\n Question for the VDAB counselor: How to search the field recruitment premium?? \n Answer or Action: Both Find an Employee and the 'matching' button at the top of a vacancy in My VDAB compare the wishes of an employer with the available CVs. But there are important differences between VeWN on the one hand and the matching button on the vacancy on the other. Which candidates will the employer see? VeWN Only candidates who 100% match the selection criteria indicated by the employer in his search. The candidate list is therefore displayed in a random order. Matching Candidates who match at least 60% of the automated fields that the employer has filled in on his vacancy. The candidates who match best are always at the top of the results list. Can the employer further refine the list of candidates' results? VeWN Yes. The employer can adjust the selection criteria endlessly and therefore also add additional selection criteria at any time. He immediately sees a custom list of results in the same screen. Matching Yes. The employer can see other candidates by filling in the fields on his vacancy differently or more completely. And also by refining the matching via the options under 'refine matching' at the top of the results list. Can the employer get updates on new resumes that meet its requirements? VeWN Yes. The employer can save his search and set it to receive an automatic email when new resumes match his search. Matching No. The employer cannot receive an automatic e-mail when new CVs sufficiently match his vacancy. \n\n Question for the VDAB counselor: Difference in candidate search from VeWN or from matching for a vacancy?? \n Answer or Action: All published CVs from the VDAB database. The CVs are from candidates who are looking for work, but job seekers can, for example: be unemployed and receive benefits are unemployed but do not receive benefits are employed but are looking for a new job in the meantime Background information A job seeker can also choose not to publish his cv. Those resumes are not visible in Find an Employee. \n\n Question for the VDAB counselor: View CVs? \n Answer or Action: All the names of the candidates are listed below each other, each followed by their zip code and city. A few CV details are already visible for each candidate: last obtained diploma in language skills driving license own car Background information Work experience is not shown in the list, because that is not clear in such a small place. Moreover, not every (final) work experience is equally relevant to what the employer is looking for. Studies are shown because for many professions the diploma is important. Even if this does not apply to every job. \n\n Question for the VDAB counselor: Which CVs are included in Find an Employee?? \n Answer or Action: The order is random. Because every candidate meets 100% of the desired search criteria. \n\n Question for the VDAB counselor: What does the resume list of results look like?? \n Answer or Action: There is a difference in layout between the viewed and unviewed resumes: the candidate's name changes from blue to gray. This difference remains visible as long as the employer does not close Find an Employee. \n\n Question for the VDAB counselor: What order are the CVs in?? \n Answer or Action: That is not allowed. Printing CVs is not permitted due to privacy law. The employer may only work with the data of customers within the My VDAB environment. They are not allowed to store the CVs outside their My VDAB environment. Background information This is also stated in the quality guidelines: 'you may not store the result of a search and the data concerned outside My VDAB. VDAB owns this data.' Internal info If the employer saves candidates and works from his saved candidates, there is still a button to print. That option disappears with the new candidate component and we do not advertise it. Suppose the employer himself cites this option, then you can say that this will certainly disappear. \n\n Question for the VDAB counselor: How can the employer tell if he has already looked at a resume?? \n Answer or Action: Procedure Service line Please note that the employer will no longer be able to view CVs today. As of tomorrow, the counter is back at zero. Refer to the quality guidelines. Searching for candidates > 'you can't automate the search for candidates'. As a tip, give to refine the search criteria. Background information The counter only runs when an employer browses through the CV detail. For this, he has to click open the resume.  Learn more about resume crawling. Internal info There is a maximum on the number of CVs that an employer can view per day. The exact number is never revealed, even within VDAB. VDAB has set this maximum to prevent abuse. \n\n Question for the VDAB counselor: How to print CVs? \n Answer or Action: In CV crawling, the wg runs automatic scripts through the VDAB CV database. This is abuse. The quality guidelines state: You may not automate the search for candidates.  The number of CVs and profiles sought must be in line with the number of vacancies published.  Backoffice Mediation monitors the use of Find an Employee. They contact the employer in case of irregularities. If necessary, they close access to VeWN, or stop the entire My VDAB contract. \n\n Question for the VDAB counselor: Employer receives error message 'daily limit reached'? \n Answer or Action: No, the desired work regime is not visible on the CV. Because the employer sees candidates who match 100% with the requested selection criteria, the work regime is no longer in the resume. Example An employer who filters by day work only finds CVs of candidates who indicate that they want to do day work. This is not on the cv. \n\n Question for the VDAB counselor: Crawling resumes, what is it?? \n Answer or Action: No, the full address is not visible anywhere. This protects the privacy of the candidates. The place of residence is visible on the CV. The zip code does not. City and zip code are both visible in the results list. \n\n Question for the VDAB counselor: Is the desired work regime visible on the CV?? \n Answer or Action: No, the date of birth is not visible. Age is visible. Background information VDAB only provides necessary information. Age is sufficient information in the context of selection and recruitment. \n\n Category: Service line \n\n Domain: find an employee - vewn \n\n Tags: candidates, selection of potential candidates, employer \n\n Url: https://intranet-rel1ldv.ops.vdab.be/faq/servicelijn/kandidaten-zoeken-en-cvs-bekijken-vind-een-werknemer \n\n Next pages: dit document, via https://intranet-rel1ldv.ops.vdab.be/faq/servicelijn/vacatures-ihkv-twmtewerkstellingsprojecten - advies vragen over een kandidaat aan VDAB, via https://intranet-rel1ldv.ops.vdab.be/faq/servicelijn/advies-vragen-over-kandidaten-vind-een-werknemer - Vind een Werknemer - Zoekopdrachten bewaren, via https://intranet-rel1ldv.ops.vdab.be/faq/servicelijn/vind-een-werknemer-zoekopdrachten-bewaren - vacature naar een kandidaat sturen, via https://intranet-rel1ldv.ops.vdab.be/faq/servicelijn/kandidaten-contacteren-uit-vind-een-werknemer - cv's opslaan, via https://intranet-rel1ldv.ops.vdab.be/faq/servicelijn/kandidaten-bewaren-en-delen-vind-een-werknemer - Vind een Werknemer - Wat, waar, voor wie, handleidingen en video&#039;s, via https://intranet-rel1ldv.ops.vdab.be/faq/servicelijn/vind-een-werknemer-wat-waar-voor-wie-handleidingen-en-videos - Advies vragen over kandidaten in Vind een Werknemer, via https://intranet-rel1ldv.ops.vdab.be/faq/servicelijn/advies-vragen-over-kandidaten-vind-een-werknemer - cv-crawling, via https://intranet-rel1ldv.ops.vdab.be/faq/servicelijn/mijn-vdab-misbruik - Kandidaten contacteren uit Vind een Werknemer, via https://intranet-rel1ldv.ops.vdab.be/faq/servicelijn/kandidaten-contacteren-uit-vind-een-werknemer - zoekopdracht bewaren, via https://intranet-rel1ldv.ops.vdab.be/faq/servicelijn/vind-een-werknemer-zoekopdrachten-bewaren - Kandidaten bewaren en delen in Vind een Werknemer, via https://intranet-rel1ldv.ops.vdab.be/faq/servicelijn/kandidaten-bewaren-en-delen-vind-een-werknemer \n\n Type: intranet"}