{"title": "Mijn VDAB voor opstart IBO", "type": "intranet", "field_trefwoorden_name": ["ibo", "mijn vdab contract"], "domain_name": ["welk kiezen", "aanvraag ibo"], "category_name": "Servicelijn", "url": "https://intranet-rel1ldv.ops.vdab.be/faq/servicelijn/ibo-mijnvdab-sa-ifv-ibo", "content": [["Rol Servicelijn", "Aanvragen Mijn VDAB-SA verwerken  op de hoofdzetel Een Mijn VDAB-SA op vestigingsniveau is niet nodig om een IBO te registreren. Gegevens van de administrator meegeven & evt. het recht IBO-beheer in orde maken."], ["Wat doet de Servicelijn?", "Voorrang geven aan aanvragen (via telefoon of mail) i.f.v. een IBO-aanvraag met start in nabije toekomst. SL respecteert de 3 werkdagen verwerkingsregel. Mijn VDAB-aanvragen verwerken waarbij een provinciale bemiddelaar het contract in naam van de werkgever ondertekende en indiende."], ["Wat doet de Servicelijn niet?", "Mijn VDAB-SA Mijn VDAB-SA W&S Mijn VDAB-IBO (niet op zichzelf, zonder een actieve MijnVDAB-SA)"], ["Toegang tot de IBO-tool", "Mijn VDAB-SA uitzendkantoren Mijn VDAB-SA Federgon"], ["Welk MijnVDAB-SA geeft toegang tot de IBO-tool?", "Nee. Procedure Servicelijn De wg moet een nieuwe Mijn VDAB-SA aanvragen via de website. zie Bedrijf heeft een oud actief KISS-SA?"], ["Welk Mijn VDAB-SA geeft geen toegang tot de IBO-tool?", "Er is een correct Mijn VDAB Uitzendkantoren en Mijn VDAB-IBO op hoofdzetelniveau Procedure Servicelijn Check in IAM of het recht \"IBO-beheer\" is aangevinkt. Verwijs naar de administrator of duidt het recht zelf aan. Er is een correct Mijn VDAB Uitzendkantoren maar nog geen correct Mijn VDAB-IBO op hoofdzetelniveau Procedure Servicelijn Stuur een mail naar Lucas Hannes en Hilde Van Woensel met: de vraag om voor uitzendkantoor X met IKP-nummer (...)  een MijnVDAB-IBO-SA te registreren i.f.v. een IBO op de eigen werkvloer Opgelet Voor de vestiging is geen aparte SA nodig.  Is er nog geen correcte Mijn-VDAB-Uitzendkantoren, dan vraagt de wg eerst een Mijn-VDAB-Uitzendkantoren aan voor de hoofdzetel volgens de normale procedure. "], ["Geeft een KISS-SA toegang tot de IBO-tool?", "Een gewone Mijn VDAB-SA op de hoofdzetel."], ["Uitzendkantoor wil IBO op eigen werkvloer?", "Nee."], ["Voorwaarden om in te loggen in de IBO-tool (Mijn VDAB ruimte)?", "Ja, op de hoofdzetel. zie IBO - Wat doet de bemiddelaar voor de start van de IBO? Achtergrondinfo De IBO-bemiddelaar krijgt een pop up wanneer er geen Mijn VDAB op de hoofdzetel is. Op die manier wordt de bemiddelaar hier extra attent op gemaakt."], ["Mag een IBO-bemiddelaar een Mijn VDAB-SA aanmaken?", "Procedure Servicelijn Check in Toegangsbeheer of het recht IBO-beheer in orde is en duid het evt. aan."], ["Moet de wg een Mijn VDAB-SA hebben?", "Er is een nieuwe online aanvraag nodig op de hoofdzetel. Een Mijn VDAB-SA op de hoofdzetel is noodzakelijk om de IBO-aanvraag te behandelen en op te starten. De IBO-bemiddelaar kan de aanvraag van de vestiging wel behandelen en klaar maken voor de start van de IBO maar kan het contract niet goedkeuren. Eens het Mijn VDAB-SA op de hoofdzetel in orde is, kan de IBO-bemiddelaar het IBO-contract verder afwerken."], ["De wg ziet IBO-beheer niet staan in Mijn VDAB?", "Problemen melden Procedure Servicelijn Mail naar  kennisbeheer.servicelijn@vdab.be  en zet je teamleider in cc. Geef volgende gegevens mee: Naam werkgever, IKP-nummer Naam bemiddelaar, provincie/regio Een duidelijke omschrijving van de case/het probleem Wacht de wg nog op een antwoord van een VDAB-collega? Procedure Servicelijn Mail naar BO WPL en zet je teamleider in cc. Geef volgende gegevens mee: Naam werkgever, IKP-nummer Naam bemiddelaar, provincie/regio Een duidelijke omschrijving van de case/het probleem Enkele voorbeelden van mogelijke problemen (niet limitatief): Wg wil prestaties doorgeven via de Servicelijn. Wg kreeg de raad van bemiddelaar om de Servicelijn te bellen om de aanvraag te versnellen. IBO bemiddelaar ondertekende het MijnVDAB-SA."]], "link_ankers": [["https://intranet-rel1ldv.ops.vdab.be/faq/servicelijn/ibo-de-ibo-tool-0", "De IBO-tool gebruiken"], ["https://intranet-rel1ldv.ops.vdab.be/faq/servicelijn/bedrijf-heeft-al-een-mijnvdab-sa-ami-faqs-bij-stap-4", "Bedrijf heeft een oud actief KISS-SA?"]], "title_translation": "My VDAB for start-up IBO", "field_trefwoorden_name_translation": ["my vdab contract", "ibo"], "domain_name_translation": ["which to choose", "request ibo"], "category_name_translation": "Service line", "content_translation": [["Request Service Line Role Process my VDAB-SA at", "headquarters A My VDAB-SA at branch level is not necessary to register an IBO. Provide details of the administrator & possibly. the right to manage IBO."], ["What does the Service Line do?", "Give priority to applications (by phone or e-mail) in connection with an IBO application with start in the near future. SL respects the 3 working days processing rule. Process my VDAB applications where a provincial mediator signed and submitted the contract on behalf of the employer."], ["What does the Service Line not do? My VDAB-SA My", "VDAB-SA W&S My VDAB-IBO (not on its own, without an active MyVDAB-SA)"], ["Access to the IBO tool My VDAB-SA", "temporary employment agencies My VDAB-SA Federgon"], ["Which MyVDAB-SA gives access to the IBO tool?", "No. Procedure Service line The wg must request a new My VDAB-SA via the website. see Company has an old asset KISS-SA?"], ["Which My VDAB-SA does not give access to the IBO tool? There is a correct My VDAB", "Employment Agencies and My VDAB-IBO at head office level Procedure Service line Check in IAM if the right \"IBO management\" is checked. Refer to the administrator or designate the right itself. There is a correct My VDAB Temporary employment agencies but no correct one yet My VDAB-IBO at head office level Procedure Service line Send an email to Lucas Hannes and Hilde Van Woensel with: the request for temporary employment agency X with IKP number (...)  register a MijnVDAB-IBO-SA in connection with an IBO on your own work floor Attention No separate SA is required for the establishment.  If there is no correct My-VDAB Temporary Employment Agencies, the WG first applies for a My-VDAB Temporary Employment Agencies for the head office according to the normal procedure."], ["Does a KISS-SA give access to the IBO tool?", "An ordinary My VDAB-SA at the head office."], ["Temporary employment agency wants IBO on its own work floor?", "No."], ["Conditions to log in to the IBO tool (My VDAB space)?", "Yes, at the head office. see IBO - What does the mediator do before the start of the IBO? Background information The IBO mediator receives a pop-up when there is no My VDAB at the head office. In this way, the mediator is made extra aware of this."], ["Can an IBO mediator create a My VDAB-SA?", "Procedure Service line Check in Access Control whether the IBO management right is in order and indicate it if necessary."], ["Does the wg have to have a My VDAB-SA?", "A new online application is required at the head office. A My VDAB-SA at the head office is necessary to process and start the IBO application. The IBO mediator can process the application from the establishment and prepare it for the start of the IBO, but cannot approve the contract. Once the Mijn VDAB-SA at the head office is in order, the IBO mediator can further complete the IBO contract."], ["The wg does not see IBO management in My VDAB?", "Report problems Procedure Service line Mail to kennisbeheer.servicelijn@vdab.be and cc your team leader. Provide the following information: Name of employer, IKP number Name of mediator, province/region A clear description of the case/problem Is the WG still waiting for an answer from a VDAB colleague? Procedure Service line Mail to BO WPL and put your team leader in cc. Provide the following information: Name of employer, IKP number Name of mediator, province/region A clear description of the case/problem Some examples of possible problems (not exhaustive): Wg wants to pass on performance via the Service Line. Wg was advised by mediator to call the Service Line to expedite the application. IBO mediator signed the MijnVDAB-SA."]], "document": "Mijn VDAB voor opstart IBO \n\n Vraag aan de VDAB consulent: Rol Servicelijn? \n Antwoord of Actie: Aanvragen Mijn VDAB-SA verwerken  op de hoofdzetel Een Mijn VDAB-SA op vestigingsniveau is niet nodig om een IBO te registreren. Gegevens van de administrator meegeven & evt. het recht IBO-beheer in orde maken. \n\n Vraag aan de VDAB consulent: Wat doet de Servicelijn?? \n Antwoord of Actie: Voorrang geven aan aanvragen (via telefoon of mail) i.f.v. een IBO-aanvraag met start in nabije toekomst. SL respecteert de 3 werkdagen verwerkingsregel. Mijn VDAB-aanvragen verwerken waarbij een provinciale bemiddelaar het contract in naam van de werkgever ondertekende en indiende. \n\n Vraag aan de VDAB consulent: Wat doet de Servicelijn niet?? \n Antwoord of Actie: Mijn VDAB-SA Mijn VDAB-SA W&S Mijn VDAB-IBO (niet op zichzelf, zonder een actieve MijnVDAB-SA) \n\n Vraag aan de VDAB consulent: Toegang tot de IBO-tool? \n Antwoord of Actie: Mijn VDAB-SA uitzendkantoren Mijn VDAB-SA Federgon \n\n Vraag aan de VDAB consulent: Welk MijnVDAB-SA geeft toegang tot de IBO-tool?? \n Antwoord of Actie: Nee. Procedure Servicelijn De wg moet een nieuwe Mijn VDAB-SA aanvragen via de website. zie Bedrijf heeft een oud actief KISS-SA? \n\n Vraag aan de VDAB consulent: Welk Mijn VDAB-SA geeft geen toegang tot de IBO-tool?? \n Antwoord of Actie: Er is een correct Mijn VDAB Uitzendkantoren en Mijn VDAB-IBO op hoofdzetelniveau Procedure Servicelijn Check in IAM of het recht \"IBO-beheer\" is aangevinkt. Verwijs naar de administrator of duidt het recht zelf aan. Er is een correct Mijn VDAB Uitzendkantoren maar nog geen correct Mijn VDAB-IBO op hoofdzetelniveau Procedure Servicelijn Stuur een mail naar Lucas Hannes en Hilde Van Woensel met: de vraag om voor uitzendkantoor X met IKP-nummer (...)  een MijnVDAB-IBO-SA te registreren i.f.v. een IBO op de eigen werkvloer Opgelet Voor de vestiging is geen aparte SA nodig.  Is er nog geen correcte Mijn-VDAB-Uitzendkantoren, dan vraagt de wg eerst een Mijn-VDAB-Uitzendkantoren aan voor de hoofdzetel volgens de normale procedure.  \n\n Vraag aan de VDAB consulent: Geeft een KISS-SA toegang tot de IBO-tool?? \n Antwoord of Actie: Een gewone Mijn VDAB-SA op de hoofdzetel. \n\n Vraag aan de VDAB consulent: Uitzendkantoor wil IBO op eigen werkvloer?? \n Antwoord of Actie: Nee. \n\n Vraag aan de VDAB consulent: Voorwaarden om in te loggen in de IBO-tool (Mijn VDAB ruimte)?? \n Antwoord of Actie: Ja, op de hoofdzetel. zie IBO - Wat doet de bemiddelaar voor de start van de IBO? Achtergrondinfo De IBO-bemiddelaar krijgt een pop up wanneer er geen Mijn VDAB op de hoofdzetel is. Op die manier wordt de bemiddelaar hier extra attent op gemaakt. \n\n Vraag aan de VDAB consulent: Mag een IBO-bemiddelaar een Mijn VDAB-SA aanmaken?? \n Antwoord of Actie: Procedure Servicelijn Check in Toegangsbeheer of het recht IBO-beheer in orde is en duid het evt. aan. \n\n Vraag aan de VDAB consulent: Moet de wg een Mijn VDAB-SA hebben?? \n Antwoord of Actie: Er is een nieuwe online aanvraag nodig op de hoofdzetel. Een Mijn VDAB-SA op de hoofdzetel is noodzakelijk om de IBO-aanvraag te behandelen en op te starten. De IBO-bemiddelaar kan de aanvraag van de vestiging wel behandelen en klaar maken voor de start van de IBO maar kan het contract niet goedkeuren. Eens het Mijn VDAB-SA op de hoofdzetel in orde is, kan de IBO-bemiddelaar het IBO-contract verder afwerken. \n\n Vraag aan de VDAB consulent: De wg ziet IBO-beheer niet staan in Mijn VDAB?? \n Antwoord of Actie: Problemen melden Procedure Servicelijn Mail naar  kennisbeheer.servicelijn@vdab.be  en zet je teamleider in cc. Geef volgende gegevens mee: Naam werkgever, IKP-nummer Naam bemiddelaar, provincie/regio Een duidelijke omschrijving van de case/het probleem Wacht de wg nog op een antwoord van een VDAB-collega? Procedure Servicelijn Mail naar BO WPL en zet je teamleider in cc. Geef volgende gegevens mee: Naam werkgever, IKP-nummer Naam bemiddelaar, provincie/regio Een duidelijke omschrijving van de case/het probleem Enkele voorbeelden van mogelijke problemen (niet limitatief): Wg wil prestaties doorgeven via de Servicelijn. Wg kreeg de raad van bemiddelaar om de Servicelijn te bellen om de aanvraag te versnellen. IBO bemiddelaar ondertekende het MijnVDAB-SA. \n\n Categorie: Servicelijn \n\n Domein: welk kiezen - aanvraag ibo \n\n Tags: ibo, mijn vdab contract \n\n Url: https://intranet-rel1ldv.ops.vdab.be/faq/servicelijn/ibo-mijnvdab-sa-ifv-ibo \n\n Volgende paginas: De IBO-tool gebruiken, via https://intranet-rel1ldv.ops.vdab.be/faq/servicelijn/ibo-de-ibo-tool-0 - Bedrijf heeft een oud actief KISS-SA?, via https://intranet-rel1ldv.ops.vdab.be/faq/servicelijn/bedrijf-heeft-al-een-mijnvdab-sa-ami-faqs-bij-stap-4 \n\n Type: intranet", "document_translation": "My VDAB for start-up IBO \n\n Question for the VDAB counselor: Request Service Line Role Process my VDAB-SA at? \n Answer or Action: headquarters A My VDAB-SA at branch level is not necessary to register an IBO. Provide details of the administrator & possibly. the right to manage IBO. \n\n Question for the VDAB counselor: What does the Service Line do?? \n Answer or Action: Give priority to applications (by phone or e-mail) in connection with an IBO application with start in the near future. SL respects the 3 working days processing rule. Process my VDAB applications where a provincial mediator signed and submitted the contract on behalf of the employer. \n\n Question for the VDAB counselor: What does the Service Line not do? My VDAB-SA My? \n Answer or Action: VDAB-SA W&S My VDAB-IBO (not on its own, without an active MyVDAB-SA) \n\n Question for the VDAB counselor: Access to the IBO tool My VDAB-SA? \n Answer or Action: temporary employment agencies My VDAB-SA Federgon \n\n Question for the VDAB counselor: Which MyVDAB-SA gives access to the IBO tool?? \n Answer or Action: No. Procedure Service line The wg must request a new My VDAB-SA via the website. see Company has an old asset KISS-SA? \n\n Question for the VDAB counselor: Which My VDAB-SA does not give access to the IBO tool? There is a correct My VDAB? \n Answer or Action: Employment Agencies and My VDAB-IBO at head office level Procedure Service line Check in IAM if the right \"IBO management\" is checked. Refer to the administrator or designate the right itself. There is a correct My VDAB Temporary employment agencies but no correct one yet My VDAB-IBO at head office level Procedure Service line Send an email to Lucas Hannes and Hilde Van Woensel with: the request for temporary employment agency X with IKP number (...)  register a MijnVDAB-IBO-SA in connection with an IBO on your own work floor Attention No separate SA is required for the establishment.  If there is no correct My-VDAB Temporary Employment Agencies, the WG first applies for a My-VDAB Temporary Employment Agencies for the head office according to the normal procedure. \n\n Question for the VDAB counselor: Does a KISS-SA give access to the IBO tool?? \n Answer or Action: An ordinary My VDAB-SA at the head office. \n\n Question for the VDAB counselor: Temporary employment agency wants IBO on its own work floor?? \n Answer or Action: No. \n\n Question for the VDAB counselor: Conditions to log in to the IBO tool (My VDAB space)?? \n Answer or Action: Yes, at the head office. see IBO - What does the mediator do before the start of the IBO? Background information The IBO mediator receives a pop-up when there is no My VDAB at the head office. In this way, the mediator is made extra aware of this. \n\n Question for the VDAB counselor: Can an IBO mediator create a My VDAB-SA?? \n Answer or Action: Procedure Service line Check in Access Control whether the IBO management right is in order and indicate it if necessary. \n\n Question for the VDAB counselor: Does the wg have to have a My VDAB-SA?? \n Answer or Action: A new online application is required at the head office. A My VDAB-SA at the head office is necessary to process and start the IBO application. The IBO mediator can process the application from the establishment and prepare it for the start of the IBO, but cannot approve the contract. Once the Mijn VDAB-SA at the head office is in order, the IBO mediator can further complete the IBO contract. \n\n Question for the VDAB counselor: The wg does not see IBO management in My VDAB?? \n Answer or Action: Report problems Procedure Service line Mail to kennisbeheer.servicelijn@vdab.be and cc your team leader. Provide the following information: Name of employer, IKP number Name of mediator, province/region A clear description of the case/problem Is the WG still waiting for an answer from a VDAB colleague? Procedure Service line Mail to BO WPL and put your team leader in cc. Provide the following information: Name of employer, IKP number Name of mediator, province/region A clear description of the case/problem Some examples of possible problems (not exhaustive): Wg wants to pass on performance via the Service Line. Wg was advised by mediator to call the Service Line to expedite the application. IBO mediator signed the MijnVDAB-SA. \n\n Category: Service line \n\n Domain: which to choose - request ibo \n\n Tags: my vdab contract, ibo \n\n Url: https://intranet-rel1ldv.ops.vdab.be/faq/servicelijn/ibo-mijnvdab-sa-ifv-ibo \n\n Next pages: De IBO-tool gebruiken, via https://intranet-rel1ldv.ops.vdab.be/faq/servicelijn/ibo-de-ibo-tool-0 - Bedrijf heeft een oud actief KISS-SA?, via https://intranet-rel1ldv.ops.vdab.be/faq/servicelijn/bedrijf-heeft-al-een-mijnvdab-sa-ami-faqs-bij-stap-4 \n\n Type: intranet"}