{"title": "Vacatures ikv arbeidsmarktonderzoek", "type": "intranet", "field_trefwoorden_name": ["arbeidsmarktonderzoek"], "domain_name": ["rekruteren over de grenzen"], "category_name": "Servicelijn", "url": "https://intranet-rel1ldv.ops.vdab.be/faq/servicelijn/vacatures-ikv-arbeidsmarktonderzoek", "content": [["Procedures", "Vacature voor seizoensarbeid Procedure Servicelijn Plaats de vacature. Enkel in het Nederlands . (Anderstalige vacatures kunnen niet in gedeeld beheer) In gedeeld beheer . Altijd. Ook wanneer dit soort vacature normaal verplicht in zelfbeheer staat. Noteer in de opvolgingslijn   'Vacature voor mogelijke aanvraag tot gecombineerde vergunning (AMO)' Zorg voor een duidelijke functieomschrijving .   Informeer de wg Dat je de vacature in gedeeld beheer plaatste. Dat een bemiddelaar contact zal opnemen. VDAB zoekt mee naar geschikte kandidaten op de arbeidsmarkt. Dat hij een aanvraag tot gecombineerde vergunning kan indienen bij DEM wanneer de vacature 3 weken online en actief in gedeeld beheer staat.  Opgelet: de vacature moet nog actief staan wanneer de wg zijn aanvraag indient en tijdens de behandeling ervan. Had de wg al contact met DEM? Indien niet, verwijs de wg door naar de bevoegde dienst voor alle info. Andere vacature  Procedure Servicelijn Volg de reguliere werking.  Zet enkel in gedeeld beheer als de werkgever hier expliciet om vraagt. Geen verplichting meer. Achtergrondinfo DEM vraagt geen arbeidsmarktonderzoek aan VDAB voor elke vacature waarvoor de werkgever een aanvraag tot gecombineerde vergunning indient. DEM beslist of er een arbeidsmarktonderzoek komt of niet, VDAB voert het arbeidsmarktonderzoek uit wanneer DEM het vraagt.  Opgelet Er zijn ook nog andere mogelijkheden om een gecombineerde vergunning te krijgen.  Bv: voor een tewerkstelling in een knelpuntberoep dat voorkomt op de knelpuntberoepenlijst voor migratie . Wil de werkgever hierover meer informatie, verwijs dan door naar DEM."], ["Wg wil vacature publiceren ikv aanvraag tot gecombineerde vergunning (arbeidsmarktonderzoek)", "De wg heeft dit nodig voor zijn aanvraag tot gecombineerde vergunning. Procedure Servicelijn Bezorg de wg het vacaturenummer. de link naar de vacature op vdab.be."], ["Wg vraagt vacaturenummer, publicatiedatum vacature, link op vdab.be", "Procedure Servicelijn Plaats de vacature als de wg dit graag wil. Vacature plaatsen is niet noodzakelijk om  een beroepschrift in te dienen. Verwijs de wg naar de bevoegde dienst ."], ["Wg wil een vacature publiceren voor een beroepschrift ivm een negatieve beslissing van een aanvraag tot gecombineerde vergunning", "Procedure Servicelijn De wg heeft geen attest nodig voor zijn aanvraag. DEM vraagt dit rechtstreeks op bij VDAB via backoffice tewerkstelling. Bezorg de wg het vacaturenummer. de link naar de vacature op vdab.be."], ["Wg vraagt een attest van zijn vacature ikv de aanvraag tot gecombineerde vergunning", "Servicelijn levert geen bewijs af.  Procedure Servicelijn Informeer de wg dat je geen bewijs, attest, verklaring mag bezorgen. Bezorg de wg enkel het vacaturenummer of een link naar de gepubliceerde vacature. Vermeld nergens de woorden bewijs, attest, verklaring als je de link mailt. Is dit onvoldoende voor de wg? Stuur een mail met de vraag van de wg naar arbeidsmarktonderzoek@vdab.be. Ook zij leveren geen bewijs af. Ze formuleren een antwoord naar de wg, afgestemd met de juridische dienst.  En schrijven dit weg in Mastervac."], ["Wg vraagt een bewijs van zijn vruchteloze zoektocht naar kandidaten", "VDAB geeft hierover geen info. Procedure Servicelijn Verwijs de wg naar zijn contactpersoon bij DEM. De contactpersoon staat vermeld op de briefwisseling. Achtergrondinfo Als de wg een negatieve beslissing krijgt van DEM, dan kan hij hiervoor beroep aantekenen.  Soms belt een wg dan om meer info te krijgen over het advies dat VDAB gaf. Deze info geeft VDAB nooit mee aan de wg. VDAB geeft het advies enkel door aan DEM."], ["Wg vraagt info over het advies of de uiteindelijke beslissing", "Bv. info over de formulieren, voorwaarden, uitzonderingen, verloop van de aanvraag. Procedure Servicelijn Verwijs de wg naar de bevoegde dienst ."], ["Wg wil info over de aanvraag tot gecombineerde vergunning", "Procedure Servicelijn Verwijs de wg naar de bevoegde dienst . Achtergrondinfo Een wg kan geen arbeidsmarktonderzoek aanvragen.  Een wg kan wel een aanvraag indienen tot gecombineerde vergunning bij DEM. DEM beslist of een arbeidsmarktonderzoek nodig is in kader van deze aanvraag. "], ["Wg wil een arbeidsmarktonderzoek aanvragen", "Hoe de wg beroep kan aantekenen, staat uitgelegd in de brief die de wg kreeg met de beslissing. Procedure Servicelijn Verwijs de wg naar de bevoegde dienst . Hij vindt meer info in de briefwisseling."], ["Wg wil beroep aantekenen tegen beslissing", "Bv. de vacature stond niet in gedeeld beheer en VDAB had hiervoor moeten zorgen. Bv. vragen van advocaten, consultants, juridische diensten. Procedure Servicelijn Doe geen uitspraken over of er iets fout liep waar het eventueel fout liep Stuur een mail naar backoffice tewerkstelling. arbeidsmarktonderzoek@vdab.be Zet de werkgever zijn vraag liever zelf op mail? Dan mag je het e-mailadres arbeidsmarktonderzoek@vdab.be meegeven. "], ["Wg zegt dat VDAB een fout maakte in het arbeidsmarktonderzoek", "Informatie Vlaanderen: Dienst Economische Migratie (DEM) toelating tot arbeid - overige contactgegevens Wg diende al een aanvraag in? Dan heeft hij een dossierbeheerder bij DEM. De dossierbeheerder staat vermeld op de briefwisseling. Brussel: Vergunningen voor niet-Europese werknemers en zelfstandigen Wallonie: Travailleurs etrangers Duitstalige gemeenschap: www.ostbelgienlive.be  Aanvraag De aanvraag zelf gaat via 1 digitaal loket ."], ["Contact", "Vacaturebeheerder Alle vragen over de inhoud van de vacature die in gedeeld beheer staat. Backoffice tewerkstelling arbeidsmarktonderzoek@vdab.be   Vragen die niet naar de vacaturebeheerder moeten gaan. Enkel als er al een vacature in gedeeld beheer staat. Bv. Werkgever blijft aandringen. Vragen van advocaten, consultants, juridische diensten. Bv. Advocaat beweert dat de vacature in gedeeld beheer had moeten staan, en dat VDAB hier een fout gemaakt heeft. Bv. Jurist beroept zich op de openbaarheid van bestuur en vraagt inzage in het arbeidsmarktonderzoek. Dienst Economische Migratie (DEM) Vragen over gecombineerde vergunning. Bv. info over formulieren, voorwaarden. Vragen over het arbeidsmarktonderzoek. Bv. stavaza of uitslag van het arbeidsmarktonderzoek. "], ["Welke dienst contacteren voor aanvraag tot gecombineerde vergunning?", "Een vergunning om een derdelander (persoon met niet EU-nationaliteit) speciaal naar Belgie te laten komen voor een bepaalde job. De vergunning is nodig omdat deze kandidaat anders niet legaal in Belgie mag verblijven en werken."], ["Welke dienst behandelt welke vragen?", "Interne info Geef onderstaande info niet mee met een wg.  VDAB is hiervoor niet bevoegd. Wg wil een derdelander (persoon met niet EU/EER nationaliteit) zonder geldig verblijf in Belgie aannemen voor een specifieke job. Wg dient hiervoor een aanvraag tot gecombineerde vergunning in bij DEM. DEM kan aan VDAB vragen om een arbeidsmarktonderzoek uit te voeren. VDAB gaat na of er geschikte kandidaten zijn op de arbeidsmarkt voor deze specifieke job. eventueel met korte opleiding door gericht kandidaten te zoeken  door kandidaten voor te stellen aan de wg VDAB stuurt zijn advies naar DEM. DEM neemt een beslissing voor de aanvraag tot gecombineerde vergunning. De aanvraag goedkeuren of verwerpen."], ["Achtergrondinfo", "Kennissysteem Buitenlandse kandidaten Intranet Procedure arbeidsmarktonderzoek: wie doet wat Arbeidsmarktonderzoeken: Veelgestelde vragen"]], "link_ankers": [["https://intranet-rel1ldv.ops.vdab.be/faq/servicelijn/buitenlandse-anderstalige-kandidaten-aanwerven", "Buitenlandse of anderstalige kandidaten aanwerven"]], "title_translation": "Vacancies for labour market research", "field_trefwoorden_name_translation": ["labour market research"], "domain_name_translation": ["recruiting across borders"], "category_name_translation": "Service line", "content_translation": [["Procedures", "Vacancy for seasonal work Procedure Service line Post the vacancy. Only in Dutch. (Foreign-language vacancies cannot be managed in shared management) Under shared management . All the time. Even when this type of vacancy is normally mandatory in self-management. In the follow-up line, write down 'Vacancy for possible application for a single permit (AMO)' Provide a clear job description.   Inform the wg That you posted the vacancy in shared management. That a mediator will get in touch. VDAB helps find suitable candidates on the labour market. That he can submit an application for a single permit to DEM when the vacancy is online and actively under shared management for 3 weeks.  Please note: the vacancy must still be active when the WG submits its application and during its processing. Was the wg already in contact with DEM? If not, refer the wg to the competent service for all information. Other vacancy Procedure Service line Follow the regular operation.  Only use shared management if the employer explicitly requests this. No more obligation. Background information DEM does not request a labour market survey from VDAB for every vacancy for which the employer submits an application for a single permit. DEM decides whether there will be a labour market survey or not, VDAB carries out the labour market survey when DEM requests it.  Attention: There are also other possibilities to obtain a single permit.  For example: for employment in a bottleneck profession that appears on the bottleneck occupations list for migration. If the employer wants more information about this, refer to DEM."], ["Wg wants to publish vacancy in response to application for a single permit (labour market research)", "The WG needs this for its application for a single permit. Procedure Service line Provide the wg with the vacancy number. the link to the vacancy on vdab.be."], ["Wg asks vacancy number, publication date vacancy, link on vdab.be", "Procedure Service line Post the vacancy if the wg would like this. Posting a vacancy is not necessary to file a notice of appeal. Refer the WG to the competent service."], ["Wg wants to publish a vacancy for a notice of appeal due to a negative decision of an application for a combined permit", "Procedure Service line The wg does not need a certificate for its application. DEM requests this directly from VDAB via back office employment. Send the wg the vacancy number. the link to the vacancy on vdab.be."], ["Wg asks for a certificate of his vacancy in response to the application for a combined permit", "Service line does not provide proof.  Procedure Service line Inform the wg that you are not allowed to provide proof, certificate, statement. Only provide the wg with the vacancy number or a link to the published vacancy. Do not mention the words proof, certificate, statement anywhere when you email the link. Is this insufficient for the wg? Send an email with the question from the wg to arbeidsmarktonderzoek@vdab.be. They, too, provide no evidence. They formulate an answer to the WG, coordinated with the legal service.  And write this away in Mastervac."], ["Wg asks for proof of his fruitless search for candidates", "VDAB does not provide any information about this. Procedure Service line Refer the wg to its contact person at DEM. The contact person is mentioned on the correspondence. Background information If the wg receives a negative decision from DEM, he can appeal for this.  Sometimes a wg calls to get more information about the advice that VDAB gave. VDAB never gives this information to the wg. VDAB only passes on the advice to DEM."], ["Wg asks for information about the advice or the final decision", "E.g. information about the forms, conditions, exceptions, course of the application. Procedure Service line Refer the wg to the competent service."], ["Wg wants information about the application for a single permit", "Procedure Service line Refer the wg to the competent service. Background information A WG cannot request a labour market survey.  A WG can, however, submit an application for a single permit to DEM. DEM decides whether a labour market survey is necessary in the context of this application."], ["Wg wants to request a labour market survey How the wg", "can appeal is explained in the letter that the wg received with the decision. Procedure Service line Refer the wg to the competent service. He can find more information in the correspondence."], ["Wg wants to appeal against decision E.g.", "the vacancy was not under shared management and VDAB should have taken care of this. E.g. questions from lawyers, consultants, legal services. Procedure Service line Do not make statements about whether something went wrong where it possibly went wrong Send an email to back office employment. arbeidsmarktonderzoek@vdab.be Does the employer prefer to put his question on e-mail himself? Then you can give the e-mail address arbeidsmarktonderzoek@vdab.be."], ["Wg says that VDAB made a mistake in the labour market survey", "Information Flanders: Economic Migration Service (DEM) admission to work - other contact details Wg already submitted an application? Then he has a file manager at DEM. The file manager is mentioned on the correspondence. Brussels: Permits for non-European employees and self-employed Wallonie: Travailleurs etrangers German-speaking community: www.ostbelgienlive.be Application The application itself goes through 1 digital counter."], ["Contact", "Vacancy Manager All questions about the content of the vacancy that is under shared management. Back office employment arbeidsmarktonderzoek@vdab.be Questions that should not go to the vacancy manager. Only if there is already a vacancy in shared management. E.g. Employer continues to insist. Questions from lawyers, consultants, legal services. E.g. Lawyer claims that the vacancy should have been in shared management, and that VDAB made a mistake here. For example, Jurist invokes the openness of administration and requests access to the labour market research. Economic Migration Service (DEM) Questions about single permit. E.g. information about forms, conditions. Questions about labour market research. E.g. stavaza or results of the labour market survey."], ["Which service to contact for a single permit?", "A permit to allow a third-country national (person with non-EU nationality) to come to Belgium specifically for a certain job. The permit is necessary because otherwise this candidate is not legally allowed to live and work in Belgium."], ["Which service handles which questions?", "Internal info Do not give the information below with a wg.  VDAB is not authorized for this. Wg wants to hire a third-country national (person with non-EU/EEA nationality) without a valid residence in Belgium for a specific job. Wg submits an application for a single permit to DEM for this purpose. DEM can ask VDAB to carry out a labour market survey. VDAB checks whether there are suitable candidates on the labour market for this specific job. possibly with short training by specifically searching for candidates by introducing candidates to the wg VDAB sends its advice to DEM. DEM takes a decision on the application for a single permit. Approve or reject the request."], ["Background information", "Knowledge system Foreign candidates Intranet Procedure labour market research: who does what Labour market surveys: Frequently asked questions"]], "document": "Vacatures ikv arbeidsmarktonderzoek \n\n Vraag aan de VDAB consulent: Procedures? \n Antwoord of Actie: Vacature voor seizoensarbeid Procedure Servicelijn Plaats de vacature. Enkel in het Nederlands . (Anderstalige vacatures kunnen niet in gedeeld beheer) In gedeeld beheer . Altijd. Ook wanneer dit soort vacature normaal verplicht in zelfbeheer staat. Noteer in de opvolgingslijn   'Vacature voor mogelijke aanvraag tot gecombineerde vergunning (AMO)' Zorg voor een duidelijke functieomschrijving .   Informeer de wg Dat je de vacature in gedeeld beheer plaatste. Dat een bemiddelaar contact zal opnemen. VDAB zoekt mee naar geschikte kandidaten op de arbeidsmarkt. Dat hij een aanvraag tot gecombineerde vergunning kan indienen bij DEM wanneer de vacature 3 weken online en actief in gedeeld beheer staat.  Opgelet: de vacature moet nog actief staan wanneer de wg zijn aanvraag indient en tijdens de behandeling ervan. Had de wg al contact met DEM? Indien niet, verwijs de wg door naar de bevoegde dienst voor alle info. Andere vacature  Procedure Servicelijn Volg de reguliere werking.  Zet enkel in gedeeld beheer als de werkgever hier expliciet om vraagt. Geen verplichting meer. Achtergrondinfo DEM vraagt geen arbeidsmarktonderzoek aan VDAB voor elke vacature waarvoor de werkgever een aanvraag tot gecombineerde vergunning indient. DEM beslist of er een arbeidsmarktonderzoek komt of niet, VDAB voert het arbeidsmarktonderzoek uit wanneer DEM het vraagt.  Opgelet Er zijn ook nog andere mogelijkheden om een gecombineerde vergunning te krijgen.  Bv: voor een tewerkstelling in een knelpuntberoep dat voorkomt op de knelpuntberoepenlijst voor migratie . Wil de werkgever hierover meer informatie, verwijs dan door naar DEM. \n\n Vraag aan de VDAB consulent: Wg wil vacature publiceren ikv aanvraag tot gecombineerde vergunning (arbeidsmarktonderzoek)? \n Antwoord of Actie: De wg heeft dit nodig voor zijn aanvraag tot gecombineerde vergunning. Procedure Servicelijn Bezorg de wg het vacaturenummer. de link naar de vacature op vdab.be. \n\n Vraag aan de VDAB consulent: Wg vraagt vacaturenummer, publicatiedatum vacature, link op vdab.be? \n Antwoord of Actie: Procedure Servicelijn Plaats de vacature als de wg dit graag wil. Vacature plaatsen is niet noodzakelijk om  een beroepschrift in te dienen. Verwijs de wg naar de bevoegde dienst . \n\n Vraag aan de VDAB consulent: Wg wil een vacature publiceren voor een beroepschrift ivm een negatieve beslissing van een aanvraag tot gecombineerde vergunning? \n Antwoord of Actie: Procedure Servicelijn De wg heeft geen attest nodig voor zijn aanvraag. DEM vraagt dit rechtstreeks op bij VDAB via backoffice tewerkstelling. Bezorg de wg het vacaturenummer. de link naar de vacature op vdab.be. \n\n Vraag aan de VDAB consulent: Wg vraagt een attest van zijn vacature ikv de aanvraag tot gecombineerde vergunning? \n Antwoord of Actie: Servicelijn levert geen bewijs af.  Procedure Servicelijn Informeer de wg dat je geen bewijs, attest, verklaring mag bezorgen. Bezorg de wg enkel het vacaturenummer of een link naar de gepubliceerde vacature. Vermeld nergens de woorden bewijs, attest, verklaring als je de link mailt. Is dit onvoldoende voor de wg? Stuur een mail met de vraag van de wg naar arbeidsmarktonderzoek@vdab.be. Ook zij leveren geen bewijs af. Ze formuleren een antwoord naar de wg, afgestemd met de juridische dienst.  En schrijven dit weg in Mastervac. \n\n Vraag aan de VDAB consulent: Wg vraagt een bewijs van zijn vruchteloze zoektocht naar kandidaten? \n Antwoord of Actie: VDAB geeft hierover geen info. Procedure Servicelijn Verwijs de wg naar zijn contactpersoon bij DEM. De contactpersoon staat vermeld op de briefwisseling. Achtergrondinfo Als de wg een negatieve beslissing krijgt van DEM, dan kan hij hiervoor beroep aantekenen.  Soms belt een wg dan om meer info te krijgen over het advies dat VDAB gaf. Deze info geeft VDAB nooit mee aan de wg. VDAB geeft het advies enkel door aan DEM. \n\n Vraag aan de VDAB consulent: Wg vraagt info over het advies of de uiteindelijke beslissing? \n Antwoord of Actie: Bv. info over de formulieren, voorwaarden, uitzonderingen, verloop van de aanvraag. Procedure Servicelijn Verwijs de wg naar de bevoegde dienst . \n\n Vraag aan de VDAB consulent: Wg wil info over de aanvraag tot gecombineerde vergunning? \n Antwoord of Actie: Procedure Servicelijn Verwijs de wg naar de bevoegde dienst . Achtergrondinfo Een wg kan geen arbeidsmarktonderzoek aanvragen.  Een wg kan wel een aanvraag indienen tot gecombineerde vergunning bij DEM. DEM beslist of een arbeidsmarktonderzoek nodig is in kader van deze aanvraag.  \n\n Vraag aan de VDAB consulent: Wg wil een arbeidsmarktonderzoek aanvragen? \n Antwoord of Actie: Hoe de wg beroep kan aantekenen, staat uitgelegd in de brief die de wg kreeg met de beslissing. Procedure Servicelijn Verwijs de wg naar de bevoegde dienst . Hij vindt meer info in de briefwisseling. \n\n Vraag aan de VDAB consulent: Wg wil beroep aantekenen tegen beslissing? \n Antwoord of Actie: Bv. de vacature stond niet in gedeeld beheer en VDAB had hiervoor moeten zorgen. Bv. vragen van advocaten, consultants, juridische diensten. Procedure Servicelijn Doe geen uitspraken over of er iets fout liep waar het eventueel fout liep Stuur een mail naar backoffice tewerkstelling. arbeidsmarktonderzoek@vdab.be Zet de werkgever zijn vraag liever zelf op mail? Dan mag je het e-mailadres arbeidsmarktonderzoek@vdab.be meegeven.  \n\n Vraag aan de VDAB consulent: Wg zegt dat VDAB een fout maakte in het arbeidsmarktonderzoek? \n Antwoord of Actie: Informatie Vlaanderen: Dienst Economische Migratie (DEM) toelating tot arbeid - overige contactgegevens Wg diende al een aanvraag in? Dan heeft hij een dossierbeheerder bij DEM. De dossierbeheerder staat vermeld op de briefwisseling. Brussel: Vergunningen voor niet-Europese werknemers en zelfstandigen Wallonie: Travailleurs etrangers Duitstalige gemeenschap: www.ostbelgienlive.be  Aanvraag De aanvraag zelf gaat via 1 digitaal loket . \n\n Vraag aan de VDAB consulent: Contact? \n Antwoord of Actie: Vacaturebeheerder Alle vragen over de inhoud van de vacature die in gedeeld beheer staat. Backoffice tewerkstelling arbeidsmarktonderzoek@vdab.be   Vragen die niet naar de vacaturebeheerder moeten gaan. Enkel als er al een vacature in gedeeld beheer staat. Bv. Werkgever blijft aandringen. Vragen van advocaten, consultants, juridische diensten. Bv. Advocaat beweert dat de vacature in gedeeld beheer had moeten staan, en dat VDAB hier een fout gemaakt heeft. Bv. Jurist beroept zich op de openbaarheid van bestuur en vraagt inzage in het arbeidsmarktonderzoek. Dienst Economische Migratie (DEM) Vragen over gecombineerde vergunning. Bv. info over formulieren, voorwaarden. Vragen over het arbeidsmarktonderzoek. Bv. stavaza of uitslag van het arbeidsmarktonderzoek.  \n\n Vraag aan de VDAB consulent: Welke dienst contacteren voor aanvraag tot gecombineerde vergunning?? \n Antwoord of Actie: Een vergunning om een derdelander (persoon met niet EU-nationaliteit) speciaal naar Belgie te laten komen voor een bepaalde job. De vergunning is nodig omdat deze kandidaat anders niet legaal in Belgie mag verblijven en werken. \n\n Vraag aan de VDAB consulent: Welke dienst behandelt welke vragen?? \n Antwoord of Actie: Interne info Geef onderstaande info niet mee met een wg.  VDAB is hiervoor niet bevoegd. Wg wil een derdelander (persoon met niet EU/EER nationaliteit) zonder geldig verblijf in Belgie aannemen voor een specifieke job. Wg dient hiervoor een aanvraag tot gecombineerde vergunning in bij DEM. DEM kan aan VDAB vragen om een arbeidsmarktonderzoek uit te voeren. VDAB gaat na of er geschikte kandidaten zijn op de arbeidsmarkt voor deze specifieke job. eventueel met korte opleiding door gericht kandidaten te zoeken  door kandidaten voor te stellen aan de wg VDAB stuurt zijn advies naar DEM. DEM neemt een beslissing voor de aanvraag tot gecombineerde vergunning. De aanvraag goedkeuren of verwerpen. \n\n Vraag aan de VDAB consulent: Achtergrondinfo? \n Antwoord of Actie: Kennissysteem Buitenlandse kandidaten Intranet Procedure arbeidsmarktonderzoek: wie doet wat Arbeidsmarktonderzoeken: Veelgestelde vragen \n\n Categorie: Servicelijn \n\n Domein: rekruteren over de grenzen \n\n Tags: arbeidsmarktonderzoek \n\n Url: https://intranet-rel1ldv.ops.vdab.be/faq/servicelijn/vacatures-ikv-arbeidsmarktonderzoek \n\n Volgende paginas: Buitenlandse of anderstalige kandidaten aanwerven, via https://intranet-rel1ldv.ops.vdab.be/faq/servicelijn/buitenlandse-anderstalige-kandidaten-aanwerven \n\n Type: intranet", "document_translation": "Vacancies for labour market research \n\n Question for the VDAB counselor: Procedures? \n Answer or Action: Vacancy for seasonal work Procedure Service line Post the vacancy. Only in Dutch. (Foreign-language vacancies cannot be managed in shared management) Under shared management . All the time. Even when this type of vacancy is normally mandatory in self-management. In the follow-up line, write down 'Vacancy for possible application for a single permit (AMO)' Provide a clear job description.   Inform the wg That you posted the vacancy in shared management. That a mediator will get in touch. VDAB helps find suitable candidates on the labour market. That he can submit an application for a single permit to DEM when the vacancy is online and actively under shared management for 3 weeks.  Please note: the vacancy must still be active when the WG submits its application and during its processing. Was the wg already in contact with DEM? If not, refer the wg to the competent service for all information. Other vacancy Procedure Service line Follow the regular operation.  Only use shared management if the employer explicitly requests this. No more obligation. Background information DEM does not request a labour market survey from VDAB for every vacancy for which the employer submits an application for a single permit. DEM decides whether there will be a labour market survey or not, VDAB carries out the labour market survey when DEM requests it.  Attention: There are also other possibilities to obtain a single permit.  For example: for employment in a bottleneck profession that appears on the bottleneck occupations list for migration. If the employer wants more information about this, refer to DEM. \n\n Question for the VDAB counselor: Wg wants to publish vacancy in response to application for a single permit (labour market research)? \n Answer or Action: The WG needs this for its application for a single permit. Procedure Service line Provide the wg with the vacancy number. the link to the vacancy on vdab.be. \n\n Question for the VDAB counselor: Wg asks vacancy number, publication date vacancy, link on vdab.be? \n Answer or Action: Procedure Service line Post the vacancy if the wg would like this. Posting a vacancy is not necessary to file a notice of appeal. Refer the WG to the competent service. \n\n Question for the VDAB counselor: Wg wants to publish a vacancy for a notice of appeal due to a negative decision of an application for a combined permit? \n Answer or Action: Procedure Service line The wg does not need a certificate for its application. DEM requests this directly from VDAB via back office employment. Send the wg the vacancy number. the link to the vacancy on vdab.be. \n\n Question for the VDAB counselor: Wg asks for a certificate of his vacancy in response to the application for a combined permit? \n Answer or Action: Service line does not provide proof.  Procedure Service line Inform the wg that you are not allowed to provide proof, certificate, statement. Only provide the wg with the vacancy number or a link to the published vacancy. Do not mention the words proof, certificate, statement anywhere when you email the link. Is this insufficient for the wg? Send an email with the question from the wg to arbeidsmarktonderzoek@vdab.be. They, too, provide no evidence. They formulate an answer to the WG, coordinated with the legal service.  And write this away in Mastervac. \n\n Question for the VDAB counselor: Wg asks for proof of his fruitless search for candidates? \n Answer or Action: VDAB does not provide any information about this. Procedure Service line Refer the wg to its contact person at DEM. The contact person is mentioned on the correspondence. Background information If the wg receives a negative decision from DEM, he can appeal for this.  Sometimes a wg calls to get more information about the advice that VDAB gave. VDAB never gives this information to the wg. VDAB only passes on the advice to DEM. \n\n Question for the VDAB counselor: Wg asks for information about the advice or the final decision? \n Answer or Action: E.g. information about the forms, conditions, exceptions, course of the application. Procedure Service line Refer the wg to the competent service. \n\n Question for the VDAB counselor: Wg wants information about the application for a single permit? \n Answer or Action: Procedure Service line Refer the wg to the competent service. Background information A WG cannot request a labour market survey.  A WG can, however, submit an application for a single permit to DEM. DEM decides whether a labour market survey is necessary in the context of this application. \n\n Question for the VDAB counselor: Wg wants to request a labour market survey How the wg? \n Answer or Action: can appeal is explained in the letter that the wg received with the decision. Procedure Service line Refer the wg to the competent service. He can find more information in the correspondence. \n\n Question for the VDAB counselor: Wg wants to appeal against decision E.g.? \n Answer or Action: the vacancy was not under shared management and VDAB should have taken care of this. E.g. questions from lawyers, consultants, legal services. Procedure Service line Do not make statements about whether something went wrong where it possibly went wrong Send an email to back office employment. arbeidsmarktonderzoek@vdab.be Does the employer prefer to put his question on e-mail himself? Then you can give the e-mail address arbeidsmarktonderzoek@vdab.be. \n\n Question for the VDAB counselor: Wg says that VDAB made a mistake in the labour market survey? \n Answer or Action: Information Flanders: Economic Migration Service (DEM) admission to work - other contact details Wg already submitted an application? Then he has a file manager at DEM. The file manager is mentioned on the correspondence. Brussels: Permits for non-European employees and self-employed Wallonie: Travailleurs etrangers German-speaking community: www.ostbelgienlive.be Application The application itself goes through 1 digital counter. \n\n Question for the VDAB counselor: Contact? \n Answer or Action: Vacancy Manager All questions about the content of the vacancy that is under shared management. Back office employment arbeidsmarktonderzoek@vdab.be Questions that should not go to the vacancy manager. Only if there is already a vacancy in shared management. E.g. Employer continues to insist. Questions from lawyers, consultants, legal services. E.g. Lawyer claims that the vacancy should have been in shared management, and that VDAB made a mistake here. For example, Jurist invokes the openness of administration and requests access to the labour market research. Economic Migration Service (DEM) Questions about single permit. E.g. information about forms, conditions. Questions about labour market research. E.g. stavaza or results of the labour market survey. \n\n Question for the VDAB counselor: Which service to contact for a single permit?? \n Answer or Action: A permit to allow a third-country national (person with non-EU nationality) to come to Belgium specifically for a certain job. The permit is necessary because otherwise this candidate is not legally allowed to live and work in Belgium. \n\n Question for the VDAB counselor: Which service handles which questions?? \n Answer or Action: Internal info Do not give the information below with a wg.  VDAB is not authorized for this. Wg wants to hire a third-country national (person with non-EU/EEA nationality) without a valid residence in Belgium for a specific job. Wg submits an application for a single permit to DEM for this purpose. DEM can ask VDAB to carry out a labour market survey. VDAB checks whether there are suitable candidates on the labour market for this specific job. possibly with short training by specifically searching for candidates by introducing candidates to the wg VDAB sends its advice to DEM. DEM takes a decision on the application for a single permit. Approve or reject the request. \n\n Question for the VDAB counselor: Background information? \n Answer or Action: Knowledge system Foreign candidates Intranet Procedure labour market research: who does what Labour market surveys: Frequently asked questions \n\n Category: Service line \n\n Domain: recruiting across borders \n\n Tags: labour market research \n\n Url: https://intranet-rel1ldv.ops.vdab.be/faq/servicelijn/vacatures-ikv-arbeidsmarktonderzoek \n\n Next pages: Buitenlandse of anderstalige kandidaten aanwerven, via https://intranet-rel1ldv.ops.vdab.be/faq/servicelijn/buitenlandse-anderstalige-kandidaten-aanwerven \n\n Type: intranet"}