{"title": "Dispatchingwizard: Vragen bij de stap 'Dienst'", "type": "intranet", "field_trefwoorden_name": ["orienteren", "diwi", "orientering", "dispatchingwizard"], "domain_name": ["diwi"], "category_name": "Servicelijn", "url": "https://intranet-rel1ldv.ops.vdab.be/faq/servicelijn/dispatchingwizard-vragen-bij-de-stap-dienst", "content": [["Welke sector kiezen bij meerdere gewenste jobs?", "De sector waarin de klant het meeste interesse heeft.  Noteer in notitie waarom je koos voor die bepaalde sector."], ["Welke sector kiezen bij twijfel tussen meerdere sectoren?", "Boek het opstartgesprek in bij de sector die het meest aansluit bij wat de klant kan of wil doen. Houd rekening met de gewenste job en de ondersteuningsnood van de klant. Achtergrondinfo: Als tijdens het opstartgesprek met het clusterteam (of later) blijkt dat er nood is aan de expertise van een andere sector / cluster, dan zal de provinciale bemiddelaar de klant verder dispatchen. "], ["Er is weinig werk in een bepaalde sector, klant toch doorsturen?", "Ja.  De provinciale bemiddelaar van het clusterteam bekijkt met elke klant wat mogelijk is qua jobkeuze en opleiding, ook voor de sectoren met weinig werkgelegenheid."], ["Naar waar klanten sturen met nood aan (her)orientering?", "Altijd naar een sectoraal team bemiddeling. Zie doc Wegwijs in het propellerblad 'orienteren'  >  Naar welke cluster dispatchen bij nood aan orientatie?  "]], "link_ankers": [["https://intranet-rel1ldv.ops.vdab.be/faq/servicelijn/hoe-een-opstartgesprek-boeken-met-de-dispatchingwizard", "Hoe een opstartgesprek boeken met de dispatchingwizard?"], ["https://intranet-rel1ldv.ops.vdab.be/faq/servicelijn/dispatchingwizard-vragen-bij-de-stap-tijdslot", "Dispatchingwizard: Vragen bij de stap 'Tijdslot'"]], "title_translation": "Dispatching wizard: Questions at the 'Service' step", "field_trefwoorden_name_translation": ["diwi", "orientation", "dispatching wizard"], "domain_name_translation": ["diwi"], "category_name_translation": "Service line", "content_translation": [["Which sector to choose for multiple desired jobs?", "The sector in which the customer is most interested.  Write down in note why you chose that particular sector."], ["Which sector to choose between multiple sectors when in doubt?", "Book the start-up interview with the sector that best matches what the customer can or wants to do. Take into account the desired job and the support needs of the customer. Background information: If during the start-up conversation with the cluster team (or later) it appears that there is a need for the expertise of another sector / cluster, the provincial mediator will dispatch the customer further."], ["There is little work in a certain sector, customer forwarding?", "Yes.  The provincial mediator of the cluster team examines with each client what is possible in terms of job choice and training, also for the sectors with little employment."], ["Where do customers send with a need for (re)orientation?", "Always to a sectoral mediation team. See doc Guide to the propeller sheet 'orienting' > Which cluster to dispatch to in case of need for orientation?"]], "document": "Dispatchingwizard: Vragen bij de stap 'Dienst' \n\n Vraag aan de VDAB consulent: Welke sector kiezen bij meerdere gewenste jobs?? \n Antwoord of Actie: De sector waarin de klant het meeste interesse heeft.  Noteer in notitie waarom je koos voor die bepaalde sector. \n\n Vraag aan de VDAB consulent: Welke sector kiezen bij twijfel tussen meerdere sectoren?? \n Antwoord of Actie: Boek het opstartgesprek in bij de sector die het meest aansluit bij wat de klant kan of wil doen. Houd rekening met de gewenste job en de ondersteuningsnood van de klant. Achtergrondinfo: Als tijdens het opstartgesprek met het clusterteam (of later) blijkt dat er nood is aan de expertise van een andere sector / cluster, dan zal de provinciale bemiddelaar de klant verder dispatchen.  \n\n Vraag aan de VDAB consulent: Er is weinig werk in een bepaalde sector, klant toch doorsturen?? \n Antwoord of Actie: Ja.  De provinciale bemiddelaar van het clusterteam bekijkt met elke klant wat mogelijk is qua jobkeuze en opleiding, ook voor de sectoren met weinig werkgelegenheid. \n\n Vraag aan de VDAB consulent: Naar waar klanten sturen met nood aan (her)orientering?? \n Antwoord of Actie: Altijd naar een sectoraal team bemiddeling. Zie doc Wegwijs in het propellerblad 'orienteren'  >  Naar welke cluster dispatchen bij nood aan orientatie? \n\n Categorie: Servicelijn \n\n Domein: diwi \n\n Tags: orienteren, diwi, orientering, dispatchingwizard \n\n Url: https://intranet-rel1ldv.ops.vdab.be/faq/servicelijn/dispatchingwizard-vragen-bij-de-stap-dienst \n\n Volgende paginas: Hoe een opstartgesprek boeken met de dispatchingwizard?, via https://intranet-rel1ldv.ops.vdab.be/faq/servicelijn/hoe-een-opstartgesprek-boeken-met-de-dispatchingwizard - Dispatchingwizard: Vragen bij de stap 'Tijdslot', via https://intranet-rel1ldv.ops.vdab.be/faq/servicelijn/dispatchingwizard-vragen-bij-de-stap-tijdslot \n\n Type: intranet", "document_translation": "Dispatching wizard: Questions at the 'Service' step \n\n Question for the VDAB counselor: Which sector to choose for multiple desired jobs?? \n Answer or Action: The sector in which the customer is most interested.  Write down in note why you chose that particular sector. \n\n Question for the VDAB counselor: Which sector to choose between multiple sectors when in doubt?? \n Answer or Action: Book the start-up interview with the sector that best matches what the customer can or wants to do. Take into account the desired job and the support needs of the customer. Background information: If during the start-up conversation with the cluster team (or later) it appears that there is a need for the expertise of another sector / cluster, the provincial mediator will dispatch the customer further. \n\n Question for the VDAB counselor: There is little work in a certain sector, customer forwarding?? \n Answer or Action: Yes.  The provincial mediator of the cluster team examines with each client what is possible in terms of job choice and training, also for the sectors with little employment. \n\n Question for the VDAB counselor: Where do customers send with a need for (re)orientation?? \n Answer or Action: Always to a sectoral mediation team. See doc Guide to the propeller sheet 'orienting' > Which cluster to dispatch to in case of need for orientation? \n\n Category: Service line \n\n Domain: diwi \n\n Tags: diwi, orientation, dispatching wizard \n\n Url: https://intranet-rel1ldv.ops.vdab.be/faq/servicelijn/dispatchingwizard-vragen-bij-de-stap-dienst \n\n Next pages: Hoe een opstartgesprek boeken met de dispatchingwizard?, via https://intranet-rel1ldv.ops.vdab.be/faq/servicelijn/hoe-een-opstartgesprek-boeken-met-de-dispatchingwizard - Dispatchingwizard: Vragen bij de stap 'Tijdslot', via https://intranet-rel1ldv.ops.vdab.be/faq/servicelijn/dispatchingwizard-vragen-bij-de-stap-tijdslot \n\n Type: intranet"}