{"title": "Werken met Engagor: praktisch", "type": "intranet", "field_trefwoorden_name": ["sociale media", "engagor"], "domain_name": ["sociale media"], "category_name": "Servicelijn", "field_faq_summary": "Doc voor Servicelijn-bemiddelaars die antwoorden op sociale media. ", "url": "https://intranet-rel1ldv.ops.vdab.be/faq/servicelijn/werken-met-engagor-praktisch", "content": [["Op welke berichten reageren?", "Volg de flow  Reactieschema sociale media  (Drive)"], ["Het sentiment aanpassen van elk bericht dat je behandelt.", "Procedure Servicelijn Pas voor elk bericht het sentiment aan. positief over VDAB  >  positief negatief over VDAB  > negatief bericht niet over of voor VDAB  > neutraal bericht van VDAB zelf  > neutraal"], ["Je behandelt een bericht maar wil dat bespreken.", "Procedure Servicelijn Tag het bericht met jouw naam. Gebruik 'bespreken' als je de vraag wil voorleggen in de Google+-community. Gebruik 'wachten op antwoord' als je de vraag naar een expert doorstuurt. Voeg een korte notitie toe met meer uitleg."], ["Wanneer/ waarom een notitie toevoegen in Engagor.", "Een notitie is niet zichtbaar voor de klant, maar wel heel handig voor jou en je collega's. Gebruik een notitie: Als je een bericht niet onmiddellijk beantwoordt. Het belangrijk is dat je collega's kunnen zien wat er al mee gebeurd is ."], ["Het lukt niet om te reageren op een ouder Facebook-bericht.", "Procedure Servicelijn Zet in de community en tag Stijn en Diederik. Zij kunnen wel nog antwoorden via de Facebook-bedrijfspagina. Achtergrondinfo In Engagor kan je niet reageren op Facebook-berichten ouder dan 7 dagen. Vanop de Facebook-bedrijfspagina kan dat wel."], ["Gebruik niet te veel standaarantwoorden", "Wees er zuinig mee en antwoord zo veel mogelijk persoonlijk en empatisch. "]], "title_translation": "Working with Engagor: practical", "field_trefwoorden_name_translation": ["social media", "engagor"], "domain_name_translation": ["social media"], "category_name_translation": "Service line", "field_faq_summary_translation": "Doc for Service line mediators who reply on social media. ", "content_translation": [["Which messages to respond to?", "Follow the flow Social Media Response Schedule (Drive)"], ["Adjust the sentiment of each post you handle.", "Service Line Procedure Adjust the sentiment for each message. positive about VDAB > positive negative about VDAB > negative message not about or for VDAB > neutral message from VDAB itself > neutral"], ["You handle a message but want to discuss it.", "Procedure Service Line Tag the post with your name. Use \"discuss\" if you want to submit the question in the Google+ community. Use \"waiting for an answer\" when forwarding the question to an expert. Add a short note with more explanation."], ["When/why add a note in Engagor.", "A note is not visible to the customer, but it is very useful for you and your colleagues. Use a note: If you don't reply to a message immediately. It is important that your colleagues can see what has already happened to it."], ["I'm having trouble responding to an older Facebook post.", "Procedure Servicelijn Put in the community and tag Stijn and Diederik. They can still reply via the Facebook company page. Background info In Engagor you cannot respond to Facebook messages older than 7 days. From the Facebook company page you can."], ["Don't use too many standard answers", "Be careful with it and answer as personally and empathetically as possible."]], "document": "Werken met Engagor: praktisch \n\n Doc voor Servicelijn-bemiddelaars die antwoorden op sociale media. \n\n Vraag aan de VDAB consulent: Op welke berichten reageren?? \n Antwoord of Actie: Volg de flow  Reactieschema sociale media  (Drive) \n\n Vraag aan de VDAB consulent: Het sentiment aanpassen van elk bericht dat je behandelt.? \n Antwoord of Actie: Procedure Servicelijn Pas voor elk bericht het sentiment aan. positief over VDAB  >  positief negatief over VDAB  > negatief bericht niet over of voor VDAB  > neutraal bericht van VDAB zelf  > neutraal \n\n Vraag aan de VDAB consulent: Je behandelt een bericht maar wil dat bespreken.? \n Antwoord of Actie: Procedure Servicelijn Tag het bericht met jouw naam. Gebruik 'bespreken' als je de vraag wil voorleggen in de Google+-community. Gebruik 'wachten op antwoord' als je de vraag naar een expert doorstuurt. Voeg een korte notitie toe met meer uitleg. \n\n Vraag aan de VDAB consulent: Wanneer/ waarom een notitie toevoegen in Engagor.? \n Antwoord of Actie: Een notitie is niet zichtbaar voor de klant, maar wel heel handig voor jou en je collega's. Gebruik een notitie: Als je een bericht niet onmiddellijk beantwoordt. Het belangrijk is dat je collega's kunnen zien wat er al mee gebeurd is . \n\n Vraag aan de VDAB consulent: Het lukt niet om te reageren op een ouder Facebook-bericht.? \n Antwoord of Actie: Procedure Servicelijn Zet in de community en tag Stijn en Diederik. Zij kunnen wel nog antwoorden via de Facebook-bedrijfspagina. Achtergrondinfo In Engagor kan je niet reageren op Facebook-berichten ouder dan 7 dagen. Vanop de Facebook-bedrijfspagina kan dat wel. \n\n Vraag aan de VDAB consulent: Gebruik niet te veel standaarantwoorden? \n Antwoord of Actie: Wees er zuinig mee en antwoord zo veel mogelijk persoonlijk en empatisch. \n\n Categorie: Servicelijn \n\n Domein: sociale media \n\n Tags: sociale media, engagor \n\n Url: https://intranet-rel1ldv.ops.vdab.be/faq/servicelijn/werken-met-engagor-praktisch \n\n Type: intranet", "document_translation": "Working with Engagor: practical \n\n Doc for Service line mediators who reply on social media. \n\n Question for the VDAB counselor: Which messages to respond to?? \n Answer or Action: Follow the flow Social Media Response Schedule (Drive) \n\n Question for the VDAB counselor: Adjust the sentiment of each post you handle.? \n Answer or Action: Service Line Procedure Adjust the sentiment for each message. positive about VDAB > positive negative about VDAB > negative message not about or for VDAB > neutral message from VDAB itself > neutral \n\n Question for the VDAB counselor: You handle a message but want to discuss it.? \n Answer or Action: Procedure Service Line Tag the post with your name. Use \"discuss\" if you want to submit the question in the Google+ community. Use \"waiting for an answer\" when forwarding the question to an expert. Add a short note with more explanation. \n\n Question for the VDAB counselor: When/why add a note in Engagor.? \n Answer or Action: A note is not visible to the customer, but it is very useful for you and your colleagues. Use a note: If you don't reply to a message immediately. It is important that your colleagues can see what has already happened to it. \n\n Question for the VDAB counselor: I'm having trouble responding to an older Facebook post.? \n Answer or Action: Procedure Servicelijn Put in the community and tag Stijn and Diederik. They can still reply via the Facebook company page. Background info In Engagor you cannot respond to Facebook messages older than 7 days. From the Facebook company page you can. \n\n Question for the VDAB counselor: Don't use too many standard answers? \n Answer or Action: Be careful with it and answer as personally and empathetically as possible. \n\n Category: Service line \n\n Domain: social media \n\n Tags: social media, engagor \n\n Url: https://intranet-rel1ldv.ops.vdab.be/faq/servicelijn/werken-met-engagor-praktisch \n\n Type: intranet"}