{"title": "Soorten verslaggeving", "type": "intranet", "field_trefwoorden_name": ["toelichting", "veld toelichting", "toelichtingsveld"], "domain_name": ["verslaggeving over klant"], "category_name": "Servicelijn", "url": "https://intranet-rel1ldv.ops.vdab.be/faq/servicelijn/soorten-verslaggeving", "content": [["Het veld verslag in INOS", "Veld voor Servicelijn in INOS om de samenvatting van de  inschattings- en opvolggesprekken te delen met de collega's. MLB kopieert de inhoud van veld verslag automatisch naar het veld notitie.  MLB > tab 'Dienstverlening' > subtab 'Nieuwe dienstverlening' > via 'Registreer inkomend gesprek' of 'Aanwezig afwerken' > veld 'Verslag'. "], ["Wat", "Vervangt het veld toelichting. Apart onderdeel in het klantendossier. MLB > tab 'Dienstverlening' > subtab 'Nieuwe dienstverlening' > via 'Verslaggeving'. 3 opties met mogelijkheid om hierop te filteren: Voeg plan van aanpak toe. Voeg notitie toe. Voeg memo toe. "], ["De tab 'Verslaggeving'", "Hangt samen met de wijziging van status. Afhankelijk van de status dienstverlening die je kiest, krijg je een ander PvA om in te vullen.  Servicelijn gebruikt dit enkel bij dispatch voor niet CS-klanten. Je noteert in de tekstvelden de standaardzin: 'Zie notitie'. Het verslag van je gesprek schrijf je weg bij de notitie. Servicelijn gebruikt enkel onderstaande statussen: Klant wil dienstverlening: Actiegerichte (her)inschatting of AGI. Klant waar geen dienstverlening meer mogelijk is: Blijft ingeschreven, geen dienstverlening door VDAB of BLING."], ["Wat", "Tekstveld waarin relevante informatie staat over de bemiddeling van de klant. De verschillende notities samen vormen de rode draad binnen een bemiddeling. Vergelijkbaar met het vroegere veld toelichting: Bij niet CS-klanten schrijf je hier de samenvatting van je gesprek. Bij CS-klanten wordt de inhoud van het veld verslag in INOS naar het veld notitie gekopieerd.  Op de notitie zijn 2 acties mogelijk: Vastpinnen. Delen met. Vastpinnen Belangrijke notities kunnen bovenaan gepind worden.  Afspraken m.b.t. het pinnen: Servicelijn pint niet zelf. Bij gekende klanten: regionale bemiddelaar pint vast. Delen met Communicatiemiddel tussen bemiddelaars onderling: door de notitie te delen krijgt de regionale VDAB-collega of partner een verwijzing naar de notitie op zijn dashboard.  Wanneer wel en wanneer niet delen? Zie Wanneer een notitie delen ."], ["Plan van aanpak (PvA)", "Geen gebruik door Servicelijn. Soort van post it die de regionale bemiddelaar kan gebruiken in het belang van het bemiddelingstraject. "]], "link_ankers": [["https://intranet-rel1ldv.ops.vdab.be/faq/servicelijn/praktische-afspraken-verslaggeving", "Praktische afspraken verslaggeving"], ["https://intranet-rel1ldv.ops.vdab.be/faq/servicelijn/verslaggeving-bij-cs-klanten", "Verslaggeving bij CS-klanten"], ["https://intranet-rel1ldv.ops.vdab.be/faq/servicelijn/praktische-afspraken-verslaggeving", "Wanneer een notitie delen"]], "title_translation": "Types of reporting", "field_trefwoorden_name_translation": ["explanation", "field explanation", "explanatory field"], "domain_name_translation": ["customer reporting"], "category_name_translation": "Service line", "content_translation": [["The field report in INOS", "Field for Service Line in INOS to share the summary of the assessment and follow-up conversations with colleagues. MLB automatically copies the contents of the report field to the note field.  MLB > 'Services' tab > 'New service' subtab > via 'Register incoming call' or 'Finish present' > 'Report' field."], ["What", "Replaces the callout field. Separate section in the customer file. MLB > 'Services' tab > 'New services' subtab > via 'Reporting'. 3 options with possibility to filter on this: Add plan of action. Add note. Add memo."], ["The Reporting tab", "is related to the change of status. Depending on the service status you choose, you will receive a different PvA to fill in.  Service line only uses this for dispatch for non-CS customers. In the text fields, write down the standard phrase: \"See note.\" You write the report of your conversation with the note. Service line only uses the following statuses: Customer wants service: Action-oriented (re)assessment or AGI. Customer where no service is possible anymore: Remains registered, no service by VDAB or BLING."], ["Some", "Text field containing relevant information about the client's mediation. The various notes together form the common thread within a mediation. Similar to the previous explanation field: For non-CS customers, write the summary of your conversation here. For CS customers, the contents of the report field in INOS are copied to the note field.  On the note 2 actions are possible: Pinning. Share with. Pinning Important notes can be pinned at the top.  Agreements regarding debit cards: Service line does not pin itself. With known customers: regional mediator pins. Sharing with Communication between mediators: by sharing the note, the regional VDAB colleague or partner receives a reference to the note on his dashboard.  When to share and when not to share? See When to share a note ."], ["Plan of action (PvA)", "No use by Service line. Kind of post it that the regional mediator can use in the interest of the mediation process."]], "document": "Soorten verslaggeving \n\n Vraag aan de VDAB consulent: Het veld verslag in INOS? \n Antwoord of Actie: Veld voor Servicelijn in INOS om de samenvatting van de  inschattings- en opvolggesprekken te delen met de collega's. MLB kopieert de inhoud van veld verslag automatisch naar het veld notitie.  MLB > tab 'Dienstverlening' > subtab 'Nieuwe dienstverlening' > via 'Registreer inkomend gesprek' of 'Aanwezig afwerken' > veld 'Verslag'.  \n\n Vraag aan de VDAB consulent: Wat? \n Antwoord of Actie: Vervangt het veld toelichting. Apart onderdeel in het klantendossier. MLB > tab 'Dienstverlening' > subtab 'Nieuwe dienstverlening' > via 'Verslaggeving'. 3 opties met mogelijkheid om hierop te filteren: Voeg plan van aanpak toe. Voeg notitie toe. Voeg memo toe.  \n\n Vraag aan de VDAB consulent: De tab 'Verslaggeving'? \n Antwoord of Actie: Hangt samen met de wijziging van status. Afhankelijk van de status dienstverlening die je kiest, krijg je een ander PvA om in te vullen.  Servicelijn gebruikt dit enkel bij dispatch voor niet CS-klanten. Je noteert in de tekstvelden de standaardzin: 'Zie notitie'. Het verslag van je gesprek schrijf je weg bij de notitie. Servicelijn gebruikt enkel onderstaande statussen: Klant wil dienstverlening: Actiegerichte (her)inschatting of AGI. Klant waar geen dienstverlening meer mogelijk is: Blijft ingeschreven, geen dienstverlening door VDAB of BLING. \n\n Vraag aan de VDAB consulent: Wat? \n Antwoord of Actie: Tekstveld waarin relevante informatie staat over de bemiddeling van de klant. De verschillende notities samen vormen de rode draad binnen een bemiddeling. Vergelijkbaar met het vroegere veld toelichting: Bij niet CS-klanten schrijf je hier de samenvatting van je gesprek. Bij CS-klanten wordt de inhoud van het veld verslag in INOS naar het veld notitie gekopieerd.  Op de notitie zijn 2 acties mogelijk: Vastpinnen. Delen met. Vastpinnen Belangrijke notities kunnen bovenaan gepind worden.  Afspraken m.b.t. het pinnen: Servicelijn pint niet zelf. Bij gekende klanten: regionale bemiddelaar pint vast. Delen met Communicatiemiddel tussen bemiddelaars onderling: door de notitie te delen krijgt de regionale VDAB-collega of partner een verwijzing naar de notitie op zijn dashboard.  Wanneer wel en wanneer niet delen? Zie Wanneer een notitie delen . \n\n Vraag aan de VDAB consulent: Plan van aanpak (PvA)? \n Antwoord of Actie: Geen gebruik door Servicelijn. Soort van post it die de regionale bemiddelaar kan gebruiken in het belang van het bemiddelingstraject. \n\n Categorie: Servicelijn \n\n Domein: verslaggeving over klant \n\n Tags: toelichting, veld toelichting, toelichtingsveld \n\n Url: https://intranet-rel1ldv.ops.vdab.be/faq/servicelijn/soorten-verslaggeving \n\n Volgende paginas: Praktische afspraken verslaggeving, via https://intranet-rel1ldv.ops.vdab.be/faq/servicelijn/praktische-afspraken-verslaggeving - Verslaggeving bij CS-klanten, via https://intranet-rel1ldv.ops.vdab.be/faq/servicelijn/verslaggeving-bij-cs-klanten - Wanneer een notitie delen, via https://intranet-rel1ldv.ops.vdab.be/faq/servicelijn/praktische-afspraken-verslaggeving \n\n Type: intranet", "document_translation": "Types of reporting \n\n Question for the VDAB counselor: The field report in INOS? \n Answer or Action: Field for Service Line in INOS to share the summary of the assessment and follow-up conversations with colleagues. MLB automatically copies the contents of the report field to the note field.  MLB > 'Services' tab > 'New service' subtab > via 'Register incoming call' or 'Finish present' > 'Report' field. \n\n Question for the VDAB counselor: What? \n Answer or Action: Replaces the callout field. Separate section in the customer file. MLB > 'Services' tab > 'New services' subtab > via 'Reporting'. 3 options with possibility to filter on this: Add plan of action. Add note. Add memo. \n\n Question for the VDAB counselor: The Reporting tab? \n Answer or Action: is related to the change of status. Depending on the service status you choose, you will receive a different PvA to fill in.  Service line only uses this for dispatch for non-CS customers. In the text fields, write down the standard phrase: \"See note.\" You write the report of your conversation with the note. Service line only uses the following statuses: Customer wants service: Action-oriented (re)assessment or AGI. Customer where no service is possible anymore: Remains registered, no service by VDAB or BLING. \n\n Question for the VDAB counselor: Some? \n Answer or Action: Text field containing relevant information about the client's mediation. The various notes together form the common thread within a mediation. Similar to the previous explanation field: For non-CS customers, write the summary of your conversation here. For CS customers, the contents of the report field in INOS are copied to the note field.  On the note 2 actions are possible: Pinning. Share with. Pinning Important notes can be pinned at the top.  Agreements regarding debit cards: Service line does not pin itself. With known customers: regional mediator pins. Sharing with Communication between mediators: by sharing the note, the regional VDAB colleague or partner receives a reference to the note on his dashboard.  When to share and when not to share? See When to share a note . \n\n Question for the VDAB counselor: Plan of action (PvA)? \n Answer or Action: No use by Service line. Kind of post it that the regional mediator can use in the interest of the mediation process. \n\n Category: Service line \n\n Domain: customer reporting \n\n Tags: field explanation, explanation, explanatory field \n\n Url: https://intranet-rel1ldv.ops.vdab.be/faq/servicelijn/soorten-verslaggeving \n\n Next pages: Praktische afspraken verslaggeving, via https://intranet-rel1ldv.ops.vdab.be/faq/servicelijn/praktische-afspraken-verslaggeving - Verslaggeving bij CS-klanten, via https://intranet-rel1ldv.ops.vdab.be/faq/servicelijn/verslaggeving-bij-cs-klanten - Wanneer een notitie delen, via https://intranet-rel1ldv.ops.vdab.be/faq/servicelijn/praktische-afspraken-verslaggeving \n\n Type: intranet"}