{"title": "Dimona- batch: algemene info", "type": "intranet", "domain_name": ["batchen"], "category_name": "Servicelijn", "field_faq_summary": "afspraken wanneer nuttig/mogelijk is om herinschrijving door dimona-batch teniet te doen en hoe dit technisch in orde te maken via expertenprofiel (correcties)", "url": "https://intranet-rel1ldv.ops.vdab.be/faq/servicelijn/dimona-batch-algemene-info", "content": [["Wat is de dimona-batch?", "De dimona-batch zorgt ervoor dat klanten op het juiste moment in- en uitgeschreven staan en dit op basis van de tewerkstellingsgegevens.  De batch zorgt dat: bij een contract van (on)bepaalde duur het dossier automatisch is uitgeschreven in cat 78, vanaf start contract.  indien de tewerkstelling korter is dan 28 kalenderdagen, dan wordt de klant opnieuw ingeschreven op datum van uitschrijving. Zie ook alinea:  Welke dossiers worden automatisch in- of uitgeschreven? b ij een interimcontract het dossier na 28 kalenderdagen met terugwerkende kracht is uitgeschreven in cat 78, vanaf start contract."], ["Waar staan de dimonagegevens?", "In de consulentenversie van Mijn loopbaan staat onder Loopbaangegevens een algemeen overzicht van alle tewerkstellingsberichten via DIMONA. In de klantenversie  van Mijn loopbaan zijn de DIMONA-gegevens niet zichtbaar."], ["Flux van Dimona naar VDAB", "Er is dagelijks een flux van DIMONA naar VDAB. De gegevens worden in de loop van de nacht volgend op de ontvangst verwerkt in onze dossiers."], ["Hoe vaak loopt de flux?", "Alle actieve dossiers  worden aangepast bij een tewerkstellingsbericht,  behalve : dossiers met , 80, 82, 90 en 93 dossiers van klanten die zijn tewerkgesteld in het onderwijs. Deze worden ook aangepast, maar niet door de dimona- batch, maar door de batch departement onderwijs.   In  passieve dossiers  hebben de dimona-batch en de batch departement onderwijs geen invloed op de status. Tenzij de tewerkstelling minder dan 28 kalenderdagen duurt. In dat geval worden dossiers w el opnieuw geactiveerd bij volgende passieve categorieen: cat 70, 76, 78, 79, 94,   96* Bijvoorbeeld: 5/9  een cat 02 (schoolverlater) schrijft zich uit met cat 76 (ziekte) 17/9 hij werkt vanaf deze datum enkele dagen < 28 kalenderdagen. Dossier blijft in een cat 76 staan 22/9 batch Dimona plaatst het dossier opnieuw in een cat 02 bij einde tewerkstelling *niet bij cat 66, 77, 95. "], ["Welke dossiers worden automatisch in- of uitgeschreven?", "Op basis van een tewerkstellingsbericht van DIMONA is er een uitschrijving en/of een inschrijving."], ["Welke aanpassingen gebeuren automatisch?", "... bij een tewerkstelling < 28 kalenderdagen Indien de tewerkstelling minder dan 28 kalenderdagen* duurde, wordt de werkzoekende automatisch terug ingeschreven (in categorie van voor de tewerkstelling) na +/- 6 dagen na de effectieve einddatum van tewerkstelling. Het speelt hierbij geen rol of de uitschrijving met de catwz 78 destijds is uitgevoerd door de klant zelf, door een VDAB-consulent of door de DIMONA-batch. Dimona schrijft terug in op de datum van de eerdere uitschrijving. (cfr. werkloosheidsreglementering) *Feestdagen en weekenddagen die vallen binnen de periode van contract worden meegerekend om aan de 28 kalenderdagen te komen. Bij een periode van interimwerk telt dimona de feestdag (zonder contract) ook mee als gewerkte dag. Voorbeeld: een contract van maandag 1 september tem vrijdag 26 september is minder dan 28 kalenderdagen. Als het contract niet loopt tem de zondag dan mag je de 2 weekenddagen niet mee rekenen. Opgepast: Wanneer een klant ingeschreven is in cat 14 en aan het werk gaat, wordt hij niet automatisch heringeschreven indien de tewerkstelling < 28 dagen. Communiceer dit ook naar de klant.  Als je een inschrijvingsbewijs print in cat 14, staat er standaard op dat de klant zich pas na 4 weken of meer tewerkstelling moet herinschrijven. Dit klopt niet en wordt best telkens manueel aangepast.  ... bij een tewerkstelling > 28 kalenderdagen Indien de tewerkstelling 28 dagen of meer duurt, en de werknemer wordt terug werkzoekend, dan is er geen automatische aanpassing van het dossier. Een werkzoekende dient zich in dit geval zelf bij VDAB te melden voor een inschrijving als werkzoekende (cfr. de werkloosheidsreglementering). Voorbeeld: een contract van maandag 1 september tem zondag 28 september is 28 kalenderdagen. "], ["Automatische (her)inschrijving", "Een uitschrijving gebeurt op het ogenblik dat VDAB een tewerkstellingsbericht ontvangt, op voorwaarde dat de einddatum van de tewerkstelling niet in het verleden ligt. Het dossier (behoudens een aantal uitzonderingen, zie verder) wordt afgeschreven met cat 78. De werkzoekende kan zich wel opnieuw inschrijven als vrije werkzoekende (cat 90). De werkzoekende die deeltijds begint te werken, wordt ook uitgeschreven door DIMONA met cat 78. Wil hij behoud van rechten of een bijkomende inkomensgarantie-uitkering aanvragen, moet hij daar zelf aangifte van doen. Aanvraag voor een inkomensgarantie-uitkering: De werkzoekende moet zich binnen de 2 maanden na aanvraag opnieuw inschrijven bij VDAB als 'deeltijdse werkzoekende met uitkering' (cat. 80).   Procedure Servicelijn Schrijf de klant in cat. 80 op datum van contact. Geef aan de klant mee dat, indien de tijdsduur verstreken is (2 maanden), er geen rechtzetting kan gebeuren en dat dit eventueel gevolgen kan hebben voor de inkomensgarantie-uitkering. Verwijs de klant door naar de RVA of uitbetalingsinstelling. Geen aanvraag voor inkomensgarantie-uitkering: De werkzoekende mag ingeschreven blijven bij de VDAB als 'vrije deeltijdse werkzoekende' (cat 93)."], ["Automatische uitschrijving", "Wanneer DIMONA een tewerkstellingsbericht met interimcontract vindt, zal het niet dadelijk een uitschrijving doen. De uitschrijving gebeurt pas na 28 kalenderdagen tewerkstelling. Dimona telt ook feestdagen (zonder contract) in deze periode mee als gewerkte dag. Wanneer de klant na minstens 28 dagen tewerkstelling opnieuw werkzoekend wordt, dient hij zich opnieuw in te schrijven (cfr. werkloosheidsreglementering. Dit is geen uitzondering).  Korte periodes van tewerkstelling (eventueel bij verschillende werkgevers) die na elkaar volgen worden samengeteld. !! Feestdagen en weekenddagen worden meegeteld om aan de 28 kalenderdagen te komen. Gevolg:  Wanneer de klant zich uitschrijft de eerste 28 kalenderdagen van zijn interimwerk, zal DIMONA hem opnieuw inschrijven. Door deze manuele actie is de Dimonabatch in de war, en komt het dossier niet meer op cat 78 wanneer de klant effectief 28 kalenderdagen heeft gewerkt. Het dossier blijft bijgevolg op cat 89 staan.  Procedure Servicelijn Leg de klant de voordelen van een inschrijving uit (AM, cv online, niet terug inschrijven indien werk kwijt de eerste 28 dagen,...) Indien de klant toch een uitschrijving wenst schrijf de klant uit naar cat 78. vul de werkervaring aan (flap gegevens - ervaring) ga naar de officiele gegevens van het dossier (via 'werksituatie') ga naar de rubriek 'huidige situatie' en klik op 'correcties' vink het veld 'onbeschikbaarheidsperiode' aan klik op 'bevestig' leg aan de klant goed uit dat hij is uitgeschreven en zichzelf opnieuw moet inschrijven indien hij opnieuw werkloos wordt noteer onder dienstverlening dat op verzoek van de klant de automatische herinschrijving (dimona-batch) is uitgeschakeld"], ["Drie uitzonderingen", "Sommige tewerkstellingsberichten worden wel in het dossier van de werkzoekende genoteerd, maar hebben geen invloed op de status (actief of passief) van het dossier: - IBO-contracten - jobstudentencontracten Tewerkstellingen in het buitenland worden niet geregistreerd in DIMONA (= Belgisch systeem). Deze tewerkstellingen worden dus ook niet aan de VDAB gemeld. Je vindt ze niet terug in het dossier, en ze hebben geen invloed op de status van het dossier."], ["Uitzondering 1: Interimcontracten", "De dimonagevens  moeten al in het dossier staan tijdens de manuele actie.  Als er een manuele actie (vb. inschrijving) gebeurt terwijl de klant al aan het werk is , verstoort dit de batch in de toekomst. De manuele actie krijgt dan de bovenhand op de batch. M.a.w er gebeuren geen automatische wijzingen meer nav de Dimona-batch. Voorbeeld: een klant schrijft zich online in met cat.00 op 10/07 en schrijft zich een dag later terug uit in cat 78*. Ze had echter een voltijds contract van 01/07 tem 15/07. De dimonabatch schrijft deze klant niet terug in naar cat.00 op het einde van het contract. Reden: tijdens de periode van het contact gebeurde er een manuele actie in het dossier. De manuele actie krijgt dan de bovenhand op de batch. *Je moet er soms naar raden waarom iemand een bepaalde actie in een dossier deed.  Achtergrondinfo  1) Dit  heeft enkel hinder bij bij tewerkstellingen van minder dan 28 kalenderdagen + niet interimcontract.  Bij een tewerkstelling langer dan 28 kalenderdagen volgt er sowieso geen automatische categoriewijzingen nav de dimonabatch.  Bij interimjobs gelden andere regels (cat 89).  2) Krijgt de klant een nieuw contract? Dan loopt de batch op basis van die nieuwe loopbaangegevens weer correct. "]], "link_ankers": [["https://intranet-rel1ldv.ops.vdab.be/faq/servicelijn/expertenprofiel-sl-aanpassen-van-dimona-batch-werkzoekendendossiers", "Dimona- batch: automatische herinschrijving blokkeren"], ["https://intranet-rel1ldv.ops.vdab.be/faq/servicelijn/dimona-batch-veelgestelde-vragen", "Dimona- batch: veelgestelde vragen"]], "title_translation": "Dimona- batch: general info", "domain_name_translation": ["batching"], "category_name_translation": "Service line", "field_faq_summary_translation": "Agreements when it is useful/possible to nullify re-registration by Dimona-batch and how to make this technically correct via expert profile (corrections)", "content_translation": [["What is the dimona batch?", "The dimona batch ensures that customers are registered and unsubscribed at the right time and this based on the employment data.  The batch ensures that: in the case of a contract of (un)fixed duration, the file is automatically written out in cat 78, from the start of the contract.  If the employment is shorter than 28 calendar days, the customer will be re-registered on the date of deregistration. See also paragraph: Which files are automatically registered or deregistered? in an interim contract the file is retroactively written out in cat 78 after 28 calendar days, from the start of the contract."], ["Where is the dimona data?", "In the consultant version of My career, under Career data, there is a general overview of all employment reports via DIMONA. In the customer version of My Career, the DIMONA data is not visible."], ["Flux from Dimona to VDAB", "There is a daily flux from DIMONA to VDAB. The data will be processed in our files during the night following receipt."], ["How often does the flux run?", "All active files are adjusted by an employment report, except: files with , 80, 82, 90 and 93 files of customers employed in education. These are also adjusted, but not by the dimona batch, but by the batch department of education.   In passive cases, the dimona batch and the batch department of education do not affect the status. Unless the employment lasts less than 28 calendar days. In this case, files are reactivated for the following passive categories: cat 70, 76, 78, 79, 94, 96* For example: 5/9 a cat 02 (school leaver) unsubscribes with cat 76 (illness) 17/9 he works a few days < 28 calendar days from this date. File remains in a cat 76 22/9 batch Dimona places the file again in a cat 02 at the end of employment *not at cat 66, 77, 95."], ["Which files are automatically registered or deregistered?", "Based on an employment notice from DIMONA, there is a deregistration and/or a registration."], ["Which adjustments happen automatically?", "... in the case of employment < 28 calendar days If the employment lasted less than 28 calendar days*, the jobseeker is automatically re-registered (in the pre-employment category) after +/- 6 days after the effective end date of employment. It does not matter whether the deregistration with the catwz 78 was carried out at the time by the customer himself, by a VDAB consultant or by the DIMONA batch. Dimona subscribes back on the date of the earlier deregistration. (cf. unemployment regulations) *Public holidays and weekend days that fall within the period of contract are counted towards the 28 calendar days. In the case of a period of interim work, dimona also counts the public holiday (without a contract) as a day worked. Example: a contract from Monday 1 September to Friday 26 September is less than 28 calendar days. If the contract does not run until Sunday, you may not count the 2 weekend days. Attention: When a customer is registered in cat 14 and starts working, he is not automatically re-enrolled if the employment < 28 days. Communicate this to the customer as well. If you print a registration certificate in cat 14, it is standard that the customer must only re-register after 4 weeks or more of employment. This is incorrect and should be adjusted manually each time. ... in the case of employment > 28 calendar days If the employment is 28 days or more, and the employee becomes a job seeker again, then there is no automatic adjustment of the file. In this case, a jobseeker must report to VDAB himself for registration as a jobseeker (cf. the unemployment regulations). Example: a contract from Monday 1 September to Sunday 28 September is 28 calendar days."], ["Automatic (re)registration", "An unsubscription takes place when VDAB receives an employment notice, provided that the end date of employment is not in the past. The file (with a number of exceptions, see below) is written off with cat 78. The jobseeker can, however, re-register as a free job seeker (cat 90). The job seeker who starts working part-time is also deregistered by DIMONA with cat 78. If he wishes to retain rights or apply for an additional income guarantee benefit, he must declare this himself. Application for an income guarantee benefit: The jobseeker must re-register with VDAB as a 'part-time jobseeker with benefit' within 2 months of application (cat. 80).   Procedure Service line Enroll the customer in cat. 80 on date of contact. Inform the customer that, if the period has expired (2 months), no correction can be made and that this may possibly have consequences for the income guarantee payment. Refer the customer to the RVA or payout institution. No application for income guarantee benefit: The jobseeker may remain registered with the VDAB as a 'free part-time jobseeker' (cat 93)."], ["Automatic deregistration", "When DIMONA finds an employment notice with an interim contract, it will not immediately deregister. The deregistration only takes place after 28 calendar days of employment. Dimona also counts public holidays (without a contract) as days worked during this period. If the customer becomes looking for work again after at least 28 days of employment, he must register again (cf. unemployment regulations. This is no exception).  Short periods of employment (possibly with different employers) that follow one after the other are added together. !! Holidays and weekend days are counted towards the 28 calendar days. Consequence: If the customer unsubscribes during the first 28 calendar days of his interim work, DIMONA will re-register him. Due to this manual action, the Dimonabatch is confused, and the file no longer comes to cat 78 when the customer has effectively worked 28 calendar days. The file therefore remains at cat 89.  Procedure Service line Explain to the customer the benefits of a registration (AM, cv online, do not register again if work lost the first 28 days,...) If the customer still wishes to unsubscribe, the customer unsubscribes to cat 78. complete the work experience (flap data - experience) go to the official data of the file (via 'work situation') go to the section 'current situation' and click on 'corrections' check the field 'unavailability period' click on 'confirm' explain to the customer that he has been deregistered and must register himself again if he becomes unemployed again note under service that at the request of the customer the automatic re-registration (Dimona batch) has been disabled"], ["Three exceptions", "Some employment notices are noted in the jobseeker's file, but do not affect the status (active or passive) of the file: - IBO contracts - student job contracts Employment abroad is not registered in DIMONA (= Belgian system). These employments are therefore not reported to the VDAB. You will not find them in the file, and they do not affect the status of the file."], ["Exception 1: Interim contracts", "The dimona data must already be in the file during the manual action.  If a manual action (e.g. registration) happens while the customer is already working, this disrupts the batch in the future. The manual action then gets the upper hand on the batch. In other words, there are no more automatic changes after the Dimona batch. Example: a customer registers online with cat.00 on 10/07 and unsubscribes a day later in cat 78*. However, she had a full-time contract from 01/07 to 15/07. The dimonabatch does not register this customer back to cat.00 at the end of the contract. Reason: during the period of the contact, a manual action happened in the file. The manual action then gets the upper hand on the batch. *You sometimes have to guess why someone did a certain action in a file.  Background information 1) This only affects employment of less than 28 calendar days + non-interim contract.  In case of employment longer than 28 calendar days, there will be no automatic category changes after the dimonabatch.  Different rules apply to interim jobs (cat 89).  2) Does the customer get a new contract? Then the batch runs correctly again based on that new career data."]], "document": "Dimona- batch: algemene info \n\n afspraken wanneer nuttig/mogelijk is om herinschrijving door dimona-batch teniet te doen en hoe dit technisch in orde te maken via expertenprofiel (correcties) \n\n Vraag aan de VDAB consulent: Wat is de dimona-batch?? \n Antwoord of Actie: De dimona-batch zorgt ervoor dat klanten op het juiste moment in- en uitgeschreven staan en dit op basis van de tewerkstellingsgegevens.  De batch zorgt dat: bij een contract van (on)bepaalde duur het dossier automatisch is uitgeschreven in cat 78, vanaf start contract.  indien de tewerkstelling korter is dan 28 kalenderdagen, dan wordt de klant opnieuw ingeschreven op datum van uitschrijving. Zie ook alinea:  Welke dossiers worden automatisch in- of uitgeschreven? b ij een interimcontract het dossier na 28 kalenderdagen met terugwerkende kracht is uitgeschreven in cat 78, vanaf start contract. \n\n Vraag aan de VDAB consulent: Waar staan de dimonagegevens?? \n Antwoord of Actie: In de consulentenversie van Mijn loopbaan staat onder Loopbaangegevens een algemeen overzicht van alle tewerkstellingsberichten via DIMONA. In de klantenversie  van Mijn loopbaan zijn de DIMONA-gegevens niet zichtbaar. \n\n Vraag aan de VDAB consulent: Flux van Dimona naar VDAB? \n Antwoord of Actie: Er is dagelijks een flux van DIMONA naar VDAB. De gegevens worden in de loop van de nacht volgend op de ontvangst verwerkt in onze dossiers. \n\n Vraag aan de VDAB consulent: Hoe vaak loopt de flux?? \n Antwoord of Actie: Alle actieve dossiers  worden aangepast bij een tewerkstellingsbericht,  behalve : dossiers met , 80, 82, 90 en 93 dossiers van klanten die zijn tewerkgesteld in het onderwijs. Deze worden ook aangepast, maar niet door de dimona- batch, maar door de batch departement onderwijs.   In  passieve dossiers  hebben de dimona-batch en de batch departement onderwijs geen invloed op de status. Tenzij de tewerkstelling minder dan 28 kalenderdagen duurt. In dat geval worden dossiers w el opnieuw geactiveerd bij volgende passieve categorieen: cat 70, 76, 78, 79, 94,   96* Bijvoorbeeld: 5/9  een cat 02 (schoolverlater) schrijft zich uit met cat 76 (ziekte) 17/9 hij werkt vanaf deze datum enkele dagen < 28 kalenderdagen. Dossier blijft in een cat 76 staan 22/9 batch Dimona plaatst het dossier opnieuw in een cat 02 bij einde tewerkstelling *niet bij cat 66, 77, 95.  \n\n Vraag aan de VDAB consulent: Welke dossiers worden automatisch in- of uitgeschreven?? \n Antwoord of Actie: Op basis van een tewerkstellingsbericht van DIMONA is er een uitschrijving en/of een inschrijving. \n\n Vraag aan de VDAB consulent: Welke aanpassingen gebeuren automatisch?? \n Antwoord of Actie: ... bij een tewerkstelling < 28 kalenderdagen Indien de tewerkstelling minder dan 28 kalenderdagen* duurde, wordt de werkzoekende automatisch terug ingeschreven (in categorie van voor de tewerkstelling) na +/- 6 dagen na de effectieve einddatum van tewerkstelling. Het speelt hierbij geen rol of de uitschrijving met de catwz 78 destijds is uitgevoerd door de klant zelf, door een VDAB-consulent of door de DIMONA-batch. Dimona schrijft terug in op de datum van de eerdere uitschrijving. (cfr. werkloosheidsreglementering) *Feestdagen en weekenddagen die vallen binnen de periode van contract worden meegerekend om aan de 28 kalenderdagen te komen. Bij een periode van interimwerk telt dimona de feestdag (zonder contract) ook mee als gewerkte dag. Voorbeeld: een contract van maandag 1 september tem vrijdag 26 september is minder dan 28 kalenderdagen. Als het contract niet loopt tem de zondag dan mag je de 2 weekenddagen niet mee rekenen. Opgepast: Wanneer een klant ingeschreven is in cat 14 en aan het werk gaat, wordt hij niet automatisch heringeschreven indien de tewerkstelling < 28 dagen. Communiceer dit ook naar de klant.  Als je een inschrijvingsbewijs print in cat 14, staat er standaard op dat de klant zich pas na 4 weken of meer tewerkstelling moet herinschrijven. Dit klopt niet en wordt best telkens manueel aangepast.  ... bij een tewerkstelling > 28 kalenderdagen Indien de tewerkstelling 28 dagen of meer duurt, en de werknemer wordt terug werkzoekend, dan is er geen automatische aanpassing van het dossier. Een werkzoekende dient zich in dit geval zelf bij VDAB te melden voor een inschrijving als werkzoekende (cfr. de werkloosheidsreglementering). Voorbeeld: een contract van maandag 1 september tem zondag 28 september is 28 kalenderdagen.  \n\n Vraag aan de VDAB consulent: Automatische (her)inschrijving? \n Antwoord of Actie: Een uitschrijving gebeurt op het ogenblik dat VDAB een tewerkstellingsbericht ontvangt, op voorwaarde dat de einddatum van de tewerkstelling niet in het verleden ligt. Het dossier (behoudens een aantal uitzonderingen, zie verder) wordt afgeschreven met cat 78. De werkzoekende kan zich wel opnieuw inschrijven als vrije werkzoekende (cat 90). De werkzoekende die deeltijds begint te werken, wordt ook uitgeschreven door DIMONA met cat 78. Wil hij behoud van rechten of een bijkomende inkomensgarantie-uitkering aanvragen, moet hij daar zelf aangifte van doen. Aanvraag voor een inkomensgarantie-uitkering: De werkzoekende moet zich binnen de 2 maanden na aanvraag opnieuw inschrijven bij VDAB als 'deeltijdse werkzoekende met uitkering' (cat. 80).   Procedure Servicelijn Schrijf de klant in cat. 80 op datum van contact. Geef aan de klant mee dat, indien de tijdsduur verstreken is (2 maanden), er geen rechtzetting kan gebeuren en dat dit eventueel gevolgen kan hebben voor de inkomensgarantie-uitkering. Verwijs de klant door naar de RVA of uitbetalingsinstelling. Geen aanvraag voor inkomensgarantie-uitkering: De werkzoekende mag ingeschreven blijven bij de VDAB als 'vrije deeltijdse werkzoekende' (cat 93). \n\n Vraag aan de VDAB consulent: Automatische uitschrijving? \n Antwoord of Actie: Wanneer DIMONA een tewerkstellingsbericht met interimcontract vindt, zal het niet dadelijk een uitschrijving doen. De uitschrijving gebeurt pas na 28 kalenderdagen tewerkstelling. Dimona telt ook feestdagen (zonder contract) in deze periode mee als gewerkte dag. Wanneer de klant na minstens 28 dagen tewerkstelling opnieuw werkzoekend wordt, dient hij zich opnieuw in te schrijven (cfr. werkloosheidsreglementering. Dit is geen uitzondering).  Korte periodes van tewerkstelling (eventueel bij verschillende werkgevers) die na elkaar volgen worden samengeteld. !! Feestdagen en weekenddagen worden meegeteld om aan de 28 kalenderdagen te komen. Gevolg:  Wanneer de klant zich uitschrijft de eerste 28 kalenderdagen van zijn interimwerk, zal DIMONA hem opnieuw inschrijven. Door deze manuele actie is de Dimonabatch in de war, en komt het dossier niet meer op cat 78 wanneer de klant effectief 28 kalenderdagen heeft gewerkt. Het dossier blijft bijgevolg op cat 89 staan.  Procedure Servicelijn Leg de klant de voordelen van een inschrijving uit (AM, cv online, niet terug inschrijven indien werk kwijt de eerste 28 dagen,...) Indien de klant toch een uitschrijving wenst schrijf de klant uit naar cat 78. vul de werkervaring aan (flap gegevens - ervaring) ga naar de officiele gegevens van het dossier (via 'werksituatie') ga naar de rubriek 'huidige situatie' en klik op 'correcties' vink het veld 'onbeschikbaarheidsperiode' aan klik op 'bevestig' leg aan de klant goed uit dat hij is uitgeschreven en zichzelf opnieuw moet inschrijven indien hij opnieuw werkloos wordt noteer onder dienstverlening dat op verzoek van de klant de automatische herinschrijving (dimona-batch) is uitgeschakeld \n\n Vraag aan de VDAB consulent: Drie uitzonderingen? \n Antwoord of Actie: Sommige tewerkstellingsberichten worden wel in het dossier van de werkzoekende genoteerd, maar hebben geen invloed op de status (actief of passief) van het dossier: - IBO-contracten - jobstudentencontracten Tewerkstellingen in het buitenland worden niet geregistreerd in DIMONA (= Belgisch systeem). Deze tewerkstellingen worden dus ook niet aan de VDAB gemeld. Je vindt ze niet terug in het dossier, en ze hebben geen invloed op de status van het dossier. \n\n Vraag aan de VDAB consulent: Uitzondering 1: Interimcontracten? \n Antwoord of Actie: De dimonagevens  moeten al in het dossier staan tijdens de manuele actie.  Als er een manuele actie (vb. inschrijving) gebeurt terwijl de klant al aan het werk is , verstoort dit de batch in de toekomst. De manuele actie krijgt dan de bovenhand op de batch. M.a.w er gebeuren geen automatische wijzingen meer nav de Dimona-batch. Voorbeeld: een klant schrijft zich online in met cat.00 op 10/07 en schrijft zich een dag later terug uit in cat 78*. Ze had echter een voltijds contract van 01/07 tem 15/07. De dimonabatch schrijft deze klant niet terug in naar cat.00 op het einde van het contract. Reden: tijdens de periode van het contact gebeurde er een manuele actie in het dossier. De manuele actie krijgt dan de bovenhand op de batch. *Je moet er soms naar raden waarom iemand een bepaalde actie in een dossier deed.  Achtergrondinfo  1) Dit  heeft enkel hinder bij bij tewerkstellingen van minder dan 28 kalenderdagen + niet interimcontract.  Bij een tewerkstelling langer dan 28 kalenderdagen volgt er sowieso geen automatische categoriewijzingen nav de dimonabatch.  Bij interimjobs gelden andere regels (cat 89).  2) Krijgt de klant een nieuw contract? Dan loopt de batch op basis van die nieuwe loopbaangegevens weer correct. \n\n Categorie: Servicelijn \n\n Domein: batchen \n\n Url: https://intranet-rel1ldv.ops.vdab.be/faq/servicelijn/dimona-batch-algemene-info \n\n Volgende paginas: Dimona- batch: automatische herinschrijving blokkeren, via https://intranet-rel1ldv.ops.vdab.be/faq/servicelijn/expertenprofiel-sl-aanpassen-van-dimona-batch-werkzoekendendossiers - Dimona- batch: veelgestelde vragen, via https://intranet-rel1ldv.ops.vdab.be/faq/servicelijn/dimona-batch-veelgestelde-vragen \n\n Type: intranet", "document_translation": "Dimona- batch: general info \n\n Agreements when it is useful/possible to nullify re-registration by Dimona-batch and how to make this technically correct via expert profile (corrections) \n\n Question for the VDAB counselor: What is the dimona batch?? \n Answer or Action: The dimona batch ensures that customers are registered and unsubscribed at the right time and this based on the employment data.  The batch ensures that: in the case of a contract of (un)fixed duration, the file is automatically written out in cat 78, from the start of the contract.  If the employment is shorter than 28 calendar days, the customer will be re-registered on the date of deregistration. See also paragraph: Which files are automatically registered or deregistered? in an interim contract the file is retroactively written out in cat 78 after 28 calendar days, from the start of the contract. \n\n Question for the VDAB counselor: Where is the dimona data?? \n Answer or Action: In the consultant version of My career, under Career data, there is a general overview of all employment reports via DIMONA. In the customer version of My Career, the DIMONA data is not visible. \n\n Question for the VDAB counselor: Flux from Dimona to VDAB? \n Answer or Action: There is a daily flux from DIMONA to VDAB. The data will be processed in our files during the night following receipt. \n\n Question for the VDAB counselor: How often does the flux run?? \n Answer or Action: All active files are adjusted by an employment report, except: files with , 80, 82, 90 and 93 files of customers employed in education. These are also adjusted, but not by the dimona batch, but by the batch department of education.   In passive cases, the dimona batch and the batch department of education do not affect the status. Unless the employment lasts less than 28 calendar days. In this case, files are reactivated for the following passive categories: cat 70, 76, 78, 79, 94, 96* For example: 5/9 a cat 02 (school leaver) unsubscribes with cat 76 (illness) 17/9 he works a few days < 28 calendar days from this date. File remains in a cat 76 22/9 batch Dimona places the file again in a cat 02 at the end of employment *not at cat 66, 77, 95. \n\n Question for the VDAB counselor: Which files are automatically registered or deregistered?? \n Answer or Action: Based on an employment notice from DIMONA, there is a deregistration and/or a registration. \n\n Question for the VDAB counselor: Which adjustments happen automatically?? \n Answer or Action: ... in the case of employment < 28 calendar days If the employment lasted less than 28 calendar days*, the jobseeker is automatically re-registered (in the pre-employment category) after +/- 6 days after the effective end date of employment. It does not matter whether the deregistration with the catwz 78 was carried out at the time by the customer himself, by a VDAB consultant or by the DIMONA batch. Dimona subscribes back on the date of the earlier deregistration. (cf. unemployment regulations) *Public holidays and weekend days that fall within the period of contract are counted towards the 28 calendar days. In the case of a period of interim work, dimona also counts the public holiday (without a contract) as a day worked. Example: a contract from Monday 1 September to Friday 26 September is less than 28 calendar days. If the contract does not run until Sunday, you may not count the 2 weekend days. Attention: When a customer is registered in cat 14 and starts working, he is not automatically re-enrolled if the employment < 28 days. Communicate this to the customer as well. If you print a registration certificate in cat 14, it is standard that the customer must only re-register after 4 weeks or more of employment. This is incorrect and should be adjusted manually each time. ... in the case of employment > 28 calendar days If the employment is 28 days or more, and the employee becomes a job seeker again, then there is no automatic adjustment of the file. In this case, a jobseeker must report to VDAB himself for registration as a jobseeker (cf. the unemployment regulations). Example: a contract from Monday 1 September to Sunday 28 September is 28 calendar days. \n\n Question for the VDAB counselor: Automatic (re)registration? \n Answer or Action: An unsubscription takes place when VDAB receives an employment notice, provided that the end date of employment is not in the past. The file (with a number of exceptions, see below) is written off with cat 78. The jobseeker can, however, re-register as a free job seeker (cat 90). The job seeker who starts working part-time is also deregistered by DIMONA with cat 78. If he wishes to retain rights or apply for an additional income guarantee benefit, he must declare this himself. Application for an income guarantee benefit: The jobseeker must re-register with VDAB as a 'part-time jobseeker with benefit' within 2 months of application (cat. 80).   Procedure Service line Enroll the customer in cat. 80 on date of contact. Inform the customer that, if the period has expired (2 months), no correction can be made and that this may possibly have consequences for the income guarantee payment. Refer the customer to the RVA or payout institution. No application for income guarantee benefit: The jobseeker may remain registered with the VDAB as a 'free part-time jobseeker' (cat 93). \n\n Question for the VDAB counselor: Automatic deregistration? \n Answer or Action: When DIMONA finds an employment notice with an interim contract, it will not immediately deregister. The deregistration only takes place after 28 calendar days of employment. Dimona also counts public holidays (without a contract) as days worked during this period. If the customer becomes looking for work again after at least 28 days of employment, he must register again (cf. unemployment regulations. This is no exception).  Short periods of employment (possibly with different employers) that follow one after the other are added together. !! Holidays and weekend days are counted towards the 28 calendar days. Consequence: If the customer unsubscribes during the first 28 calendar days of his interim work, DIMONA will re-register him. Due to this manual action, the Dimonabatch is confused, and the file no longer comes to cat 78 when the customer has effectively worked 28 calendar days. The file therefore remains at cat 89.  Procedure Service line Explain to the customer the benefits of a registration (AM, cv online, do not register again if work lost the first 28 days,...) If the customer still wishes to unsubscribe, the customer unsubscribes to cat 78. complete the work experience (flap data - experience) go to the official data of the file (via 'work situation') go to the section 'current situation' and click on 'corrections' check the field 'unavailability period' click on 'confirm' explain to the customer that he has been deregistered and must register himself again if he becomes unemployed again note under service that at the request of the customer the automatic re-registration (Dimona batch) has been disabled \n\n Question for the VDAB counselor: Three exceptions? \n Answer or Action: Some employment notices are noted in the jobseeker's file, but do not affect the status (active or passive) of the file: - IBO contracts - student job contracts Employment abroad is not registered in DIMONA (= Belgian system). These employments are therefore not reported to the VDAB. You will not find them in the file, and they do not affect the status of the file. \n\n Question for the VDAB counselor: Exception 1: Interim contracts? \n Answer or Action: The dimona data must already be in the file during the manual action.  If a manual action (e.g. registration) happens while the customer is already working, this disrupts the batch in the future. The manual action then gets the upper hand on the batch. In other words, there are no more automatic changes after the Dimona batch. Example: a customer registers online with cat.00 on 10/07 and unsubscribes a day later in cat 78*. However, she had a full-time contract from 01/07 to 15/07. The dimonabatch does not register this customer back to cat.00 at the end of the contract. Reason: during the period of the contact, a manual action happened in the file. The manual action then gets the upper hand on the batch. *You sometimes have to guess why someone did a certain action in a file.  Background information 1) This only affects employment of less than 28 calendar days + non-interim contract.  In case of employment longer than 28 calendar days, there will be no automatic category changes after the dimonabatch.  Different rules apply to interim jobs (cat 89).  2) Does the customer get a new contract? Then the batch runs correctly again based on that new career data. \n\n Category: Service line \n\n Domain: batching \n\n Url: https://intranet-rel1ldv.ops.vdab.be/faq/servicelijn/dimona-batch-algemene-info \n\n Next pages: Dimona- batch: automatische herinschrijving blokkeren, via https://intranet-rel1ldv.ops.vdab.be/faq/servicelijn/expertenprofiel-sl-aanpassen-van-dimona-batch-werkzoekendendossiers - Dimona- batch: veelgestelde vragen, via https://intranet-rel1ldv.ops.vdab.be/faq/servicelijn/dimona-batch-veelgestelde-vragen \n\n Type: intranet"}