{"title": "De vakantieregeling voor het personeel van onderwijsinstellingen", "type": "intranet", "field_trefwoorden_name": ["leerkracht", "uitkering", "vakantie", "inschrijving", "inschrijving als werkzoekende", "onderwijs", "vrijstelling", "vakantieregeling", "juli", "augustus"], "domain_name": ["vakantieregeling onderwijs"], "category_name": "Servicelijn", "field_faq_summary": "Wat is uitgestelde bezoldiging? Wat is de vakantieregeling voor het personeel van onderwijsinstellingen? Wat zijn de voorwaarden om in aanmerking te komen? Wat na de vakantieregeling? inschrijven gedurende de zomermaanden?", "url": "https://intranet-rel1ldv.ops.vdab.be/faq/servicelijn/rva-de-vakantieregeling-voor-het-personeel-van-onderwijsinstellingen", "content": [["Wie is vrijgesteld van inschrijving bij VDAB", "De klant raadpleegt best de uitbetalingsinstelling of RVA. Ter info kunnen we het volgende meegeven: Iedereen* die tijdens het voorbije schooljaar betaalde arbeidsprestaties verricht heeft in een onderwijsinstelling opgericht, gesubsidieerd of erkend door een gemeenschap (Vlaamse overheid of Franse Gemeenschap).   1 dag gewerkt is voldoende om vrijstelling te krijgen.  Niet alleen onderwijzend personeel; ook administratieve medewerkers, schoonmaakpersoneel, keukenmedewerkers, verpleegkundigen, psychologen,...  Personeelsleden* van bedrijven die diensten leveren aan een school, en die dus niet rechtstreeks in loondienst van een onderwijsinstelling hebben gewerkt, komen  ook  in aanmerking voor een vrijstelling. Bijv. een keukenhulp bij een bedrijf dat maaltijden levert aan scholen tijdens het schooljaar. Hoe tewerkstelling aantonen? Wz rechtstreeks in loondienst toont dit aan door een formulier C4 onderwijs. Wz niet-rechtstreeks in loondienst toont dit aan door formulier C4 met bijgevoegd een verklaring op eer. * Uitzondering! Schoolverlaters in BIT moeten ingeschreven zijn met cat. 02. Zie  Contact met cat. 02 - vakantieregeling voor schoolverlaters . Zij hebben geen vrijstelling van inschrijving. Opgelet   Niet iedereen die vrijgesteld is van inschrijving, krijgt ook uitgestelde bezoldiging. Die is er slechts voor onderwijzend personeel en gelijkgestelde functies. Zie  Wie krijgt uitgestelde bezoldiging? . Procedure Servicelijn Klant twijfelt of hij recht heeft op de vrijstelling? Verwijs de klant door naar zijn UI of RVA om na te vragen of deze recht heeft op vrijstelling. Schrijf de klant voor de zekerheid in met cat. 00. Vraag de klant terug te bellen naar de SL indien hij vrijgesteld is. Doet hij dat niet, dan krijgt hij AO6, komt de op de bellijst etc. Hij kan ook afspraken en uitnodigingen krijgen uit de regio. Klant is vrijgesteld? Zie  Contact met klant in cat. 00 of 03 < 25 jaar"], ["Wat is de vrijstelling van inschrijvingsplicht bij VDAB", "De klant raadpleegt best de uitbetalingsinstelling of RVA. Ter info kunnen we het volgende meegeven: Personeel van onderwijsinstellingen opgericht, gesubsidieerd of erkend door de Gemeenschap (Vlaamse overheid of Franse Gemeenschap) moet tijdens juli en augustus niet ingeschreven zijn bij VDAB als werkzoekende, ook niet in de periode dat ze een werkloosheidsuitkering ontvangen.   Uitzondering! Schoolverlaters in BIT moeten ingeschreven zijn met cat. 02. Zie  Contact met cat. 02 - vakantieregeling voor schoolverlaters . Zij hebben geen vrijstelling van inschrijving."], ["De vakantieregeling voor het personeel van onderwijsinstellingen bestaat uit:", "vrijstelling van beschikbaarheid voor de arbeidsmarkt (= vrijstelling van inschrijvingsplicht bij VDAB); uitgestelde bezoldiging en/of werkloosheidsuitkeringen"], ["Contact met klant in cat. 00 of 03 < 25 jaar", "Als de klant zich inschreef in cat. 00 of 03 < 25 jaar, komt hij in CS terecht. Hij is echter niet verplicht om zich in te schrijven. Procedure Servicelijn Bespreek met de klant of hij wil ingeschreven blijven om werk te zoeken. Ja?  Schrijf in met cat. 03. Schat in: ZR  AGI (als klant geen zicht heeft op werk na de vakantie) AO's:  Sluit de AO's af waarmee de klant aan de slag is gegaan. Laat de openstaande AO's staan. Geef de klant mee om aan de slag te gaan met de opdrachten. Als de klant vanaf 1 september niet start met werken, gaat de bemiddelaar bij een volgend contact bekijken of deze met de opdrachten aan de slag is gegaan. De klant gaat dan moeten aantonen dat deze werk heeft gezocht. Nee? Schrijf uit in cat.78. Doe geen inschatting. Wijzig Status dienstverlening niet.  AO's: Sluit de AO's af waarmee de klant aan de slag is gegaan. Laat de openstaande AO's staan. Geef aan de klant mee om er terug mee aan de slag te gaan bij een herinschrijving."], ["Contact met cat. 02 - vakantieregeling voor schoolverlaters", "Een jongere in BIT of wiens BIT voorbij is, heeft recht op uitgestelde bezoldiging mits voldaan is aan de voorwaarden . Maar dit staat los van de verplichting tot inschrijving.  Procedure Servicelijn BIT is niet voorbij + zicht op werk na de vakantie Schrijf in met cat. 02. Duid ZR aan. 4 AO's Sluit de AO's af waarmee de klant aan de slag is gegaan. Laat de openstaande AO's staan. BIT is niet voorbij + geen zicht op werk Schrijf in met cat. 02. Schat in: ZR of AGI. Voor meer info, zie  Inschatting & dispatchen van jongeren . Voer het gesprek zoals bij andere schoolverlaters. BIT is voorbij Jongere heeft al BIU aangevraagd? Zie alinea:  Contact met klant in cat. 00 of 03 < 25 jaar. Jongere heeft nog geen BIU aangevraagd? Informeer de klant over de formaliteiten einde BIT, zie  Inschakelingsuitkering aanvragen . Verwijs naar de UI om een uitkering aan te vragen."], ["Klant met uitgestelde bezoldiging wenst dienstverlening van VDAB", "Procedure Schrijf de klant in met cat. 03 en gebruik propeller om de dienstverlening te bepalen. "], ["UI verwijst klant met vrijstelling naar VDAB om zich in te schrijven", "Soms verwijst een UI een klant met een vrijstelling onterecht naar VDAB om zich in te schrijven in cat. 00 i.f.v. zijn uitkering voor juli en augustus. Procedure Servicelijn Bij twijfel over het recht op vrijstelling Verwijs voor meer info naar een andere UI of RVA. Zij zijn bevoegd voor deze maatregel. Meer info op rva.be -  Als u in het onderwijs gewerkt hebt, hebt u dan recht op uitkeringen tijdens de vakantie? (infoblad T86) . Schrijf de klant voor de zekerheid in met cat. 00. Vraag de klant terug te bellen naar de SL indien hij vrijgesteld is. Doet hij dat niet, dan krijgt hij AO6, komt de op de bellijst etc. Hij kan ook afspraken en uitnodigingen krijgen uit de regio. Zeker over het recht op vrijstelling  Leg uit: dat een inschrijving in cat. 00 niet nodig is om een uitkering te krijgen. Meer info op rva.be -  Als u in het onderwijs gewerkt hebt, hebt u dan recht op uitkeringen tijdens de vakantie? (infoblad T86) . dat een inschrijving in cat. 00 gevolgen heeft. VDAB zal hem na 28d vragen contact op te nemen (AO6), of hem zelf opbellen als hij dat niet doet. Daarnaast kan hij verplichte afspraken krijgen van VDAB."], ["Wat is de uitgestelde bezoldiging", "Je raadpleegt best je uitbetalingsinstelling of RVA voor deze materie. Ter info kunnen we het volgende meegeven: Tijdelijk onderwijzend personeel krijgt in de zomervakantie geen salaris. Tijdens het schooljaar krijgen ze een stukje minder loon. Dat krijgen ze in de vakantiemaanden uitbetaald, een uitgestelde bezoldiging dus. Voor juli gebruiken ze de salarissen van september t.e.m. december, voor augustus die van januari t.e.m. juni. Het aantal dagen waarvoor het personeelslid uitgestelde bezoldiging ontvangt, hangt af van het aantal dagen dat hij gewerkt heeft of dat in een vol- of deeltijds stelsel was. Een personeelslid dat het volledige schooljaar voltijds gewerkt heeft, eventueel in verschillende opdrachten, ontvangt voor juli en augustus uitgestelde bezoldiging. Dekt de uitgestelde bezoldiging niet de volledige vakantieperiode, dan kan het personeelslid voor die dagen een werkloosheidsuitkering aanvragen (indien hij er recht op heeft. Een schoolverlater kan bijvoorbeeld geen uitkering aanvragen).  Procedure Servicelijn Verwijs klanten met vragen over de uitgestelde bezoldiging (o.a. voor een berekening) naar UI of RVA."], ["Wie krijgt uitgestelde bezoldiging", "Je raadpleegt best je uitbetalingsinstelling of RVA voor deze materie. Ter info kunnen we het volgende meegeven: Personeelsleden die: gewerkt hebben met een tijdelijk contract. Dit is een contract van bepaalde duur. lid zijn van het onderwijzend personeel, dit zijn: leerkrachten in het kleuter-, lager en secundair onderwijs leerkrachten in de hogescholen van de Franse of Duitstalige Gemeenschap; functies die gelijksteld zijn aan onderwijzend personeel (kinderverzorger, bibliothecaris, kinesist, opvoeder, verpleegkundige, logopedist, maatschappelijk assistent,...). Vastbenoemde personeelsleden krijgen in juli en augustus hun loon doorbetaald. Zij krijgen dus geen uitgestelde bezoldiging.  Procedure Servicelijn Verwijs klanten met vragen over de uitgestelde bezoldiging (o.a. of ze recht hebben) naar UI of RVA."], ["Wat is de regeling voor de herfst-, kerst-, krokus- en paasvakantie", "Je raadpleegt best je uitbetalingsinstelling of RVA voor deze materie. Ter info kunnen we het volgende meegeven: Voor de kleine vakanties krijgen personeelsleden loon als de vakantie in een periode van tewerkstelling vervat is. Zij moeten zich dus niet inschrijven tijdens die vakanties en hebben geen recht op een uitkering. Wanneer het contract afloopt voor of tijdens de kleine vakantie, ontvangt het personeelslid geen loon. Wanneer hij een uitkering wil ontvangen tijdens de vakantie, moet hij zich inschrijven bij VDAB. Dan is er geen vrijstelling van inschrijving.  Procedure Servicelijn Schrijf in met cat. 00. Schat in: ZR of AGI (alleen als de klant na de vakantie niet opnieuw aan het werk gaat). 4 AO's: Zicht op werk (contract is zichtbaar in MLB loopbaangegevens): Sluit de AO's af waarmee de wz aan de slag ging. Laat de andere AO's staan en pas eventueel de deadline aan. Geen zicht op werk: VDAB verwacht dat hij met de opdrachten aan de slag gaat. Hij is immers werkzoekend.  "], ["Wat na de vakantie", "Je raadpleegt best je uitbetalingsinstelling of RVA voor deze materie. Ter info kunnen we het volgende meegeven: Als de klant op 1 september terug aan het werk gaat, moet hij zich niet inschrijven. Gaat hij na de vakantie niet opnieuw aan het werk, dan kan hij een uitkering aanvragen. In dat geval moet hij zich binnen de 8 dagen inschrijven bij VDAB (te tellen vanaf 1 sep). Voor VDAB en RVA is hij dan een 'gewone' werkzoekende, met de bijbehorende rechten en plichten. Procedure Servicelijn Schrijf de klant in met cat 00 en verwijs hem naar de UI om een uitkering aan te vragen."]], "link_ankers": [["https://intranet-rel1ldv.ops.vdab.be/faq/servicelijn/inschatten-en-opvolgen-van-jongeren", "Inschatting &amp; dispatchen van jongeren"], ["https://intranet-rel1ldv.ops.vdab.be/faq/servicelijn/wat-propeller-en-hoe-gebruiken", "propeller"], ["https://intranet-rel1ldv.ops.vdab.be/faq/servicelijn/hoe-dispatchen-procedures", "AGI."], ["https://intranet-rel1ldv.ops.vdab.be/faq/beroepsinschakelingsuitkeringen-biu-de-aanvraag", "Inschakelingsuitkering aanvragen"], ["https://intranet-rel1ldv.ops.vdab.be/faq/servicelijn/hoe-dispatchen-procedures", "AGI"], ["https://intranet-rel1ldv.ops.vdab.be/faq/servicelijn/hoe-dispatchen-procedures", "AGI "]], "title_translation": "The holiday scheme for the staff of educational institutions", "field_trefwoorden_name_translation": ["payment", "august", "teacher", "education", "vacation", "registration as a jobseeker", "july", "registration", "exemption", "holiday arrangement"], "domain_name_translation": ["holiday scheme education"], "category_name_translation": "Service line", "field_faq_summary_translation": "What is deferred pay? What is the holiday scheme for the staff of educational institutions? What are the eligibility requirements? What happens after the holiday arrangement? Register during the summer months?", "content_translation": [["Who is exempt from registration with VDAB", "The customer should consult the payment institution or RVA. For your information, we can provide the following: Anyone* who has performed paid work in an educational institution established, subsidized or recognized by a community (Flemish government or French Community) during the past school year.   1 day worked is enough to get exemption.  Not just teaching staff; Also administrative staff, cleaning staff, kitchen staff, nurses, psychologists,...  Staff* of companies that provide services to a school, and who have therefore not been directly employed by an educational institution, are also eligible for an exemption. For example, a kitchen assistant at a company that delivers meals to schools during the school year. How to prove employment? Wz directly employed demonstrates this by a form C4 education. Wz non-directly employed demonstrates this by form C4 with a declaration of honour attached. *Exception! School leavers in BIT must be enrolled with cat. 02. See Contact cat. 02 - holiday scheme for school leavers . They do not have an exemption from registration. Attention Not everyone who is exempt from registration also receives deferred remuneration. It is only for teaching staff and equivalent positions. See Who gets deferred pay? . Procedure Service line Customer is unsure whether he is entitled to the exemption? Refer the customer to his UI or RVA to find out whether he is entitled to exemption. Register the customer with cat to be sure. 00. Ask the customer to call back to the SL if he is exempt. If he doesn't, he gets AO6, gets the call list, etc. He can also get appointments and invitations from the region. Customer is exempt? See Contact customer in cat. 00 or 03 < 25 years"], ["What is the exemption from registration obligation with VDAB", "The customer should consult the payment institution or RVA. For your information, we can provide the following: Staff of educational institutions established, subsidized or recognized by the Community (Flemish government or French Community) must not be registered with VDAB as a job seeker during July and August, even during the period that they receive unemployment benefit.   Exception! School leavers in BIT must be enrolled with cat. 02. See Contact cat. 02 - holiday scheme for school leavers . They do not have an exemption from registration."], ["The holiday scheme for the staff of educational institutions consists of:", "exemption from availability for the labour market (= exemption from registration obligation at VDAB); deferred remuneration and/or unemployment benefits"], ["Contact with customer in cat. 00 or 03 < 25 years", "If the customer registered in cat. 00 or 03 < 25 years, he ends up in CS. However, he is not obliged to register. Procedure Service line Discuss with the customer whether he wants to remain registered to look for work. Yes?  Sign up with cat. 03. Estimate: ZR AGI (if customer has no view on work after the holidays) AOs: Exit the AOs that the customer started working with. Leave the open AOs. Give the customer to get started with the assignments. If the client does not start working from 1 September, the mediator will check whether he has started working on the assignments at a subsequent contact. The customer will then have to prove that he has sought work. No? Write out in cat.78. Don't make an estimate. Do not change Service Status.  AOs: Close the AOs that the customer started working with. Leave the open AOs. Give the customer the information to get back to work with it when re-registering."], ["Contact cat. 02 - holiday scheme for school leavers", "A young person in BIT or whose BIT is over is entitled to deferred remuneration provided that the conditions are met. But this is separate from the obligation to register.  Procedure Service line BIT is not over + view of work after the holidays Register with cat. 02. Designate ZR. 4 AOs Exit the AOs that the customer has started working with. Leave the open AOs. BIT is not over + no view on work Sign up with cat. 02. Estimate: ZR or AGI. For more info, see Estimating & dispatching young people. Have the conversation as with other school leavers. BIT is over Younger has already applied for BIU? See paragraph: Contact with customer in cat. 00 or 03 < 25 years. Young person has not yet applied for a BIU? Inform the customer about the formalities at the end of BIT, see Applying for integration allowance. Refer to the UI to apply for benefits."], ["Customer with deferred remuneration wants services from VDAB", "Procedure Register the customer with cat. 03 and use propeller to determine the service."], ["UI refers exempt customer to VDAB to register", "Sometimes a UI incorrectly refers a customer with an exemption to VDAB to register in cat. 00 in connection with his allowance for July and August. Procedure Service line If in doubt about the right to exemption, refer to another UI or RVA for more information. They are responsible for this measure. More info on rva.be - If you have worked in education, are you entitled to benefits during the holidays? (info sheet T86) . Register the customer with cat to be sure. 00. Ask the customer to call back to the SL if he is exempt. If he doesn't, he gets AO6, gets the call list, etc. He can also get appointments and invitations from the region. Certainly about the right to exemption Explain: that a registration in cat. 00 is not necessary to receive benefits. More info on rva.be - If you have worked in education, are you entitled to benefits during the holidays? (info sheet T86) . that an entry in cat. 00 has consequences. VDAB will ask him to contact him after 28d (AO6), or call him himself if he does not. In addition, he can receive mandatory appointments from VDAB."], ["What is the deferred remuneration", "It is best to consult your payment institution or RVA for this matter. For your information, we can provide the following: Temporary teaching staff do not receive a salary during the summer holidays. During the school year, they receive a little less pay. They are paid this during the holiday months, i.e. a deferred salary. For July they use the salaries from September to December, for August those from January to June. The number of days for which the staff member receives deferred remuneration depends on the number of days he has worked or was in a full- or part-time scheme. A staff member who has worked full-time for the entire school year, possibly in various assignments, receives deferred pay for July and August. If the deferred remuneration does not cover the entire holiday period, the staff member may apply for unemployment benefit for those days (if he is entitled to it. For example, a school leaver cannot apply for benefits).  Procedure Service line Refer customers with questions about the deferred remuneration (e.g. for a calculation) to UI or RVA."], ["Who receives deferred remuneration", "It is best to consult your payment institution or RVA for this matter. For your information, we can provide the following: Staff members who: have worked with a temporary contract. This is a fixed-term contract. be members of the teaching staff, i.e.: teachers in nursery, primary and secondary education teachers in the colleges of the French or German-speaking Community; positions equivalent to teaching staff (childcare worker, librarian, physiotherapist, educator, nurse, speech therapist, social worker,...). Permanent staff members are paid their wages in July and August. They therefore do not receive deferred remuneration.  Procedure Service line Refer customers with questions about the deferred remuneration (including whether they are entitled) to UI or RVA."], ["What is the arrangement for the autumn, Christmas, spring and Easter holidays", "It is best to consult your payout institution or RVA for this matter. For your information, we can provide the following: For the small holidays, staff members receive wages if the holiday is included in a period of employment. They are therefore not required to register during those holidays and are not entitled to benefits. When the contract expires before or during the small holiday, the staff member will not receive any pay. If he wants to receive a benefit during the holidays, he must register with VDAB. Then there is no exemption from registration.  Procedure Service line Register with cat. 00. Estimate: ZR or AGI (only if the customer does not return to work after the holidays). 4 AOs: View of work (contract is visible in MLB career data): Close the AOs with which the WZ started. Leave the other AOs and adjust the deadline if necessary. No prospect of work: VDAB expects him to start working on the assignments. After all, he is looking for a job."], ["What after the holiday", "It is best to consult your payout institution or RVA for this matter. For your information, we can provide the following: If the customer returns to work on 1 September, he does not have to register. If he does not return to work after the holidays, he can apply for benefits. In that case, he must register with VDAB within 8 days (counting from 1 Sep). For VDAB and RVA, he is then an 'ordinary' job seeker, with the associated rights and obligations. Procedure Service line Enroll the customer with cat 00 and refer them to the UI to apply for benefits."]], "document": "De vakantieregeling voor het personeel van onderwijsinstellingen \n\n Wat is uitgestelde bezoldiging? Wat is de vakantieregeling voor het personeel van onderwijsinstellingen? Wat zijn de voorwaarden om in aanmerking te komen? Wat na de vakantieregeling? inschrijven gedurende de zomermaanden? \n\n Vraag aan de VDAB consulent: Wie is vrijgesteld van inschrijving bij VDAB? \n Antwoord of Actie: De klant raadpleegt best de uitbetalingsinstelling of RVA. Ter info kunnen we het volgende meegeven: Iedereen* die tijdens het voorbije schooljaar betaalde arbeidsprestaties verricht heeft in een onderwijsinstelling opgericht, gesubsidieerd of erkend door een gemeenschap (Vlaamse overheid of Franse Gemeenschap).   1 dag gewerkt is voldoende om vrijstelling te krijgen.  Niet alleen onderwijzend personeel; ook administratieve medewerkers, schoonmaakpersoneel, keukenmedewerkers, verpleegkundigen, psychologen,...  Personeelsleden* van bedrijven die diensten leveren aan een school, en die dus niet rechtstreeks in loondienst van een onderwijsinstelling hebben gewerkt, komen  ook  in aanmerking voor een vrijstelling. Bijv. een keukenhulp bij een bedrijf dat maaltijden levert aan scholen tijdens het schooljaar. Hoe tewerkstelling aantonen? Wz rechtstreeks in loondienst toont dit aan door een formulier C4 onderwijs. Wz niet-rechtstreeks in loondienst toont dit aan door formulier C4 met bijgevoegd een verklaring op eer. * Uitzondering! Schoolverlaters in BIT moeten ingeschreven zijn met cat. 02. Zie  Contact met cat. 02 - vakantieregeling voor schoolverlaters . Zij hebben geen vrijstelling van inschrijving. Opgelet   Niet iedereen die vrijgesteld is van inschrijving, krijgt ook uitgestelde bezoldiging. Die is er slechts voor onderwijzend personeel en gelijkgestelde functies. Zie  Wie krijgt uitgestelde bezoldiging? . Procedure Servicelijn Klant twijfelt of hij recht heeft op de vrijstelling? Verwijs de klant door naar zijn UI of RVA om na te vragen of deze recht heeft op vrijstelling. Schrijf de klant voor de zekerheid in met cat. 00. Vraag de klant terug te bellen naar de SL indien hij vrijgesteld is. Doet hij dat niet, dan krijgt hij AO6, komt de op de bellijst etc. Hij kan ook afspraken en uitnodigingen krijgen uit de regio. Klant is vrijgesteld? Zie  Contact met klant in cat. 00 of 03 < 25 jaar \n\n Vraag aan de VDAB consulent: Wat is de vrijstelling van inschrijvingsplicht bij VDAB? \n Antwoord of Actie: De klant raadpleegt best de uitbetalingsinstelling of RVA. Ter info kunnen we het volgende meegeven: Personeel van onderwijsinstellingen opgericht, gesubsidieerd of erkend door de Gemeenschap (Vlaamse overheid of Franse Gemeenschap) moet tijdens juli en augustus niet ingeschreven zijn bij VDAB als werkzoekende, ook niet in de periode dat ze een werkloosheidsuitkering ontvangen.   Uitzondering! Schoolverlaters in BIT moeten ingeschreven zijn met cat. 02. Zie  Contact met cat. 02 - vakantieregeling voor schoolverlaters . Zij hebben geen vrijstelling van inschrijving. \n\n Vraag aan de VDAB consulent: De vakantieregeling voor het personeel van onderwijsinstellingen bestaat uit:? \n Antwoord of Actie: vrijstelling van beschikbaarheid voor de arbeidsmarkt (= vrijstelling van inschrijvingsplicht bij VDAB); uitgestelde bezoldiging en/of werkloosheidsuitkeringen \n\n Vraag aan de VDAB consulent: Contact met klant in cat. 00 of 03 < 25 jaar? \n Antwoord of Actie: Als de klant zich inschreef in cat. 00 of 03 < 25 jaar, komt hij in CS terecht. Hij is echter niet verplicht om zich in te schrijven. Procedure Servicelijn Bespreek met de klant of hij wil ingeschreven blijven om werk te zoeken. Ja?  Schrijf in met cat. 03. Schat in: ZR  AGI (als klant geen zicht heeft op werk na de vakantie) AO's:  Sluit de AO's af waarmee de klant aan de slag is gegaan. Laat de openstaande AO's staan. Geef de klant mee om aan de slag te gaan met de opdrachten. Als de klant vanaf 1 september niet start met werken, gaat de bemiddelaar bij een volgend contact bekijken of deze met de opdrachten aan de slag is gegaan. De klant gaat dan moeten aantonen dat deze werk heeft gezocht. Nee? Schrijf uit in cat.78. Doe geen inschatting. Wijzig Status dienstverlening niet.  AO's: Sluit de AO's af waarmee de klant aan de slag is gegaan. Laat de openstaande AO's staan. Geef aan de klant mee om er terug mee aan de slag te gaan bij een herinschrijving. \n\n Vraag aan de VDAB consulent: Contact met cat. 02 - vakantieregeling voor schoolverlaters? \n Antwoord of Actie: Een jongere in BIT of wiens BIT voorbij is, heeft recht op uitgestelde bezoldiging mits voldaan is aan de voorwaarden . Maar dit staat los van de verplichting tot inschrijving.  Procedure Servicelijn BIT is niet voorbij + zicht op werk na de vakantie Schrijf in met cat. 02. Duid ZR aan. 4 AO's Sluit de AO's af waarmee de klant aan de slag is gegaan. Laat de openstaande AO's staan. BIT is niet voorbij + geen zicht op werk Schrijf in met cat. 02. Schat in: ZR of AGI. Voor meer info, zie  Inschatting & dispatchen van jongeren . Voer het gesprek zoals bij andere schoolverlaters. BIT is voorbij Jongere heeft al BIU aangevraagd? Zie alinea:  Contact met klant in cat. 00 of 03 < 25 jaar. Jongere heeft nog geen BIU aangevraagd? Informeer de klant over de formaliteiten einde BIT, zie  Inschakelingsuitkering aanvragen . Verwijs naar de UI om een uitkering aan te vragen. \n\n Vraag aan de VDAB consulent: Klant met uitgestelde bezoldiging wenst dienstverlening van VDAB? \n Antwoord of Actie: Procedure Schrijf de klant in met cat. 03 en gebruik propeller om de dienstverlening te bepalen.  \n\n Vraag aan de VDAB consulent: UI verwijst klant met vrijstelling naar VDAB om zich in te schrijven? \n Antwoord of Actie: Soms verwijst een UI een klant met een vrijstelling onterecht naar VDAB om zich in te schrijven in cat. 00 i.f.v. zijn uitkering voor juli en augustus. Procedure Servicelijn Bij twijfel over het recht op vrijstelling Verwijs voor meer info naar een andere UI of RVA. Zij zijn bevoegd voor deze maatregel. Meer info op rva.be -  Als u in het onderwijs gewerkt hebt, hebt u dan recht op uitkeringen tijdens de vakantie? (infoblad T86) . Schrijf de klant voor de zekerheid in met cat. 00. Vraag de klant terug te bellen naar de SL indien hij vrijgesteld is. Doet hij dat niet, dan krijgt hij AO6, komt de op de bellijst etc. Hij kan ook afspraken en uitnodigingen krijgen uit de regio. Zeker over het recht op vrijstelling  Leg uit: dat een inschrijving in cat. 00 niet nodig is om een uitkering te krijgen. Meer info op rva.be -  Als u in het onderwijs gewerkt hebt, hebt u dan recht op uitkeringen tijdens de vakantie? (infoblad T86) . dat een inschrijving in cat. 00 gevolgen heeft. VDAB zal hem na 28d vragen contact op te nemen (AO6), of hem zelf opbellen als hij dat niet doet. Daarnaast kan hij verplichte afspraken krijgen van VDAB. \n\n Vraag aan de VDAB consulent: Wat is de uitgestelde bezoldiging? \n Antwoord of Actie: Je raadpleegt best je uitbetalingsinstelling of RVA voor deze materie. Ter info kunnen we het volgende meegeven: Tijdelijk onderwijzend personeel krijgt in de zomervakantie geen salaris. Tijdens het schooljaar krijgen ze een stukje minder loon. Dat krijgen ze in de vakantiemaanden uitbetaald, een uitgestelde bezoldiging dus. Voor juli gebruiken ze de salarissen van september t.e.m. december, voor augustus die van januari t.e.m. juni. Het aantal dagen waarvoor het personeelslid uitgestelde bezoldiging ontvangt, hangt af van het aantal dagen dat hij gewerkt heeft of dat in een vol- of deeltijds stelsel was. Een personeelslid dat het volledige schooljaar voltijds gewerkt heeft, eventueel in verschillende opdrachten, ontvangt voor juli en augustus uitgestelde bezoldiging. Dekt de uitgestelde bezoldiging niet de volledige vakantieperiode, dan kan het personeelslid voor die dagen een werkloosheidsuitkering aanvragen (indien hij er recht op heeft. Een schoolverlater kan bijvoorbeeld geen uitkering aanvragen).  Procedure Servicelijn Verwijs klanten met vragen over de uitgestelde bezoldiging (o.a. voor een berekening) naar UI of RVA. \n\n Vraag aan de VDAB consulent: Wie krijgt uitgestelde bezoldiging? \n Antwoord of Actie: Je raadpleegt best je uitbetalingsinstelling of RVA voor deze materie. Ter info kunnen we het volgende meegeven: Personeelsleden die: gewerkt hebben met een tijdelijk contract. Dit is een contract van bepaalde duur. lid zijn van het onderwijzend personeel, dit zijn: leerkrachten in het kleuter-, lager en secundair onderwijs leerkrachten in de hogescholen van de Franse of Duitstalige Gemeenschap; functies die gelijksteld zijn aan onderwijzend personeel (kinderverzorger, bibliothecaris, kinesist, opvoeder, verpleegkundige, logopedist, maatschappelijk assistent,...). Vastbenoemde personeelsleden krijgen in juli en augustus hun loon doorbetaald. Zij krijgen dus geen uitgestelde bezoldiging.  Procedure Servicelijn Verwijs klanten met vragen over de uitgestelde bezoldiging (o.a. of ze recht hebben) naar UI of RVA. \n\n Vraag aan de VDAB consulent: Wat is de regeling voor de herfst-, kerst-, krokus- en paasvakantie? \n Antwoord of Actie: Je raadpleegt best je uitbetalingsinstelling of RVA voor deze materie. Ter info kunnen we het volgende meegeven: Voor de kleine vakanties krijgen personeelsleden loon als de vakantie in een periode van tewerkstelling vervat is. Zij moeten zich dus niet inschrijven tijdens die vakanties en hebben geen recht op een uitkering. Wanneer het contract afloopt voor of tijdens de kleine vakantie, ontvangt het personeelslid geen loon. Wanneer hij een uitkering wil ontvangen tijdens de vakantie, moet hij zich inschrijven bij VDAB. Dan is er geen vrijstelling van inschrijving.  Procedure Servicelijn Schrijf in met cat. 00. Schat in: ZR of AGI (alleen als de klant na de vakantie niet opnieuw aan het werk gaat). 4 AO's: Zicht op werk (contract is zichtbaar in MLB loopbaangegevens): Sluit de AO's af waarmee de wz aan de slag ging. Laat de andere AO's staan en pas eventueel de deadline aan. Geen zicht op werk: VDAB verwacht dat hij met de opdrachten aan de slag gaat. Hij is immers werkzoekend.   \n\n Vraag aan de VDAB consulent: Wat na de vakantie? \n Antwoord of Actie: Je raadpleegt best je uitbetalingsinstelling of RVA voor deze materie. Ter info kunnen we het volgende meegeven: Als de klant op 1 september terug aan het werk gaat, moet hij zich niet inschrijven. Gaat hij na de vakantie niet opnieuw aan het werk, dan kan hij een uitkering aanvragen. In dat geval moet hij zich binnen de 8 dagen inschrijven bij VDAB (te tellen vanaf 1 sep). Voor VDAB en RVA is hij dan een 'gewone' werkzoekende, met de bijbehorende rechten en plichten. Procedure Servicelijn Schrijf de klant in met cat 00 en verwijs hem naar de UI om een uitkering aan te vragen. \n\n Categorie: Servicelijn \n\n Domein: vakantieregeling onderwijs \n\n Tags: leerkracht, uitkering, vakantie, inschrijving, inschrijving als werkzoekende, onderwijs, vrijstelling, vakantieregeling, juli, augustus \n\n Url: https://intranet-rel1ldv.ops.vdab.be/faq/servicelijn/rva-de-vakantieregeling-voor-het-personeel-van-onderwijsinstellingen \n\n Volgende paginas: Inschatting &amp; dispatchen van jongeren, via https://intranet-rel1ldv.ops.vdab.be/faq/servicelijn/inschatten-en-opvolgen-van-jongeren - propeller, via https://intranet-rel1ldv.ops.vdab.be/faq/servicelijn/wat-propeller-en-hoe-gebruiken - AGI., via https://intranet-rel1ldv.ops.vdab.be/faq/servicelijn/hoe-dispatchen-procedures - Inschakelingsuitkering aanvragen, via https://intranet-rel1ldv.ops.vdab.be/faq/beroepsinschakelingsuitkeringen-biu-de-aanvraag - AGI, via https://intranet-rel1ldv.ops.vdab.be/faq/servicelijn/hoe-dispatchen-procedures - AGI , via https://intranet-rel1ldv.ops.vdab.be/faq/servicelijn/hoe-dispatchen-procedures \n\n Type: intranet", "document_translation": "The holiday scheme for the staff of educational institutions \n\n What is deferred pay? What is the holiday scheme for the staff of educational institutions? What are the eligibility requirements? What happens after the holiday arrangement? Register during the summer months? \n\n Question for the VDAB counselor: Who is exempt from registration with VDAB? \n Answer or Action: The customer should consult the payment institution or RVA. For your information, we can provide the following: Anyone* who has performed paid work in an educational institution established, subsidized or recognized by a community (Flemish government or French Community) during the past school year.   1 day worked is enough to get exemption.  Not just teaching staff; Also administrative staff, cleaning staff, kitchen staff, nurses, psychologists,...  Staff* of companies that provide services to a school, and who have therefore not been directly employed by an educational institution, are also eligible for an exemption. For example, a kitchen assistant at a company that delivers meals to schools during the school year. How to prove employment? Wz directly employed demonstrates this by a form C4 education. Wz non-directly employed demonstrates this by form C4 with a declaration of honour attached. *Exception! School leavers in BIT must be enrolled with cat. 02. See Contact cat. 02 - holiday scheme for school leavers . They do not have an exemption from registration. Attention Not everyone who is exempt from registration also receives deferred remuneration. It is only for teaching staff and equivalent positions. See Who gets deferred pay? . Procedure Service line Customer is unsure whether he is entitled to the exemption? Refer the customer to his UI or RVA to find out whether he is entitled to exemption. Register the customer with cat to be sure. 00. Ask the customer to call back to the SL if he is exempt. If he doesn't, he gets AO6, gets the call list, etc. He can also get appointments and invitations from the region. Customer is exempt? See Contact customer in cat. 00 or 03 < 25 years \n\n Question for the VDAB counselor: What is the exemption from registration obligation with VDAB? \n Answer or Action: The customer should consult the payment institution or RVA. For your information, we can provide the following: Staff of educational institutions established, subsidized or recognized by the Community (Flemish government or French Community) must not be registered with VDAB as a job seeker during July and August, even during the period that they receive unemployment benefit.   Exception! School leavers in BIT must be enrolled with cat. 02. See Contact cat. 02 - holiday scheme for school leavers . They do not have an exemption from registration. \n\n Question for the VDAB counselor: The holiday scheme for the staff of educational institutions consists of:? \n Answer or Action: exemption from availability for the labour market (= exemption from registration obligation at VDAB); deferred remuneration and/or unemployment benefits \n\n Question for the VDAB counselor: Contact with customer in cat. 00 or 03 < 25 years? \n Answer or Action: If the customer registered in cat. 00 or 03 < 25 years, he ends up in CS. However, he is not obliged to register. Procedure Service line Discuss with the customer whether he wants to remain registered to look for work. Yes?  Sign up with cat. 03. Estimate: ZR AGI (if customer has no view on work after the holidays) AOs: Exit the AOs that the customer started working with. Leave the open AOs. Give the customer to get started with the assignments. If the client does not start working from 1 September, the mediator will check whether he has started working on the assignments at a subsequent contact. The customer will then have to prove that he has sought work. No? Write out in cat.78. Don't make an estimate. Do not change Service Status.  AOs: Close the AOs that the customer started working with. Leave the open AOs. Give the customer the information to get back to work with it when re-registering. \n\n Question for the VDAB counselor: Contact cat. 02 - holiday scheme for school leavers? \n Answer or Action: A young person in BIT or whose BIT is over is entitled to deferred remuneration provided that the conditions are met. But this is separate from the obligation to register.  Procedure Service line BIT is not over + view of work after the holidays Register with cat. 02. Designate ZR. 4 AOs Exit the AOs that the customer has started working with. Leave the open AOs. BIT is not over + no view on work Sign up with cat. 02. Estimate: ZR or AGI. For more info, see Estimating & dispatching young people. Have the conversation as with other school leavers. BIT is over Younger has already applied for BIU? See paragraph: Contact with customer in cat. 00 or 03 < 25 years. Young person has not yet applied for a BIU? Inform the customer about the formalities at the end of BIT, see Applying for integration allowance. Refer to the UI to apply for benefits. \n\n Question for the VDAB counselor: Customer with deferred remuneration wants services from VDAB? \n Answer or Action: Procedure Register the customer with cat. 03 and use propeller to determine the service. \n\n Question for the VDAB counselor: UI refers exempt customer to VDAB to register? \n Answer or Action: Sometimes a UI incorrectly refers a customer with an exemption to VDAB to register in cat. 00 in connection with his allowance for July and August. Procedure Service line If in doubt about the right to exemption, refer to another UI or RVA for more information. They are responsible for this measure. More info on rva.be - If you have worked in education, are you entitled to benefits during the holidays? (info sheet T86) . Register the customer with cat to be sure. 00. Ask the customer to call back to the SL if he is exempt. If he doesn't, he gets AO6, gets the call list, etc. He can also get appointments and invitations from the region. Certainly about the right to exemption Explain: that a registration in cat. 00 is not necessary to receive benefits. More info on rva.be - If you have worked in education, are you entitled to benefits during the holidays? (info sheet T86) . that an entry in cat. 00 has consequences. VDAB will ask him to contact him after 28d (AO6), or call him himself if he does not. In addition, he can receive mandatory appointments from VDAB. \n\n Question for the VDAB counselor: What is the deferred remuneration? \n Answer or Action: It is best to consult your payment institution or RVA for this matter. For your information, we can provide the following: Temporary teaching staff do not receive a salary during the summer holidays. During the school year, they receive a little less pay. They are paid this during the holiday months, i.e. a deferred salary. For July they use the salaries from September to December, for August those from January to June. The number of days for which the staff member receives deferred remuneration depends on the number of days he has worked or was in a full- or part-time scheme. A staff member who has worked full-time for the entire school year, possibly in various assignments, receives deferred pay for July and August. If the deferred remuneration does not cover the entire holiday period, the staff member may apply for unemployment benefit for those days (if he is entitled to it. For example, a school leaver cannot apply for benefits).  Procedure Service line Refer customers with questions about the deferred remuneration (e.g. for a calculation) to UI or RVA. \n\n Question for the VDAB counselor: Who receives deferred remuneration? \n Answer or Action: It is best to consult your payment institution or RVA for this matter. For your information, we can provide the following: Staff members who: have worked with a temporary contract. This is a fixed-term contract. be members of the teaching staff, i.e.: teachers in nursery, primary and secondary education teachers in the colleges of the French or German-speaking Community; positions equivalent to teaching staff (childcare worker, librarian, physiotherapist, educator, nurse, speech therapist, social worker,...). Permanent staff members are paid their wages in July and August. They therefore do not receive deferred remuneration.  Procedure Service line Refer customers with questions about the deferred remuneration (including whether they are entitled) to UI or RVA. \n\n Question for the VDAB counselor: What is the arrangement for the autumn, Christmas, spring and Easter holidays? \n Answer or Action: It is best to consult your payout institution or RVA for this matter. For your information, we can provide the following: For the small holidays, staff members receive wages if the holiday is included in a period of employment. They are therefore not required to register during those holidays and are not entitled to benefits. When the contract expires before or during the small holiday, the staff member will not receive any pay. If he wants to receive a benefit during the holidays, he must register with VDAB. Then there is no exemption from registration.  Procedure Service line Register with cat. 00. Estimate: ZR or AGI (only if the customer does not return to work after the holidays). 4 AOs: View of work (contract is visible in MLB career data): Close the AOs with which the WZ started. Leave the other AOs and adjust the deadline if necessary. No prospect of work: VDAB expects him to start working on the assignments. After all, he is looking for a job. \n\n Question for the VDAB counselor: What after the holiday? \n Answer or Action: It is best to consult your payout institution or RVA for this matter. For your information, we can provide the following: If the customer returns to work on 1 September, he does not have to register. If he does not return to work after the holidays, he can apply for benefits. In that case, he must register with VDAB within 8 days (counting from 1 Sep). For VDAB and RVA, he is then an 'ordinary' job seeker, with the associated rights and obligations. Procedure Service line Enroll the customer with cat 00 and refer them to the UI to apply for benefits. \n\n Category: Service line \n\n Domain: holiday scheme education \n\n Tags: payment, august, teacher, education, vacation, registration as a jobseeker, july, registration, exemption, holiday arrangement \n\n Url: https://intranet-rel1ldv.ops.vdab.be/faq/servicelijn/rva-de-vakantieregeling-voor-het-personeel-van-onderwijsinstellingen \n\n Next pages: Inschatting &amp; dispatchen van jongeren, via https://intranet-rel1ldv.ops.vdab.be/faq/servicelijn/inschatten-en-opvolgen-van-jongeren - propeller, via https://intranet-rel1ldv.ops.vdab.be/faq/servicelijn/wat-propeller-en-hoe-gebruiken - AGI., via https://intranet-rel1ldv.ops.vdab.be/faq/servicelijn/hoe-dispatchen-procedures - Inschakelingsuitkering aanvragen, via https://intranet-rel1ldv.ops.vdab.be/faq/beroepsinschakelingsuitkeringen-biu-de-aanvraag - AGI, via https://intranet-rel1ldv.ops.vdab.be/faq/servicelijn/hoe-dispatchen-procedures - AGI , via https://intranet-rel1ldv.ops.vdab.be/faq/servicelijn/hoe-dispatchen-procedures \n\n Type: intranet"}