{"title": "Toegangsbeheer: voorbeeldmails die de nieuwe gebruiker van Mijn loopbaan voor Partners ontvangt.", "type": "intranet", "field_trefwoorden_name": ["mail", "contact"], "domain_name": ["mijn loopbaan voor partners"], "category_name": "Servicelijn", "url": "https://intranet-rel1ldv.ops.vdab.be/faq/servicelijn/toegangsbeheer-drie-voorbeeldmails-die-de-nieuwe-gebruiker-van-mijn-loopbaan-voor", "content": [["Voorbeeldmails: nieuwe MLP-gebruikers", "Klik op de bijlage in de rechterkolom bij \"Links\". Meer info over de samenwerkingsakkoorden en toegangsbeheer? Zie \"Samenwerkingscontracten en applicaties\"."]], "link_ankers": [["https://intranet-rel1ldv.ops.vdab.be/faq/servicelijn/samenwerkingscontracten-en-applicaties", "Samenwerkingscontracten en applicaties"]], "title_translation": "Access control: Sample emails that the new My Career for Partners user receives.", "field_trefwoorden_name_translation": ["mail", "contact"], "domain_name_translation": ["my partner career"], "category_name_translation": "Service line", "document": "Toegangsbeheer: voorbeeldmails die de nieuwe gebruiker van Mijn loopbaan voor Partners ontvangt. \n\n Vraag aan de VDAB consulent: Voorbeeldmails: nieuwe MLP-gebruikers? \n Antwoord of Actie: Klik op de bijlage in de rechterkolom bij \"Links\". Meer info over de samenwerkingsakkoorden en toegangsbeheer? Zie \"Samenwerkingscontracten en applicaties\". \n\n Categorie: Servicelijn \n\n Domein: mijn loopbaan voor partners \n\n Tags: contact, mail \n\n Url: https://intranet-rel1ldv.ops.vdab.be/faq/servicelijn/toegangsbeheer-drie-voorbeeldmails-die-de-nieuwe-gebruiker-van-mijn-loopbaan-voor \n\n Volgende paginas: Samenwerkingscontracten en applicaties, via https://intranet-rel1ldv.ops.vdab.be/faq/servicelijn/samenwerkingscontracten-en-applicaties \n\n Type: intranet", "document_translation": "Access control: Sample emails that the new My Career for Partners user receives. \n\n Category: Service line \n\n Domain: my partner career \n\n Tags: contact, mail \n\n Url: https://intranet-rel1ldv.ops.vdab.be/faq/servicelijn/toegangsbeheer-drie-voorbeeldmails-die-de-nieuwe-gebruiker-van-mijn-loopbaan-voor \n\n Next pages: Samenwerkingscontracten en applicaties, via https://intranet-rel1ldv.ops.vdab.be/faq/servicelijn/samenwerkingscontracten-en-applicaties \n\n Type: intranet"}