{"title": "Vragen beantwoorden op sociale media", "type": "intranet", "field_trefwoorden_name": ["sociale media"], "domain_name": ["sociale media"], "category_name": "Servicelijn", "field_faq_summary": "Document voor Servicelijn-bemiddelaars met meer informatie over de manier waarop VDAB actief is op de sociale media. ", "url": "https://intranet-rel1ldv.ops.vdab.be/faq/servicelijn/vragen-beantwoorden-op-sociale-media", "content": [["Kan een dossieraanpassing na een vraag op sociale media?", "Nee, want we geven of vragen  geen dossiergegevens via sociale media, ook niet in een privebericht (omwille van privacy en informatieveiligheid).  Wat kan wel:  Procedure Servicelijn:   De klant belt zelf naar 0800 30 700. Hij mailt naar info@vdab.be. Jij vraagt in een privebericht zijn telefoonnummer en belt hem op.  Doe tijdens dat gesprek een grondige privacycheck. "], ["Gevoelige vragen of klachten", "Procedure Servicelijn:   Handel zo snel mogelijk af in een privebericht (of eventueel een telefoontje). Reageer achteraf ook nog eens op het oorspronkelijke openbare bericht, zodat andere volgers kunnen zien dat we het hebben opgevolgd."], ["Een klacht via sociale media.", "Procedure Servicelijn:   Stuur onderstaande standaardtekst (*):  We kunnen jouw klacht/bezorgdheid registreren als officiele klacht zodat onze klachtenbehandelaars ze verder kunnen bekijken. Als je dat wil, bezorg je dan je naam, voornaam, adres en telefoonnummer per mail naar socialemedia@vdab.be ? We registreren dan de klacht en houden je verder op de hoogte.  Komen de gegevens van de klant toe in  socialemedia@vdab.be , registreer dan de klacht.  Komt het antwoord niet binnen je engagor-tijd: Zet bij de tag: 'Klacht! Wacht op antwoord via maibox' en een korte kadering. Komt de klacht toe in  socialemedia@vdab.be , zoek dan het gesprek in Engagor en voer de klacht in. Ook als het een gesprek van een collega was.  Volg verder de procedure:  Klacht via info@ (*) Achtergrondinfo:   We registreren geen klacht via sociale media omdat we geen persoonlijke gegevens mogen opvragen, ook niet in een persoonlijk bericht.  Per mail kan wel. "], ["Discriminerende, racistische of denigrerende berichten en scheldpartijen?", "Procedure Servicelijn:   Zet in de community en tag Diederik en Stijn. Zij verwijderen het bericht. "], ["Een mogelijke crisissituatie?", "Procedure Servicelijn:   Zet in de community en tag Diederik en Stijn. Is het een zeer verontrustend bericht, contacteer Stijn dan via sms of telefoon (0474 48 27 45)."], ["Vraag doorsturen naar Backoffice Bemiddeling", "Procedure Servicelijn Maak een  ticket voor Backoffice Bemiddeling Sjabloon 'Dossier: overige\" Vink 'dringende vraag' aan en bij reden: 'engagor' Noteer bij de verplichte velden die je niet kan invullen 'engagor' (bv als je geen IKL-nummer hebt) Zet in het notitieveld: \"Graag antwoorden naar socialemedia@vdab.be. Wij volgen elkaars cases op.\" Komt het antwoord niet binnen je engagor-tijd: Zet bij de tag: 'Backoffice, wacht op antwoord via maibox' en een korte kadering. Komt het antwoord in  socialemedia@vdab.be , zoek dan het gesprek in Engagor en beantwoord. Ook als het een gesprek van een collega was. "], ["Anderstalig bericht en je bent de taal niet machtig?", "Procedure Servicelijn:    Het bericht is in Engels of Frans: Transfereer naar de anderstalige pool. Transfer_Smartconnect@franstalig Transfer_Smartconnect@engelstalig Het bericht is in een andere taal:  Gebruik de volgende standaardtekst: Hello, We are sorry. We do not understand the language you use.  If you have a question for VDAB, we advise you to call us at 0800 30 700 (free number), together with someone who speaks both your language and Dutch (between 8 and 19h). From abroad you can call the paying number +32 2 508 38 11. That way, we can find out how we can help you. You can also check the information on this page: http://www.vdab.be/english"], ["Iemand reageert op een post van de woordvoerder. Iets mee doen?", "Nee.  De woordvoerder reageert zelf. "], ["Een klant meldt problemen met een infosessie van VDAB?", "Procedure Servicelijn:   Zet op mail naar Stijn.  Waarschijnlijk is er iets technisch mis met de publicatie op de website. "], ["Een klant/ jijzelf ziet een fout in een post van VDAB (schrijffout, probleem met foto, ..)?", "Procedure Servicelijn: Zet in de community en tag Stijn en Diederik. "], ["Een commercieel bedrijf maakt reclame in een post van VDAB. Wat doen?", "Procedure Servicelijn:   Zet in de community en tag Diederik en Stijn. Zij bekijken de post en verwijderen hem als nodig."], ["Post VDAB vacatures op sociale media?", "Ja, vacatures die in onze databank staan worden verspreid op Facebook. Een bedrijf kan ook extra visibiliteit kopen voor een vacature.   Procedure Servicelijn: Stuur onderstaand standaardantwoord:  Alle vacatures uit onze databank worden automatisch gedeeld op Facebook (behalve interimvacatures). Je kan als bedrijf extra visibiliteit krijgen als je een betalende overeenkomst afsluit met VDAB. Meer informatie over de verschillende formules vind je op onze website ."], ["Klant meldt verdachte vacatures", "Gebruik eventueel onderstaande standaardtekst.  Bedankt voor je opmerking. We hechten veel belang aan de kwaliteit van de vacatures op onze site. Alle vacatures (meer dan 200 000) manueel nakijken is niet mogelijk. Daarom gebruiken we automatische systemen om twijfelachtige vacatures op te sporen. Spijtig genoeg is dat systeem niet onfeilbaar. Soms glipt een verdachte vacature toch door de mazen van het net en belandt ze online. Kom je zo'n vacature tegen, dan laat je dat best weten via de link die onderaan de vacature terugvindt. Daar staat de tekst: \"Niet alle vacatures zijn nagekeken door VDAB. VDAB is niet aansprakelijk voor de inhoud van de niet-nagekeken vacatures. Heb je een opmerking over deze vacature? Meld het aan VDAB.\" We gaan dan verder aan de slag, door bijvoorbeeld  de werkgever te contacteren, de vacature te verwijderen, of te zorgen dat de werkgever geen vacatures meer kan plaatsen op onze website. "], ["Klant vraagt om zijn workshop te delen via sociale media", "Dat kan niet via sociale media. De klant kan het wel laten publiceren op www.vdab.be .  Procedure Servicelijn: In de agenda op de website: aanvragen met dit formulier. In de opleidingengids: meer info."], ["Op welke berichten reageren?", "Volg de flow: Reactieschema sociale media"]], "link_ankers": [["https://intranet-rel1ldv.ops.vdab.be/faq/servicelijn/welke-kanalen-klachten-ontvangen-en-hoe-registreren-wzwns", "Klacht via info@"]], "title_translation": "Answering questions on social media", "field_trefwoorden_name_translation": ["social media"], "domain_name_translation": ["social media"], "category_name_translation": "Service line", "field_faq_summary_translation": "Document for Service line mediators with more information about how VDAB is active on social media. ", "content_translation": [["Can a file adjustment be made after a question on social media?", "No, because we do not give or request file data via social media, not even in a private message (for privacy and information security reasons).  What is possible: Procedure Service line: The customer calls 0800 30 700. He emails info@vdab.be. You ask for his phone number in a private message and call him.  Do a thorough privacy check during that conversation."], ["Sensitive questions or complaints", "Procedure Service line: Handle as soon as possible in a private message (or possibly a phone call). Also, reply to the original public post afterwards so that other followers can see that we've followed up."], ["A complaint via social media.", "Procedure Service line: Send the standard text below (*): We can register your complaint/concern as an official complaint so that our complaint handlers can review it further. If you wish, do you send your surname, first name, address and telephone number by e-mail to socialemedia@vdab.be ? We will then register the complaint and keep you informed.  If the customer's data arrives in socialemedia@vdab.be, please register the complaint.  If the answer doesn't come within your engagor time: Put the tag: \"Complaint! Wait for an answer via maibox' and a short framing. If the complaint arrives in socialemedia@vdab.be, find the conversation in Engagor and enter the complaint. Even if it was a colleague's conversation.  Follow the procedure: Complaint via info@ (*) Background information: We do not register a complaint via social media because we are not allowed to request personal data, even in a personal message.  You can send it by e-mail."], ["Discriminatory, racist or derogatory messages and name-calling?", "Procedure Service line: Put in the community and tag Diederik and Stijn. They delete the message."], ["A possible crisis situation?", "Procedure Service line: Put in the community and tag Diederik and Stijn. If it is a very disturbing message, please contact Stijn by text message or telephone (0474 48 27 45)."], ["Forward question to Backoffice Mediation", "Procedure Service line Create a ticket for Back office Mediation Template 'File: other' Check 'urgent question' and for reason: 'engagor' Write down 'engagor' (e.g. if you do not have an IKL number) Put in the note field: \"Please reply to socialemedia@vdab.be. We follow up on each other's cases.\" If the answer does not come within your engagor time: Put next to the tag: 'Back office, wait for answer via maibox' and a short framework. If the answer comes in socialemedia@vdab.be, find the conversation in Engagor and answer. Even if it was a colleague's conversation."], ["Foreign-language message and you don't speak the language?", "Service Line Procedure: The message is in English or French: Transfer to the foreign-language pool. Transfer_Smartconnect@franstalig Transfer_Smartconnect@engelstalig The message is in a different language: Use the following default text: Hello, We are sorry. We do not understand the language you use.  If you have a question for VDAB, we advise you to call us at 0800 30 700 (free number), together with someone who speaks both your language and Dutch (between 8 and 19h). From abroad you can call the paying number +32 2 508 38 11. That way, we can find out how we can help you. You can also check the information on this page: http://www.vdab.be/english"], ["Someone responds to a post from the spokesperson. Want to do something with it?", "No.  The spokesman responds himself."], ["A customer reports problems with an VDAB info session?", "Procedure Service line: Put on mail to Stijn.  There is probably something technically wrong with the publication on the website."], ["A customer/ yourself sees an error in a post from VDAB (writing error, problem with photo, ..)?", "Procedure Service line: Put in the community and tag Stijn and Diederik."], ["A commercial company advertises in a post of VDAB. What to do?", "Procedure Service line: Put in the community and tag Diederik and Stijn. They review the post and delete it as needed."], ["Post VDAB jobs on social media?", "Yes, vacancies in our database are distributed on Facebook. A company can also buy extra visibility for a vacancy.   Procedure Service line: Send the standard answer below: All vacancies from our database are automatically shared on Facebook (except interim vacancies). As a company, you can gain extra visibility if you conclude a paying agreement with VDAB. More information about the different formulas can be found on our website."], ["Customer reports suspicious vacancies", "Use any standard text below.  Thanks for your comment. We attach great importance to the quality of the vacancies on our site. It is not possible to manually check all vacancies (more than 200 000). That's why we use automated systems to detect questionable vacancies. Unfortunately, that system is not infallible. Sometimes a suspicious vacancy slips through the cracks and ends up online. If you come across such a vacancy, it is best to let us know via the link at the bottom of the vacancy. There is the text: \"Not all vacancies have been checked by VDAB. VDAB is not liable for the content of the unreviewed vacancies. Do you have a comment about this vacancy? Report it to VDAB.\" We will then continue to work, for example by contacting the employer, removing the vacancy, or ensuring that the employer can no longer post vacancies on our website."], ["Customer asks to share his workshop via social media", "That is not possible via social media. The customer can have it published on www.vdab.be .  Service line procedure: In the agenda on the website: request with this form. In the training guide: more info."], ["Which messages to respond to?", "Follow the flow: Social media response schedule"]], "document": "Vragen beantwoorden op sociale media \n\n Document voor Servicelijn-bemiddelaars met meer informatie over de manier waarop VDAB actief is op de sociale media. \n\n Vraag aan de VDAB consulent: Kan een dossieraanpassing na een vraag op sociale media?? \n Antwoord of Actie: Nee, want we geven of vragen  geen dossiergegevens via sociale media, ook niet in een privebericht (omwille van privacy en informatieveiligheid).  Wat kan wel:  Procedure Servicelijn:   De klant belt zelf naar 0800 30 700. Hij mailt naar info@vdab.be. Jij vraagt in een privebericht zijn telefoonnummer en belt hem op.  Doe tijdens dat gesprek een grondige privacycheck.  \n\n Vraag aan de VDAB consulent: Gevoelige vragen of klachten? \n Antwoord of Actie: Procedure Servicelijn:   Handel zo snel mogelijk af in een privebericht (of eventueel een telefoontje). Reageer achteraf ook nog eens op het oorspronkelijke openbare bericht, zodat andere volgers kunnen zien dat we het hebben opgevolgd. \n\n Vraag aan de VDAB consulent: Een klacht via sociale media.? \n Antwoord of Actie: Procedure Servicelijn:   Stuur onderstaande standaardtekst (*):  We kunnen jouw klacht/bezorgdheid registreren als officiele klacht zodat onze klachtenbehandelaars ze verder kunnen bekijken. Als je dat wil, bezorg je dan je naam, voornaam, adres en telefoonnummer per mail naar socialemedia@vdab.be ? We registreren dan de klacht en houden je verder op de hoogte.  Komen de gegevens van de klant toe in  socialemedia@vdab.be , registreer dan de klacht.  Komt het antwoord niet binnen je engagor-tijd: Zet bij de tag: 'Klacht! Wacht op antwoord via maibox' en een korte kadering. Komt de klacht toe in  socialemedia@vdab.be , zoek dan het gesprek in Engagor en voer de klacht in. Ook als het een gesprek van een collega was.  Volg verder de procedure:  Klacht via info@ (*) Achtergrondinfo:   We registreren geen klacht via sociale media omdat we geen persoonlijke gegevens mogen opvragen, ook niet in een persoonlijk bericht.  Per mail kan wel.  \n\n Vraag aan de VDAB consulent: Discriminerende, racistische of denigrerende berichten en scheldpartijen?? \n Antwoord of Actie: Procedure Servicelijn:   Zet in de community en tag Diederik en Stijn. Zij verwijderen het bericht.  \n\n Vraag aan de VDAB consulent: Een mogelijke crisissituatie?? \n Antwoord of Actie: Procedure Servicelijn:   Zet in de community en tag Diederik en Stijn. Is het een zeer verontrustend bericht, contacteer Stijn dan via sms of telefoon (0474 48 27 45). \n\n Vraag aan de VDAB consulent: Vraag doorsturen naar Backoffice Bemiddeling? \n Antwoord of Actie: Procedure Servicelijn Maak een  ticket voor Backoffice Bemiddeling Sjabloon 'Dossier: overige\" Vink 'dringende vraag' aan en bij reden: 'engagor' Noteer bij de verplichte velden die je niet kan invullen 'engagor' (bv als je geen IKL-nummer hebt) Zet in het notitieveld: \"Graag antwoorden naar socialemedia@vdab.be. Wij volgen elkaars cases op.\" Komt het antwoord niet binnen je engagor-tijd: Zet bij de tag: 'Backoffice, wacht op antwoord via maibox' en een korte kadering. Komt het antwoord in  socialemedia@vdab.be , zoek dan het gesprek in Engagor en beantwoord. Ook als het een gesprek van een collega was.  \n\n Vraag aan de VDAB consulent: Anderstalig bericht en je bent de taal niet machtig?? \n Antwoord of Actie: Procedure Servicelijn:    Het bericht is in Engels of Frans: Transfereer naar de anderstalige pool. Transfer_Smartconnect@franstalig Transfer_Smartconnect@engelstalig Het bericht is in een andere taal:  Gebruik de volgende standaardtekst: Hello, We are sorry. We do not understand the language you use.  If you have a question for VDAB, we advise you to call us at 0800 30 700 (free number), together with someone who speaks both your language and Dutch (between 8 and 19h). From abroad you can call the paying number +32 2 508 38 11. That way, we can find out how we can help you. You can also check the information on this page: http://www.vdab.be/english \n\n Vraag aan de VDAB consulent: Iemand reageert op een post van de woordvoerder. Iets mee doen?? \n Antwoord of Actie: Nee.  De woordvoerder reageert zelf.  \n\n Vraag aan de VDAB consulent: Een klant meldt problemen met een infosessie van VDAB?? \n Antwoord of Actie: Procedure Servicelijn:   Zet op mail naar Stijn.  Waarschijnlijk is er iets technisch mis met de publicatie op de website.  \n\n Vraag aan de VDAB consulent: Een klant/ jijzelf ziet een fout in een post van VDAB (schrijffout, probleem met foto, ..)?? \n Antwoord of Actie: Procedure Servicelijn: Zet in de community en tag Stijn en Diederik.  \n\n Vraag aan de VDAB consulent: Een commercieel bedrijf maakt reclame in een post van VDAB. Wat doen?? \n Antwoord of Actie: Procedure Servicelijn:   Zet in de community en tag Diederik en Stijn. Zij bekijken de post en verwijderen hem als nodig. \n\n Vraag aan de VDAB consulent: Post VDAB vacatures op sociale media?? \n Antwoord of Actie: Ja, vacatures die in onze databank staan worden verspreid op Facebook. Een bedrijf kan ook extra visibiliteit kopen voor een vacature.   Procedure Servicelijn: Stuur onderstaand standaardantwoord:  Alle vacatures uit onze databank worden automatisch gedeeld op Facebook (behalve interimvacatures). Je kan als bedrijf extra visibiliteit krijgen als je een betalende overeenkomst afsluit met VDAB. Meer informatie over de verschillende formules vind je op onze website . \n\n Vraag aan de VDAB consulent: Klant meldt verdachte vacatures? \n Antwoord of Actie: Gebruik eventueel onderstaande standaardtekst.  Bedankt voor je opmerking. We hechten veel belang aan de kwaliteit van de vacatures op onze site. Alle vacatures (meer dan 200 000) manueel nakijken is niet mogelijk. Daarom gebruiken we automatische systemen om twijfelachtige vacatures op te sporen. Spijtig genoeg is dat systeem niet onfeilbaar. Soms glipt een verdachte vacature toch door de mazen van het net en belandt ze online. Kom je zo'n vacature tegen, dan laat je dat best weten via de link die onderaan de vacature terugvindt. Daar staat de tekst: \"Niet alle vacatures zijn nagekeken door VDAB. VDAB is niet aansprakelijk voor de inhoud van de niet-nagekeken vacatures. Heb je een opmerking over deze vacature? Meld het aan VDAB.\" We gaan dan verder aan de slag, door bijvoorbeeld  de werkgever te contacteren, de vacature te verwijderen, of te zorgen dat de werkgever geen vacatures meer kan plaatsen op onze website.  \n\n Vraag aan de VDAB consulent: Klant vraagt om zijn workshop te delen via sociale media? \n Antwoord of Actie: Dat kan niet via sociale media. De klant kan het wel laten publiceren op www.vdab.be .  Procedure Servicelijn: In de agenda op de website: aanvragen met dit formulier. In de opleidingengids: meer info. \n\n Vraag aan de VDAB consulent: Op welke berichten reageren?? \n Antwoord of Actie: Volg de flow: Reactieschema sociale media \n\n Categorie: Servicelijn \n\n Domein: sociale media \n\n Tags: sociale media \n\n Url: https://intranet-rel1ldv.ops.vdab.be/faq/servicelijn/vragen-beantwoorden-op-sociale-media \n\n Volgende paginas: Klacht via info@, via https://intranet-rel1ldv.ops.vdab.be/faq/servicelijn/welke-kanalen-klachten-ontvangen-en-hoe-registreren-wzwns \n\n Type: intranet", "document_translation": "Answering questions on social media \n\n Document for Service line mediators with more information about how VDAB is active on social media. \n\n Question for the VDAB counselor: Can a file adjustment be made after a question on social media?? \n Answer or Action: No, because we do not give or request file data via social media, not even in a private message (for privacy and information security reasons).  What is possible: Procedure Service line: The customer calls 0800 30 700. He emails info@vdab.be. You ask for his phone number in a private message and call him.  Do a thorough privacy check during that conversation. \n\n Question for the VDAB counselor: Sensitive questions or complaints? \n Answer or Action: Procedure Service line: Handle as soon as possible in a private message (or possibly a phone call). Also, reply to the original public post afterwards so that other followers can see that we've followed up. \n\n Question for the VDAB counselor: A complaint via social media.? \n Answer or Action: Procedure Service line: Send the standard text below (*): We can register your complaint/concern as an official complaint so that our complaint handlers can review it further. If you wish, do you send your surname, first name, address and telephone number by e-mail to socialemedia@vdab.be ? We will then register the complaint and keep you informed.  If the customer's data arrives in socialemedia@vdab.be, please register the complaint.  If the answer doesn't come within your engagor time: Put the tag: \"Complaint! Wait for an answer via maibox' and a short framing. If the complaint arrives in socialemedia@vdab.be, find the conversation in Engagor and enter the complaint. Even if it was a colleague's conversation.  Follow the procedure: Complaint via info@ (*) Background information: We do not register a complaint via social media because we are not allowed to request personal data, even in a personal message.  You can send it by e-mail. \n\n Question for the VDAB counselor: Discriminatory, racist or derogatory messages and name-calling?? \n Answer or Action: Procedure Service line: Put in the community and tag Diederik and Stijn. They delete the message. \n\n Question for the VDAB counselor: A possible crisis situation?? \n Answer or Action: Procedure Service line: Put in the community and tag Diederik and Stijn. If it is a very disturbing message, please contact Stijn by text message or telephone (0474 48 27 45). \n\n Question for the VDAB counselor: Forward question to Backoffice Mediation? \n Answer or Action: Procedure Service line Create a ticket for Back office Mediation Template 'File: other' Check 'urgent question' and for reason: 'engagor' Write down 'engagor' (e.g. if you do not have an IKL number) Put in the note field: \"Please reply to socialemedia@vdab.be. We follow up on each other's cases.\" If the answer does not come within your engagor time: Put next to the tag: 'Back office, wait for answer via maibox' and a short framework. If the answer comes in socialemedia@vdab.be, find the conversation in Engagor and answer. Even if it was a colleague's conversation. \n\n Question for the VDAB counselor: Foreign-language message and you don't speak the language?? \n Answer or Action: Service Line Procedure: The message is in English or French: Transfer to the foreign-language pool. Transfer_Smartconnect@franstalig Transfer_Smartconnect@engelstalig The message is in a different language: Use the following default text: Hello, We are sorry. We do not understand the language you use.  If you have a question for VDAB, we advise you to call us at 0800 30 700 (free number), together with someone who speaks both your language and Dutch (between 8 and 19h). From abroad you can call the paying number +32 2 508 38 11. That way, we can find out how we can help you. You can also check the information on this page: http://www.vdab.be/english \n\n Question for the VDAB counselor: Someone responds to a post from the spokesperson. Want to do something with it?? \n Answer or Action: No.  The spokesman responds himself. \n\n Question for the VDAB counselor: A customer reports problems with an VDAB info session?? \n Answer or Action: Procedure Service line: Put on mail to Stijn.  There is probably something technically wrong with the publication on the website. \n\n Question for the VDAB counselor: A customer/ yourself sees an error in a post from VDAB (writing error, problem with photo, ..)?? \n Answer or Action: Procedure Service line: Put in the community and tag Stijn and Diederik. \n\n Question for the VDAB counselor: A commercial company advertises in a post of VDAB. What to do?? \n Answer or Action: Procedure Service line: Put in the community and tag Diederik and Stijn. They review the post and delete it as needed. \n\n Question for the VDAB counselor: Post VDAB jobs on social media?? \n Answer or Action: Yes, vacancies in our database are distributed on Facebook. A company can also buy extra visibility for a vacancy.   Procedure Service line: Send the standard answer below: All vacancies from our database are automatically shared on Facebook (except interim vacancies). As a company, you can gain extra visibility if you conclude a paying agreement with VDAB. More information about the different formulas can be found on our website. \n\n Question for the VDAB counselor: Customer reports suspicious vacancies? \n Answer or Action: Use any standard text below.  Thanks for your comment. We attach great importance to the quality of the vacancies on our site. It is not possible to manually check all vacancies (more than 200 000). That's why we use automated systems to detect questionable vacancies. Unfortunately, that system is not infallible. Sometimes a suspicious vacancy slips through the cracks and ends up online. If you come across such a vacancy, it is best to let us know via the link at the bottom of the vacancy. There is the text: \"Not all vacancies have been checked by VDAB. VDAB is not liable for the content of the unreviewed vacancies. Do you have a comment about this vacancy? Report it to VDAB.\" We will then continue to work, for example by contacting the employer, removing the vacancy, or ensuring that the employer can no longer post vacancies on our website. \n\n Question for the VDAB counselor: Customer asks to share his workshop via social media? \n Answer or Action: That is not possible via social media. The customer can have it published on www.vdab.be .  Service line procedure: In the agenda on the website: request with this form. In the training guide: more info. \n\n Question for the VDAB counselor: Which messages to respond to?? \n Answer or Action: Follow the flow: Social media response schedule \n\n Category: Service line \n\n Domain: social media \n\n Tags: social media \n\n Url: https://intranet-rel1ldv.ops.vdab.be/faq/servicelijn/vragen-beantwoorden-op-sociale-media \n\n Next pages: Klacht via info@, via https://intranet-rel1ldv.ops.vdab.be/faq/servicelijn/welke-kanalen-klachten-ontvangen-en-hoe-registreren-wzwns \n\n Type: intranet"}