{"title": "Externe standaardmails - werkplekleren en opleiding", "type": "intranet", "field_trefwoorden_name": ["standaardmails"], "domain_name": ["standaardmails"], "category_name": "Servicelijn", "field_faq_summary": "Externe standaardmails vacaturewerking", "url": "https://intranet-rel1ldv.ops.vdab.be/faq/servicelijn/externe-standaardmails-werkplekleren-en-opleiding", "content": [["IBO", "Deze mail bestaat ook in het Frans  en Engels . Beste [VOORNAAM] Een individuele beroepsopleiding (IBO) is een opleiding op maat. Tijdens een periode van 1 tot 6 maanden leid je een werkzoekende met minder ervaring heel gericht op naar de noden van je bedrijf. Na de IBO werf je hem aan als volwaardige werknemer. Kostprijs Je betaalt geen loon of RSZ, enkel een vast maandelijks bedrag. Voorwaarden Zowel jij als je kandidaat voldoen aan de volgende voorwaarden . Hoe aanvragen Heb je een geschikte kandidaat? Dien je aanvraag in via Mijn VDAB  ( Hoe? ). Een IBO-bemiddelaar neemt contact met je op.  Heb je nog geen kandidaat op het oog, dan kan je een vacature plaatsen op onze website. Heeft de sollicitant van je keuze minder ervaring, dan kan een IBO de oplossing zijn.  Nog vragen? Meer info over IBO . Antwoord op deze mail of bel ons.   Met vriendelijke groeten   VDAB     Als klant van VDAB verwacht je de beste dienstverlening. Toch kan het ook eens fout gaan. Heb je een klacht of een probleem? Meer info over de werking van VDAB en onze privacyvoorschriften vind je in onze disclaimer ."], ["Leerplek registreren - bevestiging", "Als de werkgever net zijn gegevens doorstuurde via mail, dan kan je het blokje 'deze gegevens noteerden we voor jou' weglaten. Gaf hij zijn stageplek door via telefoon, dan is het wel interessant om deze gegevens mee te sturen, zodat hij een kopie heeft. De cluster waartoe het bedrijf behoort, is interne info voor onze werking bij VDAB. Omdat deze niet altijd overeenkomt met de cluster waarin de werkgever zichzelf ziet, laten we die weg om verwarring te voorkomen. Beste [VOORNAAM]   Je stageplaats staat nu geregistreerd in onze databank.  Deze gegevens noteerden we voor jou: [VUL ALLE GEGEVENS AAN] IKP nummer:  Bedrijfsnaam:  Waar ligt het bedrijf? (postcode)  Waar gaat de stage door? (postcode)  Naam contactpersoon:  Telefoonnummer contactpersoon:  E-mailadres contactpersoon:  Provincie waar bedrijf gevestigd is:  Voor welke functie(s) wil je een stagiair?:    We delen deze informatie met onze bemiddelaars en onze erkende partners. Zij contacteren je wanneer ze een kandidaat aan jou willen voorstellen.    Kloppen je gegevens niet, of wil je je aanbod wijzigen?  Antwoord op deze mail of bel ons.   Met vriendelijke groeten   VDAB   Als klant van VDAB verwacht je de beste dienstverlening. Toch kan het ook eens fout gaan. Heb je een klacht of een probleem? Meer info over de werking van VDAB en onze privacyvoorschriften vind je in onze disclaimer ."], ["Leerplek registreren - hoe?", "Beste [VOORNAAM]   Het aanbod dat je hebt, is een stage. We plaatsen geen stages op de VDAB-website. Deze verzamelt enkel vacatures voor betaalde jobs.  Je kan wel aan ons doorgeven dat je bedrijf openstaat voor stagiairs. Als we een geschikte kandidaat voor je hebben, nemen we contact met je op.   Hoe geef ik mijn stageplaats door? Mail ons deze informatie:  Bedrijfsnaam Ondernemingsnummer Waar ligt het bedrijf? (postcode) Waar gaat de stage door? (postcode) Naam contactpersoon Telefoonnummer contactpersoon E-mailadres contactpersoon Voor welke functie(s) wil je een stagiair? Of bel ons. We maken samen je aanvraag in orde.   Nog vragen? Welke vacatures publiceert VDAB? Antwoord op deze mail of bel ons.   Met vriendelijke groeten   VDAB     Als klant van VDAB verwacht je de beste dienstverlening. Toch kan het ook eens fout gaan. Heb je een klacht of een probleem? Meer info over de werking van VDAB en onze privacyvoorschriften vind je in onze disclaimer ."], ["Leerplek verwijderen - bevestiging", "Beste [VOORNAAM]   We hebben je stageplaats verwijderd uit onze databank.   Nieuwe stage Wil je je werkvloer later opnieuw openstellen voor stagiairs? Laat het ons weten.   Nog vragen? Antwoord op deze mail of bel ons.   Met vriendelijke groeten   VDAB     Als klant van VDAB verwacht je de beste dienstverlening. Toch kan het ook eens fout gaan. Heb je een klacht of een probleem? Meer info over de werking van VDAB en onze privacyvoorschriften vind je in onze disclaimer ."], ["Opleidingengids", "Beste [VOORNAAM] Op onze website vind je een overzicht van alle opleidingen  die VDAB aanbiedt. Je kan gemakkelijk grasduinen in ons aanbod: gebruik hiervoor de zoekfilters in de linkerkolom. Per opleiding vind je meer info over de inhoud en de praktische organisatie. Heb je een specifieke vraag over een bepaalde opleiding? Dan vind je onderaan op de fiche ook een contactpersoon.  Nog vragen? Meer info over ons opleidingsaanbod Antwoord op deze mail of bel ons Met vriendelijke groeten   VDAB   Als klant van VDAB verwacht je de beste dienstverlening. Toch kan het ook eens fout gaan. Heb je een klacht of een probleem? Meer info over de werking van VDAB en onze privacyvoorschriften vind je in onze disclaimer ."], ["Vacature vs leerplek", "Beste [VOORNAAM]   Je kan aan VDAB zowel vacatures als leerplekken melden.   Zet je vacature online Wil je graag een werknemer in dienst nemen? Zet je vacature dan gratis op onze website! Publiceer je vacature zelf via Mijn VDAB ( Hoe? ) of geef ze door aan ons. VDAB kan je ook helpen om een geschikte kandidaat te vinden.   Meld je leerplek Een leerplek kan je doorgeven als je openstaat voor stagiairs. De leerplek komt in een interne databank terecht en verschijnt dus niet op de website van VDAB. We contacteren jou als we een kandidaat vinden.  Interesse? Mail ons deze informatie:  Bedrijfsnaam Ondernemingsnummer Waar ligt het bedrijf? (postcode) Waar gaat de stage door? (postcode) Naam contactpersoon Telefoonnummer contactpersoon E-mailadres contactpersoon Voor welke functie(s) wil je een stagiair? Of bel ons. We maken samen je aanvraag in orde.   Nog vragen? Welke vacatures publiceert VDAB? Antwoord op deze mail of bel ons.   Met vriendelijke groeten   VDAB     Als klant van VDAB verwacht je de beste dienstverlening. Toch kan het ook eens fout gaan. Heb je een klacht of een probleem? Meer info over de werking van VDAB en onze privacyvoorschriften vind je in onze disclaimer ."]], "title_translation": "External standard emails - workplace learning and training", "field_trefwoorden_name_translation": ["standard emails"], "domain_name_translation": ["standard emails"], "category_name_translation": "Service line", "field_faq_summary_translation": "External standard e-mails vacancy operation", "content_translation": [["IBO", "This mail also exists in French and English. Dear [FIRST NAME] An individual vocational training (IBO) is a tailor-made training. During a period of 1 to 6 months, you train a job seeker with less experience very specifically to the needs of your company. After the IBO, you recruit him as a full-fledged employee. Cost price You do not pay wages or social security, only a fixed monthly amount. Conditions Both you and your candidate meet the following conditions. How to apply Do you have a suitable candidate? Submit your application via My VDAB ( How? ). An IBO mediator will contact you.  If you do not yet have a candidate in mind, you can post a vacancy on our website. If the applicant of your choice has less experience, an IBO can be the solution.  Any questions? More info about IBO. Reply to this email or call us.   With kind regards VDAB As a customer of VDAB you expect the best service. However, things can also go wrong. Do you have a complaint or a problem? More information about the operation of VDAB and our privacy regulations can be found in our disclaimer."], ["Register learning place - confirmation", "If the employer has just forwarded his data by e-mail, you can omit the block 'we wrote down this data for you'. If he passed on his internship by telephone, it is interesting to send this information so that he has a copy. The cluster to which the company belongs is internal information for our operation at VDAB. Because it does not always correspond to the cluster in which the employer sees itself, we leave it out to avoid confusion. Dear [FIRST NAME] Your internship is now registered in our database.  We wrote down this information for you: [FILL IN ALL DATA] IKP number: Company name: Where is the company located? (postal code)  Where does the internship take place? (postal code)  Name of contact person: Contact telephone number: Contact e-mail address: Province where company is located: For which position(s) do you want an intern?: We share this information with our mediators and our authorized partners. They will contact you when they want to introduce a candidate to you.    Are your details incorrect, or do you want to change your offer?  Reply to this email or call us.   With kind regards VDAB As a customer of VDAB you expect the best service. However, things can also go wrong. Do you have a complaint or a problem? More information about the operation of VDAB and our privacy regulations can be found in our disclaimer."], ["Register learning place - how?", "Dear [FIRST NAME] The offer you have is an internship. We do not post internships on the VDAB website. It only collects vacancies for paid jobs.  You can let us know that your company is open to interns. If we have a suitable candidate for you, we will contact you.   How do I pass on my internship? Mail us this information: Company name Company number Where is the company located? (postal code) Where does the internship take place? (postal code) Contact name Contact phone number Contact email Contact person For which position(s) do you want an intern? Or give us a call. We will arrange your request together.   Any questions? Which vacancies does VDAB publish? Reply to this email or call us.   With kind regards VDAB As a customer of VDAB you expect the best service. However, things can also go wrong. Do you have a complaint or a problem? More information about the operation of VDAB and our privacy regulations can be found in our disclaimer."], ["Remove learning place - confirmation", "Dear [FIRST NAME] We have removed your internship from our database.   New internship Do you want to reopen your workplace to interns later? Let us know.   Any questions? Reply to this email or call us.   With kind regards VDAB As a customer of VDAB you expect the best service. However, things can also go wrong. Do you have a complaint or a problem? More information about the operation of VDAB and our privacy regulations can be found in our disclaimer."], ["Training guide", "Best [FIRST NAME] On our website you will find an overview of all courses that VDAB offers. You can easily browse through our offer: use the search filters in the left column. For each programme you will find more information about the content and the practical organisation. Do you have a specific question about a specific programme? Then you will also find a contact person at the bottom of the sheet.  Any questions? More info about our training offer Reply to this email or call us With kind regards VDAB As a customer of VDAB you expect the best service. However, things can also go wrong. Do you have a complaint or a problem? More information about the operation of VDAB and our privacy regulations can be found in our disclaimer."], ["Vacancy vs apprenticeship", "Best [FIRST NAME] You can report both vacancies and apprenticeships to VDAB.   Put your vacancy online Would you like to hire an employee? Then put your vacancy on our website for free! Publish your vacancy yourself via My VDAB (How? ) or pass it on to us. VDAB can also help you find a suitable candidate.   Register your learning place You can pass on a learning place if you are open to interns. The learning place ends up in an internal database and therefore does not appear on the VDAB website. We will contact you when we find a candidate.  Interest? Mail us this information: Company name Company number Where is the company located? (postal code) Where does the internship take place? (postal code) Contact name Contact phone number Contact email Contact person For which position(s) do you want an intern? Or give us a call. We will arrange your request together.   Any questions? Which vacancies does VDAB publish? Reply to this email or call us.   With kind regards VDAB As a customer of VDAB you expect the best service. However, things can also go wrong. Do you have a complaint or a problem? More information about the operation of VDAB and our privacy regulations can be found in our disclaimer."]], "document": "Externe standaardmails - werkplekleren en opleiding \n\n Externe standaardmails vacaturewerking \n\n Vraag aan de VDAB consulent: IBO? \n Antwoord of Actie: Deze mail bestaat ook in het Frans  en Engels . Beste [VOORNAAM] Een individuele beroepsopleiding (IBO) is een opleiding op maat. Tijdens een periode van 1 tot 6 maanden leid je een werkzoekende met minder ervaring heel gericht op naar de noden van je bedrijf. Na de IBO werf je hem aan als volwaardige werknemer. Kostprijs Je betaalt geen loon of RSZ, enkel een vast maandelijks bedrag. Voorwaarden Zowel jij als je kandidaat voldoen aan de volgende voorwaarden . Hoe aanvragen Heb je een geschikte kandidaat? Dien je aanvraag in via Mijn VDAB  ( Hoe? ). Een IBO-bemiddelaar neemt contact met je op.  Heb je nog geen kandidaat op het oog, dan kan je een vacature plaatsen op onze website. Heeft de sollicitant van je keuze minder ervaring, dan kan een IBO de oplossing zijn.  Nog vragen? Meer info over IBO . Antwoord op deze mail of bel ons.   Met vriendelijke groeten   VDAB     Als klant van VDAB verwacht je de beste dienstverlening. Toch kan het ook eens fout gaan. Heb je een klacht of een probleem? Meer info over de werking van VDAB en onze privacyvoorschriften vind je in onze disclaimer . \n\n Vraag aan de VDAB consulent: Leerplek registreren - bevestiging? \n Antwoord of Actie: Als de werkgever net zijn gegevens doorstuurde via mail, dan kan je het blokje 'deze gegevens noteerden we voor jou' weglaten. Gaf hij zijn stageplek door via telefoon, dan is het wel interessant om deze gegevens mee te sturen, zodat hij een kopie heeft. De cluster waartoe het bedrijf behoort, is interne info voor onze werking bij VDAB. Omdat deze niet altijd overeenkomt met de cluster waarin de werkgever zichzelf ziet, laten we die weg om verwarring te voorkomen. Beste [VOORNAAM]   Je stageplaats staat nu geregistreerd in onze databank.  Deze gegevens noteerden we voor jou: [VUL ALLE GEGEVENS AAN] IKP nummer:  Bedrijfsnaam:  Waar ligt het bedrijf? (postcode)  Waar gaat de stage door? (postcode)  Naam contactpersoon:  Telefoonnummer contactpersoon:  E-mailadres contactpersoon:  Provincie waar bedrijf gevestigd is:  Voor welke functie(s) wil je een stagiair?:    We delen deze informatie met onze bemiddelaars en onze erkende partners. Zij contacteren je wanneer ze een kandidaat aan jou willen voorstellen.    Kloppen je gegevens niet, of wil je je aanbod wijzigen?  Antwoord op deze mail of bel ons.   Met vriendelijke groeten   VDAB   Als klant van VDAB verwacht je de beste dienstverlening. Toch kan het ook eens fout gaan. Heb je een klacht of een probleem? Meer info over de werking van VDAB en onze privacyvoorschriften vind je in onze disclaimer . \n\n Vraag aan de VDAB consulent: Leerplek registreren - hoe?? \n Antwoord of Actie: Beste [VOORNAAM]   Het aanbod dat je hebt, is een stage. We plaatsen geen stages op de VDAB-website. Deze verzamelt enkel vacatures voor betaalde jobs.  Je kan wel aan ons doorgeven dat je bedrijf openstaat voor stagiairs. Als we een geschikte kandidaat voor je hebben, nemen we contact met je op.   Hoe geef ik mijn stageplaats door? Mail ons deze informatie:  Bedrijfsnaam Ondernemingsnummer Waar ligt het bedrijf? (postcode) Waar gaat de stage door? (postcode) Naam contactpersoon Telefoonnummer contactpersoon E-mailadres contactpersoon Voor welke functie(s) wil je een stagiair? Of bel ons. We maken samen je aanvraag in orde.   Nog vragen? Welke vacatures publiceert VDAB? Antwoord op deze mail of bel ons.   Met vriendelijke groeten   VDAB     Als klant van VDAB verwacht je de beste dienstverlening. Toch kan het ook eens fout gaan. Heb je een klacht of een probleem? Meer info over de werking van VDAB en onze privacyvoorschriften vind je in onze disclaimer . \n\n Vraag aan de VDAB consulent: Leerplek verwijderen - bevestiging? \n Antwoord of Actie: Beste [VOORNAAM]   We hebben je stageplaats verwijderd uit onze databank.   Nieuwe stage Wil je je werkvloer later opnieuw openstellen voor stagiairs? Laat het ons weten.   Nog vragen? Antwoord op deze mail of bel ons.   Met vriendelijke groeten   VDAB     Als klant van VDAB verwacht je de beste dienstverlening. Toch kan het ook eens fout gaan. Heb je een klacht of een probleem? Meer info over de werking van VDAB en onze privacyvoorschriften vind je in onze disclaimer . \n\n Vraag aan de VDAB consulent: Opleidingengids? \n Antwoord of Actie: Beste [VOORNAAM] Op onze website vind je een overzicht van alle opleidingen  die VDAB aanbiedt. Je kan gemakkelijk grasduinen in ons aanbod: gebruik hiervoor de zoekfilters in de linkerkolom. Per opleiding vind je meer info over de inhoud en de praktische organisatie. Heb je een specifieke vraag over een bepaalde opleiding? Dan vind je onderaan op de fiche ook een contactpersoon.  Nog vragen? Meer info over ons opleidingsaanbod Antwoord op deze mail of bel ons Met vriendelijke groeten   VDAB   Als klant van VDAB verwacht je de beste dienstverlening. Toch kan het ook eens fout gaan. Heb je een klacht of een probleem? Meer info over de werking van VDAB en onze privacyvoorschriften vind je in onze disclaimer . \n\n Vraag aan de VDAB consulent: Vacature vs leerplek? \n Antwoord of Actie: Beste [VOORNAAM]   Je kan aan VDAB zowel vacatures als leerplekken melden.   Zet je vacature online Wil je graag een werknemer in dienst nemen? Zet je vacature dan gratis op onze website! Publiceer je vacature zelf via Mijn VDAB ( Hoe? ) of geef ze door aan ons. VDAB kan je ook helpen om een geschikte kandidaat te vinden.   Meld je leerplek Een leerplek kan je doorgeven als je openstaat voor stagiairs. De leerplek komt in een interne databank terecht en verschijnt dus niet op de website van VDAB. We contacteren jou als we een kandidaat vinden.  Interesse? Mail ons deze informatie:  Bedrijfsnaam Ondernemingsnummer Waar ligt het bedrijf? (postcode) Waar gaat de stage door? (postcode) Naam contactpersoon Telefoonnummer contactpersoon E-mailadres contactpersoon Voor welke functie(s) wil je een stagiair? Of bel ons. We maken samen je aanvraag in orde.   Nog vragen? Welke vacatures publiceert VDAB? Antwoord op deze mail of bel ons.   Met vriendelijke groeten   VDAB     Als klant van VDAB verwacht je de beste dienstverlening. Toch kan het ook eens fout gaan. Heb je een klacht of een probleem? Meer info over de werking van VDAB en onze privacyvoorschriften vind je in onze disclaimer . \n\n Categorie: Servicelijn \n\n Domein: standaardmails \n\n Tags: standaardmails \n\n Url: https://intranet-rel1ldv.ops.vdab.be/faq/servicelijn/externe-standaardmails-werkplekleren-en-opleiding \n\n Type: intranet", "document_translation": "External standard emails - workplace learning and training \n\n External standard e-mails vacancy operation \n\n Question for the VDAB counselor: IBO? \n Answer or Action: This mail also exists in French and English. Dear [FIRST NAME] An individual vocational training (IBO) is a tailor-made training. During a period of 1 to 6 months, you train a job seeker with less experience very specifically to the needs of your company. After the IBO, you recruit him as a full-fledged employee. Cost price You do not pay wages or social security, only a fixed monthly amount. Conditions Both you and your candidate meet the following conditions. How to apply Do you have a suitable candidate? Submit your application via My VDAB ( How? ). An IBO mediator will contact you.  If you do not yet have a candidate in mind, you can post a vacancy on our website. If the applicant of your choice has less experience, an IBO can be the solution.  Any questions? More info about IBO. Reply to this email or call us.   With kind regards VDAB As a customer of VDAB you expect the best service. However, things can also go wrong. Do you have a complaint or a problem? More information about the operation of VDAB and our privacy regulations can be found in our disclaimer. \n\n Question for the VDAB counselor: Register learning place - confirmation? \n Answer or Action: If the employer has just forwarded his data by e-mail, you can omit the block 'we wrote down this data for you'. If he passed on his internship by telephone, it is interesting to send this information so that he has a copy. The cluster to which the company belongs is internal information for our operation at VDAB. Because it does not always correspond to the cluster in which the employer sees itself, we leave it out to avoid confusion. Dear [FIRST NAME] Your internship is now registered in our database.  We wrote down this information for you: [FILL IN ALL DATA] IKP number: Company name: Where is the company located? (postal code)  Where does the internship take place? (postal code)  Name of contact person: Contact telephone number: Contact e-mail address: Province where company is located: For which position(s) do you want an intern?: We share this information with our mediators and our authorized partners. They will contact you when they want to introduce a candidate to you.    Are your details incorrect, or do you want to change your offer?  Reply to this email or call us.   With kind regards VDAB As a customer of VDAB you expect the best service. However, things can also go wrong. Do you have a complaint or a problem? More information about the operation of VDAB and our privacy regulations can be found in our disclaimer. \n\n Question for the VDAB counselor: Register learning place - how?? \n Answer or Action: Dear [FIRST NAME] The offer you have is an internship. We do not post internships on the VDAB website. It only collects vacancies for paid jobs.  You can let us know that your company is open to interns. If we have a suitable candidate for you, we will contact you.   How do I pass on my internship? Mail us this information: Company name Company number Where is the company located? (postal code) Where does the internship take place? (postal code) Contact name Contact phone number Contact email Contact person For which position(s) do you want an intern? Or give us a call. We will arrange your request together.   Any questions? Which vacancies does VDAB publish? Reply to this email or call us.   With kind regards VDAB As a customer of VDAB you expect the best service. However, things can also go wrong. Do you have a complaint or a problem? More information about the operation of VDAB and our privacy regulations can be found in our disclaimer. \n\n Question for the VDAB counselor: Remove learning place - confirmation? \n Answer or Action: Dear [FIRST NAME] We have removed your internship from our database.   New internship Do you want to reopen your workplace to interns later? Let us know.   Any questions? Reply to this email or call us.   With kind regards VDAB As a customer of VDAB you expect the best service. However, things can also go wrong. Do you have a complaint or a problem? More information about the operation of VDAB and our privacy regulations can be found in our disclaimer. \n\n Question for the VDAB counselor: Training guide? \n Answer or Action: Best [FIRST NAME] On our website you will find an overview of all courses that VDAB offers. You can easily browse through our offer: use the search filters in the left column. For each programme you will find more information about the content and the practical organisation. Do you have a specific question about a specific programme? Then you will also find a contact person at the bottom of the sheet.  Any questions? More info about our training offer Reply to this email or call us With kind regards VDAB As a customer of VDAB you expect the best service. However, things can also go wrong. Do you have a complaint or a problem? More information about the operation of VDAB and our privacy regulations can be found in our disclaimer. \n\n Question for the VDAB counselor: Vacancy vs apprenticeship? \n Answer or Action: Best [FIRST NAME] You can report both vacancies and apprenticeships to VDAB.   Put your vacancy online Would you like to hire an employee? Then put your vacancy on our website for free! Publish your vacancy yourself via My VDAB (How? ) or pass it on to us. VDAB can also help you find a suitable candidate.   Register your learning place You can pass on a learning place if you are open to interns. The learning place ends up in an internal database and therefore does not appear on the VDAB website. We will contact you when we find a candidate.  Interest? Mail us this information: Company name Company number Where is the company located? (postal code) Where does the internship take place? (postal code) Contact name Contact phone number Contact email Contact person For which position(s) do you want an intern? Or give us a call. We will arrange your request together.   Any questions? Which vacancies does VDAB publish? Reply to this email or call us.   With kind regards VDAB As a customer of VDAB you expect the best service. However, things can also go wrong. Do you have a complaint or a problem? More information about the operation of VDAB and our privacy regulations can be found in our disclaimer. \n\n Category: Service line \n\n Domain: standard emails \n\n Tags: standard emails \n\n Url: https://intranet-rel1ldv.ops.vdab.be/faq/servicelijn/externe-standaardmails-werkplekleren-en-opleiding \n\n Type: intranet"}