{"title": "Springplank naar zelfstandige", "type": "intranet", "field_trefwoorden_name": ["zelfstandige"], "domain_name": ["zelfstandigen"], "category_name": "Servicelijn", "field_faq_summary": "Info rond \"Springplank naar zelfstandige\" voor de SL-bemiddelaars.", "url": "https://intranet-rel1ldv.ops.vdab.be/faq/servicelijn/springplank-naar-zelfstandige", "content": [["Mag een werkzoekende bijverdienen als zelfstandige in bijberoep", "Ter informatie kunnen wij je het volgende meegeven. Raadpleeg je uitbetalingsinstelling of de RVA die bevoegd is voor deze materie. Ja. Achtergrondinfo   Sinds 01/10/2016 mag een werkloze een beperkte activiteit starten als zelfstandige in bijberoep zonder dat hij daardoor zijn werkloosheidsuitkering verliest. Gedurende twaalf maanden is cumulatie met werkloosheidsuitkering mogelijk."], ["Voordeel van \"Springplank naar zelfstandige\"", "De werkzoekende behoudt tijdens de uitoefening van een nevenactiviteit als zelfstandige, het recht op werkloosheidsuitkeringen gedurende twaalf maanden."], ["Welke voorwaarden moet de werkzoekende vervullen", "Ter informatie kunnen wij je het volgende meegeven. Raadpleeg je uitbetalingsinstelling of de RVA die bevoegd is voor deze materie. Aangifte van de zelfstandige nevenactiviteit moet gebeuren op het ogenblik van de uitkeringsaanvraag of, indien hij al uitkeringen ontvangt, voor het begin van de activiteit. De werkloosheid mag niet veroorzaakt zijn door de stopzetting of de vermindering van arbeid als loontrekkende met het oog op het bekomen van het voordeel \"Springplank naar zelfstandige\". De nevenactiviteit mag niet als zelfstandig hoofdberoep zijn uitgeoefend gedurende de afgelopen 6 jaar, gerekend van datum tot datum. De activiteit mag niet door derden uitgeoefend worden, in het bijzonder in het kader van een arbeidsovereenkomst of van een overeenkomst van onderaanneming, behalve heel uitzonderlijk. De werkzoekende moet gelijktijdig de bovenstaande voorwaarden vervullen."], ["Welke werkzoekenden kunnen gebruik maken van deze maatregel", "Elke vergoede werkloze die voldoet aan de voorwaarden kan het voordeel 'Springplank - zelfstandige' genieten.  Het kan gaan om iemand die gerechtigd is op: werkloosheidsuitkeringen,  inschakelingsuitkeringen, inkomensgarantieuitkering (IGU), uitkeringen tijdelijke werkloosheid,  werkloosheidsuitkeringen in het kader van het SWT."], ["Welke activiteiten kunnen niet in het kader van het voordeel \"Springplank naar zelfstandige\"", "de activiteit uitgeoefend als zelfstandige in hoofdberoep, de artistieke activiteit."], ["Hoe aangifte doen", "De formulieren C1 en C1C indienen bij het werkloosheidsbureau via uw uitbetalingsinstelling. "], ["Gevolgen bij geen aangifte", "Terugbetaling van de uitkeringen, Uitsluiting van het recht op uitkeringen gedurende meerdere weken, Vervolging voor een strafrechtbank is mogelijk."], ["Hoelang duurt het voordeel", "12 maanden, gerekend van datum tot datum, vanaf het begin van de activiteit of vanaf de datum van aangifte. Verlenging is niet mogelijk."], ["Welke verplichtingen zijn er betreffende de controlekaart", "Ter informatie kunnen wij je het volgende meegeven. Raadpleeg je uitbetalingsinstelling of de RVA die bevoegd is voor deze materie. Bezit van een (papieren of elektronische) controlekaart is verplicht. Bij toekenning van het voordeel \"Springplank naar zelfstandige\" is het niet nodig de zelfstandige nevenactiviteit op de controlekaart aan te duiden. Bij andere activiteiten moet je de betreffende vakjes zwart maken op de controlekaart. Bij een effectieve vestiging als zelfstandige is er geen recht meer op uitkeringen en is indienen van een controlekaart niet meer mogelijk. Bij vestiging in de loop van een maand, maak je de vakjes van de controlekaart zwart vanaf de dag van de vestiging."], ["Welke andere verplichtingen zijn er gedurende de duur van het voordeel?", "Ingeschreven zijn als werkzoekende bij uw bevoegde gewestelijke dienst voor arbeidsbemiddeling (ACTIRIS, ADG, VDAB of FOREM). Tenzij er een vrijstelling is voor een andere reden*. Beschikbaar zijn voor de arbeidsmarkt Elke passende betrekking aanvaarden, Ingaan op de uitnodigingen van de gewestelijke dienst voor arbeidsbemiddeling. Tenzij de werkzoekende hiervan vrijgesteld is voor een andere reden*. Arbeidsgeschikt zijn De werknemer die arbeidsongeschikt is (meer dan 66% ongeschiktheid) kan geen werkloosheidsuitkeringen genieten. In geval van ziekte krijgt de werkzoekende een vergoeding via het ziekenfonds. In Belgie verblijven Je ontvangt enkel uitkeringen wanneer je een gewone verblijfplaats hebt in Belgie en er werkelijk verblijft. * In sommige situaties moet de klant om een andere reden (bvb bij een Vrijstelling van beschikbaarheid voor oudere werkzoekenden) niet ingeschreven zijn als werkzoekende en/of beschikbaar zijn voor de arbeidsmarkt.  Zie ook  Opvolgen van klanten tijdens de springplank"], ["Welke invloed hebben de inkomsten van de zelfstandige activiteit in bijberoep op de werkloosheidsuitkering", "Ter informatie kunnen wij je het volgende meegeven. Raadpleeg je uitbetalingsinstelling of de RVA die bevoegd is voor deze materie.   De werkzoekende mag de inkomsten van de uitgeoefende activiteit cumuleren met de uitkeringen, maar in beperkte mate. Het dagbedrag van de werkloosheidsuitkering vermindert met het deel van het bedrag van het dagelijks inkomen van de nevenactiviteit dat 13,70 euro overschrijdt (volgens de index geldig op 01.07.2016). Bijvoorbeeld: als het netto dagelijks inkomen van uw bijberoep 15 euro bedraagt, zal het dagbedrag van uw werkloosheidsuitkering verminderd worden met het verschil tussen 15 en 13,70. Het dagelijks inkomen wordt bekomen door het netto belastbaar jaarinkomen (= bruto - lasten) te delen door 312. Voor opstart van het bijberoep moet de werkzoekende een raming maken van zijn inkomsten als basis voor de voorlopige berekening van de werkloosheidsuitkeringen.  Na ontvangst van het aanslagbiljet zal een definitieve berekening gebeuren. Deze kan leiden tot een bijbetaling, een terugvordering van werkloosheidsuitkeringen of zal geen invloed hebben."], ["Kan de werkzoekende meerdere keren genieten van het voordeel \"Springplank naar zelfstandige\"", "Ja.   Maar de werkzoekende mag het voordeel niet hebben genoten gedurende de afgelopen 6 jaar, gerekend van datum tot datum."], ["Is een ontzegging van het voordeel mogelijk", "Ja. Een ontzegging van het voordeel en een weigering van het recht op uitkeringen is mogelijk, zelfs voor de dagen waarop de werkzoekende de activiteit niet verricht, wanneer de werkzoekende: personeel aanwerft indien de activiteit niet of niet langer het karakter heeft van een bijberoep omdat het aantal arbeidsuren dat de werkzoekende eraan besteedt of het bedrag van de inkomsten ervan te hoog is."], ["Wat bij vroegtijdige stopzetting van de zelfstandige activiteit", "Werkzoekende moet zich aanbieden bij zijn uitbetalingsinstelling."], ["Wat bij het einde van het voordeel", "Werkzoekende vestigt zich als zelfstandige in hoofdberoep Recht op werkloosheidsuitkeringen vervalt. Bij vestiging in de loop van een maand, maakt de werkzoekende de vakjes van zijn controlekaart zwart vanaf de dag van de vestiging. Voor de hierop volgende maanden mag hij geen controlekaarten meer indienen. werkzoekende vestigt zich niet als zelfstandige en wenst verder werkloosheidsuitkeringen te ontvangen Als de werkzoekende zijn nevenactiviteit stopzet, kan hij blijven uitkeringen genieten. Hij moet in dat geval zo snel mogelijk naar zijn uitbetalingsinstelling."], ["Wat als de werkzoekende niet voldoet aan de voorwaarden", "Hij ontvangt een beslissing van weigering. Binnen de 3 maanden kan de werkzoekende een beroep indienen tegen deze beslissing bij de arbeidsrechtbank."], ["Kan deze activiteit ook overdag of enkel 's avonds", "Beide zijn mogelijk. Het tijdstip (dag of uur) waarop de werkloze die activiteit verricht, heeft geen belang."], ["Kan een werkzoekende zijn uitnodiging verplaatsen ifv zijn zelfstandige activiteit in bijberoep", "Neen. Hij moet  beschikbaar zijn voor de arbeidsmarkt en dus  elke passende betrekking aanvaarden ingaan op de uitnodigingen van de gewestelijke dienst voor arbeidsbemiddeling Procedure Servicelijn Geef bovenstaande info mee aan de werkzoekende Adviseer hem contact op te nemen met zijn bemiddelaar om dit te bespreken. In praktijk kan de bemiddelaar zelf oordelen om de uitnodiging al dan niet te verplaatsen."], ["Verandert met deze springplank de toeleiding naar het ondernemerschapstraject", "Neen.   Het uitgangspunt voor toeleiding naar het ondernemerschapstraject blijft hetzelfde: wz heeft intentie om zelfstandige in hoofdberoep te starten. Doorverwijzing van wz die in eerste instantie in bijberoep willen starten is niet volledig uitgesloten en kan als overbrugging/testperiode dienen. Indien wz ook effectief naar een hoofdberoep wil evolueren. Opgelet Ondersteuning louter in functie van een bijberoep via VDAB is momenteel niet mogelijk. Verwijs voor verdere begeleiding dan naar een sociaal secretariaat en/of Vlaio:  https://www.vlaio.be/nl/begeleiding-advies/start . "], ["Is de springplank combineerbaar met een (beroeps)opleiding, IBO, VOSS...", "Ja"], ["Waar zien we dat werkzoekenden in bijberoep bezig zijn", "Bij de 'Loopbaangegevens' in MLB. Achtergrondinfo   VDAB is aan het bekijken of de informatie mbt de springplank via een gegevensstroom automatisch in het dossier kan terechtkomen. "], ["Kunnen schoolverlaters ook gebruik maken van de springplank", "Neen. Achtergrondinfo   De springplank is enkel combineerbaar met RVA-uitkeringen (werkloosheidsuitkeringen, inschakelingsuitkeringen, IGU, uitkeringen tijdelijke werkloosheid en werkloosheidsuitkeringen in het kader van het SWT). "], ["Is er een beperking op het aantal uren", "Neen.  Er zijn geen concrete normen vastgelegd betreffende:  het karakter van een bijberoep, het aantal arbeidsuren, het bedrag van de inkomsten. Dit behoort tot de appreciatiebevoegdheid van de directeur van het werkloosheidsbureau. Opgelet Indien de activiteit niet of niet langer het karakter heeft van een bijberoep omdat het aantal arbeidsuren dat eraan besteedt wordt of het bedrag van de inkomsten ervan te hoog is, kan het voordeel in theorie ontzegd worden en het recht op uitkeringen kan worden geweigerd door de directeur van het werkloosheidsbureau, zelfs voor de dagen waarop de activiteit niet verricht werd."], ["Bestaat de oude regeling (artikel 48 SS1) nog", "Ter informatie kunnen wij je het volgende meegeven. Raadpleeg je uitbetalingsinstelling of de RVA die bevoegd is voor deze materie.   Ja. De werklozen die reeds een bijberoep uitoefenen onder de voorwaarden van de klassieke regel van artikel 48 SS1* hebben de keuze tussen: ofwel hun bijberoep verder uitoefenen binnen de perken van artikel 48 SS1 ofwel overschakelen naar de nieuwe maatregel 48SS1bis (die wel slechts 12 maanden van toepassing is). Na de 12 maanden kunnen ze hun bijberoep verder uitoefenen onder de strengere voorwaarden van artikel 48 SS1 tenzij ze zich vestigen als zelfstandige in hoofdberoep.   * De klassieke regel van artikel 48 SS1    = de werkzoekende mag zijn bijberoep verderzetten gedurende de werkloosheid wanneer hij:       -    het bijberoep reeds uitoefende tijdens zijn tewerkstelling als werknemer, gedurende ten minste 3 maanden voorafgaand aan zijn                uitkeringsaanvraag.         - het bijberoep aangeeft op het ogenblik van de uitkeringsaanvraag       - deze activiteit niet overdag (tussen 7 en 18 uur) uitoefent tijdens de week "], ["Kan iemand die al een nevenactiviteit doet en werkzoekende wordt gebruik maken van deze maatregel", "Ja. De aangifte van de bestaande nevenactiviteit moet meteen gebeuren, op het ogenblik van de uitkeringsaanvraag. Vanaf dan kan hij het recht op uitkeringen combineren met een bijberoep gedurende 12 maanden."], ["Kan iemand die al een nevenactiviteit doet als werkzoekende nadien overstappen naar deze maatregel", "Ja. De werklozen die reeds een bijberoep uitoefenen onder de voorwaarden van de klassieke regel van artikel 48 SS1* hebben de keuze tussen: ofwel hun bijberoep verder uitoefenen binnen de perken van artikel 48 SS1* ofwel overschakelen naar de nieuwe maatregel springplank (die wel slechts 12 maanden van toepassing is). Na de 12 maanden kunnen ze hun bijberoep verder uitoefenen onder de strengere voorwaarden van artikel 48 SS1 tenzij ze zich vestigen als zelfstandige in hoofdberoep.   * De klassieke regel van artikel 48 SS1    = de werkzoekende mag zijn bijberoep verderzetten gedurende de werkloosheid wanneer hij:       -    het bijberoep reeds uitoefende tijdens zijn tewerkstelling als werknemer, gedurende ten minste 3 maanden voorafgaand aan zijn                uitkeringsaanvraag.         - het bijberoep aangeeft op het ogenblik van de uitkeringsaanvraag       - deze activiteit niet overdag (tussen 7 en 18 uur) uitoefent tijdens de week "], ["Moet een werkzoekende ikv 'springplank naar zelfstandige' uitgeschreven staan als werkzoekende (cat.78)", "Neen. De werkzoekende blijft gewoon in cat. 00 staan (of in cat.80 indien deeltijds aan het werk).   Zie ook:  Hoe omgaan met onterechte uitschrijving in cat.78 ?"], ["Hoe omgaan met onterechte uitschrijving in cat.78", "Probleem ligt vaak bij het verkeerd inschrijven bij het ondernemersloket.  Procedure servicelijn Vraag door heeft de klant bevestiging/goedkeuring van RVA? heeft hij al contact opgenomen met zijn ondernemersloket om te bevragen hoe hij daar staat ingeschreven (als zelfstandige in hoofdactiviteit of bijberoep)? Verwijs anders door naar het ondernemersloket.  Stuur case door naar backoffice bemiddeling . Zij passen de uitschrijving terug aan met terugwerkende kracht of zoeken verder uit waar het probleem ligt. "], ["Is vroegtijdig beeindigen van de Springplank-maatregel mogelijk", "Ja.   Het is mogelijk om vroeger uit de springplank-maatregel te stappen om een zelfstandige activiteit in hoofdberoep op te starten. Gevolgen: de werkloosheidsuitkering stopt de periode van 12 maanden wordt niet opgeschort (dus eens de 12 maanden om zijn is er binnen de 6 jaar geen herhaling mogelijk) de sociale bijdragen verhogen omdat het nu gaat over een zelfstandige activiteit in hoofdberoep risico dat men bij niet zo'n succes niet meteen terug kan keren naar de werkloosheidsuitkering"], ["Is de springplank combineerbaar met een (beroeps)opleiding, IBO, enz.", "Ja, dit is mogelijk. "], ["Is de springplank combineerbaar met een ondernemerschapstraject", "Ja dit is mogelijk en kan zelfs versterkend werken. De werkzoekende moet wel de intentie moet hebben om uiteindelijk op te starten in hoofdberoep. De springplank kan zeker als overbrugging/testperiode gebruikt worden. "], ["Meer informatie", "De website van de RVA Rechtstreeks bij de uitbetalingsinstelling of het werkloosheidsbureau van de RVA. Formulier C1C Formulier C1 VDAB website"]], "title_translation": "Springboard to self-employment", "field_trefwoorden_name_translation": ["independent"], "domain_name_translation": ["self employed"], "category_name_translation": "Service line", "field_faq_summary_translation": "Info on \"Springboard to self-employment\" for the SL mediators.", "content_translation": [["Can a job seeker earn extra as a self-employed person in a secondary occupation", "For information, we can give you the following. Consult your payout institution or the RVA that is competent for this matter. Yes. Background information Since 01/10/2016, an unemployed person may start a limited activity as a self-employed person in a secondary occupation without losing his unemployment benefit. Cumulation with unemployment benefit is possible for twelve months."], ["Advantage of \"Springboard to self-employment\"", "The jobseeker retains the right to unemployment benefits for twelve months during the exercise of an ancillary activity as a self-employed person."], ["What conditions must the job seeker fulfill", "For your information, we can give you the following. Consult your payout institution or the RVA that is competent for this matter. The self-employed ancillary activity must be declared at the time of the claim or, if he is already receiving benefits, before the start of the activity. Unemployment must not have been caused by the cessation or reduction of employment as an employed person with a view to obtaining the \"Springboard to self-employment\" benefit. The secondary activity may not have been exercised as an independent main occupation during the past 6 years, calculated from date to date. The activity may not be carried out by third parties, in particular in the context of an employment contract or a subcontracting agreement, except exceptionally. The jobseeker must simultaneously fulfil the above conditions."], ["Which jobseekers can make use of this measure", "Every compensated unemployed person who meets the conditions can enjoy the benefit 'Springboard - self-employed'.  It may concern someone who is entitled to: unemployment benefits, integration benefits, income guarantee benefit (IGU), temporary unemployment benefits, unemployment benefits under the SWT."], ["What activities can not be carried out in the context of the advantage \"Springboard to self-employment\" the activity", "carried out as a self-employed person in the main occupation, the artistic activity."], ["How to file a tax return", "Submit forms C1 and C1C to the unemployment office through your payout institution."], ["Consequences in case of no declaration", "Reimbursement of benefits, Exclusion from entitlement to benefits for several weeks, Prosecution before a criminal court is possible."], ["How long does the benefit last 12 months, calculated from date to date, from the start of the", "activity or from the date of declaration. Extension is not possible."], ["What obligations are there regarding the control card", "For your information, we can give you the following. Consult your payout institution or the RVA that is competent for this matter. Possession of a (paper or electronic) control card is mandatory. When granting the \"Springboard to self-employment\" benefit, it is not necessary to indicate the self-employed secondary activity on the control card. For other activities, you must black out the relevant boxes on the control card. In the event of an effective establishment as a self-employed person, there is no longer a right to benefits and it is no longer possible to submit a control card. If you set up in the course of a month, make the boxes of the control card black from the day of the establishment."], ["What other obligations are there during the duration of the benefit?", "Be registered as a jobseeker with your competent regional employment service (ACTIRIS, ADG, VDAB or FOREM). Unless there is an exemption for another reason*. Be available for the labour market Accept any suitable employment, Accept the invitations of the regional employment service. Unless the job seeker is exempt for another reason*. The employee who is incapacitated for work (more than 66% incapacity) cannot receive unemployment benefits. In case of illness, the jobseeker receives compensation through the health insurance fund. You only receive benefits if you have a habitual residence in Belgium and actually reside there. * In some situations, the customer must not be registered as a job seeker and/or be available for the labour market for another reason (e.g. in the case of an Exemption from availability for older job seekers).  See also Follow-up of customers during the springboard"], ["What influence do the income of the self-employed activity in a secondary occupation have on the unemployment benefit", "For information, we can give you the following. Consult your payout institution or the RVA that is competent for this matter.   The jobseeker may combine the income of the activity carried out with the benefits, but to a limited extent. The daily amount of unemployment benefit decreases by the part of the amount of the daily income of the secondary activity that exceeds 13.70 euros (according to the index valid on 01.07.2016). For example: if the net daily income of your secondary occupation is 15 euros, the daily amount of your unemployment benefit will be reduced by the difference between 15 and 13.70. The daily income is obtained by dividing the net taxable annual income (= gross expenses) by 312. Before starting the secondary occupation, the jobseeker must make an estimate of his income as a basis for the provisional calculation of unemployment benefits.  After receipt of the assessment note, a final calculation will be made. This may lead to an additional payment, a recovery of unemployment benefits or will have no influence."], ["Can the job seeker enjoy the \"Springboard to self-employment\" benefit several times:", "Yes.   But the job seeker may not have enjoyed the benefit during the past 6 years, calculated from date to date."], ["Is a denial of the benefit possible", "Yes. A denial of the benefit and a refusal of entitlement to benefits is possible, even for the days on which the jobseeker does not perform the activity, if the jobseeker: recruits staff if the activity is not or no longer in the nature of a secondary occupation because the number of working hours spent by the jobseeker or the amount of its income is too high."], ["In the event of early cessation of the self-employed activity", "Job seeker must present himself to his payment institution."], ["What at the end of the benefit Job", "seeker settles as a self-employed person in main occupation Right to unemployment benefits expires. In the case of establishment in the course of a month, the jobseeker blackens the boxes of his control card from the day of the establishment. He may no longer submit control cards for the following months. jobseeker does not establish himself as a self-employed person and wishes to continue to receive unemployment benefits If the jobseeker ceases his secondary activity, he can continue to receive benefits. In that case, he must go to his payout institution as soon as possible."], ["What if the job seeker does not meet the conditions", "He receives a decision of refusal. Within 3 months, the jobseeker can lodge an appeal against this decision with the labour court."], ["Can this activity also be done during the day or only in the evening", "Both are possible. The time (day or hour) at which the unemployed person carries out that activity is irrelevant."], ["Can a jobseeker reschedule his invitation if he is self-employed in a secondary occupation", "No. He must be available for the labour market and therefore accept any suitable employment, accept the invitations of the regional employment service Procedure Service line Give the above information to the jobseeker Advise him to contact his mediator to discuss this. In practice, the mediator can decide for himself whether or not to move the invitation."], ["With this springboard, the lead to the entrepreneurship trajectory changes", ": No.   The starting point for guiding the entrepreneurship process remains the same: wz intends to start self-employed in main occupation. Referral of wz who initially want to start in a secondary occupation is not completely excluded and can serve as a bridging / testing period. If wz also wants to effectively evolve into a main profession. Please note that support solely in function of a secondary occupation via VDAB is currently not possible. For further guidance, refer to a social secretariat and/or Vlaio: https://www.vlaio.be/nl/begeleiding-advies/start."], ["Can the springboard be combined with (vocational) training, IBO, VOSS...", "Yes"], ["Where do we see that job seekers in secondary occupation are busy", "At the 'Career data' in MLB. Background information VDAB is looking at whether the information regarding the springboard can automatically end up in the file via a data stream."], ["Can school leavers also use the", "springboard No. Background information The springboard can only be combined with RVA benefits (unemployment benefits, integration benefits, IGU, temporary unemployment benefits and unemployment benefits under the SWT)."], ["Is there a limit on the number of hours", "No.  No specific standards have been laid down concerning: the nature of a secondary occupation, the number of working hours, the amount of income. This is part of the appreciation power of the director of the unemployment office. Attention If the activity is not or no longer in the nature of a secondary occupation because the number of working hours spent on it or the amount of its income is too high, the benefit can in theory be denied and the right to benefits can be refused by the director of the unemployment office, even for the days on which the activity was not carried out."], ["Does the old regulation (Article 48 SS1) still exist", "For your information, we can give you the following. Consult your payout institution or the RVA that is competent for this matter.   Yes. The unemployed who are already pursuing a secondary occupation under the conditions of the classic rule of Article 48 SS1* have the choice between: either continuing to pursue their secondary occupation within the limits of Article 48 SS1 or switching to the new measure 48SS1bis (which applies for only 12 months). After the 12 months, they can continue to pursue their secondary occupation under the stricter conditions of Article 48 SS1, unless they establish themselves as self-employed persons in their main occupation.   * The classic rule of Article 48 SS1 = the jobseeker may continue his secondary occupation during unemployment if he: - already pursued the secondary occupation during his employment as an employee, for at least 3 months prior to his claim for benefits.         - indicates the secondary occupation at the time of the benefit application - does not carry out this activity during the day (between 7 a.m. and 6 p.m.) during the week"], ["Can someone who is already doing a side activity and becomes a job seeker use this measure", "Yes. The declaration of the existing secondary activity must be made immediately, at the time of the benefit application. From then on, he can combine the right to benefits with a secondary occupation for 12 months."], ["Can someone who already does a side activity as a job seeker subsequently switch to this measure", "Yes. The unemployed who are already pursuing a secondary occupation under the conditions of the classic rule of Article 48 SS1* have the choice between: either continuing their secondary occupation within the limits of Article 48 SS1* or switching to the new springboard measure (which applies for only 12 months). After the 12 months, they can continue to pursue their secondary occupation under the stricter conditions of Article 48 SS1, unless they establish themselves as self-employed persons in their main occupation.   * The classic rule of Article 48 SS1 = the jobseeker may continue his secondary occupation during unemployment if he: - already pursued the secondary occupation during his employment as an employee, for at least 3 months prior to his claim for benefits.         - indicates the secondary occupation at the time of the benefit application - does not carry out this activity during the day (between 7 a.m. and 6 p.m.) during the week"], ["Should a jobseeker be written out as a job seeker (cat.78)", "No. The job seeker just stays in cat. 00 (or in cat.80 if working part-time).   See also: How to deal with unjustified deregistration in cat.78 ?"], ["How to deal with unjustified deregistration in cat.78", "The problem often lies with the wrong registration at the business counter.  Procedure service line Question by does the customer have confirmation/approval from RVA? Has he already contacted his business counter to find out how he is registered there (as a self-employed person in main activity or secondary occupation)? Otherwise, refer to the entrepreneurs' counter.  Forward case to back office mediation. They adjust the deregistration retroactively or find out where the problem lies."], ["Is early termination of the SpringBoard measure possible", "Yes.   It is possible to get out of the springboard measure earlier to start a self-employed activity in main occupation. Consequences: the unemployment benefit stops the period of 12 months is not suspended (so once the 12 months are up there is no repetition possible within 6 years) increase the social contributions because it is now a self-employed activity in the main occupation risk that one cannot immediately return to unemployment benefit if not so successful"], ["Is the springboard combinable with a (vocational) training, IBO, etc.", "Yes, this is possible."], ["Is the springboard combinable with an entrepreneurship trajectory", "Yes, this is possible and can even have a reinforcing effect. The job seeker must have the intention to eventually start up in the main profession. The springboard can certainly be used as a bridging/testing period."], ["More information The website of the RVA", "Directly at the payment institution or the unemployment office of the RVA. Form C1C Form C1 VDAB website"]], "document": "Springplank naar zelfstandige \n\n Info rond \"Springplank naar zelfstandige\" voor de SL-bemiddelaars. \n\n Vraag aan de VDAB consulent: Mag een werkzoekende bijverdienen als zelfstandige in bijberoep? \n Antwoord of Actie: Ter informatie kunnen wij je het volgende meegeven. Raadpleeg je uitbetalingsinstelling of de RVA die bevoegd is voor deze materie. Ja. Achtergrondinfo   Sinds 01/10/2016 mag een werkloze een beperkte activiteit starten als zelfstandige in bijberoep zonder dat hij daardoor zijn werkloosheidsuitkering verliest. Gedurende twaalf maanden is cumulatie met werkloosheidsuitkering mogelijk. \n\n Vraag aan de VDAB consulent: Voordeel van \"Springplank naar zelfstandige\"? \n Antwoord of Actie: De werkzoekende behoudt tijdens de uitoefening van een nevenactiviteit als zelfstandige, het recht op werkloosheidsuitkeringen gedurende twaalf maanden. \n\n Vraag aan de VDAB consulent: Welke voorwaarden moet de werkzoekende vervullen? \n Antwoord of Actie: Ter informatie kunnen wij je het volgende meegeven. Raadpleeg je uitbetalingsinstelling of de RVA die bevoegd is voor deze materie. Aangifte van de zelfstandige nevenactiviteit moet gebeuren op het ogenblik van de uitkeringsaanvraag of, indien hij al uitkeringen ontvangt, voor het begin van de activiteit. De werkloosheid mag niet veroorzaakt zijn door de stopzetting of de vermindering van arbeid als loontrekkende met het oog op het bekomen van het voordeel \"Springplank naar zelfstandige\". De nevenactiviteit mag niet als zelfstandig hoofdberoep zijn uitgeoefend gedurende de afgelopen 6 jaar, gerekend van datum tot datum. De activiteit mag niet door derden uitgeoefend worden, in het bijzonder in het kader van een arbeidsovereenkomst of van een overeenkomst van onderaanneming, behalve heel uitzonderlijk. De werkzoekende moet gelijktijdig de bovenstaande voorwaarden vervullen. \n\n Vraag aan de VDAB consulent: Welke werkzoekenden kunnen gebruik maken van deze maatregel? \n Antwoord of Actie: Elke vergoede werkloze die voldoet aan de voorwaarden kan het voordeel 'Springplank - zelfstandige' genieten.  Het kan gaan om iemand die gerechtigd is op: werkloosheidsuitkeringen,  inschakelingsuitkeringen, inkomensgarantieuitkering (IGU), uitkeringen tijdelijke werkloosheid,  werkloosheidsuitkeringen in het kader van het SWT. \n\n Vraag aan de VDAB consulent: Welke activiteiten kunnen niet in het kader van het voordeel \"Springplank naar zelfstandige\"? \n Antwoord of Actie: de activiteit uitgeoefend als zelfstandige in hoofdberoep, de artistieke activiteit. \n\n Vraag aan de VDAB consulent: Hoe aangifte doen? \n Antwoord of Actie: De formulieren C1 en C1C indienen bij het werkloosheidsbureau via uw uitbetalingsinstelling.  \n\n Vraag aan de VDAB consulent: Gevolgen bij geen aangifte? \n Antwoord of Actie: Terugbetaling van de uitkeringen, Uitsluiting van het recht op uitkeringen gedurende meerdere weken, Vervolging voor een strafrechtbank is mogelijk. \n\n Vraag aan de VDAB consulent: Hoelang duurt het voordeel? \n Antwoord of Actie: 12 maanden, gerekend van datum tot datum, vanaf het begin van de activiteit of vanaf de datum van aangifte. Verlenging is niet mogelijk. \n\n Vraag aan de VDAB consulent: Welke verplichtingen zijn er betreffende de controlekaart? \n Antwoord of Actie: Ter informatie kunnen wij je het volgende meegeven. Raadpleeg je uitbetalingsinstelling of de RVA die bevoegd is voor deze materie. Bezit van een (papieren of elektronische) controlekaart is verplicht. Bij toekenning van het voordeel \"Springplank naar zelfstandige\" is het niet nodig de zelfstandige nevenactiviteit op de controlekaart aan te duiden. Bij andere activiteiten moet je de betreffende vakjes zwart maken op de controlekaart. Bij een effectieve vestiging als zelfstandige is er geen recht meer op uitkeringen en is indienen van een controlekaart niet meer mogelijk. Bij vestiging in de loop van een maand, maak je de vakjes van de controlekaart zwart vanaf de dag van de vestiging. \n\n Vraag aan de VDAB consulent: Welke andere verplichtingen zijn er gedurende de duur van het voordeel?? \n Antwoord of Actie: Ingeschreven zijn als werkzoekende bij uw bevoegde gewestelijke dienst voor arbeidsbemiddeling (ACTIRIS, ADG, VDAB of FOREM). Tenzij er een vrijstelling is voor een andere reden*. Beschikbaar zijn voor de arbeidsmarkt Elke passende betrekking aanvaarden, Ingaan op de uitnodigingen van de gewestelijke dienst voor arbeidsbemiddeling. Tenzij de werkzoekende hiervan vrijgesteld is voor een andere reden*. Arbeidsgeschikt zijn De werknemer die arbeidsongeschikt is (meer dan 66% ongeschiktheid) kan geen werkloosheidsuitkeringen genieten. In geval van ziekte krijgt de werkzoekende een vergoeding via het ziekenfonds. In Belgie verblijven Je ontvangt enkel uitkeringen wanneer je een gewone verblijfplaats hebt in Belgie en er werkelijk verblijft. * In sommige situaties moet de klant om een andere reden (bvb bij een Vrijstelling van beschikbaarheid voor oudere werkzoekenden) niet ingeschreven zijn als werkzoekende en/of beschikbaar zijn voor de arbeidsmarkt.  Zie ook  Opvolgen van klanten tijdens de springplank \n\n Vraag aan de VDAB consulent: Welke invloed hebben de inkomsten van de zelfstandige activiteit in bijberoep op de werkloosheidsuitkering? \n Antwoord of Actie: Ter informatie kunnen wij je het volgende meegeven. Raadpleeg je uitbetalingsinstelling of de RVA die bevoegd is voor deze materie.   De werkzoekende mag de inkomsten van de uitgeoefende activiteit cumuleren met de uitkeringen, maar in beperkte mate. Het dagbedrag van de werkloosheidsuitkering vermindert met het deel van het bedrag van het dagelijks inkomen van de nevenactiviteit dat 13,70 euro overschrijdt (volgens de index geldig op 01.07.2016). Bijvoorbeeld: als het netto dagelijks inkomen van uw bijberoep 15 euro bedraagt, zal het dagbedrag van uw werkloosheidsuitkering verminderd worden met het verschil tussen 15 en 13,70. Het dagelijks inkomen wordt bekomen door het netto belastbaar jaarinkomen (= bruto - lasten) te delen door 312. Voor opstart van het bijberoep moet de werkzoekende een raming maken van zijn inkomsten als basis voor de voorlopige berekening van de werkloosheidsuitkeringen.  Na ontvangst van het aanslagbiljet zal een definitieve berekening gebeuren. Deze kan leiden tot een bijbetaling, een terugvordering van werkloosheidsuitkeringen of zal geen invloed hebben. \n\n Vraag aan de VDAB consulent: Kan de werkzoekende meerdere keren genieten van het voordeel \"Springplank naar zelfstandige\"? \n Antwoord of Actie: Ja.   Maar de werkzoekende mag het voordeel niet hebben genoten gedurende de afgelopen 6 jaar, gerekend van datum tot datum. \n\n Vraag aan de VDAB consulent: Is een ontzegging van het voordeel mogelijk? \n Antwoord of Actie: Ja. Een ontzegging van het voordeel en een weigering van het recht op uitkeringen is mogelijk, zelfs voor de dagen waarop de werkzoekende de activiteit niet verricht, wanneer de werkzoekende: personeel aanwerft indien de activiteit niet of niet langer het karakter heeft van een bijberoep omdat het aantal arbeidsuren dat de werkzoekende eraan besteedt of het bedrag van de inkomsten ervan te hoog is. \n\n Vraag aan de VDAB consulent: Wat bij vroegtijdige stopzetting van de zelfstandige activiteit? \n Antwoord of Actie: Werkzoekende moet zich aanbieden bij zijn uitbetalingsinstelling. \n\n Vraag aan de VDAB consulent: Wat bij het einde van het voordeel? \n Antwoord of Actie: Werkzoekende vestigt zich als zelfstandige in hoofdberoep Recht op werkloosheidsuitkeringen vervalt. Bij vestiging in de loop van een maand, maakt de werkzoekende de vakjes van zijn controlekaart zwart vanaf de dag van de vestiging. Voor de hierop volgende maanden mag hij geen controlekaarten meer indienen. werkzoekende vestigt zich niet als zelfstandige en wenst verder werkloosheidsuitkeringen te ontvangen Als de werkzoekende zijn nevenactiviteit stopzet, kan hij blijven uitkeringen genieten. Hij moet in dat geval zo snel mogelijk naar zijn uitbetalingsinstelling. \n\n Vraag aan de VDAB consulent: Wat als de werkzoekende niet voldoet aan de voorwaarden? \n Antwoord of Actie: Hij ontvangt een beslissing van weigering. Binnen de 3 maanden kan de werkzoekende een beroep indienen tegen deze beslissing bij de arbeidsrechtbank. \n\n Vraag aan de VDAB consulent: Kan deze activiteit ook overdag of enkel 's avonds? \n Antwoord of Actie: Beide zijn mogelijk. Het tijdstip (dag of uur) waarop de werkloze die activiteit verricht, heeft geen belang. \n\n Vraag aan de VDAB consulent: Kan een werkzoekende zijn uitnodiging verplaatsen ifv zijn zelfstandige activiteit in bijberoep? \n Antwoord of Actie: Neen. Hij moet  beschikbaar zijn voor de arbeidsmarkt en dus  elke passende betrekking aanvaarden ingaan op de uitnodigingen van de gewestelijke dienst voor arbeidsbemiddeling Procedure Servicelijn Geef bovenstaande info mee aan de werkzoekende Adviseer hem contact op te nemen met zijn bemiddelaar om dit te bespreken. In praktijk kan de bemiddelaar zelf oordelen om de uitnodiging al dan niet te verplaatsen. \n\n Vraag aan de VDAB consulent: Verandert met deze springplank de toeleiding naar het ondernemerschapstraject? \n Antwoord of Actie: Neen.   Het uitgangspunt voor toeleiding naar het ondernemerschapstraject blijft hetzelfde: wz heeft intentie om zelfstandige in hoofdberoep te starten. Doorverwijzing van wz die in eerste instantie in bijberoep willen starten is niet volledig uitgesloten en kan als overbrugging/testperiode dienen. Indien wz ook effectief naar een hoofdberoep wil evolueren. Opgelet Ondersteuning louter in functie van een bijberoep via VDAB is momenteel niet mogelijk. Verwijs voor verdere begeleiding dan naar een sociaal secretariaat en/of Vlaio:  https://www.vlaio.be/nl/begeleiding-advies/start .  \n\n Vraag aan de VDAB consulent: Is de springplank combineerbaar met een (beroeps)opleiding, IBO, VOSS...? \n Antwoord of Actie: Ja \n\n Vraag aan de VDAB consulent: Waar zien we dat werkzoekenden in bijberoep bezig zijn? \n Antwoord of Actie: Bij de 'Loopbaangegevens' in MLB. Achtergrondinfo   VDAB is aan het bekijken of de informatie mbt de springplank via een gegevensstroom automatisch in het dossier kan terechtkomen.  \n\n Vraag aan de VDAB consulent: Kunnen schoolverlaters ook gebruik maken van de springplank? \n Antwoord of Actie: Neen. Achtergrondinfo   De springplank is enkel combineerbaar met RVA-uitkeringen (werkloosheidsuitkeringen, inschakelingsuitkeringen, IGU, uitkeringen tijdelijke werkloosheid en werkloosheidsuitkeringen in het kader van het SWT).  \n\n Vraag aan de VDAB consulent: Is er een beperking op het aantal uren? \n Antwoord of Actie: Neen.  Er zijn geen concrete normen vastgelegd betreffende:  het karakter van een bijberoep, het aantal arbeidsuren, het bedrag van de inkomsten. Dit behoort tot de appreciatiebevoegdheid van de directeur van het werkloosheidsbureau. Opgelet Indien de activiteit niet of niet langer het karakter heeft van een bijberoep omdat het aantal arbeidsuren dat eraan besteedt wordt of het bedrag van de inkomsten ervan te hoog is, kan het voordeel in theorie ontzegd worden en het recht op uitkeringen kan worden geweigerd door de directeur van het werkloosheidsbureau, zelfs voor de dagen waarop de activiteit niet verricht werd. \n\n Vraag aan de VDAB consulent: Bestaat de oude regeling (artikel 48 SS1) nog? \n Antwoord of Actie: Ter informatie kunnen wij je het volgende meegeven. Raadpleeg je uitbetalingsinstelling of de RVA die bevoegd is voor deze materie.   Ja. De werklozen die reeds een bijberoep uitoefenen onder de voorwaarden van de klassieke regel van artikel 48 SS1* hebben de keuze tussen: ofwel hun bijberoep verder uitoefenen binnen de perken van artikel 48 SS1 ofwel overschakelen naar de nieuwe maatregel 48SS1bis (die wel slechts 12 maanden van toepassing is). Na de 12 maanden kunnen ze hun bijberoep verder uitoefenen onder de strengere voorwaarden van artikel 48 SS1 tenzij ze zich vestigen als zelfstandige in hoofdberoep.   * De klassieke regel van artikel 48 SS1    = de werkzoekende mag zijn bijberoep verderzetten gedurende de werkloosheid wanneer hij:       -    het bijberoep reeds uitoefende tijdens zijn tewerkstelling als werknemer, gedurende ten minste 3 maanden voorafgaand aan zijn                uitkeringsaanvraag.         - het bijberoep aangeeft op het ogenblik van de uitkeringsaanvraag       - deze activiteit niet overdag (tussen 7 en 18 uur) uitoefent tijdens de week  \n\n Vraag aan de VDAB consulent: Kan iemand die al een nevenactiviteit doet en werkzoekende wordt gebruik maken van deze maatregel? \n Antwoord of Actie: Ja. De aangifte van de bestaande nevenactiviteit moet meteen gebeuren, op het ogenblik van de uitkeringsaanvraag. Vanaf dan kan hij het recht op uitkeringen combineren met een bijberoep gedurende 12 maanden. \n\n Vraag aan de VDAB consulent: Kan iemand die al een nevenactiviteit doet als werkzoekende nadien overstappen naar deze maatregel? \n Antwoord of Actie: Ja. De werklozen die reeds een bijberoep uitoefenen onder de voorwaarden van de klassieke regel van artikel 48 SS1* hebben de keuze tussen: ofwel hun bijberoep verder uitoefenen binnen de perken van artikel 48 SS1* ofwel overschakelen naar de nieuwe maatregel springplank (die wel slechts 12 maanden van toepassing is). Na de 12 maanden kunnen ze hun bijberoep verder uitoefenen onder de strengere voorwaarden van artikel 48 SS1 tenzij ze zich vestigen als zelfstandige in hoofdberoep.   * De klassieke regel van artikel 48 SS1    = de werkzoekende mag zijn bijberoep verderzetten gedurende de werkloosheid wanneer hij:       -    het bijberoep reeds uitoefende tijdens zijn tewerkstelling als werknemer, gedurende ten minste 3 maanden voorafgaand aan zijn                uitkeringsaanvraag.         - het bijberoep aangeeft op het ogenblik van de uitkeringsaanvraag       - deze activiteit niet overdag (tussen 7 en 18 uur) uitoefent tijdens de week  \n\n Vraag aan de VDAB consulent: Moet een werkzoekende ikv 'springplank naar zelfstandige' uitgeschreven staan als werkzoekende (cat.78)? \n Antwoord of Actie: Neen. De werkzoekende blijft gewoon in cat. 00 staan (of in cat.80 indien deeltijds aan het werk).   Zie ook:  Hoe omgaan met onterechte uitschrijving in cat.78 ? \n\n Vraag aan de VDAB consulent: Hoe omgaan met onterechte uitschrijving in cat.78? \n Antwoord of Actie: Probleem ligt vaak bij het verkeerd inschrijven bij het ondernemersloket.  Procedure servicelijn Vraag door heeft de klant bevestiging/goedkeuring van RVA? heeft hij al contact opgenomen met zijn ondernemersloket om te bevragen hoe hij daar staat ingeschreven (als zelfstandige in hoofdactiviteit of bijberoep)? Verwijs anders door naar het ondernemersloket.  Stuur case door naar backoffice bemiddeling . Zij passen de uitschrijving terug aan met terugwerkende kracht of zoeken verder uit waar het probleem ligt.  \n\n Vraag aan de VDAB consulent: Is vroegtijdig beeindigen van de Springplank-maatregel mogelijk? \n Antwoord of Actie: Ja.   Het is mogelijk om vroeger uit de springplank-maatregel te stappen om een zelfstandige activiteit in hoofdberoep op te starten. Gevolgen: de werkloosheidsuitkering stopt de periode van 12 maanden wordt niet opgeschort (dus eens de 12 maanden om zijn is er binnen de 6 jaar geen herhaling mogelijk) de sociale bijdragen verhogen omdat het nu gaat over een zelfstandige activiteit in hoofdberoep risico dat men bij niet zo'n succes niet meteen terug kan keren naar de werkloosheidsuitkering \n\n Vraag aan de VDAB consulent: Is de springplank combineerbaar met een (beroeps)opleiding, IBO, enz.? \n Antwoord of Actie: Ja, dit is mogelijk.  \n\n Vraag aan de VDAB consulent: Is de springplank combineerbaar met een ondernemerschapstraject? \n Antwoord of Actie: Ja dit is mogelijk en kan zelfs versterkend werken. De werkzoekende moet wel de intentie moet hebben om uiteindelijk op te starten in hoofdberoep. De springplank kan zeker als overbrugging/testperiode gebruikt worden.  \n\n Vraag aan de VDAB consulent: Meer informatie? \n Antwoord of Actie: De website van de RVA Rechtstreeks bij de uitbetalingsinstelling of het werkloosheidsbureau van de RVA. Formulier C1C Formulier C1 VDAB website \n\n Categorie: Servicelijn \n\n Domein: zelfstandigen \n\n Tags: zelfstandige \n\n Url: https://intranet-rel1ldv.ops.vdab.be/faq/servicelijn/springplank-naar-zelfstandige \n\n Type: intranet", "document_translation": "Springboard to self-employment \n\n Info on \"Springboard to self-employment\" for the SL mediators. \n\n Question for the VDAB counselor: Can a job seeker earn extra as a self-employed person in a secondary occupation? \n Answer or Action: For information, we can give you the following. Consult your payout institution or the RVA that is competent for this matter. Yes. Background information Since 01/10/2016, an unemployed person may start a limited activity as a self-employed person in a secondary occupation without losing his unemployment benefit. Cumulation with unemployment benefit is possible for twelve months. \n\n Question for the VDAB counselor: Advantage of \"Springboard to self-employment\"? \n Answer or Action: The jobseeker retains the right to unemployment benefits for twelve months during the exercise of an ancillary activity as a self-employed person. \n\n Question for the VDAB counselor: What conditions must the job seeker fulfill? \n Answer or Action: For your information, we can give you the following. Consult your payout institution or the RVA that is competent for this matter. The self-employed ancillary activity must be declared at the time of the claim or, if he is already receiving benefits, before the start of the activity. Unemployment must not have been caused by the cessation or reduction of employment as an employed person with a view to obtaining the \"Springboard to self-employment\" benefit. The secondary activity may not have been exercised as an independent main occupation during the past 6 years, calculated from date to date. The activity may not be carried out by third parties, in particular in the context of an employment contract or a subcontracting agreement, except exceptionally. The jobseeker must simultaneously fulfil the above conditions. \n\n Question for the VDAB counselor: Which jobseekers can make use of this measure? \n Answer or Action: Every compensated unemployed person who meets the conditions can enjoy the benefit 'Springboard - self-employed'.  It may concern someone who is entitled to: unemployment benefits, integration benefits, income guarantee benefit (IGU), temporary unemployment benefits, unemployment benefits under the SWT. \n\n Question for the VDAB counselor: What activities can not be carried out in the context of the advantage \"Springboard to self-employment\" the activity? \n Answer or Action: carried out as a self-employed person in the main occupation, the artistic activity. \n\n Question for the VDAB counselor: How to file a tax return? \n Answer or Action: Submit forms C1 and C1C to the unemployment office through your payout institution. \n\n Question for the VDAB counselor: Consequences in case of no declaration? \n Answer or Action: Reimbursement of benefits, Exclusion from entitlement to benefits for several weeks, Prosecution before a criminal court is possible. \n\n Question for the VDAB counselor: How long does the benefit last 12 months, calculated from date to date, from the start of the? \n Answer or Action: activity or from the date of declaration. Extension is not possible. \n\n Question for the VDAB counselor: What obligations are there regarding the control card? \n Answer or Action: For your information, we can give you the following. Consult your payout institution or the RVA that is competent for this matter. Possession of a (paper or electronic) control card is mandatory. When granting the \"Springboard to self-employment\" benefit, it is not necessary to indicate the self-employed secondary activity on the control card. For other activities, you must black out the relevant boxes on the control card. In the event of an effective establishment as a self-employed person, there is no longer a right to benefits and it is no longer possible to submit a control card. If you set up in the course of a month, make the boxes of the control card black from the day of the establishment. \n\n Question for the VDAB counselor: What other obligations are there during the duration of the benefit?? \n Answer or Action: Be registered as a jobseeker with your competent regional employment service (ACTIRIS, ADG, VDAB or FOREM). Unless there is an exemption for another reason*. Be available for the labour market Accept any suitable employment, Accept the invitations of the regional employment service. Unless the job seeker is exempt for another reason*. The employee who is incapacitated for work (more than 66% incapacity) cannot receive unemployment benefits. In case of illness, the jobseeker receives compensation through the health insurance fund. You only receive benefits if you have a habitual residence in Belgium and actually reside there. * In some situations, the customer must not be registered as a job seeker and/or be available for the labour market for another reason (e.g. in the case of an Exemption from availability for older job seekers).  See also Follow-up of customers during the springboard \n\n Question for the VDAB counselor: What influence do the income of the self-employed activity in a secondary occupation have on the unemployment benefit? \n Answer or Action: For information, we can give you the following. Consult your payout institution or the RVA that is competent for this matter.   The jobseeker may combine the income of the activity carried out with the benefits, but to a limited extent. The daily amount of unemployment benefit decreases by the part of the amount of the daily income of the secondary activity that exceeds 13.70 euros (according to the index valid on 01.07.2016). For example: if the net daily income of your secondary occupation is 15 euros, the daily amount of your unemployment benefit will be reduced by the difference between 15 and 13.70. The daily income is obtained by dividing the net taxable annual income (= gross expenses) by 312. Before starting the secondary occupation, the jobseeker must make an estimate of his income as a basis for the provisional calculation of unemployment benefits.  After receipt of the assessment note, a final calculation will be made. This may lead to an additional payment, a recovery of unemployment benefits or will have no influence. \n\n Question for the VDAB counselor: Can the job seeker enjoy the \"Springboard to self-employment\" benefit several times:? \n Answer or Action: Yes.   But the job seeker may not have enjoyed the benefit during the past 6 years, calculated from date to date. \n\n Question for the VDAB counselor: Is a denial of the benefit possible? \n Answer or Action: Yes. A denial of the benefit and a refusal of entitlement to benefits is possible, even for the days on which the jobseeker does not perform the activity, if the jobseeker: recruits staff if the activity is not or no longer in the nature of a secondary occupation because the number of working hours spent by the jobseeker or the amount of its income is too high. \n\n Question for the VDAB counselor: In the event of early cessation of the self-employed activity? \n Answer or Action: Job seeker must present himself to his payment institution. \n\n Question for the VDAB counselor: What at the end of the benefit Job? \n Answer or Action: seeker settles as a self-employed person in main occupation Right to unemployment benefits expires. In the case of establishment in the course of a month, the jobseeker blackens the boxes of his control card from the day of the establishment. He may no longer submit control cards for the following months. jobseeker does not establish himself as a self-employed person and wishes to continue to receive unemployment benefits If the jobseeker ceases his secondary activity, he can continue to receive benefits. In that case, he must go to his payout institution as soon as possible. \n\n Question for the VDAB counselor: What if the job seeker does not meet the conditions? \n Answer or Action: He receives a decision of refusal. Within 3 months, the jobseeker can lodge an appeal against this decision with the labour court. \n\n Question for the VDAB counselor: Can this activity also be done during the day or only in the evening? \n Answer or Action: Both are possible. The time (day or hour) at which the unemployed person carries out that activity is irrelevant. \n\n Question for the VDAB counselor: Can a jobseeker reschedule his invitation if he is self-employed in a secondary occupation? \n Answer or Action: No. He must be available for the labour market and therefore accept any suitable employment, accept the invitations of the regional employment service Procedure Service line Give the above information to the jobseeker Advise him to contact his mediator to discuss this. In practice, the mediator can decide for himself whether or not to move the invitation. \n\n Question for the VDAB counselor: With this springboard, the lead to the entrepreneurship trajectory changes? \n Answer or Action: : No.   The starting point for guiding the entrepreneurship process remains the same: wz intends to start self-employed in main occupation. Referral of wz who initially want to start in a secondary occupation is not completely excluded and can serve as a bridging / testing period. If wz also wants to effectively evolve into a main profession. Please note that support solely in function of a secondary occupation via VDAB is currently not possible. For further guidance, refer to a social secretariat and/or Vlaio: https://www.vlaio.be/nl/begeleiding-advies/start. \n\n Question for the VDAB counselor: Can the springboard be combined with (vocational) training, IBO, VOSS...? \n Answer or Action: Yes \n\n Question for the VDAB counselor: Where do we see that job seekers in secondary occupation are busy? \n Answer or Action: At the 'Career data' in MLB. Background information VDAB is looking at whether the information regarding the springboard can automatically end up in the file via a data stream. \n\n Question for the VDAB counselor: Can school leavers also use the? \n Answer or Action: springboard No. Background information The springboard can only be combined with RVA benefits (unemployment benefits, integration benefits, IGU, temporary unemployment benefits and unemployment benefits under the SWT). \n\n Question for the VDAB counselor: Is there a limit on the number of hours? \n Answer or Action: No.  No specific standards have been laid down concerning: the nature of a secondary occupation, the number of working hours, the amount of income. This is part of the appreciation power of the director of the unemployment office. Attention If the activity is not or no longer in the nature of a secondary occupation because the number of working hours spent on it or the amount of its income is too high, the benefit can in theory be denied and the right to benefits can be refused by the director of the unemployment office, even for the days on which the activity was not carried out. \n\n Question for the VDAB counselor: Does the old regulation (Article 48 SS1) still exist? \n Answer or Action: For your information, we can give you the following. Consult your payout institution or the RVA that is competent for this matter.   Yes. The unemployed who are already pursuing a secondary occupation under the conditions of the classic rule of Article 48 SS1* have the choice between: either continuing to pursue their secondary occupation within the limits of Article 48 SS1 or switching to the new measure 48SS1bis (which applies for only 12 months). After the 12 months, they can continue to pursue their secondary occupation under the stricter conditions of Article 48 SS1, unless they establish themselves as self-employed persons in their main occupation.   * The classic rule of Article 48 SS1 = the jobseeker may continue his secondary occupation during unemployment if he: - already pursued the secondary occupation during his employment as an employee, for at least 3 months prior to his claim for benefits.         - indicates the secondary occupation at the time of the benefit application - does not carry out this activity during the day (between 7 a.m. and 6 p.m.) during the week \n\n Question for the VDAB counselor: Can someone who is already doing a side activity and becomes a job seeker use this measure? \n Answer or Action: Yes. The declaration of the existing secondary activity must be made immediately, at the time of the benefit application. From then on, he can combine the right to benefits with a secondary occupation for 12 months. \n\n Question for the VDAB counselor: Can someone who already does a side activity as a job seeker subsequently switch to this measure? \n Answer or Action: Yes. The unemployed who are already pursuing a secondary occupation under the conditions of the classic rule of Article 48 SS1* have the choice between: either continuing their secondary occupation within the limits of Article 48 SS1* or switching to the new springboard measure (which applies for only 12 months). After the 12 months, they can continue to pursue their secondary occupation under the stricter conditions of Article 48 SS1, unless they establish themselves as self-employed persons in their main occupation.   * The classic rule of Article 48 SS1 = the jobseeker may continue his secondary occupation during unemployment if he: - already pursued the secondary occupation during his employment as an employee, for at least 3 months prior to his claim for benefits.         - indicates the secondary occupation at the time of the benefit application - does not carry out this activity during the day (between 7 a.m. and 6 p.m.) during the week \n\n Question for the VDAB counselor: Should a jobseeker be written out as a job seeker (cat.78)? \n Answer or Action: No. The job seeker just stays in cat. 00 (or in cat.80 if working part-time).   See also: How to deal with unjustified deregistration in cat.78 ? \n\n Question for the VDAB counselor: How to deal with unjustified deregistration in cat.78? \n Answer or Action: The problem often lies with the wrong registration at the business counter.  Procedure service line Question by does the customer have confirmation/approval from RVA? Has he already contacted his business counter to find out how he is registered there (as a self-employed person in main activity or secondary occupation)? Otherwise, refer to the entrepreneurs' counter.  Forward case to back office mediation. They adjust the deregistration retroactively or find out where the problem lies. \n\n Question for the VDAB counselor: Is early termination of the SpringBoard measure possible? \n Answer or Action: Yes.   It is possible to get out of the springboard measure earlier to start a self-employed activity in main occupation. Consequences: the unemployment benefit stops the period of 12 months is not suspended (so once the 12 months are up there is no repetition possible within 6 years) increase the social contributions because it is now a self-employed activity in the main occupation risk that one cannot immediately return to unemployment benefit if not so successful \n\n Question for the VDAB counselor: Is the springboard combinable with a (vocational) training, IBO, etc.? \n Answer or Action: Yes, this is possible. \n\n Question for the VDAB counselor: Is the springboard combinable with an entrepreneurship trajectory? \n Answer or Action: Yes, this is possible and can even have a reinforcing effect. The job seeker must have the intention to eventually start up in the main profession. The springboard can certainly be used as a bridging/testing period. \n\n Question for the VDAB counselor: More information The website of the RVA? \n Answer or Action: Directly at the payment institution or the unemployment office of the RVA. Form C1C Form C1 VDAB website \n\n Category: Service line \n\n Domain: self employed \n\n Tags: independent \n\n Url: https://intranet-rel1ldv.ops.vdab.be/faq/servicelijn/springplank-naar-zelfstandige \n\n Type: intranet"}