{"title": "Welke werkgevers kunnen vacatures invoeren", "type": "intranet", "field_trefwoorden_name": ["stage", "attesten", "vacaturemelding", "stages", "vacature registreren", "werkgevers", "vacaturemeldingsformulier"], "domain_name": ["invoeren"], "category_name": "Servicelijn", "url": "https://intranet-rel1ldv.ops.vdab.be/faq/servicelijn/samenwerking-met-de-werkgever", "content": [["Gewone bedrijven", "Alle werkgevers, geregistreerd in de KBO, kunnen vacatures plaatsen bij VDAB Bedrijven uit Vlaanderen, Brussel of Wallonie,  Bedrijven uit de openbare of prive-sector  Buitenlandse bedrijven"], ["Bureau voor kosteloze arbeidsbemiddeling", "Enkel gemandateerde (=erkend door VDAB) Bureaus voor Kosteloze Arbeidsbemiddeling (MBKA) kunnen vacatures plaatsen.  Voorbeelden:  Beroepsorganisaties Humanitaire verenigingen Lokale besturen Erkende onderwijsinstellingen Zie  Mijn VDAB voor organisatie met mandaat voor Kosteloze Arbeidsbemiddeling"], ["Uitzend- en selectiekantoren (Vlaanderen)", "Een uitzendkantoor of werving- en selectiekantoor kan gratis vacatures publiceren bij VDAB, maar enkel via Mijn VDAB. Zie  Mijn VDAB voor uitzendkantoren"], ["Uitzend- en selectiekantoren (buiten Vlaanderen)", "Een uitzendkantoor of werving- en selectiekantoor buiten Vlaanderen kan gratis vacatures publiceren bij VDAB op 2 voorwaarden:  1. De wg moet  erkend zijn door de Vlaamse Gemeenschapsminister  om arbeidsbemiddelingactiviteiten uit te oefenen in het Vlaamse Gewest  of met het oog hierop te adverteren of reclame te maken  2. De wg moet de vacature zelf invoeren in Mijn VDAB  Om toegang te krijgen tot Mijn VDAB moet een contract afgesloten worden. zie \"Toegang tot Mijn VDAB\" Uitzend-of selectiekantoor heeft nog geen erkenning Het kantoor vraagt de erkenning aan bij  het Vlaams Subsidieagentschap voor Werk en Sociale Economie, afdeling Arbeidsmarkt, Cel Erkenningen  adres: Koning Albert II laan 35, bus 21, 1030 Brussel  Eerste en bijkomende aanvraag voor de erkenning van uitzendbureaus (vlaanderen.be) telefoonnummer: 0032 2 553 44 73 De erkenning wordt verleend voor een periode van onbepaalde duur.  Hoe nakijken of een buitenlands uitzend-of selectiekantoor erkend is Via Erkende uitzendbureaus   2. De wg moet de vacature zelf invoeren in Mijn VDAB"], ["Particulieren - prive personen", "Alle prive-personen (particulieren) kunnen vacatures plaatsen bij VDAB.  Vb.: een vacature voor persoonlijk assistent Wettelijke verplichtingen: CAO \"Aanwervingen en selectie van werknemers\".  Deze CAO is afgesloten door de Nationale Arbeidsraad.  Voorbeelden:  Vacatures voor dienstboden: zie \"Vacatures voor dienstboden en huispersoneel\" Vacatures voor een persoonlijk assistent PAB Procedure Servicelijn   Werkgever heeft vragen over zijn wettelijke verplichtingen.  Verwijs wg door naar de online CAO nr 38.  Werkgever heeft vragen over dimona, uitbetaling loon, enz.  Verwijs wg door naar het ondernemingsloket  Opgelet Particulieren kunnen geen toegang tot Mijn VDAB krijgen. Er kan dus wel voor hen een vacature worden genoteerd en gepubliceerd via Master Vacature. Uitzondering Personen met een Persoonlijk Assistentie Budget (PAB)/ Persoonsvolgend Budget (PVB) kunnen wel toegang krijgen tot Mijn VDAB. Bij aanmaak voor een privepersoon is er  uitzonderlijk geen  ondernemingsnummer nodig controleer steeds in KBO of er een nummer is  en is de nacecode = 9500 particuliere huishoudens met werknemers. Zie: \" Kan je nog een IKP-fiche aanmaken zonder ondernemingsnummer? \""], ["Parlementairen, senatoren, enz.", "Parlementairen en senatoren kunnen vacatures plaatsen voor assistenten/medewerkers. Er wordt een IKP-fiche aangemaakt op hun eigen naam."], ["Werkgever met vacatures met financiele inbreng/initiele investering", "Financiele inbreng in geld, producten, materiaal, investering in opleiding, enz. We mogen het begrip 'financiele inbreng' ruim interpreteren. Opgelet Dit is wel een inbreng of investering die wordt gevraagd na aanwerving en deze moet vooraf duidelijk in de vacature staan. Werkgever mag geen geld of investering vragen aan kandidaten.  Voorbeelden van wat wel mag Werknemer moet waarborg betalen voor de goederen die verkocht moeten worden vb. verkoop van huishoudartikelen, kledij,... . Werknemer moet een bepaald bedrag betalen als investering. Bijvoorbeeld om als gerant te werken in een autogarage/merkenverdeler (vb. BMW-garage, Ford-garage,... ), in een winkel (vb. O'Cool,...),... . Zelfstandige moet huur betalen voor de handelspraktijk Voorbeelden van wat niet mag Werkgever mag geen geld vragen aan kandidaten/sollicitanten Werkgever mag de kandidaten niet vragen op te solliciteren via een betalend nummer Werkgever mag de kandidaat geen administratieve kost vragen voor de sollicitatieprocedure Werkgever mag geen inschrijvingskosten of administratieve kosten vragen voor de bemiddeling Interne info Er gebeurt een kwaliteitscontrole op basis van 'ongewenste woordenlijst' (blokkerende opmerkingen - OLA). Vacatures met financiele inbreng zijn geen 'passende dienstbetrekking' i.k.v. transmissie. Werkzoekenden kunnen enkel verwezen worden op dergelijke vacatures na een verwijzingsgesprek. Verwijzing kan nooit leiden tot transmissie."], ["Werkgever met vacatures van tussenpersonen (organisaties) bij aanwerving persoonlijke assistenten", "Indien een tussenpersoon of organisatie (vzw) een vacature wenst te plaatsen voor een persoon met een handicap, dan mag de vacature geplaatst worden op naam en op de vestiging van de tussenpersoon of organisatie (vzw). De voorwaarde hierbij is dat de tussenpersoon of organisatie (vzw) ook de selecties (sollicitaties) afhandelt. Bijvoorbeeld: vzw Inclusie Opgelet Indien de persoon met een handicap zelf de selecties (sollicitaties) opvolgt en afhandelt, moet de vacature geplaatst worden op naam en op vestiging van de persoon met een handicap."], ["Werkgever met vacatures voor overname van een zaak/bedrijf", "Procedure Servicelijn  Voer de vacature in Type contract: zelfstandige activiteit Vermeld niet het om een overname gaat.  De WG deelt dit best mondeling mee aan potentiele kandidaten  Interne info Waarom vermelden we 'overname' niet in een vacature? VDAB plaats geen vacatures waarin we geld vragen. Bij overname zou VDAB, om correct te zijn, ook de prijs van overname moeten vermelden. Dit geeft echter 2 problemen: Niet elke werkgever is bereid om dat in een vacature te zetten (privacy). We gaan dan als VDAB de commerciele toer op, we publiceren dan geen vacature maar een overnamebod "], ["Werkgever met vacatures voor onderaanneming", "Een vacature in kader van een zelfstandige activiteit is mogelijk. VDAB publiceert vacatures met zicht op een nieuwe tewerkstelling. Dit kan in loondienst of op zelfstandige basis zijn. Opgelet VDAB leidt enkel individuen toe naar een functie. Het zijn dan ook werkzoekenden of personen die op zoek zijn naar een andere job die op de VDAB-website terechtkomen. Is het de bedoeling om op zoek te gaan naar een ander bedrijf dat in onderaanneming opdrachten voor de werkgever uitvoert, is VDAB waarschijnlijk niet de juiste optie. Om een ander bedrijf als onderaannemer aan te trekken zijn er andere platformen beschikbaar. Via Google vind je bv. specifieke platforms die vakbedrijven helpen om kwalitatieve collega's in onderaanneming te vinden."], ["Verenigingswerk", "Een vacature voor verenigingswerk invoeren mag omdat het formeler is dan vrijwilligerswerk of een van de andere statuten van onbelast bijverdienen. Als type contract wordt er afhankelijk van het aantal werkuren aangeraden om voor  \"beperkte tewerkstelling <13 u/week\" of \"tijdelijk (niet via uitzendkantoren)\" te kiezen en in de vacature (bv. bij aanbod) te vermelden dat het verenigingswerk betreft."], ["FAQ", "via 0800 30 700 via vacatures@vdab.be via Mijn VDAB via een regionale VDAB-bemiddelaar Zie standaardmail ' Hoe een vacature plaatsen ?' Deze mail bestaat ook in het  Frans  en  Engels . "], ["Waar en hoe kan werkgever vacatures aan VDAB melden?", "Procedure Servicelijn Zoek het vacaturemeldingsformulier  op intranet.   Klik op 'bestand' > 'downloaden' > 'Microsoft Word (.docx)  Voeg dit bestand toe aan je mail in WDE.  Verstuur mail naar de werkgever met het vacaturemeldingsformulier in bijlage."], ["Hoe stuur je een vacaturemeldingsformulier naar de werkgever", "Vacature met zeer beknopte info en wg is niet bereikbaar"], ["Wanneer stuur je een vacaturemeldingsformulier naar de werkgever", "Ondernemingen die  gemiddeld tenminste 20 werknemers in dienst namen tijdens het voorbije kalenderjaar  Deze kennisgeving gebeurt uiterlijk op de dag van de bekendmaking in de pers.  Achtergrondinfo De verplichting wordt ondersteund door het Koninklijk Besluit van 5 december 1969 betreffende de aangifte van collectieve afdankingen en de kennisgeving van vacante betrekkingen en door het artikel 24, paragraaf 5 van het VDAB besluit van 21 december 1988. Er zijn geen sancties bij het niet naleven van de meldingsplicht."], ["Heeft een werkgever meldingsplicht van zijn vacature aan VDAB", "De wet legt \"kennisgeving\" van een vacature op (= melding). Voor VDAB betekent dit de publicatie van de vacature. De werkgever meldt zijn/haar vacature bij dienst voor arbeidsbemiddeling waar de onderneming gevestigd is. Is de onderneming gevestigd in een ander gewest, dan kan de melding ook bij Forem, Actiris of ADG.   "]], "link_ankers": [["https://intranet-rel1ldv.ops.vdab.be/faq/servicelijn/2-specifieke-vacaturebehandeling", "\"Vacatures voor dienstboden en huispersoneel\""], ["https://intranet-rel1ldv.ops.vdab.be/faq/servicelijn/externe-standaardmails-andere-talen-frans", "Frans"], ["https://intranet-rel1ldv.ops.vdab.be/faq/servicelijn/de-bedrijvendatabank-bdb-en-ami", "Kan je nog een IKP-fiche aanmaken zonder ondernemingsnummer?"], ["https://intranet-rel1ldv.ops.vdab.be/faq/servicelijn/mijnvdab-aanvragen-van-uitzendkantoren", "Mijn VDAB voor uitzendkantoren"], ["https://intranet-rel1ldv.ops.vdab.be/faq/servicelijn/externe-standaardmails-andere-talen-engels", "Engels"], ["https://intranet-rel1ldv.ops.vdab.be/faq/servicelijn/externe-standaardmails-vacature-plaatsen-aanpassen-en-afsluiten", "Hoe een vacature plaatsen"], ["https://intranet-rel1ldv.ops.vdab.be/faq/servicelijn/mijn-vdab-account", "\"Toegang tot Mijn VDAB\""], ["https://intranet-rel1ldv.ops.vdab.be/faq/servicelijn/mijn-vdab-wg-organisatie-het-bezit-van-een-mandaat-voor-kosteloze-arbeidsbemiddeling", "Mijn VDAB voor organisatie met mandaat voor Kosteloze Arbeidsbemiddeling"]], "title_translation": "Which employers can enter vacancies", "field_trefwoorden_name_translation": ["internships", "job notification", "job notification form", "register vacancy", "internship", "employers", "certificates"], "domain_name_translation": ["import"], "category_name_translation": "Service line", "content_translation": [["", "All employers, registered in the CBE, can post vacancies at VDAB Companies from Flanders, Brussels or Wallonia, Companies from the public or private sector Foreign companies"], ["Office for free employment Services", "Only mandated (= recognized by VDAB) Agencies for Free Employment Services (MBKA) can post vacancies.  Examples: Professional organisations Humanitarian associations Local authorities Accredited educational institutions See My VDAB for organisation with mandate for Free Employment Services"], ["Temporary employment and selection agencies (Flanders)", "A temporary employment agency or recruitment and selection agency can publish vacancies at VDAB free of charge, but only via Mijn VDAB. See My VDAB for temporary employment agencies"], ["Temporary employment and selection agencies (outside Flanders) A temporary employment agency or", "recruitment and selection agency outside Flanders can publish vacancies at VDAB free of charge under 2 conditions: 1. The WG must be recognized by the Flemish Community Minister to carry out employment services in the Flemish Region or to advertise or advertise for this purpose 2. The wg must enter the vacancy itself in My VDAB To gain access to My VDAB, a contract must be concluded. see \"Access to My VDAB\" Temporary employment or selection office does not yet have recognition The office applies for recognition from the Flemish Subsidy Agency for Work and Social Economy, Labour Market Department, Recognitions Unit address: Koning Albert II laan 35, box 21, 1030 Brussels First and additional application for the recognition of temporary employment agencies (vlaanderen.be) telephone number: 0032 2 553 44 73 The approval is granted for an indefinite period.  How to check whether a foreign temporary employment or selection agency is recognized Via Accredited employment agencies 2. The wg must enter the vacancy itself in My VDAB"], ["Individuals - private persons All private", "persons (private individuals) can post vacancies at VDAB.  E.g.: a vacancy for personal assistant Legal obligations: COLLECTIVE LABOUR AGREEMENT \"Recruitment and selection of employees\".  This collective labour agreement has been concluded by the National Labour Council.  Examples: Vacancies for domestic servants: see \"Vacancies for domestic servants and domestic staff\" Vacancies for a personal assistant PAB Procedure Service line Employer has questions about his legal obligations.  Refer wg to the online CAO nr 38.  Employer has questions about dimona, payment of wages, etc.  Refer wg to the enterprise counter Attention Private individuals cannot access My VDAB. A vacancy can therefore be noted and published for them via Master Vacature. Exception People with a Personal Assistance Budget (PAB) / Personal Budget (PVB) can get access to My VDAB. When creating for a private person, exceptionally no company number is required, always check in CBE whether there is a number and the nacecode = 9500 private households with employees. See: \" Can you still create an IKP sheet without a company number? \""], ["Parliamentarians, senators, etc.", "Parliamentarians and senators can post vacancies for assistants/assistants. An IKP sheet is created in their own name."], ["Employer with vacancies with financial input/initial investment", "Financial contribution in money, products, material, investment in training, etc. We can interpret the concept of 'financial contribution' broadly. Please note: This is an input or investment that is requested after recruitment and must be clearly stated in the vacancy in advance. Employer may not solicit money or investment from candidates.  Examples of what is allowed Employee must pay a deposit for the goods that have to be sold eg. sale of household goods, clothing,... . Employee must pay a certain amount as an investment. For example, to work as a manager in a car garage/brand distributor (eg. BMW garage, Ford garage,... ), in a shop (eg. O'Cool,...),... . Self-employed person must pay rent for the commercial practice Examples of what is not allowed Employer may not ask candidates for money Employer may not ask candidates to apply via a paying number Employer may not charge the candidate an administrative fee for the application procedure Employer may not charge registration fees or administrative costs for mediation Internal info A quality control is carried out on the basis of 'undesirable glossary'  (blocking comments - OLA). Vacancies with financial input are not 'suitable employment' in connection with transmission. Job seekers can only be referred to such vacancies after a referral interview. Referral can never lead to transmission."], ["Employer with vacancies of intermediaries (organizations) when recruiting personal assistants If an intermediary or organization (vzw", ") wishes to post a vacancy for a person with a disability, the vacancy may be posted in the name and at the establishment of the intermediary or organization (vzw). The condition here is that the intermediary or organization (vzw) also handles the selections (applications). For example: vzw Inclusion Attention If the person with a disability follows up and handles the selections (applications) himself, the vacancy must be posted in the name and at the location of the person with a disability."], ["Employer with vacancies for takeover of a business/company", "Procedure Service line Enter the vacancy Type of contract: self-employed activity Do not mention it is an acquisition.  The WG should communicate this orally to potential candidates Internal info Why don't we mention 'acquisition' in a vacancy? VDAB does not post vacancies in which we ask for money. In the event of an acquisition, VDAB should, to be correct, also state the price of the acquisition. However, this causes 2 problems: Not every employer is willing to put that in a vacancy (privacy). We then go on the commercial tour as VDAB, we do not publish a vacancy but a takeover bid"], ["Employer with vacancies for subcontracting", "A vacancy in the context of a self-employed activity is possible. VDAB publishes vacancies with a view to new employment. This can be employed or self-employed. Please note that VDAB only leads individuals to a position. It is therefore job seekers or people who are looking for another job who end up on the VDAB website. If the intention is to look for another company that subcontracts for the employer, VDAB is probably not the right option. To attract another company as a subcontractor, other platforms are available. Via Google you will find, for example, specific platforms that help trade companies to find quality colleagues in subcontracting."], ["Association work", "A vacancy for association work is allowed because it is more formal than volunteering or one of the other statutes of untaxed additional income. As a type of contract, depending on the number of working hours, it is recommended to choose \"limited employment <13 h/week\" or \"temporary (not via temporary employment agencies)\" and to state in the vacancy (e.g. in case of offer) that it concerns association work."], ["FAQ via", "0800 30 700 via vacatures@vdab.be via My VDAB via a regional VDAB mediator See standard email ' How to post a vacancy ?' This mail also exists in French and English."], ["Where and how can employers report vacancies to VDAB?", "Service line procedure Find the job alert form on intranet.   Click on 'file' > 'download' > 'Microsoft Word (.docx) Add this file to your mail in WDE.  Send mail to the employer with the vacancy notification form attached."], ["How to send a vacancy notification form to the employer", "Vacancy with very brief info and wg is not reachable"], ["When do you send a vacancy notification form to the employer", "Companies that hired at least 20 employees on average during the previous calendar year This notification is made no later than the day of publication in the press.  Background information The obligation is supported by the Royal Decree of 5 December 1969 on the declaration of collective redundancies and the notification of vacant posts and by Article 24, paragraph 5 of the VDAB Decree of 21 December 1988. There are no penalties for non-compliance with the reporting obligation."], ["Does an employer have an obligation to report his vacancy to VDAB", "The law imposes \"notification\" of a vacancy (= notification). For VDAB, this means the publication of the vacancy. The employer reports his/her vacancy to the employment service where the company is located. If the company is located in another region, the report can also be made to Forem, Actiris or ADG."]], "document": "Welke werkgevers kunnen vacatures invoeren \n\n Vraag aan de VDAB consulent: Gewone bedrijven? \n Antwoord of Actie: Alle werkgevers, geregistreerd in de KBO, kunnen vacatures plaatsen bij VDAB Bedrijven uit Vlaanderen, Brussel of Wallonie,  Bedrijven uit de openbare of prive-sector  Buitenlandse bedrijven \n\n Vraag aan de VDAB consulent: Bureau voor kosteloze arbeidsbemiddeling? \n Antwoord of Actie: Enkel gemandateerde (=erkend door VDAB) Bureaus voor Kosteloze Arbeidsbemiddeling (MBKA) kunnen vacatures plaatsen.  Voorbeelden:  Beroepsorganisaties Humanitaire verenigingen Lokale besturen Erkende onderwijsinstellingen Zie  Mijn VDAB voor organisatie met mandaat voor Kosteloze Arbeidsbemiddeling \n\n Vraag aan de VDAB consulent: Uitzend- en selectiekantoren (Vlaanderen)? \n Antwoord of Actie: Een uitzendkantoor of werving- en selectiekantoor kan gratis vacatures publiceren bij VDAB, maar enkel via Mijn VDAB. Zie  Mijn VDAB voor uitzendkantoren \n\n Vraag aan de VDAB consulent: Uitzend- en selectiekantoren (buiten Vlaanderen)? \n Antwoord of Actie: Een uitzendkantoor of werving- en selectiekantoor buiten Vlaanderen kan gratis vacatures publiceren bij VDAB op 2 voorwaarden:  1. De wg moet  erkend zijn door de Vlaamse Gemeenschapsminister  om arbeidsbemiddelingactiviteiten uit te oefenen in het Vlaamse Gewest  of met het oog hierop te adverteren of reclame te maken  2. De wg moet de vacature zelf invoeren in Mijn VDAB  Om toegang te krijgen tot Mijn VDAB moet een contract afgesloten worden. zie \"Toegang tot Mijn VDAB\" Uitzend-of selectiekantoor heeft nog geen erkenning Het kantoor vraagt de erkenning aan bij  het Vlaams Subsidieagentschap voor Werk en Sociale Economie, afdeling Arbeidsmarkt, Cel Erkenningen  adres: Koning Albert II laan 35, bus 21, 1030 Brussel  Eerste en bijkomende aanvraag voor de erkenning van uitzendbureaus (vlaanderen.be) telefoonnummer: 0032 2 553 44 73 De erkenning wordt verleend voor een periode van onbepaalde duur.  Hoe nakijken of een buitenlands uitzend-of selectiekantoor erkend is Via Erkende uitzendbureaus   2. De wg moet de vacature zelf invoeren in Mijn VDAB \n\n Vraag aan de VDAB consulent: Particulieren - prive personen? \n Antwoord of Actie: Alle prive-personen (particulieren) kunnen vacatures plaatsen bij VDAB.  Vb.: een vacature voor persoonlijk assistent Wettelijke verplichtingen: CAO \"Aanwervingen en selectie van werknemers\".  Deze CAO is afgesloten door de Nationale Arbeidsraad.  Voorbeelden:  Vacatures voor dienstboden: zie \"Vacatures voor dienstboden en huispersoneel\" Vacatures voor een persoonlijk assistent PAB Procedure Servicelijn   Werkgever heeft vragen over zijn wettelijke verplichtingen.  Verwijs wg door naar de online CAO nr 38.  Werkgever heeft vragen over dimona, uitbetaling loon, enz.  Verwijs wg door naar het ondernemingsloket  Opgelet Particulieren kunnen geen toegang tot Mijn VDAB krijgen. Er kan dus wel voor hen een vacature worden genoteerd en gepubliceerd via Master Vacature. Uitzondering Personen met een Persoonlijk Assistentie Budget (PAB)/ Persoonsvolgend Budget (PVB) kunnen wel toegang krijgen tot Mijn VDAB. Bij aanmaak voor een privepersoon is er  uitzonderlijk geen  ondernemingsnummer nodig controleer steeds in KBO of er een nummer is  en is de nacecode = 9500 particuliere huishoudens met werknemers. Zie: \" Kan je nog een IKP-fiche aanmaken zonder ondernemingsnummer? \" \n\n Vraag aan de VDAB consulent: Parlementairen, senatoren, enz.? \n Antwoord of Actie: Parlementairen en senatoren kunnen vacatures plaatsen voor assistenten/medewerkers. Er wordt een IKP-fiche aangemaakt op hun eigen naam. \n\n Vraag aan de VDAB consulent: Werkgever met vacatures met financiele inbreng/initiele investering? \n Antwoord of Actie: Financiele inbreng in geld, producten, materiaal, investering in opleiding, enz. We mogen het begrip 'financiele inbreng' ruim interpreteren. Opgelet Dit is wel een inbreng of investering die wordt gevraagd na aanwerving en deze moet vooraf duidelijk in de vacature staan. Werkgever mag geen geld of investering vragen aan kandidaten.  Voorbeelden van wat wel mag Werknemer moet waarborg betalen voor de goederen die verkocht moeten worden vb. verkoop van huishoudartikelen, kledij,... . Werknemer moet een bepaald bedrag betalen als investering. Bijvoorbeeld om als gerant te werken in een autogarage/merkenverdeler (vb. BMW-garage, Ford-garage,... ), in een winkel (vb. O'Cool,...),... . Zelfstandige moet huur betalen voor de handelspraktijk Voorbeelden van wat niet mag Werkgever mag geen geld vragen aan kandidaten/sollicitanten Werkgever mag de kandidaten niet vragen op te solliciteren via een betalend nummer Werkgever mag de kandidaat geen administratieve kost vragen voor de sollicitatieprocedure Werkgever mag geen inschrijvingskosten of administratieve kosten vragen voor de bemiddeling Interne info Er gebeurt een kwaliteitscontrole op basis van 'ongewenste woordenlijst' (blokkerende opmerkingen - OLA). Vacatures met financiele inbreng zijn geen 'passende dienstbetrekking' i.k.v. transmissie. Werkzoekenden kunnen enkel verwezen worden op dergelijke vacatures na een verwijzingsgesprek. Verwijzing kan nooit leiden tot transmissie. \n\n Vraag aan de VDAB consulent: Werkgever met vacatures van tussenpersonen (organisaties) bij aanwerving persoonlijke assistenten? \n Antwoord of Actie: Indien een tussenpersoon of organisatie (vzw) een vacature wenst te plaatsen voor een persoon met een handicap, dan mag de vacature geplaatst worden op naam en op de vestiging van de tussenpersoon of organisatie (vzw). De voorwaarde hierbij is dat de tussenpersoon of organisatie (vzw) ook de selecties (sollicitaties) afhandelt. Bijvoorbeeld: vzw Inclusie Opgelet Indien de persoon met een handicap zelf de selecties (sollicitaties) opvolgt en afhandelt, moet de vacature geplaatst worden op naam en op vestiging van de persoon met een handicap. \n\n Vraag aan de VDAB consulent: Werkgever met vacatures voor overname van een zaak/bedrijf? \n Antwoord of Actie: Procedure Servicelijn  Voer de vacature in Type contract: zelfstandige activiteit Vermeld niet het om een overname gaat.  De WG deelt dit best mondeling mee aan potentiele kandidaten  Interne info Waarom vermelden we 'overname' niet in een vacature? VDAB plaats geen vacatures waarin we geld vragen. Bij overname zou VDAB, om correct te zijn, ook de prijs van overname moeten vermelden. Dit geeft echter 2 problemen: Niet elke werkgever is bereid om dat in een vacature te zetten (privacy). We gaan dan als VDAB de commerciele toer op, we publiceren dan geen vacature maar een overnamebod  \n\n Vraag aan de VDAB consulent: Werkgever met vacatures voor onderaanneming? \n Antwoord of Actie: Een vacature in kader van een zelfstandige activiteit is mogelijk. VDAB publiceert vacatures met zicht op een nieuwe tewerkstelling. Dit kan in loondienst of op zelfstandige basis zijn. Opgelet VDAB leidt enkel individuen toe naar een functie. Het zijn dan ook werkzoekenden of personen die op zoek zijn naar een andere job die op de VDAB-website terechtkomen. Is het de bedoeling om op zoek te gaan naar een ander bedrijf dat in onderaanneming opdrachten voor de werkgever uitvoert, is VDAB waarschijnlijk niet de juiste optie. Om een ander bedrijf als onderaannemer aan te trekken zijn er andere platformen beschikbaar. Via Google vind je bv. specifieke platforms die vakbedrijven helpen om kwalitatieve collega's in onderaanneming te vinden. \n\n Vraag aan de VDAB consulent: Verenigingswerk? \n Antwoord of Actie: Een vacature voor verenigingswerk invoeren mag omdat het formeler is dan vrijwilligerswerk of een van de andere statuten van onbelast bijverdienen. Als type contract wordt er afhankelijk van het aantal werkuren aangeraden om voor  \"beperkte tewerkstelling <13 u/week\" of \"tijdelijk (niet via uitzendkantoren)\" te kiezen en in de vacature (bv. bij aanbod) te vermelden dat het verenigingswerk betreft. \n\n Vraag aan de VDAB consulent: FAQ? \n Antwoord of Actie: via 0800 30 700 via vacatures@vdab.be via Mijn VDAB via een regionale VDAB-bemiddelaar Zie standaardmail ' Hoe een vacature plaatsen ?' Deze mail bestaat ook in het  Frans  en  Engels .  \n\n Vraag aan de VDAB consulent: Waar en hoe kan werkgever vacatures aan VDAB melden?? \n Antwoord of Actie: Procedure Servicelijn Zoek het vacaturemeldingsformulier  op intranet.   Klik op 'bestand' > 'downloaden' > 'Microsoft Word (.docx)  Voeg dit bestand toe aan je mail in WDE.  Verstuur mail naar de werkgever met het vacaturemeldingsformulier in bijlage. \n\n Vraag aan de VDAB consulent: Hoe stuur je een vacaturemeldingsformulier naar de werkgever? \n Antwoord of Actie: Vacature met zeer beknopte info en wg is niet bereikbaar \n\n Vraag aan de VDAB consulent: Wanneer stuur je een vacaturemeldingsformulier naar de werkgever? \n Antwoord of Actie: Ondernemingen die  gemiddeld tenminste 20 werknemers in dienst namen tijdens het voorbije kalenderjaar  Deze kennisgeving gebeurt uiterlijk op de dag van de bekendmaking in de pers.  Achtergrondinfo De verplichting wordt ondersteund door het Koninklijk Besluit van 5 december 1969 betreffende de aangifte van collectieve afdankingen en de kennisgeving van vacante betrekkingen en door het artikel 24, paragraaf 5 van het VDAB besluit van 21 december 1988. Er zijn geen sancties bij het niet naleven van de meldingsplicht. \n\n Vraag aan de VDAB consulent: Heeft een werkgever meldingsplicht van zijn vacature aan VDAB? \n Antwoord of Actie: De wet legt \"kennisgeving\" van een vacature op (= melding). Voor VDAB betekent dit de publicatie van de vacature. De werkgever meldt zijn/haar vacature bij dienst voor arbeidsbemiddeling waar de onderneming gevestigd is. Is de onderneming gevestigd in een ander gewest, dan kan de melding ook bij Forem, Actiris of ADG. \n\n Categorie: Servicelijn \n\n Domein: invoeren \n\n Tags: stage, attesten, vacaturemelding, stages, vacature registreren, werkgevers, vacaturemeldingsformulier \n\n Url: https://intranet-rel1ldv.ops.vdab.be/faq/servicelijn/samenwerking-met-de-werkgever \n\n Volgende paginas: \"Vacatures voor dienstboden en huispersoneel\", via https://intranet-rel1ldv.ops.vdab.be/faq/servicelijn/2-specifieke-vacaturebehandeling - Frans, via https://intranet-rel1ldv.ops.vdab.be/faq/servicelijn/externe-standaardmails-andere-talen-frans - Kan je nog een IKP-fiche aanmaken zonder ondernemingsnummer?, via https://intranet-rel1ldv.ops.vdab.be/faq/servicelijn/de-bedrijvendatabank-bdb-en-ami - Mijn VDAB voor uitzendkantoren, via https://intranet-rel1ldv.ops.vdab.be/faq/servicelijn/mijnvdab-aanvragen-van-uitzendkantoren - Engels, via https://intranet-rel1ldv.ops.vdab.be/faq/servicelijn/externe-standaardmails-andere-talen-engels - Hoe een vacature plaatsen, via https://intranet-rel1ldv.ops.vdab.be/faq/servicelijn/externe-standaardmails-vacature-plaatsen-aanpassen-en-afsluiten - \"Toegang tot Mijn VDAB\", via https://intranet-rel1ldv.ops.vdab.be/faq/servicelijn/mijn-vdab-account - Mijn VDAB voor organisatie met mandaat voor Kosteloze Arbeidsbemiddeling, via https://intranet-rel1ldv.ops.vdab.be/faq/servicelijn/mijn-vdab-wg-organisatie-het-bezit-van-een-mandaat-voor-kosteloze-arbeidsbemiddeling \n\n Type: intranet", "document_translation": "Which employers can enter vacancies \n\n Question for the VDAB counselor: ? \n Answer or Action: All employers, registered in the CBE, can post vacancies at VDAB Companies from Flanders, Brussels or Wallonia, Companies from the public or private sector Foreign companies \n\n Question for the VDAB counselor: Office for free employment Services? \n Answer or Action: Only mandated (= recognized by VDAB) Agencies for Free Employment Services (MBKA) can post vacancies.  Examples: Professional organisations Humanitarian associations Local authorities Accredited educational institutions See My VDAB for organisation with mandate for Free Employment Services \n\n Question for the VDAB counselor: Temporary employment and selection agencies (Flanders)? \n Answer or Action: A temporary employment agency or recruitment and selection agency can publish vacancies at VDAB free of charge, but only via Mijn VDAB. See My VDAB for temporary employment agencies \n\n Question for the VDAB counselor: Temporary employment and selection agencies (outside Flanders) A temporary employment agency or? \n Answer or Action: recruitment and selection agency outside Flanders can publish vacancies at VDAB free of charge under 2 conditions: 1. The WG must be recognized by the Flemish Community Minister to carry out employment services in the Flemish Region or to advertise or advertise for this purpose 2. The wg must enter the vacancy itself in My VDAB To gain access to My VDAB, a contract must be concluded. see \"Access to My VDAB\" Temporary employment or selection office does not yet have recognition The office applies for recognition from the Flemish Subsidy Agency for Work and Social Economy, Labour Market Department, Recognitions Unit address: Koning Albert II laan 35, box 21, 1030 Brussels First and additional application for the recognition of temporary employment agencies (vlaanderen.be) telephone number: 0032 2 553 44 73 The approval is granted for an indefinite period.  How to check whether a foreign temporary employment or selection agency is recognized Via Accredited employment agencies 2. The wg must enter the vacancy itself in My VDAB \n\n Question for the VDAB counselor: Individuals - private persons All private? \n Answer or Action: persons (private individuals) can post vacancies at VDAB.  E.g.: a vacancy for personal assistant Legal obligations: COLLECTIVE LABOUR AGREEMENT \"Recruitment and selection of employees\".  This collective labour agreement has been concluded by the National Labour Council.  Examples: Vacancies for domestic servants: see \"Vacancies for domestic servants and domestic staff\" Vacancies for a personal assistant PAB Procedure Service line Employer has questions about his legal obligations.  Refer wg to the online CAO nr 38.  Employer has questions about dimona, payment of wages, etc.  Refer wg to the enterprise counter Attention Private individuals cannot access My VDAB. A vacancy can therefore be noted and published for them via Master Vacature. Exception People with a Personal Assistance Budget (PAB) / Personal Budget (PVB) can get access to My VDAB. When creating for a private person, exceptionally no company number is required, always check in CBE whether there is a number and the nacecode = 9500 private households with employees. See: \" Can you still create an IKP sheet without a company number? \" \n\n Question for the VDAB counselor: Parliamentarians, senators, etc.? \n Answer or Action: Parliamentarians and senators can post vacancies for assistants/assistants. An IKP sheet is created in their own name. \n\n Question for the VDAB counselor: Employer with vacancies with financial input/initial investment? \n Answer or Action: Financial contribution in money, products, material, investment in training, etc. We can interpret the concept of 'financial contribution' broadly. Please note: This is an input or investment that is requested after recruitment and must be clearly stated in the vacancy in advance. Employer may not solicit money or investment from candidates.  Examples of what is allowed Employee must pay a deposit for the goods that have to be sold eg. sale of household goods, clothing,... . Employee must pay a certain amount as an investment. For example, to work as a manager in a car garage/brand distributor (eg. BMW garage, Ford garage,... ), in a shop (eg. O'Cool,...),... . Self-employed person must pay rent for the commercial practice Examples of what is not allowed Employer may not ask candidates for money Employer may not ask candidates to apply via a paying number Employer may not charge the candidate an administrative fee for the application procedure Employer may not charge registration fees or administrative costs for mediation Internal info A quality control is carried out on the basis of 'undesirable glossary'  (blocking comments - OLA). Vacancies with financial input are not 'suitable employment' in connection with transmission. Job seekers can only be referred to such vacancies after a referral interview. Referral can never lead to transmission. \n\n Question for the VDAB counselor: Employer with vacancies of intermediaries (organizations) when recruiting personal assistants If an intermediary or organization (vzw? \n Answer or Action: ) wishes to post a vacancy for a person with a disability, the vacancy may be posted in the name and at the establishment of the intermediary or organization (vzw). The condition here is that the intermediary or organization (vzw) also handles the selections (applications). For example: vzw Inclusion Attention If the person with a disability follows up and handles the selections (applications) himself, the vacancy must be posted in the name and at the location of the person with a disability. \n\n Question for the VDAB counselor: Employer with vacancies for takeover of a business/company? \n Answer or Action: Procedure Service line Enter the vacancy Type of contract: self-employed activity Do not mention it is an acquisition.  The WG should communicate this orally to potential candidates Internal info Why don't we mention 'acquisition' in a vacancy? VDAB does not post vacancies in which we ask for money. In the event of an acquisition, VDAB should, to be correct, also state the price of the acquisition. However, this causes 2 problems: Not every employer is willing to put that in a vacancy (privacy). We then go on the commercial tour as VDAB, we do not publish a vacancy but a takeover bid \n\n Question for the VDAB counselor: Employer with vacancies for subcontracting? \n Answer or Action: A vacancy in the context of a self-employed activity is possible. VDAB publishes vacancies with a view to new employment. This can be employed or self-employed. Please note that VDAB only leads individuals to a position. It is therefore job seekers or people who are looking for another job who end up on the VDAB website. If the intention is to look for another company that subcontracts for the employer, VDAB is probably not the right option. To attract another company as a subcontractor, other platforms are available. Via Google you will find, for example, specific platforms that help trade companies to find quality colleagues in subcontracting. \n\n Question for the VDAB counselor: Association work? \n Answer or Action: A vacancy for association work is allowed because it is more formal than volunteering or one of the other statutes of untaxed additional income. As a type of contract, depending on the number of working hours, it is recommended to choose \"limited employment <13 h/week\" or \"temporary (not via temporary employment agencies)\" and to state in the vacancy (e.g. in case of offer) that it concerns association work. \n\n Question for the VDAB counselor: FAQ via? \n Answer or Action: 0800 30 700 via vacatures@vdab.be via My VDAB via a regional VDAB mediator See standard email ' How to post a vacancy ?' This mail also exists in French and English. \n\n Question for the VDAB counselor: Where and how can employers report vacancies to VDAB?? \n Answer or Action: Service line procedure Find the job alert form on intranet.   Click on 'file' > 'download' > 'Microsoft Word (.docx) Add this file to your mail in WDE.  Send mail to the employer with the vacancy notification form attached. \n\n Question for the VDAB counselor: How to send a vacancy notification form to the employer? \n Answer or Action: Vacancy with very brief info and wg is not reachable \n\n Question for the VDAB counselor: When do you send a vacancy notification form to the employer? \n Answer or Action: Companies that hired at least 20 employees on average during the previous calendar year This notification is made no later than the day of publication in the press.  Background information The obligation is supported by the Royal Decree of 5 December 1969 on the declaration of collective redundancies and the notification of vacant posts and by Article 24, paragraph 5 of the VDAB Decree of 21 December 1988. There are no penalties for non-compliance with the reporting obligation. \n\n Question for the VDAB counselor: Does an employer have an obligation to report his vacancy to VDAB? \n Answer or Action: The law imposes \"notification\" of a vacancy (= notification). For VDAB, this means the publication of the vacancy. The employer reports his/her vacancy to the employment service where the company is located. If the company is located in another region, the report can also be made to Forem, Actiris or ADG. \n\n Category: Service line \n\n Domain: import \n\n Tags: internships, job notification, job notification form, register vacancy, internship, employers, certificates \n\n Url: https://intranet-rel1ldv.ops.vdab.be/faq/servicelijn/samenwerking-met-de-werkgever \n\n Next pages: \"Vacatures voor dienstboden en huispersoneel\", via https://intranet-rel1ldv.ops.vdab.be/faq/servicelijn/2-specifieke-vacaturebehandeling - Frans, via https://intranet-rel1ldv.ops.vdab.be/faq/servicelijn/externe-standaardmails-andere-talen-frans - Kan je nog een IKP-fiche aanmaken zonder ondernemingsnummer?, via https://intranet-rel1ldv.ops.vdab.be/faq/servicelijn/de-bedrijvendatabank-bdb-en-ami - Mijn VDAB voor uitzendkantoren, via https://intranet-rel1ldv.ops.vdab.be/faq/servicelijn/mijnvdab-aanvragen-van-uitzendkantoren - Engels, via https://intranet-rel1ldv.ops.vdab.be/faq/servicelijn/externe-standaardmails-andere-talen-engels - Hoe een vacature plaatsen, via https://intranet-rel1ldv.ops.vdab.be/faq/servicelijn/externe-standaardmails-vacature-plaatsen-aanpassen-en-afsluiten - \"Toegang tot Mijn VDAB\", via https://intranet-rel1ldv.ops.vdab.be/faq/servicelijn/mijn-vdab-account - Mijn VDAB voor organisatie met mandaat voor Kosteloze Arbeidsbemiddeling, via https://intranet-rel1ldv.ops.vdab.be/faq/servicelijn/mijn-vdab-wg-organisatie-het-bezit-van-een-mandaat-voor-kosteloze-arbeidsbemiddeling \n\n Type: intranet"}