{"title": "Tewerkstellingsmaatregelen (Externe mails)", "type": "intranet", "field_trefwoorden_name": ["standaardmails"], "domain_name": ["standaardmails extern"], "category_name": "Servicelijn", "field_faq_summary": "Standaardmails info@vdab.be", "url": "https://intranet-rel1ldv.ops.vdab.be/faq/servicelijn/tewerkstellingsmaatregelen", "content": [["Batch doelgroepvermindering", "Beste We hebben je mail ontvangen waarin je vraagt om je VDAB-dossier aan te passen. De aanwervingspremie staat nu gepubliceerd op je cv. Nog vragen? Antwoord op deze mail of bel ons. Met vriendelijke groeten VDAB  Als klant van VDAB verwacht je de beste dienstverlening. Toch kan het ook eens fout gaan. Heb je een klacht of een probleem ? Meer info over de werking van VDAB en onze privacyvoorschriften vind je in onze disclaimer ."], ["PmAB en BTOM", "Beste Als je een arbeidsbeperking hebt, dan kan je bij VDAB terecht voor zowel gespecialiseerde begeleiding als voor de toekenning van bijzondere tewerkstellingsondersteunende maatregelen . Belangrijk bij beiden is dat je erkend moet zijn als een persoon met een arbeidsbeperking. De erkenningsaanvraag en goedkeuring gebeuren via VDAB. Wil je graag gespecialiseerde begeleiding? Neem contact op met ons gratis nummer 0800 30 700. Ook wanneer je een ziekte- of invaliditeitsuitkering krijgt kan je bij VDAB terecht voor verdere begeleiding als je dit wenst.  Wil je beroep doen op een bijzondere tewerkstellingsondersteunende maatregel?  Voordat je als werknemer beroep kan doen op een ondersteunende maatregel moet je eerst het recht aanvragen . Daarna kan je de maatregel aanvragen.  Voor verdere vragen hierover kan je steeds bij onze experten arbeidsbeperking terecht.  Ook als werkzoekende kan je het recht op maatregelen al aanvragen. Je kan er dan beroep op doen vanaf je een job gevonden hebt.  Nog vragen? Antwoord op deze mail of bel ons. Met vriendelijke groeten VDAB  Als klant van VDAB verwacht je de beste dienstverlening. Toch kan het ook eens fout gaan. Heb je een klacht of een probleem ? Meer info over de werking van VDAB en onze privacyvoorschriften vind je in onze disclaimer ."], ["RSZ-korting jonge werknemers", "Opgelet. In de mail hieronder wordt verwezen naar DWSE. Vragen over VDAB-materie (loopbaanportfolio, inschrijving,...) mogen echter naar BO TW. Vragen over uitbetalingen, weigeringen, e.d., gaan naar DWSE. Beste Je raadpleegt best het departement WSE. Zij zijn namelijk bevoegd voor deze materie. Je kan de informatie over de doelgroepvermindering voor jonge werknemers nalezen op hun website. Onderaan vind je de contactgegevens als je verdere vragen hebt. We kunnen je ondertussen wel volgende algemene informatie meegeven. Deze maatregel houdt in dat de werkgever minder RSZ moet betalen wanneer hij jou in dienst neemt. Je moet in dat geval aan volgende voorwaarden voldoen: Je bent jonger dan 25 jaar.  Je hebt geen secundair diploma of getuigschrift van het 6de jaar secundair onderwijs. Je beschikt over een dossier bij VDAB: een loopbaanportfolio met opleidingsgegevens. Heb je nog geen profiel bij VDAB?  Maak een account aan .  Vul de nodige persoonsgegevens aan en kies bij 'Inschrijven bij VDAB als werkzoekende' voor de optie 'Nee, ik wil mij enkel registreren voor Mijn loopbaan om ervoor te zorgen dat mijn werkgever een RSZ-korting kan aanvragen'.  Vul daarna nog je studies. Nog vragen? Antwoord op deze mail of bel ons. Met vriendelijke groeten VDAB  Als klant van VDAB verwacht je de beste dienstverlening. Toch kan het ook eens fout gaan. Heb je een klacht of een probleem ? Meer info over de werking van VDAB en onze privacyvoorschriften vind je in onze disclaimer ."], ["RSZ-korting oudere werknemers", "Opgelet. In de mail hieronder wordt verwezen naar DWSE. Vragen over VDAB-materie (loopbaanportfolio, inschrijving,...) mogen echter naar BO TW. Vragen over uitbetalingen, weigeringen, e.d., gaan naar DWSE. Beste Je raadpleegt best het departement WSE, die bevoegd is voor deze materie. Je kan de informatie over de doelgroepvermindering voor oudere werknemers nalezen op hun website. Onderaan vind je de contactgegevens als je verdere vragen hebt. We kunnen je ondertussen wel volgende algemene informatie meegeven: Je bent minstens 58 jaar. Als je een nieuwe werknemer bent moet je minstens 1 dag ingeschreven zijn bij VDAB als niet werkende werkzoekende in de maand voor de start van tewerkstelling. Ben je al aan het werk bij deze werkgever en heb je ondertussen de leeftijd van 58 jaar bereikt dan kan hij ook voor jou deze RSZ-vermindering aanvragen. Je hoeft hier zelf niets voor te doen. Nog vragen? Antwoord op deze mail of bel ons. Met vriendelijke groeten VDAB  Als klant van VDAB verwacht je de beste dienstverlening. Toch kan het ook eens fout gaan. Heb je een klacht of een probleem ? Meer info over de werking van VDAB en onze privacyvoorschriften vind je in onze disclaimer ."], ["Standaardmail om te gebruiken naar tewerkstelling@vdab.be", "Beste collega's  Onderstaande e-mail bereikte ons via de mailbox van VDAB (info@vdab.be). We denken dat jullie dienst het best geplaatst is om deze e-mail te behandelen.  Sturen jullie de klant zo snel mogelijk een antwoord? Het e-mailadres is xxxxx Alvast bedankt voor jullie medewerking. Met vriendelijke groeten  Voornaam Naam Servicelijn"], ["TWM algemeen", "  Aan de mailers van VDAB Servicelijn: alle mails waarbij je vroeger de hulp inschakelde van Backoffice tewerkstellingsmaatregelen ( BO TWM), mag je nu rechtstreeks zonder andere acties doorsturen naar hen: tewerkstelling@vdab.be   Let op: dit zijn geen vragen over IBO, 50+ premie en PMAB. Beste Wij kunnen de vraag of je in aanmerking komt voor een bepaalde tewerkstellingsmaatregel niet beantwoorden, omdat we over onvoldoende informatie beschikken.  Elke tewerkstellingsmaatregel heeft zijn eigen voorwaarden (zoals leeftijd, behaalde diploma, werkloosheidsduur, werkzoekende statuut). Daarnaast vallen niet alle tewerkstellingsmaatregelen onder de bevoegdheid van VDAB.  Op onderstaande websites kan je terecht voor meer informatie over de verschillende tewerkstellingsmaatregelen met telkens de voorwaarden waaraan je moet voldoen: www.vdab.be/tewerkstelling https://www.vlaanderen.be/departement-werk-sociale-economie Valt de tewerkstellingsmaatregel onder de bevoegdheid van VDAB of twijfel je welke dienst bevoegd is dan kan je contact opnemen met VDAB op het gratis nummer 0800 30 700.   Nog vragen? Antwoord op deze mail of bel ons. Met vriendelijke groeten VDAB  Als klant van VDAB verwacht je de beste dienstverlening. Toch kan het ook eens fout gaan. Heb je een klacht of een probleem ? Meer info over de werking van VDAB en onze privacyvoorschriften vind je in onze disclaimer ."]], "title_translation": "Employment measures (External mails)", "field_trefwoorden_name_translation": ["standard emails"], "domain_name_translation": ["standard emails external"], "category_name_translation": "Service line", "field_faq_summary_translation": "Standard emails info@vdab.be", "content_translation": [["Batch target group reduction", "Dear We have received your email in which you ask to adjust your VDAB file. The recruitment premium is now published on your CV. Any questions? Reply to this email or call us. With kind regards VDAB As a customer of VDAB you expect the best service. However, things can also go wrong. Do you have a complaint or a problem? More information about the operation of VDAB and our privacy regulations can be found in our disclaimer."], ["PmAB and BTOM", "Beste If you have an occupational disability, you can contact VDAB for both specialized guidance and for the granting of special employment support measures. Important for both is that you must be recognized as a person with an occupational disability. The application for recognition and approval are done via VDAB. Would you like specialized guidance? Contact our free number 0800 30 700. Even if you receive a sickness or disability benefit, you can contact VDAB for further guidance if you wish.  Do you want to make use of a special employment support measure?  Before you as an employee can appeal to a support measure, you must first apply for the right. Then you can apply for the measure.  For further questions about this, you can always contact our occupational disability experts.  As a job seeker, you can also apply for the right to measures. You can then call on it as soon as you have found a job.  Any questions? Reply to this email or call us. With kind regards VDAB As a customer of VDAB you expect the best service. However, things can also go wrong. Do you have a complaint or a problem? More information about the operation of VDAB and our privacy regulations can be found in our disclaimer."], ["NSSO discount for young employees", "Attention. The email below refers to DWSE. However, questions about VDAB matter (career portfolio, registration,...) can go to BO TW. Questions about payouts, refusals, etc., go to DWSE. Dear You should consult the WSE department. They are in fact competent for this matter. You can read the information about the target group reduction for young employees on their website. Below you will find the contact details if you have any further questions. In the meantime, we can give you the following general information. This measure means that the employer has to pay less NSSO when he hires you. In that case, you must meet the following conditions: You are younger than 25 years old.  You do not have a secondary diploma or certificate of the 6th year of secondary education. You have a file at VDAB: a career portfolio with training data. Don't have a profile at VDAB yet?  Create an account .  Fill in the necessary personal data and choose the option 'No, I only want to register for My career to ensure that my employer can apply for an NSSO discount' under 'Register with VDAB as a job seeker'.  Then complete your studies. Any questions? Reply to this email or call us. With kind regards VDAB As a customer of VDAB you expect the best service. However, things can also go wrong. Do you have a complaint or a problem? More information about the operation of VDAB and our privacy regulations can be found in our disclaimer."], ["NSSO discount for older employees", "Attention. The email below refers to DWSE. However, questions about VDAB matter (career portfolio, registration,...) can go to BO TW. Questions about payouts, refusals, etc., go to DWSE. Dear You should consult the WSE department, which is responsible for this matter. You can read the information about the target group reduction for older employees on their website. Below you will find the contact details if you have any further questions. In the meantime, we can give you the following general information: You are at least 58 years old. If you are a new employee, you must be registered with VDAB for at least 1 day as a non-working job seeker in the month before the start of employment. If you are already working for this employer and you have now reached the age of 58, he can also apply for this NSSO reduction for you. You don't have to do anything yourself. Any questions? Reply to this email or call us. With kind regards VDAB As a customer of VDAB you expect the best service. However, things can also go wrong. Do you have a complaint or a problem? More information about the operation of VDAB and our privacy regulations can be found in our disclaimer."], ["Standard e-mail to use to tewerkstelling@vdab.be", "Dear colleagues The e-mail below reached us via the mailbox of VDAB (info@vdab.be). We think your service is best placed to handle this email.  Will you send the customer an answer as soon as possible? The e-mail address is xxxxx Thank you in advance for your cooperation. With kind regards First name Name Service line"], ["TWM general", "To the mailers of VDAB Serviceline: all mails where you used to call in the help of Back office employment measures (BO TWM), you can now forward directly to them without other actions: tewerkstelling@vdab.be Please note: these are not questions about IBO, 50+ premium and PMAB. Dear We cannot answer the question of whether you are eligible for a certain employment measure, because we do not have sufficient information.  Each employment measure has its own conditions (such as age, diploma obtained, duration of unemployment, jobseeker status). In addition, not all employment measures fall under the competence of VDAB.  On the websites below you can find more information about the various employment measures, each with the conditions that you must meet: www.vdab.be/tewerkstelling https://www.vlaanderen.be/departement-werk-sociale-economie If the employment measure falls under the competence of VDAB or if you are unsure which service is competent, you can contact VDAB on the free number 0800 30 700.   Any questions? Reply to this email or call us. With kind regards VDAB As a customer of VDAB you expect the best service. However, things can also go wrong. Do you have a complaint or a problem? More information about the operation of VDAB and our privacy regulations can be found in our disclaimer."]], "document": "Tewerkstellingsmaatregelen (Externe mails) \n\n Standaardmails info@vdab.be \n\n Vraag aan de VDAB consulent: Batch doelgroepvermindering? \n Antwoord of Actie: Beste We hebben je mail ontvangen waarin je vraagt om je VDAB-dossier aan te passen. De aanwervingspremie staat nu gepubliceerd op je cv. Nog vragen? Antwoord op deze mail of bel ons. Met vriendelijke groeten VDAB  Als klant van VDAB verwacht je de beste dienstverlening. Toch kan het ook eens fout gaan. Heb je een klacht of een probleem ? Meer info over de werking van VDAB en onze privacyvoorschriften vind je in onze disclaimer . \n\n Vraag aan de VDAB consulent: PmAB en BTOM? \n Antwoord of Actie: Beste Als je een arbeidsbeperking hebt, dan kan je bij VDAB terecht voor zowel gespecialiseerde begeleiding als voor de toekenning van bijzondere tewerkstellingsondersteunende maatregelen . Belangrijk bij beiden is dat je erkend moet zijn als een persoon met een arbeidsbeperking. De erkenningsaanvraag en goedkeuring gebeuren via VDAB. Wil je graag gespecialiseerde begeleiding? Neem contact op met ons gratis nummer 0800 30 700. Ook wanneer je een ziekte- of invaliditeitsuitkering krijgt kan je bij VDAB terecht voor verdere begeleiding als je dit wenst.  Wil je beroep doen op een bijzondere tewerkstellingsondersteunende maatregel?  Voordat je als werknemer beroep kan doen op een ondersteunende maatregel moet je eerst het recht aanvragen . Daarna kan je de maatregel aanvragen.  Voor verdere vragen hierover kan je steeds bij onze experten arbeidsbeperking terecht.  Ook als werkzoekende kan je het recht op maatregelen al aanvragen. Je kan er dan beroep op doen vanaf je een job gevonden hebt.  Nog vragen? Antwoord op deze mail of bel ons. Met vriendelijke groeten VDAB  Als klant van VDAB verwacht je de beste dienstverlening. Toch kan het ook eens fout gaan. Heb je een klacht of een probleem ? Meer info over de werking van VDAB en onze privacyvoorschriften vind je in onze disclaimer . \n\n Vraag aan de VDAB consulent: RSZ-korting jonge werknemers? \n Antwoord of Actie: Opgelet. In de mail hieronder wordt verwezen naar DWSE. Vragen over VDAB-materie (loopbaanportfolio, inschrijving,...) mogen echter naar BO TW. Vragen over uitbetalingen, weigeringen, e.d., gaan naar DWSE. Beste Je raadpleegt best het departement WSE. Zij zijn namelijk bevoegd voor deze materie. Je kan de informatie over de doelgroepvermindering voor jonge werknemers nalezen op hun website. Onderaan vind je de contactgegevens als je verdere vragen hebt. We kunnen je ondertussen wel volgende algemene informatie meegeven. Deze maatregel houdt in dat de werkgever minder RSZ moet betalen wanneer hij jou in dienst neemt. Je moet in dat geval aan volgende voorwaarden voldoen: Je bent jonger dan 25 jaar.  Je hebt geen secundair diploma of getuigschrift van het 6de jaar secundair onderwijs. Je beschikt over een dossier bij VDAB: een loopbaanportfolio met opleidingsgegevens. Heb je nog geen profiel bij VDAB?  Maak een account aan .  Vul de nodige persoonsgegevens aan en kies bij 'Inschrijven bij VDAB als werkzoekende' voor de optie 'Nee, ik wil mij enkel registreren voor Mijn loopbaan om ervoor te zorgen dat mijn werkgever een RSZ-korting kan aanvragen'.  Vul daarna nog je studies. Nog vragen? Antwoord op deze mail of bel ons. Met vriendelijke groeten VDAB  Als klant van VDAB verwacht je de beste dienstverlening. Toch kan het ook eens fout gaan. Heb je een klacht of een probleem ? Meer info over de werking van VDAB en onze privacyvoorschriften vind je in onze disclaimer . \n\n Vraag aan de VDAB consulent: RSZ-korting oudere werknemers? \n Antwoord of Actie: Opgelet. In de mail hieronder wordt verwezen naar DWSE. Vragen over VDAB-materie (loopbaanportfolio, inschrijving,...) mogen echter naar BO TW. Vragen over uitbetalingen, weigeringen, e.d., gaan naar DWSE. Beste Je raadpleegt best het departement WSE, die bevoegd is voor deze materie. Je kan de informatie over de doelgroepvermindering voor oudere werknemers nalezen op hun website. Onderaan vind je de contactgegevens als je verdere vragen hebt. We kunnen je ondertussen wel volgende algemene informatie meegeven: Je bent minstens 58 jaar. Als je een nieuwe werknemer bent moet je minstens 1 dag ingeschreven zijn bij VDAB als niet werkende werkzoekende in de maand voor de start van tewerkstelling. Ben je al aan het werk bij deze werkgever en heb je ondertussen de leeftijd van 58 jaar bereikt dan kan hij ook voor jou deze RSZ-vermindering aanvragen. Je hoeft hier zelf niets voor te doen. Nog vragen? Antwoord op deze mail of bel ons. Met vriendelijke groeten VDAB  Als klant van VDAB verwacht je de beste dienstverlening. Toch kan het ook eens fout gaan. Heb je een klacht of een probleem ? Meer info over de werking van VDAB en onze privacyvoorschriften vind je in onze disclaimer . \n\n Vraag aan de VDAB consulent: Standaardmail om te gebruiken naar tewerkstelling@vdab.be? \n Antwoord of Actie: Beste collega's  Onderstaande e-mail bereikte ons via de mailbox van VDAB (info@vdab.be). We denken dat jullie dienst het best geplaatst is om deze e-mail te behandelen.  Sturen jullie de klant zo snel mogelijk een antwoord? Het e-mailadres is xxxxx Alvast bedankt voor jullie medewerking. Met vriendelijke groeten  Voornaam Naam Servicelijn \n\n Vraag aan de VDAB consulent: TWM algemeen? \n Antwoord of Actie:   Aan de mailers van VDAB Servicelijn: alle mails waarbij je vroeger de hulp inschakelde van Backoffice tewerkstellingsmaatregelen ( BO TWM), mag je nu rechtstreeks zonder andere acties doorsturen naar hen: tewerkstelling@vdab.be   Let op: dit zijn geen vragen over IBO, 50+ premie en PMAB. Beste Wij kunnen de vraag of je in aanmerking komt voor een bepaalde tewerkstellingsmaatregel niet beantwoorden, omdat we over onvoldoende informatie beschikken.  Elke tewerkstellingsmaatregel heeft zijn eigen voorwaarden (zoals leeftijd, behaalde diploma, werkloosheidsduur, werkzoekende statuut). Daarnaast vallen niet alle tewerkstellingsmaatregelen onder de bevoegdheid van VDAB.  Op onderstaande websites kan je terecht voor meer informatie over de verschillende tewerkstellingsmaatregelen met telkens de voorwaarden waaraan je moet voldoen: www.vdab.be/tewerkstelling https://www.vlaanderen.be/departement-werk-sociale-economie Valt de tewerkstellingsmaatregel onder de bevoegdheid van VDAB of twijfel je welke dienst bevoegd is dan kan je contact opnemen met VDAB op het gratis nummer 0800 30 700.   Nog vragen? Antwoord op deze mail of bel ons. Met vriendelijke groeten VDAB  Als klant van VDAB verwacht je de beste dienstverlening. Toch kan het ook eens fout gaan. Heb je een klacht of een probleem ? Meer info over de werking van VDAB en onze privacyvoorschriften vind je in onze disclaimer . \n\n Categorie: Servicelijn \n\n Domein: standaardmails extern \n\n Tags: standaardmails \n\n Url: https://intranet-rel1ldv.ops.vdab.be/faq/servicelijn/tewerkstellingsmaatregelen \n\n Type: intranet", "document_translation": "Employment measures (External mails) \n\n Standard emails info@vdab.be \n\n Question for the VDAB counselor: Batch target group reduction? \n Answer or Action: Dear We have received your email in which you ask to adjust your VDAB file. The recruitment premium is now published on your CV. Any questions? Reply to this email or call us. With kind regards VDAB As a customer of VDAB you expect the best service. However, things can also go wrong. Do you have a complaint or a problem? More information about the operation of VDAB and our privacy regulations can be found in our disclaimer. \n\n Question for the VDAB counselor: PmAB and BTOM? \n Answer or Action: Beste If you have an occupational disability, you can contact VDAB for both specialized guidance and for the granting of special employment support measures. Important for both is that you must be recognized as a person with an occupational disability. The application for recognition and approval are done via VDAB. Would you like specialized guidance? Contact our free number 0800 30 700. Even if you receive a sickness or disability benefit, you can contact VDAB for further guidance if you wish.  Do you want to make use of a special employment support measure?  Before you as an employee can appeal to a support measure, you must first apply for the right. Then you can apply for the measure.  For further questions about this, you can always contact our occupational disability experts.  As a job seeker, you can also apply for the right to measures. You can then call on it as soon as you have found a job.  Any questions? Reply to this email or call us. With kind regards VDAB As a customer of VDAB you expect the best service. However, things can also go wrong. Do you have a complaint or a problem? More information about the operation of VDAB and our privacy regulations can be found in our disclaimer. \n\n Question for the VDAB counselor: NSSO discount for young employees? \n Answer or Action: Attention. The email below refers to DWSE. However, questions about VDAB matter (career portfolio, registration,...) can go to BO TW. Questions about payouts, refusals, etc., go to DWSE. Dear You should consult the WSE department. They are in fact competent for this matter. You can read the information about the target group reduction for young employees on their website. Below you will find the contact details if you have any further questions. In the meantime, we can give you the following general information. This measure means that the employer has to pay less NSSO when he hires you. In that case, you must meet the following conditions: You are younger than 25 years old.  You do not have a secondary diploma or certificate of the 6th year of secondary education. You have a file at VDAB: a career portfolio with training data. Don't have a profile at VDAB yet?  Create an account .  Fill in the necessary personal data and choose the option 'No, I only want to register for My career to ensure that my employer can apply for an NSSO discount' under 'Register with VDAB as a job seeker'.  Then complete your studies. Any questions? Reply to this email or call us. With kind regards VDAB As a customer of VDAB you expect the best service. However, things can also go wrong. Do you have a complaint or a problem? More information about the operation of VDAB and our privacy regulations can be found in our disclaimer. \n\n Question for the VDAB counselor: NSSO discount for older employees? \n Answer or Action: Attention. The email below refers to DWSE. However, questions about VDAB matter (career portfolio, registration,...) can go to BO TW. Questions about payouts, refusals, etc., go to DWSE. Dear You should consult the WSE department, which is responsible for this matter. You can read the information about the target group reduction for older employees on their website. Below you will find the contact details if you have any further questions. In the meantime, we can give you the following general information: You are at least 58 years old. If you are a new employee, you must be registered with VDAB for at least 1 day as a non-working job seeker in the month before the start of employment. If you are already working for this employer and you have now reached the age of 58, he can also apply for this NSSO reduction for you. You don't have to do anything yourself. Any questions? Reply to this email or call us. With kind regards VDAB As a customer of VDAB you expect the best service. However, things can also go wrong. Do you have a complaint or a problem? More information about the operation of VDAB and our privacy regulations can be found in our disclaimer. \n\n Question for the VDAB counselor: Standard e-mail to use to tewerkstelling@vdab.be? \n Answer or Action: Dear colleagues The e-mail below reached us via the mailbox of VDAB (info@vdab.be). We think your service is best placed to handle this email.  Will you send the customer an answer as soon as possible? The e-mail address is xxxxx Thank you in advance for your cooperation. With kind regards First name Name Service line \n\n Question for the VDAB counselor: TWM general? \n Answer or Action: To the mailers of VDAB Serviceline: all mails where you used to call in the help of Back office employment measures (BO TWM), you can now forward directly to them without other actions: tewerkstelling@vdab.be Please note: these are not questions about IBO, 50+ premium and PMAB. Dear We cannot answer the question of whether you are eligible for a certain employment measure, because we do not have sufficient information.  Each employment measure has its own conditions (such as age, diploma obtained, duration of unemployment, jobseeker status). In addition, not all employment measures fall under the competence of VDAB.  On the websites below you can find more information about the various employment measures, each with the conditions that you must meet: www.vdab.be/tewerkstelling https://www.vlaanderen.be/departement-werk-sociale-economie If the employment measure falls under the competence of VDAB or if you are unsure which service is competent, you can contact VDAB on the free number 0800 30 700.   Any questions? Reply to this email or call us. With kind regards VDAB As a customer of VDAB you expect the best service. However, things can also go wrong. Do you have a complaint or a problem? More information about the operation of VDAB and our privacy regulations can be found in our disclaimer. \n\n Category: Service line \n\n Domain: standard emails external \n\n Tags: standard emails \n\n Url: https://intranet-rel1ldv.ops.vdab.be/faq/servicelijn/tewerkstellingsmaatregelen \n\n Type: intranet"}