{"title": "Vragen over GDPR", "type": "intranet", "domain_name": ["klant is eigenaar", "privacy"], "category_name": "Servicelijn", "field_faq_summary": "losse FAQ's die opduiken nav de nieuwe GDPR.", "url": "https://intranet-rel1ldv.ops.vdab.be/faq/servicelijn/faqs-nav-de-nieuwe-gdpr", "content": [["Wg* vraagt akkoord van klant tot verwerken cv-gegevens", "Situatie: Een klant ontvangt een mail van een bedrijf met de vraag om toestemming te geven zijn/haar persoongegevens (van op het cv) te verwerken. Antwoord: In principe moet de klant zich voor bijkomende uitleg over de toepassing van de GDPR wenden tot de firma zelf. Zij zijn de enige die de klant kunnen uitleggen hoe en waarom zij aan de regels van de GDPR voldoen.  Als een bedrijf/werkgever vraagt naar toestemming om persoonsgegevens (verkregen via het cv) te verwerken, dan moet deze toestemming volgens de GDPR \"geinformeerd\" zijn, dat wil zeggen dat het bedrijf begrijpbaar moet uitleggen waarvoor je toestemming geeft. In het geval van bvb. een consultancy-bedrijf: Zij moeten in hun vraag duidelijk vermelden dat als je \"ja\" zegt dit betekent dat zij bvb. de cv's mogen doorgeven aan hun klanten. Wat betreft de bedrijven die via de VDAB-databank je cv kunnen raadplegen. VDAB heeft met deze bedrijven  contractuele  afspraken gemaakt om misbruiken te voorkomen. VDAB legt hen op die manier ook  kwaliteitseisen  op. Deze bedrijven mogen de cv's enkel gebruiken voor rekrutering voor het bedrijf en niet in hun eigen systemen kopieren.  Als VDAB misbruiken vaststelt, sluit VDAB hun toegang af.  Achtergrondinfo GDPR: General Data Protection Regulation. In het Nederlands AVG: Algemene verordening Gegevensbescherming. Dit is de nieuwe Europese privacywetgeving betreffende gegevensbescherming die in werking treedt vanaf 25 mei 2018, en de bestaande wet op de privacy vervangt. *Wg: incl. interimkantoren"], ["Wg* vraagt naar informatie rond GDPR en huidige Mijn VDAB-contract", "Procedure Servicelijn De wg heeft een algemene vraag rond GDPR? Verwijs de WG naar het algemene voorwaarden en de kwaliteitsrichtlijnen . Opgelet: BO-vac, ticketnummer 4me toevoegen aan de mail indien gewenst. De wg heeft bijkomende vragen? Geef de wg mee dat je zijn vragen zal doorsturen naar de dienst Privacy Achtergrondinfo *Wg: incl. interimkantoren "], ["Wg* stuurt een door VDAB te ondertekenen verwerkersovereenkomst door", "VDAB is geen gegevensverwerker voor de werkgever, zoals de werkgever dat wel is voor VDAB (cfr. cv-databank ed) en ondertekent dergelijke documenten niet. Procedure Servicelijn Beantwoord de mail van de werkgever met deze standaardmail . Achtergrondinfo *Wg: incl. interimkantoren   "], ["Klant wenst contact met DPO (Data Protection Officer)", "Rechtstreeks contact met de DPO van VDAB is niet mogelijk.  Procedure Servicelijn Stuur de vraag van de klant door via privacy@vdab.be Interne info Meer info mbt de DPO zie ' Team Data Protection Officers (DPO) '"], ["Klant vraagt op basis van SAR (Subject Access Request) al zijn gegevens digitaal op", "VDAB moet de gegevens van klanten niet in elektronische vorm voorzien. Dat moet enkel ifv het recht op overdraagbaarheid en dat is niet op VDAB van toepassing.  Dit is enkel van toepassing als de grondslag van de firma/instelling om gegevens te verwerken,  toestemming is. Voor VDAB is de grondslag om persoonsgegevens te verwerken,  algemeen belang. Procedure Servicelijn Volledige inzage/afdruk van het dossier kan, zie ' Afdruk/kopie van zijn 'volledig' dossier '"], ["Klant meldt dat wg* vraagt naar negatieve covid-test, bewijs van vaccinatie, ...", "In het kader van een tewerkstelling Het is aan de werkgever om te verantwoorden dat hij gerechtigd is om die persoonsgegevens te verwerken.  In het kader van een tewerkstelling zou de werkgever dit kunnen verantwoorden in het kader van: Doeleinden van preventieve of arbeidsgeneeskunde, voor de beoordeling van de arbeidsgeschiktheid van de werknemer, medische diagnosen, het verstrekken van gezondheidszorg of sociale diensten of behandelingen door de arbeidsarts Artikel 5, SS 1 van de Welzijnswet, dat de werkgever verplicht om de nodige maatregelen te treffen ter bevordering van het welzijn van zijn werknemers, waarbij hij risico's moet voorkomen en bestrijden bij de bron. Het verwerken van de vaccinatiegegevens door de arbeidsarts, zorgt er inderdaad voor dat de werkgever aan zijn verplichtingen uit de welzijnsreglementering kan voldoen, waardoor er hier een mogelijkheid bestaat voor de werkgever om zich op deze uitzonderingsgrond te beroepen. In het kader van een sollicitatie De verantwoording in het kader van een sollicitatie is twijfelachtig, maar daar kan/mag VDAB geen uitspraken over doen.  Procedure Servicelijn   Geef aan de klant mee dat hij Enerzijds de vraag tot verantwoording kan stellen aan de werkgever Anderzijds hij bij geen of onvoldoende antwoord altijd klacht kan indienen bij de GBA via  https://www. gegevensbeschermingsautoriteit .be/burger/acties/klacht- indienen . Achtergrondinfo *Wg: incl. interimkantoren "]], "link_ankers": [["https://intranet-rel1ldv.ops.vdab.be/faq/servicelijn/externe-standaardmails-gdpr", "standaardmail"]], "title_translation": "Questions about GDPR", "domain_name_translation": ["customer owns", "privacy"], "category_name_translation": "Service line", "field_faq_summary_translation": "separate FAQs that pop up after the new GDPR.", "content_translation": [["Wg* requests the customer's consent to process CV data", "Situation: A customer receives an email from a company asking for permission to process his/her personal data (from the CV). Answer: In principle, the customer must contact the company itself for additional explanations about the application of the GDPR. They are the only ones who can explain to the customer how and why they comply with the rules of the GDPR.  If a company/employer asks for permission to process personal data (obtained via the CV), then according to the GDPR, this consent must be \"informed\", that is, the company must explain in an understandable way what you give permission for. In the case of e.g. a consultancy company: They must clearly state in their question that if you say \"yes\" this means that they, for example. be allowed to pass on the CVs to their clients. As for the companies that can consult your CV via the VDAB database. VDAB has made contractual agreements with these companies to prevent abuses. In this way, VDAB also imposes quality requirements on them. These companies may only use the CVs for recruitment for the company and not copy them into their own systems.  If VDAB detects abuses, VDAB closes their access.  Background information GDPR: General Data Protection Regulation. In English GDPR: General Data Protection Regulation. This is the new European privacy legislation on data protection that will enter into force from 25 May 2018, replacing the existing privacy law. *Wg: incl. interim offices"], ["Wg* asks for information about GDPR and current My VDAB contract", "Procedure Service line The wg has a general question about GDPR? Refer the WG to the general terms and conditions and quality guidelines. Attention: BO-vac, add ticket number 4me to the mail if desired. The wg has additional questions? Inform the wg that you will forward his questions to the Privacy Background info service *Wg: incl. interim offices"], ["Wg* sends a processing agreement to be signed by VDAB VDAB", "is not a data processor for the employer, as the employer is for VDAB (cfr. CV database, etc.) and does not sign such documents. Procedure Service line Reply to the employer's email with this standard email. Background information *Wg: incl. interim offices"], ["Customer wishes to contact DPO (Data Protection Officer)", "Direct contact with the DPO of VDAB is not possible.  Procedure Service line Send the customer's question via privacy@vdab.be Internal info More info regarding the DPO see 'Team Data Protection Officers (DPO)'"], ["On the basis of SAR (Subject Access Request), the customer requests all his data digitally:", "VDAB must not provide the data of customers in electronic form. This should only be done with the right to portability and that does not apply to VDAB.  This only applies if the company/institution's basis for processing data is consent. For VDAB, the basis for processing personal data is in the public interest. Procedure Service line Full inspection/printout of the file is possible, see ' Print/copy of his 'complete' file '"], ["Customer reports that wg* asks for negative covid test, proof of vaccination, ...", "In the context of an employment It is up to the employer to justify that he is entitled to process those personal data.  In the context of employment, the employer could justify this in the context of: Purposes of preventive or occupational medicine, for the assessment of the employee's fitness for work, medical diagnoses, the provision of health care or social services or treatments by the occupational physician Article 5, SS 1 of the Welfare Act, which obliges the employer to take the necessary measures to promote the well-being of his employees,  where he has to prevent and combat risks at the source. The processing of the vaccination data by the occupational physician indeed ensures that the employer can meet his obligations under the welfare regulations, so that there is a possibility for the employer to invoke this exception ground. In the context of a job application The justification in the context of a job application is questionable, but VDAB cannot/may not make any statements about this.  Procedure Service line Inform the customer that on the one hand he can answer the question to the employer On the other hand, he can always submit a complaint to the DPA via https://www in the event of no or insufficient answer. data protection authority .be/burger/acties/klacht- submit . Background information *Wg: incl. interim offices"]], "document": "Vragen over GDPR \n\n losse FAQ's die opduiken nav de nieuwe GDPR. \n\n Vraag aan de VDAB consulent: Wg* vraagt akkoord van klant tot verwerken cv-gegevens? \n Antwoord of Actie: Situatie: Een klant ontvangt een mail van een bedrijf met de vraag om toestemming te geven zijn/haar persoongegevens (van op het cv) te verwerken. Antwoord: In principe moet de klant zich voor bijkomende uitleg over de toepassing van de GDPR wenden tot de firma zelf. Zij zijn de enige die de klant kunnen uitleggen hoe en waarom zij aan de regels van de GDPR voldoen.  Als een bedrijf/werkgever vraagt naar toestemming om persoonsgegevens (verkregen via het cv) te verwerken, dan moet deze toestemming volgens de GDPR \"geinformeerd\" zijn, dat wil zeggen dat het bedrijf begrijpbaar moet uitleggen waarvoor je toestemming geeft. In het geval van bvb. een consultancy-bedrijf: Zij moeten in hun vraag duidelijk vermelden dat als je \"ja\" zegt dit betekent dat zij bvb. de cv's mogen doorgeven aan hun klanten. Wat betreft de bedrijven die via de VDAB-databank je cv kunnen raadplegen. VDAB heeft met deze bedrijven  contractuele  afspraken gemaakt om misbruiken te voorkomen. VDAB legt hen op die manier ook  kwaliteitseisen  op. Deze bedrijven mogen de cv's enkel gebruiken voor rekrutering voor het bedrijf en niet in hun eigen systemen kopieren.  Als VDAB misbruiken vaststelt, sluit VDAB hun toegang af.  Achtergrondinfo GDPR: General Data Protection Regulation. In het Nederlands AVG: Algemene verordening Gegevensbescherming. Dit is de nieuwe Europese privacywetgeving betreffende gegevensbescherming die in werking treedt vanaf 25 mei 2018, en de bestaande wet op de privacy vervangt. *Wg: incl. interimkantoren \n\n Vraag aan de VDAB consulent: Wg* vraagt naar informatie rond GDPR en huidige Mijn VDAB-contract? \n Antwoord of Actie: Procedure Servicelijn De wg heeft een algemene vraag rond GDPR? Verwijs de WG naar het algemene voorwaarden en de kwaliteitsrichtlijnen . Opgelet: BO-vac, ticketnummer 4me toevoegen aan de mail indien gewenst. De wg heeft bijkomende vragen? Geef de wg mee dat je zijn vragen zal doorsturen naar de dienst Privacy Achtergrondinfo *Wg: incl. interimkantoren  \n\n Vraag aan de VDAB consulent: Wg* stuurt een door VDAB te ondertekenen verwerkersovereenkomst door? \n Antwoord of Actie: VDAB is geen gegevensverwerker voor de werkgever, zoals de werkgever dat wel is voor VDAB (cfr. cv-databank ed) en ondertekent dergelijke documenten niet. Procedure Servicelijn Beantwoord de mail van de werkgever met deze standaardmail . Achtergrondinfo *Wg: incl. interimkantoren    \n\n Vraag aan de VDAB consulent: Klant wenst contact met DPO (Data Protection Officer)? \n Antwoord of Actie: Rechtstreeks contact met de DPO van VDAB is niet mogelijk.  Procedure Servicelijn Stuur de vraag van de klant door via privacy@vdab.be Interne info Meer info mbt de DPO zie ' Team Data Protection Officers (DPO) ' \n\n Vraag aan de VDAB consulent: Klant vraagt op basis van SAR (Subject Access Request) al zijn gegevens digitaal op? \n Antwoord of Actie: VDAB moet de gegevens van klanten niet in elektronische vorm voorzien. Dat moet enkel ifv het recht op overdraagbaarheid en dat is niet op VDAB van toepassing.  Dit is enkel van toepassing als de grondslag van de firma/instelling om gegevens te verwerken,  toestemming is. Voor VDAB is de grondslag om persoonsgegevens te verwerken,  algemeen belang. Procedure Servicelijn Volledige inzage/afdruk van het dossier kan, zie ' Afdruk/kopie van zijn 'volledig' dossier ' \n\n Vraag aan de VDAB consulent: Klant meldt dat wg* vraagt naar negatieve covid-test, bewijs van vaccinatie, ...? \n Antwoord of Actie: In het kader van een tewerkstelling Het is aan de werkgever om te verantwoorden dat hij gerechtigd is om die persoonsgegevens te verwerken.  In het kader van een tewerkstelling zou de werkgever dit kunnen verantwoorden in het kader van: Doeleinden van preventieve of arbeidsgeneeskunde, voor de beoordeling van de arbeidsgeschiktheid van de werknemer, medische diagnosen, het verstrekken van gezondheidszorg of sociale diensten of behandelingen door de arbeidsarts Artikel 5, SS 1 van de Welzijnswet, dat de werkgever verplicht om de nodige maatregelen te treffen ter bevordering van het welzijn van zijn werknemers, waarbij hij risico's moet voorkomen en bestrijden bij de bron. Het verwerken van de vaccinatiegegevens door de arbeidsarts, zorgt er inderdaad voor dat de werkgever aan zijn verplichtingen uit de welzijnsreglementering kan voldoen, waardoor er hier een mogelijkheid bestaat voor de werkgever om zich op deze uitzonderingsgrond te beroepen. In het kader van een sollicitatie De verantwoording in het kader van een sollicitatie is twijfelachtig, maar daar kan/mag VDAB geen uitspraken over doen.  Procedure Servicelijn   Geef aan de klant mee dat hij Enerzijds de vraag tot verantwoording kan stellen aan de werkgever Anderzijds hij bij geen of onvoldoende antwoord altijd klacht kan indienen bij de GBA via  https://www. gegevensbeschermingsautoriteit .be/burger/acties/klacht- indienen . Achtergrondinfo *Wg: incl. interimkantoren \n\n Categorie: Servicelijn \n\n Domein: privacy - klant is eigenaar \n\n Url: https://intranet-rel1ldv.ops.vdab.be/faq/servicelijn/faqs-nav-de-nieuwe-gdpr \n\n Volgende paginas: standaardmail, via https://intranet-rel1ldv.ops.vdab.be/faq/servicelijn/externe-standaardmails-gdpr \n\n Type: intranet", "document_translation": "Questions about GDPR \n\n separate FAQs that pop up after the new GDPR. \n\n Question for the VDAB counselor: Wg* requests the customer's consent to process CV data? \n Answer or Action: Situation: A customer receives an email from a company asking for permission to process his/her personal data (from the CV). Answer: In principle, the customer must contact the company itself for additional explanations about the application of the GDPR. They are the only ones who can explain to the customer how and why they comply with the rules of the GDPR.  If a company/employer asks for permission to process personal data (obtained via the CV), then according to the GDPR, this consent must be \"informed\", that is, the company must explain in an understandable way what you give permission for. In the case of e.g. a consultancy company: They must clearly state in their question that if you say \"yes\" this means that they, for example. be allowed to pass on the CVs to their clients. As for the companies that can consult your CV via the VDAB database. VDAB has made contractual agreements with these companies to prevent abuses. In this way, VDAB also imposes quality requirements on them. These companies may only use the CVs for recruitment for the company and not copy them into their own systems.  If VDAB detects abuses, VDAB closes their access.  Background information GDPR: General Data Protection Regulation. In English GDPR: General Data Protection Regulation. This is the new European privacy legislation on data protection that will enter into force from 25 May 2018, replacing the existing privacy law. *Wg: incl. interim offices \n\n Question for the VDAB counselor: Wg* asks for information about GDPR and current My VDAB contract? \n Answer or Action: Procedure Service line The wg has a general question about GDPR? Refer the WG to the general terms and conditions and quality guidelines. Attention: BO-vac, add ticket number 4me to the mail if desired. The wg has additional questions? Inform the wg that you will forward his questions to the Privacy Background info service *Wg: incl. interim offices \n\n Question for the VDAB counselor: Wg* sends a processing agreement to be signed by VDAB VDAB? \n Answer or Action: is not a data processor for the employer, as the employer is for VDAB (cfr. CV database, etc.) and does not sign such documents. Procedure Service line Reply to the employer's email with this standard email. Background information *Wg: incl. interim offices \n\n Question for the VDAB counselor: Customer wishes to contact DPO (Data Protection Officer)? \n Answer or Action: Direct contact with the DPO of VDAB is not possible.  Procedure Service line Send the customer's question via privacy@vdab.be Internal info More info regarding the DPO see 'Team Data Protection Officers (DPO)' \n\n Question for the VDAB counselor: On the basis of SAR (Subject Access Request), the customer requests all his data digitally:? \n Answer or Action: VDAB must not provide the data of customers in electronic form. This should only be done with the right to portability and that does not apply to VDAB.  This only applies if the company/institution's basis for processing data is consent. For VDAB, the basis for processing personal data is in the public interest. Procedure Service line Full inspection/printout of the file is possible, see ' Print/copy of his 'complete' file ' \n\n Question for the VDAB counselor: Customer reports that wg* asks for negative covid test, proof of vaccination, ...? \n Answer or Action: In the context of an employment It is up to the employer to justify that he is entitled to process those personal data.  In the context of employment, the employer could justify this in the context of: Purposes of preventive or occupational medicine, for the assessment of the employee's fitness for work, medical diagnoses, the provision of health care or social services or treatments by the occupational physician Article 5, SS 1 of the Welfare Act, which obliges the employer to take the necessary measures to promote the well-being of his employees,  where he has to prevent and combat risks at the source. The processing of the vaccination data by the occupational physician indeed ensures that the employer can meet his obligations under the welfare regulations, so that there is a possibility for the employer to invoke this exception ground. In the context of a job application The justification in the context of a job application is questionable, but VDAB cannot/may not make any statements about this.  Procedure Service line Inform the customer that on the one hand he can answer the question to the employer On the other hand, he can always submit a complaint to the DPA via https://www in the event of no or insufficient answer. data protection authority .be/burger/acties/klacht- submit . Background information *Wg: incl. interim offices \n\n Category: Service line \n\n Domain: customer owns - privacy \n\n Url: https://intranet-rel1ldv.ops.vdab.be/faq/servicelijn/faqs-nav-de-nieuwe-gdpr \n\n Next pages: standaardmail, via https://intranet-rel1ldv.ops.vdab.be/faq/servicelijn/externe-standaardmails-gdpr \n\n Type: intranet"}