{"title": "Erkennen van competenties: specifiek bij Onderwijs", "type": "intranet", "field_trefwoorden_name": ["onderwijs", "ervaringsbewijs", "vrijstellingen", "evc"], "domain_name": ["erkennen van competenties"], "category_name": "Servicelijn", "url": "https://intranet-rel1ldv.ops.vdab.be/faq/servicelijn/erkennen-van-competenties-specifiek-bij-onderwijs", "content": [["Diploma of getuigschrift via de Examencommissie secundair onderwijs", "Heb je geen diploma of getuigschrift secundair onderwijs op zak? Dan kan je dat behalen via de Examencommissie. Op je eigen tempo: je volgt geen lessen of cursussen, maar doet aan zelfstudie. Daarna leg je examens af. Iedereen is welkom - ongeacht leeftijd, nationaliteit of vooropleiding. Examens afleggen, kan het hele jaar door. Je betaalt per studierichting dertig euro. Je moet vooraf wel een infosessie volgen waarvoor inschrijven verplicht is. Zie  website Onderwijs Vlaanderen"], ["Vrijstellingen Volwassenonderwijs", "Wil je een diploma secundair onderwijs of een beroepskwalificatie verwerven via een opleiding in het volwassenenonderwijs? Denk je dat je recht hebt op vrijstellingen? Neem dan contact op met het CVO waar je de opleiding wil volgen. Op basis van je ervaring of andere kwalificaties kan je vrijstellingen krijgen."], ["Vrijstellingen hoger onderwijs", "Wil je een kwalificatie verwerven via een opleiding in het hoger onderwijs? Denk je dat je recht hebt op vrijstellingen? Neem dan contact op met de hogeschool of universiteit waar je je opleiding wenst te volgen. Op basis van je ervaring of andere kwalificaties kan je vrijstellingen krijgen voor opleidingsonderdelen. Zie onderwijskiezer.be: Hoger Beroepsonderwijs of HBO5 Professionele bachelor Academische bachelor Bachelor na bachelor (Ba-na-ba) Master Master na master (Ma-na-ma)"], ["Cel \"Word Leerkracht\"", "Gebruik je ervaring om als leerkracht aan de slag te gaan. Als je geen hoger onderwijs gevolgd hebt, kan je werkervaring gebruiken om toch als leerkracht aan de slag te gaan. Neem hiervoor contact op met de cel Word Leerkracht  (onderwijs.vlaanderen.be)."], ["NARIC-Vlaanderen - buitenlandse studiebewijzen", "Staat in voor de erkenning van buitenlandse diploma's. Zowel voor het hoger onderwijs, volwassenenonderwijs als secundair onderwijs. Zie Erkenning van buitenlands diploma in Belgie Begeleiding bij erkenning buitenlandse diploma's  (intranet)  "]], "link_ankers": [["https://intranet-rel1ldv.ops.vdab.be/faq/erkenning-van-buitenlands-diploma-belgie", "Erkenning van buitenlands diploma in Belgie"], ["https://intranet-rel1ldv.ops.vdab.be/faq/servicelijn/evc-het-toegangsbewijs-en-de-instapkaart", "Erkennen van competenties: het toegangsbewijs en de instapkaart"], ["https://intranet-rel1ldv.ops.vdab.be/faq/servicelijn/evc", "Erkennen van competenties (EVC): een certificaat via EVC-traject behalen"]], "title_translation": "Recognition of competences: specific to Education", "field_trefwoorden_name_translation": ["exemptions", "proof of experience", "education", "evc"], "domain_name_translation": ["recognition of competences"], "category_name_translation": "Service line", "content_translation": [["Diploma or certificate via the Board of Examiners for Secondary Education", "Do you not have a diploma or certificate of secondary education in your pocket? Then you can obtain this via the Board of Examiners. At your own pace: you do not follow classes or courses, but do self-study. Then you take exams. Everyone is welcome - regardless of age, nationality or previous education. Taking exams is possible all year round. You pay thirty euros per course of study. You must follow an information session in advance for which registration is required. See website Education Flanders"], ["Adult education exemptions", "Do you want to acquire a secondary education diploma or a professional qualification through adult education? Do you think you are entitled to exemptions? Then contact the CVO where you want to follow the training. Based on your experience or other qualifications, you may receive exemptions."], ["Higher education exemptions", "Do you want to acquire a qualification through a higher education programme? Do you think you are entitled to exemptions? Then contact the college or university where you want to follow your education. Based on your experience or other qualifications, you can get exemptions for course units. See onderwijskiezer.be: Higher Vocational Education or HBO5 Professional bachelor Academic bachelor Bachelor after bachelor (Ba-na-ba) Master Master after master (Mon-na-Mon)"], ["Cell \"Become a Teacher\"", "Use your experience to get started as a teacher. If you have not followed higher education, you can use work experience to work as a teacher. To do this, contact the Become a Teacher (onderwijs.vlaanderen.be) cell."], ["NARIC-Flanders - foreign study certificates", "Is responsible for the recognition of foreign diplomas. Both for higher education, adult education and secondary education. See Recognition of foreign diplomas in Belgium Guidance on the recognition of foreign diplomas (intranet)"]], "document": "Erkennen van competenties: specifiek bij Onderwijs \n\n Vraag aan de VDAB consulent: Diploma of getuigschrift via de Examencommissie secundair onderwijs? \n Antwoord of Actie: Heb je geen diploma of getuigschrift secundair onderwijs op zak? Dan kan je dat behalen via de Examencommissie. Op je eigen tempo: je volgt geen lessen of cursussen, maar doet aan zelfstudie. Daarna leg je examens af. Iedereen is welkom - ongeacht leeftijd, nationaliteit of vooropleiding. Examens afleggen, kan het hele jaar door. Je betaalt per studierichting dertig euro. Je moet vooraf wel een infosessie volgen waarvoor inschrijven verplicht is. Zie  website Onderwijs Vlaanderen \n\n Vraag aan de VDAB consulent: Vrijstellingen Volwassenonderwijs? \n Antwoord of Actie: Wil je een diploma secundair onderwijs of een beroepskwalificatie verwerven via een opleiding in het volwassenenonderwijs? Denk je dat je recht hebt op vrijstellingen? Neem dan contact op met het CVO waar je de opleiding wil volgen. Op basis van je ervaring of andere kwalificaties kan je vrijstellingen krijgen. \n\n Vraag aan de VDAB consulent: Vrijstellingen hoger onderwijs? \n Antwoord of Actie: Wil je een kwalificatie verwerven via een opleiding in het hoger onderwijs? Denk je dat je recht hebt op vrijstellingen? Neem dan contact op met de hogeschool of universiteit waar je je opleiding wenst te volgen. Op basis van je ervaring of andere kwalificaties kan je vrijstellingen krijgen voor opleidingsonderdelen. Zie onderwijskiezer.be: Hoger Beroepsonderwijs of HBO5 Professionele bachelor Academische bachelor Bachelor na bachelor (Ba-na-ba) Master Master na master (Ma-na-ma) \n\n Vraag aan de VDAB consulent: Cel \"Word Leerkracht\"? \n Antwoord of Actie: Gebruik je ervaring om als leerkracht aan de slag te gaan. Als je geen hoger onderwijs gevolgd hebt, kan je werkervaring gebruiken om toch als leerkracht aan de slag te gaan. Neem hiervoor contact op met de cel Word Leerkracht  (onderwijs.vlaanderen.be). \n\n Vraag aan de VDAB consulent: NARIC-Vlaanderen - buitenlandse studiebewijzen? \n Antwoord of Actie: Staat in voor de erkenning van buitenlandse diploma's. Zowel voor het hoger onderwijs, volwassenenonderwijs als secundair onderwijs. Zie Erkenning van buitenlands diploma in Belgie Begeleiding bij erkenning buitenlandse diploma's  (intranet) \n\n Categorie: Servicelijn \n\n Domein: erkennen van competenties \n\n Tags: onderwijs, evc, ervaringsbewijs, vrijstellingen \n\n Url: https://intranet-rel1ldv.ops.vdab.be/faq/servicelijn/erkennen-van-competenties-specifiek-bij-onderwijs \n\n Volgende paginas: Erkenning van buitenlands diploma in Belgie, via https://intranet-rel1ldv.ops.vdab.be/faq/erkenning-van-buitenlands-diploma-belgie - Erkennen van competenties: het toegangsbewijs en de instapkaart, via https://intranet-rel1ldv.ops.vdab.be/faq/servicelijn/evc-het-toegangsbewijs-en-de-instapkaart - Erkennen van competenties (EVC): een certificaat via EVC-traject behalen, via https://intranet-rel1ldv.ops.vdab.be/faq/servicelijn/evc \n\n Type: intranet", "document_translation": "Recognition of competences: specific to Education \n\n Question for the VDAB counselor: Diploma or certificate via the Board of Examiners for Secondary Education? \n Answer or Action: Do you not have a diploma or certificate of secondary education in your pocket? Then you can obtain this via the Board of Examiners. At your own pace: you do not follow classes or courses, but do self-study. Then you take exams. Everyone is welcome - regardless of age, nationality or previous education. Taking exams is possible all year round. You pay thirty euros per course of study. You must follow an information session in advance for which registration is required. See website Education Flanders \n\n Question for the VDAB counselor: Adult education exemptions? \n Answer or Action: Do you want to acquire a secondary education diploma or a professional qualification through adult education? Do you think you are entitled to exemptions? Then contact the CVO where you want to follow the training. Based on your experience or other qualifications, you may receive exemptions. \n\n Question for the VDAB counselor: Higher education exemptions? \n Answer or Action: Do you want to acquire a qualification through a higher education programme? Do you think you are entitled to exemptions? Then contact the college or university where you want to follow your education. Based on your experience or other qualifications, you can get exemptions for course units. See onderwijskiezer.be: Higher Vocational Education or HBO5 Professional bachelor Academic bachelor Bachelor after bachelor (Ba-na-ba) Master Master after master (Mon-na-Mon) \n\n Question for the VDAB counselor: Cell \"Become a Teacher\"? \n Answer or Action: Use your experience to get started as a teacher. If you have not followed higher education, you can use work experience to work as a teacher. To do this, contact the Become a Teacher (onderwijs.vlaanderen.be) cell. \n\n Question for the VDAB counselor: NARIC-Flanders - foreign study certificates? \n Answer or Action: Is responsible for the recognition of foreign diplomas. Both for higher education, adult education and secondary education. See Recognition of foreign diplomas in Belgium Guidance on the recognition of foreign diplomas (intranet) \n\n Category: Service line \n\n Domain: recognition of competences \n\n Tags: exemptions, proof of experience, education, evc \n\n Url: https://intranet-rel1ldv.ops.vdab.be/faq/servicelijn/erkennen-van-competenties-specifiek-bij-onderwijs \n\n Next pages: Erkenning van buitenlands diploma in Belgie, via https://intranet-rel1ldv.ops.vdab.be/faq/erkenning-van-buitenlands-diploma-belgie - Erkennen van competenties: het toegangsbewijs en de instapkaart, via https://intranet-rel1ldv.ops.vdab.be/faq/servicelijn/evc-het-toegangsbewijs-en-de-instapkaart - Erkennen van competenties (EVC): een certificaat via EVC-traject behalen, via https://intranet-rel1ldv.ops.vdab.be/faq/servicelijn/evc \n\n Type: intranet"}