{"title": "Transitiepremie", "type": "intranet", "field_trefwoorden_name": ["ondernemerschap"], "domain_name": ["zelfstandigen"], "category_name": "Servicelijn", "field_faq_summary": "Korte inhoud voor SL-bemiddelaars over de transitiepremie.", "url": "https://intranet-rel1ldv.ops.vdab.be/faq/servicelijn/transitiepremie", "content": [["Wat is de transitiepremie?", "Een maandelijkse premie voor startende ondernemers om de overgang tussen een werkloosheidsuitkering en de zelfstandige activiteit te vergemakkelijken. "], ["Hoeveel bedraagt de transitiepremie?", "De transitiepremie is een maandelijkse bruto premie die wordt toegekend voor maximaal 2 jaar. De concrete bedragen zijn terug te vinden op  de website Vlaanderen.be ."], ["Wie komt in aanmerking voor de transitiepremie?", "De werkzoekende die gelijktijdig aan volgende voorwaarden voldoet: Maximum 3 maanden voor de aanvraag gestart zijn als zelfstandige in hoofdberoep : Aangesloten zijn bij een sociaal verzekeringsfonds. Beschikken over een ondernemingsnummer. Zelfstandige in hoofdberoep blijven zolang je de transitiepremie krijgt.  Maximaal 6 maanden voor de start als zelfstandige in hoofdberoep een voorbereidend prestarterstraject met succes beeindigd hebben. Ingeschreven zijn bij VDAB als niet-werkende werkzoekende de dag voor start als zelfstandige in hoofdberoep als  uitkeringsgerechtigd als uitkeringsgerechtigd volledig werkloos (RVA-uitkering) als rechthebbende op maatschappelijke integratie, een leefloon genieten als rechthebbende op maatschappelijke hulp, financiele steun genieten als erkend arbeidsongeschikte de toelating hebben gekregen van de adviserende arts van uw ziekenfonds om het werk te hervatten als rechthebbende op het overbruggingsrecht voor zelfstandigen, de financiele uitkering genieten niet-werkende werkzoekende zonder uitkering. De onderneming is gevestigd in het  Vlaamse Gewest  gedurende zolang je de transitiepremie krijgt."], ["Wat is een prestarterstraject?", "Een traject dat focust op de voorbereiding van de opstart van een eigen onderneming met als doel aanleren hoe een ondernemings- en financieel plan wordt opgesteld, waarbij de haalbaarheid van het ondernemersidee wordt ingeschat.    -> Meer info over welke prestarterstrajecten er zijn, vind je in de richtlijn:  Vlaamse Transitiepremie: premie om de transitie van werkzoekenden naar ondernemerschap te stimuleren - Prestarterstrajecten Achtergrondinfo Zowel het traject 'Maak Werk van je Zaak' waarvoor VDAB samenwerkt met Syntra als het Labo-traject van de activiteitencooperaties/Starterslabo is een erkend prestarterstraject."], ["Waar de transitiepremie aanvragen?", "Bij WSE - Departement Werk en Sociale Economie Ellipsgebouw Koning Albert II-laan 35 bus 20 1030 Brussel Tel: 02 553 08 61 transitiepremie@vlaanderen.be https://www.vlaanderen.be/transitiepremie/transitiepremie-aanvragen"], ["Wanneer de transitiepremie aanvragen?", "Binnen de 3 maanden nadat men als zelfstandige in hoofdberoep is gestart. "], ["Hoe de transitiepremie aanvragen?", "De premie kan enkel online aangevraagd worden via  https://www.vlaanderen.be/transitiepremie/transitiepremie-aanvragen . Wanneer de startende ondernemer een werkloosheidsuitkering ontvangt moet hij het  Werkloosheidsattest C63bis  laten invullen door: de werkgever, het sociaal secretariaat, VDAB, ACTIRIS, FOREM, of het Arbeidsambt. Wanneer hij kiest voor VDAB, kan hij hiervoor terecht bij zijn bemiddelaar of het onthaal van een VDAB-kantoor in zijn regio. "], ["Wanneer ontvangt de ondernemer de transitiepremie de eerste keer?", "De eerste premie wordt betaald ten vroegste op het einde van de maand volgend op de aanvraag van de premie."], ["Is cumulatie met andere uitkeringen/premies mogelijk?", "Neen, cumulatie met een uitkering in het kader van de werkloosheidsverzekering, ziekte- of invaliditeitsverzekering of met een aanvullende vergoeding in het kader van het stelsel voor werkloosheid met bedrijfstoeslag (het vroegere conventioneel brugpensioen) is niet mogelijk. De transitiepremie mag niet gecumuleerd worden met subsidies of premies voor beginnende zelfstandigen toegekend door andere gewestoverheden dan de Vlaamse overheid."], ["Kan je meeredere keren een transitiepremie aanvragen?", "Ja dit is mogelijk, maar een nieuwe transitiepremie aanvragen kan pas na een periode van 6 jaar na de laatste uitbetaling van de eerdere transitiepremie."], ["Wat is niet mogelijk tijdens de transitiepremie?", "Gedurende de volledige periode van toekenning van de transitiepremie mag de klant geen diensten verrichten als zelfstandige ten voordele van of in opdracht van de laatste werkgever bij wie de klant in dienst was of van de groep waartoe de werkgever behoort."], ["Heeft de klant een inschrijvingsbewijs/chronologisch overzicht nodig voor de aanvraag?", "Ja.  Procedure Servicelijn Bezorg de klant een inschrijvingsbewijs/chronologisch overzicht via het kanaal van zijn keuze (mail/post)."], ["Wat bij vragen?", "Meer info is terug te vinden op  https://www.vlaanderen.be/transitiepremie . Werkzoekenden/ondernemers met concrete vragen kunnen deze ook via e-mail stellen aan het DWSE via  transitiepremie@vlaanderen.be"]], "title_translation": "Transition premium", "field_trefwoorden_name_translation": ["entrepreneurship"], "domain_name_translation": ["self employed"], "category_name_translation": "Service line", "field_faq_summary_translation": "Short content for SL mediators about the transition premium.", "content_translation": [["What is the transition premium?", "A monthly premium for starting entrepreneurs to facilitate the transition between unemployment benefit and self-employment."], ["How much is the transition premium? The transition premium is a", "monthly gross premium that is granted for a maximum of 2 years. The concrete amounts can be found on the website Vlaanderen.be ."], ["Who is eligible for the transition premium?", "The jobseeker who simultaneously meets the following conditions: Maximum 3 months before the application have started as a self-employed person in main occupation: Being affiliated with a social insurance fund. Have a company number. Self-employed in your main occupation as long as you receive the transition premium.  Have successfully completed a preparatory prestarter process up to 6 months before the start as a self-employed person in main occupation. Be registered with VDAB as a non-working jobseeker the day before starting as a self-employed person in main occupation as a benefit recipient as a benefit recipient who is completely unemployed (RVA benefit) as a beneficiary of social integration, enjoy a living wage as a beneficiary of social assistance, receive financial support if recognized disabled person have received permission from the advising doctor of your health insurance fund to resume work as a beneficiary of the bridging right for the self-employed, the financial benefit enjoyed by non-working jobseekers without benefits. The company is located in the Flemish Region for as long as you receive the transition premium."], ["What is a prestarter program?", "A process that focuses on the preparation of the start-up of your own company with the aim of learning how to draw up a business and financial plan, estimating the feasibility of the entrepreneurial idea.    -> More information about which prestarter trajectories there are can be found in the guideline: Flemish Transition Premium: premium to stimulate the transition of job seekers to entrepreneurship - Prestarters trajectories Background info Both the 'Make Work of your Business' trajectory for which VDAB collaborates with Syntra and the Lab trajectory of the activity cooperatives/Starterslabo are a recognized prestarter program."], ["Where to apply for the transition premium?", "At WSE - Department of Work and Social Economy Ellipse building Boulevard du Roi Albert II 35 box 20 1030 Brussels Tel: 02 553 08 61 transitiepremie@vlaanderen.be https://www.vlaanderen.be/transitiepremie/transitiepremie-aanvragen"], ["When to apply for the transition premium?", "Within 3 months after you have started as a self-employed person in your main occupation."], ["How to apply for the transition premium?", "The premium can only be applied for online via https://www.vlaanderen.be/transitiepremie/transitiepremie-aanvragen. When the starting entrepreneur receives unemployment benefit, he must have the Unemployment Certificate C63bis completed by: the employer, the social secretariat, VDAB, ACTIRIS, FOREM, or the Employment Office. If he chooses VDAB, he can contact his mediator or the reception of a VDAB office in his region."], ["When will the entrepreneur receive the transition premium for the first time?", "The first premium shall be paid at the earliest at the end of the month following the application for the premium."], ["Is cumulation with other benefits/contributions possible? No, it", "is not possible to cumulate it with unemployment insurance, sickness or invalidity insurance or with supplementary compensation under the unemployment scheme with company supplement (the former conventional early retirement pension). The transition premium may not be cumulated with subsidies or premiums for starting self-employed persons granted by regional authorities other than the Flemish government."], ["Can you apply for a transition premium several times?", "Yes, this is possible, but you can only apply for a new transition premium after a period of 6 years after the last payment of the previous transition premium."], ["What is not possible during the transition premium?", "During the entire period of granting the transition premium, the customer may not provide services as a self-employed person for the benefit of or on behalf of the last employer with whom the customer was employed or of the group to which the employer belongs."], ["Does the customer need a registration certificate/chronological overview for the application?", "Yes.  Procedure Service line Provide the customer with a registration certificate/chronological overview via the channel of his choice (mail/post)."], ["What if you have any questions?", "More info can be found on https://www.vlaanderen.be/transitiepremie . Job seekers/entrepreneurs with specific questions can also ask them via e-mail to the DWSE via transitiepremie@vlaanderen.be"]], "document": "Transitiepremie \n\n Korte inhoud voor SL-bemiddelaars over de transitiepremie. \n\n Vraag aan de VDAB consulent: Wat is de transitiepremie?? \n Antwoord of Actie: Een maandelijkse premie voor startende ondernemers om de overgang tussen een werkloosheidsuitkering en de zelfstandige activiteit te vergemakkelijken.  \n\n Vraag aan de VDAB consulent: Hoeveel bedraagt de transitiepremie?? \n Antwoord of Actie: De transitiepremie is een maandelijkse bruto premie die wordt toegekend voor maximaal 2 jaar. De concrete bedragen zijn terug te vinden op  de website Vlaanderen.be . \n\n Vraag aan de VDAB consulent: Wie komt in aanmerking voor de transitiepremie?? \n Antwoord of Actie: De werkzoekende die gelijktijdig aan volgende voorwaarden voldoet: Maximum 3 maanden voor de aanvraag gestart zijn als zelfstandige in hoofdberoep : Aangesloten zijn bij een sociaal verzekeringsfonds. Beschikken over een ondernemingsnummer. Zelfstandige in hoofdberoep blijven zolang je de transitiepremie krijgt.  Maximaal 6 maanden voor de start als zelfstandige in hoofdberoep een voorbereidend prestarterstraject met succes beeindigd hebben. Ingeschreven zijn bij VDAB als niet-werkende werkzoekende de dag voor start als zelfstandige in hoofdberoep als  uitkeringsgerechtigd als uitkeringsgerechtigd volledig werkloos (RVA-uitkering) als rechthebbende op maatschappelijke integratie, een leefloon genieten als rechthebbende op maatschappelijke hulp, financiele steun genieten als erkend arbeidsongeschikte de toelating hebben gekregen van de adviserende arts van uw ziekenfonds om het werk te hervatten als rechthebbende op het overbruggingsrecht voor zelfstandigen, de financiele uitkering genieten niet-werkende werkzoekende zonder uitkering. De onderneming is gevestigd in het  Vlaamse Gewest  gedurende zolang je de transitiepremie krijgt. \n\n Vraag aan de VDAB consulent: Wat is een prestarterstraject?? \n Antwoord of Actie: Een traject dat focust op de voorbereiding van de opstart van een eigen onderneming met als doel aanleren hoe een ondernemings- en financieel plan wordt opgesteld, waarbij de haalbaarheid van het ondernemersidee wordt ingeschat.    -> Meer info over welke prestarterstrajecten er zijn, vind je in de richtlijn:  Vlaamse Transitiepremie: premie om de transitie van werkzoekenden naar ondernemerschap te stimuleren - Prestarterstrajecten Achtergrondinfo Zowel het traject 'Maak Werk van je Zaak' waarvoor VDAB samenwerkt met Syntra als het Labo-traject van de activiteitencooperaties/Starterslabo is een erkend prestarterstraject. \n\n Vraag aan de VDAB consulent: Waar de transitiepremie aanvragen?? \n Antwoord of Actie: Bij WSE - Departement Werk en Sociale Economie Ellipsgebouw Koning Albert II-laan 35 bus 20 1030 Brussel Tel: 02 553 08 61 transitiepremie@vlaanderen.be https://www.vlaanderen.be/transitiepremie/transitiepremie-aanvragen \n\n Vraag aan de VDAB consulent: Wanneer de transitiepremie aanvragen?? \n Antwoord of Actie: Binnen de 3 maanden nadat men als zelfstandige in hoofdberoep is gestart.  \n\n Vraag aan de VDAB consulent: Hoe de transitiepremie aanvragen?? \n Antwoord of Actie: De premie kan enkel online aangevraagd worden via  https://www.vlaanderen.be/transitiepremie/transitiepremie-aanvragen . Wanneer de startende ondernemer een werkloosheidsuitkering ontvangt moet hij het  Werkloosheidsattest C63bis  laten invullen door: de werkgever, het sociaal secretariaat, VDAB, ACTIRIS, FOREM, of het Arbeidsambt. Wanneer hij kiest voor VDAB, kan hij hiervoor terecht bij zijn bemiddelaar of het onthaal van een VDAB-kantoor in zijn regio.  \n\n Vraag aan de VDAB consulent: Wanneer ontvangt de ondernemer de transitiepremie de eerste keer?? \n Antwoord of Actie: De eerste premie wordt betaald ten vroegste op het einde van de maand volgend op de aanvraag van de premie. \n\n Vraag aan de VDAB consulent: Is cumulatie met andere uitkeringen/premies mogelijk?? \n Antwoord of Actie: Neen, cumulatie met een uitkering in het kader van de werkloosheidsverzekering, ziekte- of invaliditeitsverzekering of met een aanvullende vergoeding in het kader van het stelsel voor werkloosheid met bedrijfstoeslag (het vroegere conventioneel brugpensioen) is niet mogelijk. De transitiepremie mag niet gecumuleerd worden met subsidies of premies voor beginnende zelfstandigen toegekend door andere gewestoverheden dan de Vlaamse overheid. \n\n Vraag aan de VDAB consulent: Kan je meeredere keren een transitiepremie aanvragen?? \n Antwoord of Actie: Ja dit is mogelijk, maar een nieuwe transitiepremie aanvragen kan pas na een periode van 6 jaar na de laatste uitbetaling van de eerdere transitiepremie. \n\n Vraag aan de VDAB consulent: Wat is niet mogelijk tijdens de transitiepremie?? \n Antwoord of Actie: Gedurende de volledige periode van toekenning van de transitiepremie mag de klant geen diensten verrichten als zelfstandige ten voordele van of in opdracht van de laatste werkgever bij wie de klant in dienst was of van de groep waartoe de werkgever behoort. \n\n Vraag aan de VDAB consulent: Heeft de klant een inschrijvingsbewijs/chronologisch overzicht nodig voor de aanvraag?? \n Antwoord of Actie: Ja.  Procedure Servicelijn Bezorg de klant een inschrijvingsbewijs/chronologisch overzicht via het kanaal van zijn keuze (mail/post). \n\n Vraag aan de VDAB consulent: Wat bij vragen?? \n Antwoord of Actie: Meer info is terug te vinden op  https://www.vlaanderen.be/transitiepremie . Werkzoekenden/ondernemers met concrete vragen kunnen deze ook via e-mail stellen aan het DWSE via  transitiepremie@vlaanderen.be \n\n Categorie: Servicelijn \n\n Domein: zelfstandigen \n\n Tags: ondernemerschap \n\n Url: https://intranet-rel1ldv.ops.vdab.be/faq/servicelijn/transitiepremie \n\n Type: intranet", "document_translation": "Transition premium \n\n Short content for SL mediators about the transition premium. \n\n Question for the VDAB counselor: What is the transition premium?? \n Answer or Action: A monthly premium for starting entrepreneurs to facilitate the transition between unemployment benefit and self-employment. \n\n Question for the VDAB counselor: How much is the transition premium? The transition premium is a? \n Answer or Action: monthly gross premium that is granted for a maximum of 2 years. The concrete amounts can be found on the website Vlaanderen.be . \n\n Question for the VDAB counselor: Who is eligible for the transition premium?? \n Answer or Action: The jobseeker who simultaneously meets the following conditions: Maximum 3 months before the application have started as a self-employed person in main occupation: Being affiliated with a social insurance fund. Have a company number. Self-employed in your main occupation as long as you receive the transition premium.  Have successfully completed a preparatory prestarter process up to 6 months before the start as a self-employed person in main occupation. Be registered with VDAB as a non-working jobseeker the day before starting as a self-employed person in main occupation as a benefit recipient as a benefit recipient who is completely unemployed (RVA benefit) as a beneficiary of social integration, enjoy a living wage as a beneficiary of social assistance, receive financial support if recognized disabled person have received permission from the advising doctor of your health insurance fund to resume work as a beneficiary of the bridging right for the self-employed, the financial benefit enjoyed by non-working jobseekers without benefits. The company is located in the Flemish Region for as long as you receive the transition premium. \n\n Question for the VDAB counselor: What is a prestarter program?? \n Answer or Action: A process that focuses on the preparation of the start-up of your own company with the aim of learning how to draw up a business and financial plan, estimating the feasibility of the entrepreneurial idea.    -> More information about which prestarter trajectories there are can be found in the guideline: Flemish Transition Premium: premium to stimulate the transition of job seekers to entrepreneurship - Prestarters trajectories Background info Both the 'Make Work of your Business' trajectory for which VDAB collaborates with Syntra and the Lab trajectory of the activity cooperatives/Starterslabo are a recognized prestarter program. \n\n Question for the VDAB counselor: Where to apply for the transition premium?? \n Answer or Action: At WSE - Department of Work and Social Economy Ellipse building Boulevard du Roi Albert II 35 box 20 1030 Brussels Tel: 02 553 08 61 transitiepremie@vlaanderen.be https://www.vlaanderen.be/transitiepremie/transitiepremie-aanvragen \n\n Question for the VDAB counselor: When to apply for the transition premium?? \n Answer or Action: Within 3 months after you have started as a self-employed person in your main occupation. \n\n Question for the VDAB counselor: How to apply for the transition premium?? \n Answer or Action: The premium can only be applied for online via https://www.vlaanderen.be/transitiepremie/transitiepremie-aanvragen. When the starting entrepreneur receives unemployment benefit, he must have the Unemployment Certificate C63bis completed by: the employer, the social secretariat, VDAB, ACTIRIS, FOREM, or the Employment Office. If he chooses VDAB, he can contact his mediator or the reception of a VDAB office in his region. \n\n Question for the VDAB counselor: When will the entrepreneur receive the transition premium for the first time?? \n Answer or Action: The first premium shall be paid at the earliest at the end of the month following the application for the premium. \n\n Question for the VDAB counselor: Is cumulation with other benefits/contributions possible? No, it? \n Answer or Action: is not possible to cumulate it with unemployment insurance, sickness or invalidity insurance or with supplementary compensation under the unemployment scheme with company supplement (the former conventional early retirement pension). The transition premium may not be cumulated with subsidies or premiums for starting self-employed persons granted by regional authorities other than the Flemish government. \n\n Question for the VDAB counselor: Can you apply for a transition premium several times?? \n Answer or Action: Yes, this is possible, but you can only apply for a new transition premium after a period of 6 years after the last payment of the previous transition premium. \n\n Question for the VDAB counselor: What is not possible during the transition premium?? \n Answer or Action: During the entire period of granting the transition premium, the customer may not provide services as a self-employed person for the benefit of or on behalf of the last employer with whom the customer was employed or of the group to which the employer belongs. \n\n Question for the VDAB counselor: Does the customer need a registration certificate/chronological overview for the application?? \n Answer or Action: Yes.  Procedure Service line Provide the customer with a registration certificate/chronological overview via the channel of his choice (mail/post). \n\n Question for the VDAB counselor: What if you have any questions?? \n Answer or Action: More info can be found on https://www.vlaanderen.be/transitiepremie . Job seekers/entrepreneurs with specific questions can also ask them via e-mail to the DWSE via transitiepremie@vlaanderen.be \n\n Category: Service line \n\n Domain: self employed \n\n Tags: entrepreneurship \n\n Url: https://intranet-rel1ldv.ops.vdab.be/faq/servicelijn/transitiepremie \n\n Type: intranet"}