{"title": "Welke vacatures niet invoeren", "type": "intranet", "field_trefwoorden_name": ["vacatures", "stage", "stages", "vacature registreren", "werkgevers"], "domain_name": ["invoeren"], "category_name": "Servicelijn", "url": "https://intranet-rel1ldv.ops.vdab.be/faq/servicelijn/welke-vacatures-niet-invoeren", "content": [["Vacatures voor vrijwilligerswerk", "publicatie op vrijwilligerswerk.be . Hier staat ook nuttige informatie over vrijwilligerswerk.  Uitzondering  vrijwillige brandweer, zie Vacatures voor vrijwillige brandweer vrijwillige animator, zie Vacatures voor monitorenstatuut verenigingswerk,  Verenigingswerk Opgelet  Vacature voor defensie: vaak 'vrijwilliger' ipv 'militair'. Dit is algemeen aangenomen jargon en mag zo geplaatst worden.  Tip  Gebruik de standaardmail 'Geen echte vacature - vrijwilligerswerk' . "], ["Stagecontracten", "Procedure Servicelijn Verwijs de werkgever naar www.stages.be   Deze sites zijn meestal wel betalend.  Website van de eigen beroepsorganisatie.  Hogescholen en universiteiten uit de buurt.  Zij hebben misschien studenten die op zoek zijn naar een stageplaats  Gebruik de standaardmail 'Geen echte vacature - stage (niet voor VDAB)' .  De wg kan zich ook aanmelden als stagebedrijf bij VDAB ikv werkplekleren zie  Meld je als stagebedrijf"], ["Stagecontracten i.k.v. vrije beroepen", "Vb.:  Advocaat Architect Vastgoedmakelaar enz. Procedure Servicelijn  Verwijs de werkgever eventueel door naar  www.stages.be  Deze sites zijn meestal wel betalend.  Gebruik de standaardmail ' Geen echte vacature - stage (niet voor VDAB)   Stage voor advocaat  Procedure Servicelijn Verwijs de werkgever/stagiair naar Orde van Vlaamse Balies zij hebben een lijst van stageplaatsen ter beschikking) of naar de websites van de lokale balies.  Achtergrondinfo Een vacature bij VDAB bereikt niet de juiste kandidaten: Iedere beginnend advocaat moet 3 jaar stage volgen bij een advocaat die jarenlange beroepservaring heeft.  Tijdens die stage ontvangt de kandidaat stagiair een vergoeding en mag hij/zij zelfstandig alle zaken behandelen en is hij/zij verplicht als pro deo advocaat op te treden.  Dit is geen arbeidscontract, wel een stagecontract.  Op het einde moeten ze ook een examen afleggen. Dit is dus geen vacature!  BIV-stages in de vastgoedwereld  Procedure Servicelijn Verwijs de werkgever door naar de website van BIV Daar kan de wg zich kunnen aanmelden als 'stagemeester'. "], ["Au-pair", "Er is geen sprake van een arbeidsovereenkomst.  De au-pair krijgt enkel kost en inwoon."], ["Erotisch getinte vacatures", "Vb.: gezelschapsdame, erotische masseuse gewone masseuse kan wel De te verrichten arbeidsprestaties in strijd zijn met de openbare orde en goede zeden. "], ["Netwerk voor de verkoop", "Vacatures waarbij een netwerk uitbouwen belangrijker is dan de verkoop waarbij het aantrekken van vrienden en kennissen een doelstelling is.  zie  Piramideverkoop  "], ["Personeel/vennoot voor een bedrijf in oprichting (geen exact adres gekend)", "Hiervoor publiceren we geen vacatures zolang de gegevens onvolledig zijn vb.: locatie, ondernemingsnummer, bedrijfsgegevens, enz. "], ["Jobdagen", "We plaatsen enkel vacatures voor concrete openstaande functies. Jobdagen kunnen gemeld worden door de werkgever op  https://www.vdab.be/evenementen  Zie ook  kwaliteitsrichtlijnen voor werkgevers . "], ["Advertentie voor proefpersonen", "Advertenties voor proefpersonen voor proefonderzoeken/experimenten. "], ["Vastgoedaanbiedingen", "Advertenties waarbij werkgevers een handelsruimte willen verhuren. VDAB plaatst enkel echte vacatures waarbij een specifiek jobaanbod geldt, in loondienst of op zelfstandige basis.  Procedure Servicelijn  Leg uit waarom we de vastgoedaanbieding niet kunnen publiceren in onze vacature-databank.  Verwijs naar de  kwaliteitsrichtlijnen   zie  standaardmail 'Geen echte vacature - vastgoed'"]], "link_ankers": [["https://intranet-rel1ldv.ops.vdab.be/faq/servicelijn/vacatures-voor-jobstudenten", "Vacatures voor monitorenstatuut"], ["https://intranet-rel1ldv.ops.vdab.be/faq/servicelijn/externe-standaardmails-kwaliteitsrichtlijn", "'Geen echte vacature - vrijwilligerswerk'"], ["https://intranet-rel1ldv.ops.vdab.be/faq/servicelijn/samenwerking-met-de-werkgever", "Verenigingswerk"], ["https://intranet-rel1ldv.ops.vdab.be/faq/servicelijn/2-specifieke-vacaturebehandeling", "Vacatures voor vrijwillige brandweer"], ["https://intranet-rel1ldv.ops.vdab.be/faq/servicelijn/kwaliteitsrichtlijnen-voor-werkgevers", "kwaliteitsrichtlijnen voor werkgevers"], ["https://intranet-rel1ldv.ops.vdab.be/faq/servicelijn/stages-terugvinden-en-melden-als-stagebedrijf", "Meld je als stagebedrijf"], ["https://intranet-rel1ldv.ops.vdab.be/faq/servicelijn/piramideverkoop", "Piramideverkoop"], ["https://intranet-rel1ldv.ops.vdab.be/faq/servicelijn/externe-standaardmails-kwaliteitsrichtlijn", " 'Geen echte vacature - vastgoed'"]], "title_translation": "Which jobs not to enter", "field_trefwoorden_name_translation": ["internships", "vacancies", "register vacancy", "internship", "employers"], "domain_name_translation": ["import"], "category_name_translation": "Service line", "content_translation": [["Volunteer", "publishing jobs on vrijwilligerswerk.be . Here is also useful information about volunteering.  Exception volunteer fire brigade, see Vacancies for volunteer fire brigade volunteer animator, see Vacancies for monitoring status association work, Association work Attention Vacancy for defense: often 'volunteer' instead of 'military'. This is widely accepted jargon and can be placed as such.  Tip: Use the standard email 'No real vacancy - volunteer work'."], ["Internship contracts", "Procedure Service line Refer the employer to www.stages.be These sites are usually paid.  Website of the own professional organization.  Colleges and universities nearby.  They may have students who are looking for an internship Use the standard email 'No real vacancy - internship (not for VDAB)'.  The wg can also register as an internship company at VDAB with workplace learning see Register as an internship company"], ["Internship contracts in connection with liberal professions", "E.g.: Lawyer Architect Real estate agent etc. Procedure Service line If necessary, refer the employer to www.stages.be These sites are usually paid.  Use the standard email 'No real vacancy - internship (not for VDAB) Internship for lawyer Procedure Service line Refer the employer/trainee to the Order of Flemish Bars, they have a list of internships available) or to the websites of the local bar associations.  Background information A vacancy at VDAB does not reach the right candidates: Every starting lawyer must follow a 3-year internship with a lawyer who has years of professional experience.  During this internship, the candidate trainee receives a fee and is allowed to handle all cases independently and is obliged to act as a pro bono lawyer.  This is not an employment contract, but an internship contract.  In the end, they also have to take an exam. This is not a vacancy!  IPI internships in the real estate world Procedure Service line Refer the employer to the BIV website There the WG can register as an 'internship master'."], ["Au-pair", "There is no question of an employment contract.  The au pair only receives room and board."], ["Erotically tinted vacancies", "E.g.: companion, erotic masseuse ordinary masseuse The work to be performed may be contrary to public order and morality."], ["Network for sales Vacancies where", "building a network is more important than sales where attracting friends and acquaintances is an objective.  see Pyramid sales"], ["Personnel/partner for a company in formation (no exact address known)", "We do not publish vacancies for this as long as the data is incomplete e.g.: location, company number, company details, etc."], ["Job days", "We only post vacancies for specific open positions. Job days can be reported by the employer on https://www.vdab.be/evenementen See also quality guidelines for employers."], ["Advertisement for test subjects", "Advertisements for test subjects for pilot studies/experiments."], ["Real estate offers", "Advertisements where employers want to rent out a commercial space. VDAB only posts real vacancies where a specific job offer applies, whether employed or self-employed.  Procedure Service line Explain why we cannot publish the real estate offer in our vacancy database.  Refer to the quality guidelines see standard email 'No real vacancy - real estate'"]], "document": "Welke vacatures niet invoeren \n\n Vraag aan de VDAB consulent: Vacatures voor vrijwilligerswerk? \n Antwoord of Actie: publicatie op vrijwilligerswerk.be . Hier staat ook nuttige informatie over vrijwilligerswerk.  Uitzondering  vrijwillige brandweer, zie Vacatures voor vrijwillige brandweer vrijwillige animator, zie Vacatures voor monitorenstatuut verenigingswerk,  Verenigingswerk Opgelet  Vacature voor defensie: vaak 'vrijwilliger' ipv 'militair'. Dit is algemeen aangenomen jargon en mag zo geplaatst worden.  Tip  Gebruik de standaardmail 'Geen echte vacature - vrijwilligerswerk' .  \n\n Vraag aan de VDAB consulent: Stagecontracten? \n Antwoord of Actie: Procedure Servicelijn Verwijs de werkgever naar www.stages.be   Deze sites zijn meestal wel betalend.  Website van de eigen beroepsorganisatie.  Hogescholen en universiteiten uit de buurt.  Zij hebben misschien studenten die op zoek zijn naar een stageplaats  Gebruik de standaardmail 'Geen echte vacature - stage (niet voor VDAB)' .  De wg kan zich ook aanmelden als stagebedrijf bij VDAB ikv werkplekleren zie  Meld je als stagebedrijf \n\n Vraag aan de VDAB consulent: Stagecontracten i.k.v. vrije beroepen? \n Antwoord of Actie: Vb.:  Advocaat Architect Vastgoedmakelaar enz. Procedure Servicelijn  Verwijs de werkgever eventueel door naar  www.stages.be  Deze sites zijn meestal wel betalend.  Gebruik de standaardmail ' Geen echte vacature - stage (niet voor VDAB)   Stage voor advocaat  Procedure Servicelijn Verwijs de werkgever/stagiair naar Orde van Vlaamse Balies zij hebben een lijst van stageplaatsen ter beschikking) of naar de websites van de lokale balies.  Achtergrondinfo Een vacature bij VDAB bereikt niet de juiste kandidaten: Iedere beginnend advocaat moet 3 jaar stage volgen bij een advocaat die jarenlange beroepservaring heeft.  Tijdens die stage ontvangt de kandidaat stagiair een vergoeding en mag hij/zij zelfstandig alle zaken behandelen en is hij/zij verplicht als pro deo advocaat op te treden.  Dit is geen arbeidscontract, wel een stagecontract.  Op het einde moeten ze ook een examen afleggen. Dit is dus geen vacature!  BIV-stages in de vastgoedwereld  Procedure Servicelijn Verwijs de werkgever door naar de website van BIV Daar kan de wg zich kunnen aanmelden als 'stagemeester'.  \n\n Vraag aan de VDAB consulent: Au-pair? \n Antwoord of Actie: Er is geen sprake van een arbeidsovereenkomst.  De au-pair krijgt enkel kost en inwoon. \n\n Vraag aan de VDAB consulent: Erotisch getinte vacatures? \n Antwoord of Actie: Vb.: gezelschapsdame, erotische masseuse gewone masseuse kan wel De te verrichten arbeidsprestaties in strijd zijn met de openbare orde en goede zeden.  \n\n Vraag aan de VDAB consulent: Netwerk voor de verkoop? \n Antwoord of Actie: Vacatures waarbij een netwerk uitbouwen belangrijker is dan de verkoop waarbij het aantrekken van vrienden en kennissen een doelstelling is.  zie  Piramideverkoop   \n\n Vraag aan de VDAB consulent: Personeel/vennoot voor een bedrijf in oprichting (geen exact adres gekend)? \n Antwoord of Actie: Hiervoor publiceren we geen vacatures zolang de gegevens onvolledig zijn vb.: locatie, ondernemingsnummer, bedrijfsgegevens, enz.  \n\n Vraag aan de VDAB consulent: Jobdagen? \n Antwoord of Actie: We plaatsen enkel vacatures voor concrete openstaande functies. Jobdagen kunnen gemeld worden door de werkgever op  https://www.vdab.be/evenementen  Zie ook  kwaliteitsrichtlijnen voor werkgevers .  \n\n Vraag aan de VDAB consulent: Advertentie voor proefpersonen? \n Antwoord of Actie: Advertenties voor proefpersonen voor proefonderzoeken/experimenten.  \n\n Vraag aan de VDAB consulent: Vastgoedaanbiedingen? \n Antwoord of Actie: Advertenties waarbij werkgevers een handelsruimte willen verhuren. VDAB plaatst enkel echte vacatures waarbij een specifiek jobaanbod geldt, in loondienst of op zelfstandige basis.  Procedure Servicelijn  Leg uit waarom we de vastgoedaanbieding niet kunnen publiceren in onze vacature-databank.  Verwijs naar de  kwaliteitsrichtlijnen   zie  standaardmail 'Geen echte vacature - vastgoed' \n\n Categorie: Servicelijn \n\n Domein: invoeren \n\n Tags: vacatures, stage, stages, vacature registreren, werkgevers \n\n Url: https://intranet-rel1ldv.ops.vdab.be/faq/servicelijn/welke-vacatures-niet-invoeren \n\n Volgende paginas: Vacatures voor monitorenstatuut, via https://intranet-rel1ldv.ops.vdab.be/faq/servicelijn/vacatures-voor-jobstudenten - 'Geen echte vacature - vrijwilligerswerk', via https://intranet-rel1ldv.ops.vdab.be/faq/servicelijn/externe-standaardmails-kwaliteitsrichtlijn - Verenigingswerk, via https://intranet-rel1ldv.ops.vdab.be/faq/servicelijn/samenwerking-met-de-werkgever - Vacatures voor vrijwillige brandweer, via https://intranet-rel1ldv.ops.vdab.be/faq/servicelijn/2-specifieke-vacaturebehandeling - kwaliteitsrichtlijnen voor werkgevers, via https://intranet-rel1ldv.ops.vdab.be/faq/servicelijn/kwaliteitsrichtlijnen-voor-werkgevers - Meld je als stagebedrijf, via https://intranet-rel1ldv.ops.vdab.be/faq/servicelijn/stages-terugvinden-en-melden-als-stagebedrijf - Piramideverkoop, via https://intranet-rel1ldv.ops.vdab.be/faq/servicelijn/piramideverkoop -  'Geen echte vacature - vastgoed', via https://intranet-rel1ldv.ops.vdab.be/faq/servicelijn/externe-standaardmails-kwaliteitsrichtlijn \n\n Type: intranet", "document_translation": "Which jobs not to enter \n\n Question for the VDAB counselor: Volunteer? \n Answer or Action: publishing jobs on vrijwilligerswerk.be . Here is also useful information about volunteering.  Exception volunteer fire brigade, see Vacancies for volunteer fire brigade volunteer animator, see Vacancies for monitoring status association work, Association work Attention Vacancy for defense: often 'volunteer' instead of 'military'. This is widely accepted jargon and can be placed as such.  Tip: Use the standard email 'No real vacancy - volunteer work'. \n\n Question for the VDAB counselor: Internship contracts? \n Answer or Action: Procedure Service line Refer the employer to www.stages.be These sites are usually paid.  Website of the own professional organization.  Colleges and universities nearby.  They may have students who are looking for an internship Use the standard email 'No real vacancy - internship (not for VDAB)'.  The wg can also register as an internship company at VDAB with workplace learning see Register as an internship company \n\n Question for the VDAB counselor: Internship contracts in connection with liberal professions? \n Answer or Action: E.g.: Lawyer Architect Real estate agent etc. Procedure Service line If necessary, refer the employer to www.stages.be These sites are usually paid.  Use the standard email 'No real vacancy - internship (not for VDAB) Internship for lawyer Procedure Service line Refer the employer/trainee to the Order of Flemish Bars, they have a list of internships available) or to the websites of the local bar associations.  Background information A vacancy at VDAB does not reach the right candidates: Every starting lawyer must follow a 3-year internship with a lawyer who has years of professional experience.  During this internship, the candidate trainee receives a fee and is allowed to handle all cases independently and is obliged to act as a pro bono lawyer.  This is not an employment contract, but an internship contract.  In the end, they also have to take an exam. This is not a vacancy!  IPI internships in the real estate world Procedure Service line Refer the employer to the BIV website There the WG can register as an 'internship master'. \n\n Question for the VDAB counselor: Au-pair? \n Answer or Action: There is no question of an employment contract.  The au pair only receives room and board. \n\n Question for the VDAB counselor: Erotically tinted vacancies? \n Answer or Action: E.g.: companion, erotic masseuse ordinary masseuse The work to be performed may be contrary to public order and morality. \n\n Question for the VDAB counselor: Network for sales Vacancies where? \n Answer or Action: building a network is more important than sales where attracting friends and acquaintances is an objective.  see Pyramid sales \n\n Question for the VDAB counselor: Personnel/partner for a company in formation (no exact address known)? \n Answer or Action: We do not publish vacancies for this as long as the data is incomplete e.g.: location, company number, company details, etc. \n\n Question for the VDAB counselor: Job days? \n Answer or Action: We only post vacancies for specific open positions. Job days can be reported by the employer on https://www.vdab.be/evenementen See also quality guidelines for employers. \n\n Question for the VDAB counselor: Advertisement for test subjects? \n Answer or Action: Advertisements for test subjects for pilot studies/experiments. \n\n Question for the VDAB counselor: Real estate offers? \n Answer or Action: Advertisements where employers want to rent out a commercial space. VDAB only posts real vacancies where a specific job offer applies, whether employed or self-employed.  Procedure Service line Explain why we cannot publish the real estate offer in our vacancy database.  Refer to the quality guidelines see standard email 'No real vacancy - real estate' \n\n Category: Service line \n\n Domain: import \n\n Tags: internships, vacancies, register vacancy, internship, employers \n\n Url: https://intranet-rel1ldv.ops.vdab.be/faq/servicelijn/welke-vacatures-niet-invoeren \n\n Next pages: Vacatures voor monitorenstatuut, via https://intranet-rel1ldv.ops.vdab.be/faq/servicelijn/vacatures-voor-jobstudenten - 'Geen echte vacature - vrijwilligerswerk', via https://intranet-rel1ldv.ops.vdab.be/faq/servicelijn/externe-standaardmails-kwaliteitsrichtlijn - Verenigingswerk, via https://intranet-rel1ldv.ops.vdab.be/faq/servicelijn/samenwerking-met-de-werkgever - Vacatures voor vrijwillige brandweer, via https://intranet-rel1ldv.ops.vdab.be/faq/servicelijn/2-specifieke-vacaturebehandeling - kwaliteitsrichtlijnen voor werkgevers, via https://intranet-rel1ldv.ops.vdab.be/faq/servicelijn/kwaliteitsrichtlijnen-voor-werkgevers - Meld je als stagebedrijf, via https://intranet-rel1ldv.ops.vdab.be/faq/servicelijn/stages-terugvinden-en-melden-als-stagebedrijf - Piramideverkoop, via https://intranet-rel1ldv.ops.vdab.be/faq/servicelijn/piramideverkoop -  'Geen echte vacature - vastgoed', via https://intranet-rel1ldv.ops.vdab.be/faq/servicelijn/externe-standaardmails-kwaliteitsrichtlijn \n\n Type: intranet"}