{"title": "Loopbaancheques: faq's", "type": "intranet", "domain_name": ["loopbaancheques"], "category_name": "Servicelijn", "field_faq_summary": "Document voor de Servicelijn met veel gestelde vragen (faq's) over de loopbaancheques (bestelling, betaling, ...)", "url": "https://intranet-rel1ldv.ops.vdab.be/faq/servicelijn/loopbaancheques-faqs", "content": [["Bereikbaarheid dienst loopbaancheques", "OPGELET: De dienst loopbaancheques is niet meer telefonisch te bereiken. Klanten kunnen mailen naar lb.cheque@vdab.be."], ["Mag een werkgever loopbaancheques betalen voor een werknemer?", "Ja. Een werkgever mag fungeren als derdebetaler in het systeem van loopbaancheques (*). Hij kan de loopbaancheques terugbetalen aan z'n werknemer, op voorwaarde dat hij zich aan onderstaande regels houdt en die ook duidelijk communiceert aan zijn werknemers.   Opgelet! De werkgever moet zich aan de volgende regels houden: Een werkgever of loopbaancentrum mag geen druk uitoefenen op werknemers om de loopbaancheque op te nemen. Een werknemer mag kiezen op welk moment hij zijn cheque aanvraagt en inwisselt. Een werknemer mag kiezen bij welk centrum hij zijn cheque inwisselt.   Een werknemer moet er zich van bewust zijn dat hij slechts recht heeft op twee loopbaancheques gedurende 6 jaar.  Als hij die inwisselt, kan hij pas over 6 jaar opnieuw een cheque aanvragen (te rekenen vanaf de start van de eerste begeleiding). Er mag geen uitwisseling zijn tussen de werkgever en het loopbaancentrum over de begeleiding of de inhoud van de begeleiding. In geen geval kan de loopbaancheque gebruikt worden om collectieve noch individuele acties van de werkgever voor zijn werknemers te financieren. Het principe dat dit een instrument is voor en door de burger moet bewaard en bewaakt blijven.  Procedure Servicelijn Vermoed je dat de werkgever cheques terugbetaalt, maar zich niet aan bovenstaande regels houdt: Overloop bovenstaande voorwaarden met de klant, zodat hij bv. weet dat hij na deze bestelling 6 jaar moet wachten vooraleer hij opnieuw kan bestellen. Bestel de cheques voor de klant. Stuur een mail naar  lb.cheque@vdab.be  en naar  gitte.smets@vdab.be , met daarin het IKL-nummer en de naam van de klant, naam en adres van het bedrijf en de reden waarom jij denkt dat er misbruik is.  Achtergrondinfo (*) De klant geeft in dat geval zijn overschrijvingsformulier door aan de werkgever, of regelt met hem een terugbetaling. VDAB zorgt niet voor aparte facturatie. "], ["Mag een werkgever een loopbaancheque aanbieden tijdens een outplacementproces?", "Ja. Omdat een werkgever de cheques mag aanbieden als derdebetaler. De loopbaancheque mag echter geen deel uitmaken van het outplacementaanbod of het vervangen. Dat houdt in: Als extra maatregel of aanvulling bovenop het outplacementaanbod kan een werkgever voorstellen het persoonlijk aandeel van een loopbaancheque terug te betalen aan zijn werknemers.  Er mag geen uitwisseling zijn tussen de werkgever en het loopbaancentrum over de begeleiding of de inhoud van de begeleiding. Voor de start van het outplacement kan een klant al loopbaanbegeleiding starten.  Immers, een herstructurering komt nooit uit de lucht vallen.  Proactief kan een burger op eigen initiatief een loopbaancheque aanvragen en inwisselen om een vorm van begeleiding te zoeken.  Een werkgever mag als derdebetaler fungeren. Procedure Servicelijn Voor meer informatie verwijs je de klant best naar een Sociaal Interventieadviseurs (SIA's) van VDAB. -> zie document: Outplacement: algemene info -  Hoe doorverwijzen naar een Sociaal interventieadviseur?"], ["Mag een werknemer loopbaancheques bestellen in het kader van een therapie?", "Ja. Een therapeut zoekt soms ondersteuning bij een loopbaanbegeleider om ongenoegens, die voortvloeien uit werkaspecten, via die weg aan te pakken. De werknemer mag dan in het kader van deze therapie loopbaancheques bestellen voor het volgen van loopbaanbegeleiding, mits: hij voldoet aan alle voorwaarden. de loopbaancheque moet wel specifiek voor loopbaanbegeleiding gebruikt worden.  het mag zeker niet de bedoeling zijn om therapie uren te bekostigen met de loopbaancheque."], ["Mag een loopbaanbegeleiding starten alvorens de cheques zijn afgeleverd?", "In principe niet. Het centrum mag in principe geen begeleiding starten zonder ontvangst van de cheque en doet dit op eigen risico!  Indien de loopbaangeleiding gestart wordt voordat de klant de loopbaancheque ontvangen heeft en de klant blijkt geen recht te hebben, dan vervalt de overeenkomst. Het gemandateerde loopbaancentrum zal voor de reeds gepresteerde uren dan ook geen vergoeding kunnen ontvangen. Als een loopbaanbegeleidingscentrum een loopbaanbegeleiding opstart zonder dat zij loopbaancheques ontvangen hebben, doen ze dit op eigen risico. "], ["Ik ben reeds gestart met mijn loopbaanbegeleiding, kan ik nog cheques bestellen?", "Een klant kan nog loopbaancheques bestellen als de begeleiding reeds gestart is. Belangrijk is dat de klant aan de voorwaarden voldoet. Blijkt dit niet het geval te zijn, dan zal de overeenkomst tussen de klant en het loopbaanbegeleidingscentrum vervallen.  In het ideale scenario bestelt de klant zijn loopbaancheques na het kennismakingsgesprek en voor het eerste begeleidingsgesprek. "], ["Wat bij vermoeden van misbruik?", "Procedure Servicelijn Vermoed je dat een werkgever een van de voorwaarden niet naleeft, stuur je vermoeden dan door naar lb.cheque@vdab.be en naar gitte.smets@vdab.be. "], ["Hoe kan ik mijn bestelling annuleren?", "Ga naar je account > loopbaancheques > overzicht bestelling > status - klik op 'annuleer aanvraag' Als dat niet meer gaat, kan je de klant meegeven dat de bestelling automatisch geannuleerd wordt als hij niet betaalt. Achtergrondinfo Achter de schermen blijft de bestelling 3 weken openstaan. Aan de klant wordt gevraagd binnen de 14 dagen te betalen. Klanten kunnen nog tot max 3 dagen na het overschrijden van de termijn van 14 dagen betalen, dit om rekening te houden met tijd die de communicatieoverdracht tussen Edenred en de klant en de klant en z'n bank in beslag neemt. Na 3 weken wordt de bestelling in geval van niet ontvangen van de betaling geannuleerd.  Pas als de bestelling na 3 weken wordt afgesloten is een nieuwe bestelling na annulatie mogelijk."], ["Aan het werk zonder dimonagegevens in het dossier", "Werknemers zonder dimonagegevens in het dossier krijgen een bericht dat ze niet in aanmerking komen voor het gebruik van loopbaancheques. De klant dient deze dienst te contacteren (liefst met bewijsstukken van effectieve tewerkstelling). Procedure Servicelijn Plaats de bestelling van de cheque Informeer de klant over het bericht dat hij niet in aanmerking komt Je kunt de case alvast op mail zetten naar lb.cheque@vdab.be zodat de collega's van de dienst loopbaancheques het nodige kunnen doen"], ["Cheque ontvangen maar werkloos voor de start van de begeleiding", "Bij de bestelling van de cheque moet je aan de voorwaarden voldoen. Eens je de cheque in je bezit hebt, is er geen controle meer of je werkend of werkzoekend bent. De cheque blijft dus gewoon 3 maanden gelden, ongeacht wat er ondertussen gebeurt en je kan binnen deze termijn de loopbaanbegeleiding starten. Als werkzoekende zal het niet mogelijk zijn een bijkomende loopbaancheque te bestellen voor de resterende 3 uur. "], ["Kan ik extra uren krijgen?", "Nee."], ["Mijn betalingstermijn is voorbij, kan ik nog betalen?", "Status bestelling is 'Aangevraagd' (AV) Nog even afwachten, er werden nog geen betalingsgegevens verstuurd. Status bestelling is 'Cheque besteld bij uitgever' Ja, de klant kan nog betalen als de betaaltermijn met max 3 dagen overschreden is. Betaalt de klant na deze termijn, dan zal Edenred de betaling terugstorten en wordt de betaling geannuleerd. Pas na annulatie zal een nieuwe bestelling mogelijk zijn. Status bestelling is 'Geannuleerd' (AN) Nee, als de bestelling geannuleerd ('AN') is, moet de klant opnieuw bestellen. Status bestelling is 'Annulatie in aanvraag bij uitgever' Nee,  deze status blijft normaal gezien 1 dag actief, daarna verandert de status naar 'Geannuleerd' en kan de klant opnieuw bestellen.    -> Een overzicht van alle statussen, vind je in het document: ' Detail bestelling: welke zijn de mogelijke statussen? ' Achtergrondinfo -  De status van de bestelling checken, doe je in MLB > loopbaancheques > detail  - Na het ontvangen van het overschrijvingsformulier, heeft de klant 14 dagen de tijd om te betalen. Interne informatie: in werkelijkheid blijft de betalingstermijn achter de schermen 3 weken openstaan, dit is meteen ook de reden waarom een nieuwe bestelling na annulatie pas mogelijk zal zijn 3 weken na de vorige bestelling. -  Als de klant alsnog betaalt wanneer de bestelling op 'AN' staat, wordt het bedrag door Edenred automatisch teruggestort."], ["Ik heb een verkeerd bedrag gestort", "Als je te veel of te weinig overschreef, stort Edenred het gestorte bedrag automatisch en volledig terug en annuleert je bestelling. Je kan de betalingsgegevens niet meer gebruiken en moet een nieuwe bestelling plaatsen voor de loopbaancheque."], ["Is er korting mogelijk voor bepaalde doelgroepen?", "Neen, korting is niet mogelijk.  Derdebetaler systeem Het is wel mogelijk dat 'een derde partij' de eigen bijdragen van 40 euro per loopbaancheque betaalt, in de plaats van de aanvrager.  Het is voldoende dat de aanvrager de vraag tot overschrijving overmaakt aan de derde, zodat deze kan betalen. De aanvrager dient wel te voldoen aan de voorwaarden om recht te hebben op een cheque. Voorbeelden van een derde betaler zijn de werkgever, het OCMW, de vakbond, ... maar niet de overheid."], ["Ik ontving een bericht dat ik niet in aanmerking kom", "Indien niet akkoord, je denkt toch recht te hebben op de loopbaancheques, moet je contact nemen met de dienst loopbaancheques via lb.cheque@vdab.be. Achtergrondinfo dit staat ook vermeld in het bericht dat Edenred stuurt aan klanten die een bestelling plaatsten maar er volgens de automatische controlesystemen geen recht op hebben."], ["Derde vraagt betalingsgegevens op, mag ik deze meegeven?", "Ja. Je mag de betalingsgegevens uit het dossier aan een derde meegeven. Dit mag zowel via mail als via telefoon.  Bv. Eva vraagt de betalingsgegevens op voor de reeds bestelde loopbaancheque van haar echtgenoot. Let op:  geef geen andere informatie uit het dossier mee aan de derde, het dossier is nog altijd beschermd door de privacy-wet. Een bestelling op vraag van een derde kan hierom ook niet."], ["Ik heb mijn betaalde cheques niet ontvangen", "Edenred verstuurt de cheque onmiddellijk na betaling. Omdat er soms al eens iets fout kan gaan bij de verzending of er een vertraging kan optreden, hanteert Edenred een verzendingstermijn van 14 dagen na betaling.  Om te weten welke actie je best onderneemt, check je de status van de bestelling in je account.  Procedure Servicelijn Status Beschikbaar: de cheque is verstuurd door Edenred. Klant met e-mailadres: Raad de klant aan om z'n junkmail of spam te checken. Geef de info mee over het aanvragen van een duplicaat .  Klant zonder e-mailadres: Raad de klant aan de verzendingstermijn van 14 dagen af te wachten. Geef alvast de info mee over het aanvragen van een duplicaat .   Status geannuleerd: de bestelling is geannuleerd en Edenred zal het betaalde bedrag terugstorten. De klant moet een nieuwe bestelling plaatsen. Achtergrondinfo: Voor een overzicht van de verschillende statussen, zie document ' Detail bestelling: welke zijn de mogelijke statussen '. "], ["Naar welk adres worden de betaalde loopbaancheques verstuurd?", "Wel e-mailadres De digitale cheque stuurt Edenred naar het e-mailadres, zoals opgegeven in je dossier. Geen e-mailadres De papieren cheque stuurt Edenred naar het verblijfsadres, niet naar het domicilie-adres. Achtergrondinfo Bij het bestellen van de cheque, toont MLB het domicilie-adres. Dit is om de controle van de woonplaats te kunnen doen."], ["Loopbaancheque reeds besteld, klant meldt pas nadien wijziging in adres en/of e-mailadres", "Wanneer het post- of e-mailadres dezelfde dag van de bestelling nog wordt gewijzigd (de status staat nog op 'aangevraagd'), hoeft de klant zich geen zorgen te maken. De communicatie van Edenred wordt naar het gewijzigde post- of e-mailadres gestuurd. Procedure Servicelijn Pas het post- of e-mailadres aan in Mijn Loopbaan.  Stel de klant gerust. Achtergrondinfo Zolang de status van de bestelling op 'aangevraagd' staat, ligt het dossier nog onder de bevoegdheid van VDAB en is er nog geen gegevensoverdracht gebeurd naar Edenred   Gebeurt de wijziging echter een dag (of meer) na de bestelling (de status staat niet meer op 'aangevraagd'), dan moet de Dienst Loopbaancheques hiervan ingelicht worden zodat zij Edenred kunnen verwittigen.   Procedure Servicelijn Pas het post- of e-mailadres aan in Mijn Loopbaan. Stuur een mail naar lb.cheque@vdab.be met de titel 'wijziging adres/e-mail + IKL en een korte uitleg."], ["Is het mogelijk om loopbaanbegeleiding in een andere taal te volgen?", "Een loopbaancentrum mag loopbaanbegeleiding aanbieden in een andere taal, maar dan kan de klant daar, volgens de wet, geen loopbaancheque voor gebruiken.  In het Besluit van de Vlaamse Regering is als voorwaarde opgenomen dat het loopbaancentrum de begeleiding in het Nederlands moet aanbieden. Dat belet uiteraard niet dat een klant zich in het gesprek in een andere taal uitdrukt. Het centum moet zich er wel aan houden om de klant in het Nederlands te begeleiden en het lesmateriaal in het Nederlands aan te bieden. "], ["Wat indien je de melding \"e-mailadres is al gekend in ons systeem\" krijgt?", "Wanneer je als bemiddelaar het e-mailadres wil toevoegen van de klant en je krijgt een \"e-mailadres is al gekend in ons systeem\" melding, dan mag je dat e-mailadres in het dossier van de niet rechtmatige eigenaar verwijderen. Probeer goed door te vragen of de beller wel degelijk eigenaar is van het e-mailadres (check bv of de naam van de burger en naam in het e-mailadres overeen komen). Procedure Servicelijn Inbound 1. Zoek alle (andere) dossiers op waarin het e-mailadres voorkomt. 2. Behoud het e-mailadres enkel in het dossier van burger X (die het probleem meldt), als deze een dossier heeft.  3. Kijk na of burger Y staat ingeschreven als NWWZ. Deelprocedure indien burger Y ingeschreven is als NWWZ - Neem na je gesprek met burger X onmiddellijk contact op met burger Y  - Kan je de klant (na 1 belpoging) bereiken? Verduidelijk de situatie en vraag welk e-mailadres we kunnen toevoegen in zijn dossier. - Kan je de klant (na 1 belpoging) niet bereiken? Is er een antwoordapparaat? Laat dan volgende boodschap achter: \"Goeie ..., met VDAB-Servicelijn. We hebben gemerkt dat er in jouw dossier een foutief e-mailadres stond en we hebben dit verwijderd. Kan je ons contacteren op het gratis nummer 0800 30 700, om uw dossier in orde te brengen?\" Verwijder het e-mailadres uit het dossier en kies voor de optie 'aanpassing van contactgegevens nodig, zonder dat klant kan/moet bereikt worden'. Noteer in een notitie welke actie je ondernam en geef aan dat de gegevens best bevraagd worden bij het eerstvolgende contact. Deelprocedure indien burger Y niet is ingeschreven als NWWZ - Verwijder het e-mailadres uit het dossier en kies voor de optie 'aanpassing van contactgegevens nodig, zonder dat klant kan/moet bereikt worden'. Noteer in een notitie welke actie je ondernam.   Achtergrondinformatie Je kan deze reden ook toevoegen wanneer je een aanpassing van de contactgegevens dient te doen in een dossier zonder e-mailadres (op een moment dat de klant onbereikbaar is). Voorbeelden: - aanpassing / verwijdering van verblijfsadres bij retourpost - verwijderen van gsmnr dat ook in een ander dossier staat en duidelijk door deze klant gebruikt wordt. Indien klant NWWZ is, wel eerst proberen te bereiken."], ["Kan ik een duplicaat van mijn loopbaancheque krijgen?", "Ja. Een duplicaat kan op eenvoudig verzoek bij de dienst loopbaancheques. Procedure Servicelijn: Stuur een mail met de vraag en contactgegevens aan lb.cheque@vdab.be of geef dit e-mailadres mee aan de klant. "], ["Waar vind ik een loopbaancentrum dat de loopbaancheque aanvaardt?", "Enkel daartoe gemandateerde loopbaancentra aanvaarden loopbaancheques. Een  lijst met overzicht  van de gemandateerde loopbaancentra is terug te vinden op de website: vdab.be > opleidingen > opleidingspremies > loopbaancheques > alles over loopbaanbegeleiding > welk loopbaancentrum past bij mij? Let op!  Deze lijst is geen definitieve lijst maar wordt stelselmatig aangevuld."], ["Moet ik beide cheques na elkaar en bij hetzelfde loopbaancentrum gebruiken?", "Neen. Dit is niet noodzakelijk maar het kan wel. De keuze is vrij. Je kan beide cheques na elkaar of los van elkaar gebruiken, met een korte of lange tijdsduur tussen en bij hetzelfde of bij een ander gemandateerd loopbaancentrum."], ["Als ik mijn cheque meermaals uitprint, kan ik deze dan ook meermaals gebruiken?", "Nee, elke cheque is uniek en kan daardoor slechts 1 maal verzilverd worden door het loopbaancentrum."], ["Ik heb een loopbaancheque gekocht maar kan hem toch niet gebruiken", "Betaalde cheques die niet binnen de geldigheidsduur van de cheque gebruikt zijn, zijn niet meer bruikbaar. Edenred stort het betaalde bedrag (40 euro) van niet gebruikte cheques automatisch terug. Procedure Servicelijn: - Leg de klant uit dat Edenred het bedrag automatisch terug op de rekening van de klant stort als de cheque niet binnen de voorziene termijn van drie maanden gebruikt werd.  - Het is niet mogelijk om het betaalde bedrag eerder terug te krijgen. Edenred noch de dienst loopbaancheques kan het bedrag terugstorten vooraleer de cheques vervallen zijn.  Achtergrondinfo Ongeveer 14 dagen na de vervaldatum van de cheques wordt het bedrag teruggestort aan de klant. Het niet gebruiken van een betaalde cheque heeft geen invloed op het recht tot twee pakketten cheques. Het niet-gebruikte pakket kan opnieuw worden besteld."], ["Kunnen buitenlandse werknemers cheques bestellen als ze geen rijksregisternummer hebben?", "Ja, zij kunnen dat doen met hun bisnummer (of kruispuntbanknummer). Buitenlanders die in Belgie werken, krijgen een identificatienummer bij de Kruispuntbank voor Sociale Zekerheid (een bisnummer). Om loopbaancheques aan te vragen, moet dat nummer opgenomen zijn in het dossier (het komt overeen met het rijksregisternummer).  Procedure Servicelijn: Geef de klant mee dat je het BIS-nummer nodig hebt om te bestellen.  ->  Als hij het zelf niet kent, kan hij het opvragen bij de gemeente (waar hij het nummer liet aanmaken) of bij zijn werkgever (die het nummer nodig heeft de RSZ aan te geven).  Achtergrondinfo: Grensarbeiders en migrerende werknemers uit de Europese Unie krijgen altijd een BIS-nummer om in orde te zijn met de Belgische Sociale Zekerheid. De werkgever gebruikt dit BIS-nummer om de tewerkstelling door te geven. "], ["Mijn loopbaanbegeleiding is stopgezet. Kan ik nog nieuwe loopbaancheques bestellen?", "Eens een loopbaanbegeleiding is opgestart en betaald werd met de loopbaancheque, worden deze uren beschouwd als opgebruikte uren. Bij stopzetting van de loopbaanbegeleiding tijdens het eerste pakket, worden de niet gebruikte uren loopbaanbegeleiding berekend als opgebruikte uren. Als je nog steeds aan de voorwaarden van de bestelling voldoet, is het mogelijk een tweede pakket te bestellen voor de bijkomende 3 uur. Bij stopzetting van de loopbaanbegeleiding tijdens het tweede pakket, is geen bijkomende bestelling meer mogelijk."], ["Wat als de loopbaancheque vervallen is?", "Wanneer een loopbaancheque niet voor de geldigheidsdatum (binnen de 3 maanden) opgebruikt is, stort Edenred automatisch het geld terug. Komt de klant nadien nog steeds in aanmerking voor loopbaanbegeleiding, kan hij een nieuwe loopbaancheque aanvragen (met bijhorende geldigheidstermijn van 3 maanden).   Gaat het om een eerste bestelling, dan kan de klant nadien nog steeds gebruik maken van beide loopbaancheques."], ["Wat bij verlies van de loopbaancheque?", "Bij verlies van de loopbaancheque kan de klant een duplicaat aanvragen via lb.cheque@vdab.be ."], ["Is een loopbaancheque fiscaal aftrekbaar?", "Nee, d e loopbaancheque is niet aftrekbaar van de belastingen."], ["Ik ben de betalingsgegevens kwijt, wat nu?", "Als een klant de mail met betalingsgegevens verloor,  kan hij in z'n account op de link 'loopbaancheque' klikken: bij 'detail' kan hij het rekeningnummer van Edenred terugvinden  en het nummer van zijn cheque.  Zo kan hij alsnog de betaling uitvoeren. Hij kan ook steeds contact opnemen met de de dienst loopbaancheques via lb.cheque@vdab.be. Procedure Servicelijn Zoek de betalingsgegevens van de klant op en geef ze mee of verwijs de klant door naar z'n account om de gegevens op te zoeken. "], ["Mijn loopbaancoach stopt met zijn activiteit, wat nu?", "Een gestarte loopbaancheque moet opgenomen worden bij eenzelfde centrum. Indien een loopbaancoach tijdens de begeleiding \"uitvalt\", is het de verantwoordelijkheid van het loopbaancentrum om een andere coach voor jou te voorzien. Het is de plicht van het centrum om ervoor te waken dat de begeleiding op een kwaliteitsvolle manier blijft gebeuren en deze overdracht correct gebeurt, zodat jij als klant zeker een volwaardige begeleiding ontvangt."], ["Mag ik tijdens de loopbaanbegeleiding van Loopbaancentrum veranderen?", "Ja. De klant is niet verplicht om beide loopbaancheques bij hetzelfde loopbaancentrum te verzilveren. Na het gebruik van de eerste loopbaancheque kan de klant er voor opteren om van loopbaancentrum te veranderen. Opgelet! Binnen de begeleiding van 1 cheque kan je niet van loopbcentrum veranderen. De volledige 4 of 3 uur begeleiding moeten bij hetzelfde centrum gevolgd worden. Beslist de klant om nadien een tweede cheque te bestellen, dan kan hij deze begeleiding volgen bij een ander gemandateerd centrum naar keuze."], ["Afbakening loopbaanbegeleiding versus andere dienstverleningen?", "De experten loopbaanbegeleiding maakten een overzichtsdocument op over de afbakening tussen loopbaanbegeleiding en andere dienstverleningen.  Het document vind je op vdab.be op de url voor loopbaancentra ( https://partners.vdab.be/gemandateerd.shtml ). Deze afbakening wordt door VDAB als referentie gebruikt: om na te gaan of de loopbaancentra hun dienstverlening m.b.t. loopbaanbegeleiding met loopbaancheques correct communiceren naar klanten (website, facebook, folders, ...) bij het bepalen of een loopbaancheque al dan niet oneigenlijk werd ingezet De afbakening omvat: Loopbaanbegeleiding versus Burn-out en Bore-out begeleiding Loopbaanbegeleiding versus Therapie Loopbaanbegeleiding versus Life-coaching Loopbaanbegeleiding versus Training en opleiding Loopbaanbegeleiding versus Ondernemerscoaching/business-consulting Loopbaanbegeleiding versus Outplacement Loopbaanbegeleiding versus Studieadvies en -begeleiding Loopbaanbegeleiding versus Eindeloopbaan-advies"]], "link_ankers": [["https://intranet-rel1ldv.ops.vdab.be/faq/servicelijn/loopbaancheques-algemeen", "Detail bestelling: welke zijn de mogelijke statussen?"], ["https://intranet-rel1ldv.ops.vdab.be/faq/servicelijn/loopbaancheques-algemeen", "Detail bestelling: welke zijn de mogelijke statussen"], ["https://intranet-rel1ldv.ops.vdab.be/faq/servicelijn/outplacement-algemene-informatie-en-de-taak-van-vdab", "Hoe doorverwijzen naar een Sociaal interventieadviseur?"], ["https://intranet-rel1ldv.ops.vdab.be/faq/servicelijn/loopbaancheques-algemeen", "Loopbaancheques: algemeen"], ["https://intranet-rel1ldv.ops.vdab.be/faq/servicelijn/loopbaancheques-informatie-voor-loopbaancentra", "Loopbaancheques: informatie voor loopbaancentra"], ["https://intranet-rel1ldv.ops.vdab.be/faq/servicelijn/loopbaancheques-algemeen", "'"], ["https://intranet-rel1ldv.ops.vdab.be/faq/servicelijn/loopbaanbegeleiding-voor-werkende-klanten-vdab-regisseur", "Loopbaanbegeleiding voor werknemers"], ["https://intranet-rel1ldv.ops.vdab.be/faq/servicelijn/loopbaancheques-doelgroep-en-gelijkgestelden", "Loopbaancheques: doelgroep en gelijkgestelden"]], "title_translation": "Career vouchers: FAQs", "domain_name_translation": ["career vouchers"], "category_name_translation": "Service line", "field_faq_summary_translation": "Document for the Service Line with frequently asked questions (FAQs) about the career vouchers (order, payment, ...)", "content_translation": [["Accessibility of the career vouchers service", "ATTENTION: The career vouchers service can no longer be reached by telephone. Customers can email lb.cheque@vdab.be."], ["Can an employer pay career vouchers for an employee?", "Yes. An employer may act as a third-party payer in the system of career vouchers (*). He can refund the career vouchers to his employee, provided that he adheres to the following rules and also communicates them clearly to his employees.   Attention! The employer must adhere to the following rules: An employer or career center may not pressure employees to take the career check. An employee gets to choose when to request and redeem their check. An employee may choose at which center to cash his check.   An employee should be aware that he is only entitled to two career vouchers for 6 years.  If he redeems it, he will only be able to apply for a cheque again in 6 years (counting from the start of the first guidance). There should be no exchange between the employer and the career centre about the guidance or the content of the guidance. Under no circumstances can the career cheque be used to finance collective or individual actions of the employer for its employees. The principle that this is an instrument for and by the citizen must be preserved and monitored.  Procedure Service line Do you suspect that the employer will refund cheques, but does not comply with the above rules: Go over the above conditions with the customer, so that he knows, for example, that he has to wait 6 years after this order before he can order again. Order the checks for the customer. Send an email to lb.cheque@vdab.be and to gitte.smets@vdab.be , containing the IKL number and the name of the customer, name and address of the company and the reason why you think there is abuse.  Background information (*) In that case, the customer passes on his transfer form to the employer, or arranges a refund with him. VDAB does not provide separate invoicing."], ["Can an employer offer a career check during an outplacement process?", "Yes. Because an employer may offer the checks as a third-party payer. However, the career cheque may not be part of the outplacement offer or replace it. This means: As an additional measure or supplement on top of the outplacement offer, an employer can propose to refund the personal share of a career check to its employees.  There should be no exchange between the employer and the career centre about the guidance or the content of the guidance. Before the start of the outplacement, a client can already start career guidance.  After all, restructuring never comes out of the blue.  Proactively, a citizen can apply for and exchange a career cheque on their own initiative to seek some form of guidance.  An employer may act as a third-party payer. Procedure Service line For more information, it is best to refer the customer to a Social Intervention Advisors (SIAs) of VDAB. -> see document: Outplacement: general info - How to refer to a Social Intervention Advisor?"], ["Can an employee order career vouchers as part of a therapy?", "Yes. A therapist sometimes seeks support from a career counselor to deal with dissatisfaction arising from work aspects. As part of this therapy, the employee may then order career vouchers for following career guidance, provided that: he meets all the conditions. The career cheque must be used specifically for career guidance.  It should certainly not be the intention to pay for therapy hours with the career cheque."], ["Can career guidance start before the cheques have been delivered?", "In principle, no. In principle, the centre may not start guidance without receipt of the cheque and does so at its own risk!  If the career guidance is started before the customer has received the career cheque and the customer appears to be not entitled, the agreement expires. The mandated career centre will therefore not be able to receive compensation for the hours already worked. If a career guidance centre starts career guidance without having received career vouchers, they do so at their own risk."], ["I have already started my career guidance, can I still order cheques?", "A customer can still order career vouchers if the guidance has already started. It is important that the customer meets the conditions. If this is not the case, the agreement between the customer and the career guidance centre will lapse.  In the ideal scenario, the customer orders his career vouchers after the introductory meeting and before the first counselling interview."], ["What if abuse is suspected?", "Procedure Service line If you suspect that an employer does not comply with one of the conditions, forward your suspicion to lb.cheque@vdab.be and to gitte.smets@vdab.be."], ["How can I cancel my order?", "Go to your account > career vouchers > overview order > status - click on 'cancel request' If that is no longer possible, you can inform the customer that the order will be automatically cancelled if he does not pay. Background information Behind the scenes, the order remains open for 3 weeks. The customer is asked to pay within 14 days. Customers can still pay up to a maximum of 3 days after exceeding the 14-day period, to take into account the time that the communication transfer between Edenred and the customer and the customer and his bank takes. After 3 weeks, the order will be cancelled in case of non-receipt of payment.  Only if the order is closed after 3 weeks is a new order after cancellation possible."], ["", "Employees without dimona data in the file will receive a message that they are not eligible for the use of career vouchers. The customer must contact this service (preferably with supporting documents of effective employment). Procedure Service line Place the order of the check Inform the customer about the message that he is not eligible You can already put the case on mail to lb.cheque@vdab.be so that the colleagues of the career vouchers service can do the necessary"], ["Cheque received but unemployed before the start of the guidance", "When ordering the cheque, you must meet the conditions. Once you have the check in your possession, there is no control over whether you are working or looking for a job. The cheque will therefore remain valid for 3 months, regardless of what happens in the meantime and you can start the career guidance within this period. As a job seeker, it will not be possible to order an additional career cheque for the remaining 3 hours."], ["Can I get extra hours?", "No."], ["My payment term is over, can I still pay?", "Order status is 'Requested' (GTC) Wait and see, no payment details have been sent yet. Order status is 'Cheque ordered from issuer' Yes, the customer can still pay if the payment term has been exceeded by max 3 days. If the customer pays after this period, Edenred will refund the payment and the payment will be cancelled. Only after cancellation will a new order be possible. Order status is 'Cancelled' (AN) No, if the order is cancelled ('AN'), the customer must order again. Order status is 'Cancellation in request from publisher' No, this status normally remains active for 1 day, after which the status changes to 'Cancelled' and the customer can order again.    -> An overview of all statuses can be found in the document: ' Order detail: what are the possible statuses? ' Background info - Checking the status of the order, you do in MLB > career checks > detail - After receiving the transfer form, the customer has 14 days to pay. Internal information: in reality, the payment term remains open behind the scenes for 3 weeks, this is also the reason why a new order after cancellation will only be possible 3 weeks after the previous order. - If the customer still pays when the order is on 'AN', the amount will be automatically refunded by Edenred."], ["I have deposited the wrong amount", "If you transferred too much or too little, Edenred will automatically and fully refund the deposited amount and cancel your order. You can no longer use the payment details and must place a new order for the career cheque."], ["Is there a discount for certain target groups?", "No, discount is not possible.  Third-party payer system It is possible that 'a third party' pays the personal contributions of 40 euros per career cheque, instead of the applicant.  It is sufficient for the applicant to transfer the request for transfer to the third party so that he can pay. The applicant must meet the conditions to be entitled to a cheque. Examples of a third-party payer are the employer, the CPAS, the trade union, ... But not the government."], ["I received a message that I am not eligible", "If you do not agree, you think you are entitled to the career vouchers, you must contact the career vouchers service via lb.cheque@vdab.be. Background information: this is also stated in the message that Edenred sends to customers who have placed an order but are not entitled to it according to the automatic control systems."], ["Third party requests payment details, can I provide them?", "Yes. You may give the payment details from the file to a third party. This can be done both by e-mail and by telephone.  E.g. Eva requests the payment details for her husband's already ordered career cheque. Please note: do not give other information from the file to the third party, the file is still protected by the privacy law. An order at the request of a third party is therefore not possible."], ["I have not received my paid cheques", "Edenred will send the cheque immediately after payment. Because sometimes something can go wrong with the shipment or a delay can occur, Edenred uses a shipping period of 14 days after payment.  To know which action to take, check the status of the order in your account.  Procedure Service line Status Available: the check was sent by Edenred. Customer with email address: Advise the customer to check their junk mail or spam. Provide the info about requesting a duplicate.  Customer without e-mail address: Advise the customer to wait for the 14-day shipping period. Give the information about requesting a duplicate.   Status cancelled: the order has been cancelled and Edenred will refund the amount paid. The customer must place a new order. Background info: For an overview of the different statuses, see document 'Order detail: what are the possible statuses'."], ["To which address are the paid career vouchers sent?", "E-mail address Edenred sends the digital check to the e-mail address specified in your file. No e-mail address Edenred sends the paper cheque to the residence address, not to the domicile address. Background information When ordering the check, MLB shows the domicile address. This is to be able to do the check of the place of residence."], ["Career voucher already ordered, customer only reports change in address and/or e-mail address", "afterwards If the postal or e-mail address is changed the same day of the order (the status is still set to 'requested'), the customer does not have to worry. Edenred's communication will be sent to the changed postal or e-mail address. Procedure Service Line Customize the postal or email address in My Career.  Reassure the customer. Background information As long as the status of the order is set to 'requested', the file is still under the authority of VDAB and no data transfer has yet been made to Edenred. However, if the change occurs one day (or more) after the order (the status is no longer 'requested'), the Career Vouchers Service must be informed so that they can notify Edenred.   Procedure Service Line Customize the postal or email address in My Career. Send an email to lb.cheque@vdab.be with the title 'change of address/e-mail + IKL and a short explanation."], ["Is it possible to follow career guidance in another language?", "A career centre may offer career guidance in another language, but then, according to the law, the client cannot use a career cheque for this.  The Decree of the Flemish Government stipulates that the career centre must offer guidance in Dutch. Of course, this does not prevent a customer from expressing himself in another language during the conversation. The center must adhere to guiding the customer in Dutch and offering the teaching material in Dutch."], ["What if you get the message \"e-mail address is already known in our system\"? If you want to add the e-mail address of the customer as an intermediary and you receive an \"e-mail address", "is already known in our system\" message, you may remove that e-mail address in the file of the non-rightful owner. Try to ask if the caller actually owns the e-mail address (e.g. check whether the name of the citizen and name in the e-mail address match). Inbound Service Line Procedure 1. Look up all (other) files in which the e-mail address appears. 2. Keep the e-mail address only in the file of citizen X (who reports the problem), if he has a file.  3. Check whether citizen Y is registered as a NWWZ. Partial procedure if citizen Y is registered as NWWZ - Contact citizen Y immediately after your conversation with citizen X - Can you reach the customer (after 1 call attempt)? Clarify the situation and ask what email address we can add in his file. - Can't reach the customer (after 1 call attempt)? Is there an answering machine? Then leave the following message: \"Good ..., with VDAB Service line. We noticed that there was an incorrect e-mail address in your file and we have removed it. Can you contact us on the free number 0800 30 700, to arrange your file?\" Remove the e-mail address from the file and choose the option 'adjustment of contact details necessary, without the customer being able / must be reached'. Write down in a note what action you took and indicate that the data should be questioned at the next contact. Partial procedure if citizen Y is not registered as NWWZ - Remove the e-mail address from the file and choose the option 'adjustment of contact details necessary, without the customer being able / necessary to be reached'. Write down in a note what action you took.   Background information You can also add this reason when you need to make an adjustment of the contact details in a file without an e-mail address (at a time when the customer is unreachable). Examples: - adjustment / removal of residence address at return mail - removal of mobile phone number that is also in another file and is clearly used by this customer. If customer is NWWZ, try to reach first."], ["Can I get a duplicate of my career check?", "Yes. A duplicate can be sent to the career vouchers department on simple request. Procedure Service line: Send an e-mail with the question and contact details to lb.cheque@vdab.be or give this e-mail address to the customer."], ["Where can I find a career centre that accepts the career cheque?", "Only mandated career centres accept career vouchers. A list of the mandated career centres can be found on the website: vdab.be > training courses > training premiums > career vouchers > everything about career guidance > which career centre suits me? Note!  This list is not a definitive list but is systematically supplemented."], ["Do I have to use both checks one after the other and at the same career center?", "No. This is not necessary but it is possible. The choice is free. You can use both checks one after the other or separately, with a short or long period of time between and at the same or at another mandated career center."], ["If I print my check multiple times, can I use it multiple times?", "No, each check is unique and can therefore only be cashed 1 time by the career center."], ["I bought a career check but can't use it", "Paid checks that have not been used within the validity period of the check are no longer usable. Edenred automatically refunds the amount paid (40 euros) of unused cheques. Service line procedure: - Explain to the customer that Edenred will automatically refund the amount to the customer's account if the check has not been used within the scheduled period of three months.  - It is not possible to get the amount paid back earlier. Neither Edenred nor the career vouchers service can refund the amount before the cheques have expired.  Background information Approximately 14 days after the due date of the checks, the amount will be refunded to the customer. Not using a paid check does not affect the right to two packages of checks. The unused package can be ordered again."], ["Can foreign workers order cheques if they do not have a national register number?", "Yes, they can do that with their bis number (or crossroads bank number). Foreigners working in Belgium receive an identification number at the Crossroads Bank for Social Security (a bis number). To apply for career vouchers, that number must be included in the file (it corresponds to the national register number).  Service line procedure: Inform the customer that you need the BIS number to order.  -> If he does not know it himself, he can request it from the municipality (where he had the number created) or from his employer (who needs the number to indicate the NSSO).  Background information: Cross-border workers and migrant workers from the European Union always receive a BIS number to be in order with the Belgian Social Security. The employer uses this BIS number to pass on the employment."], ["My career guidance has been discontinued. Can I still order new career vouchers?", "Once a career guidance has been started and paid with the career cheque, these hours are considered as used hours. If career guidance is discontinued during the first package, the unused hours of career guidance are calculated as used hours. If you still meet the conditions of the order, it is possible to order a second package for the additional 3 hours. If the career guidance is discontinued during the second package, no additional order is possible."], ["What if the career check has expired?", "If a career voucher is not used before the validity date (within 3 months), Edenred will automatically refund the money. If the customer is still eligible for career guidance afterwards, he can apply for a new career cheque (with corresponding validity period of 3 months).   If it concerns a first order, the customer can still use both career vouchers afterwards."], ["What if you lose the career cheque?", "In case of loss of the career cheque, the customer can request a duplicate via lb.cheque@vdab.be."], ["Is a career check tax deductible?", "No, the career check is not tax deductible."], ["I have lost the payment details, what now?", "If a customer loses the e-mail with payment details, he can click on the 'career cheque' link in his account: under 'detail' he can find edenred's account number and the number of his cheque.  This way he can still make the payment. He can also always contact the career voucher service via lb.cheque@vdab.be. Procedure Service Line Find and provide the customer's payment details or refer the customer to their account to look up the details."], ["My career coach stops his activity, what now?", "A career cheque that has been started must be taken at the same centre. If a career coach \"fails\" during the guidance, it is the responsibility of the career center to provide another coach for you. It is the duty of the center to ensure that the guidance continues to be done in a high-quality manner and that this transfer is done correctly, so that you as a customer certainly receive full-fledged guidance."], ["Can I change career guidance from Career Centre?", "Yes. The customer is not obliged to redeem both career vouchers at the same career centre. After using the first career cheque, the customer can choose to change career centres. Attention! Within the guidance of 1 check you cannot change your walking center. The full 4 or 3 hours of guidance must be followed at the same center. If the customer decides to order a second cheque afterwards, he can follow this guidance at another mandated centre of his choice."], ["Demarcation of career guidance versus other services?", "The career guidance experts drew up an overview document on the demarcation between career guidance and other services.  The document can be found on vdab.be at the url for career centers ( https://partners.vdab.be/gemandateerd.shtml ). This demarcation is used by VDAB as a reference: to check whether the career centres correctly communicate their career guidance services with career vouchers to customers (website, Facebook, leaflets, etc.) when determining whether or not a career cheque was used improperly The demarcation includes: Career guidance versus Burn-out and Bore-out guidance Career guidance versus Therapy Career guidance versus Life coaching Career guidance versus Training and training Career guidance versus Entrepreneurial coaching/business consulting Career guidance versus Outplacement Career guidance versus Study advice and guidance Career guidance versus End of career advice"]], "document": "Loopbaancheques: faq's \n\n Document voor de Servicelijn met veel gestelde vragen (faq's) over de loopbaancheques (bestelling, betaling, ...) \n\n Vraag aan de VDAB consulent: Bereikbaarheid dienst loopbaancheques? \n Antwoord of Actie: OPGELET: De dienst loopbaancheques is niet meer telefonisch te bereiken. Klanten kunnen mailen naar lb.cheque@vdab.be. \n\n Vraag aan de VDAB consulent: Mag een werkgever loopbaancheques betalen voor een werknemer?? \n Antwoord of Actie: Ja. Een werkgever mag fungeren als derdebetaler in het systeem van loopbaancheques (*). Hij kan de loopbaancheques terugbetalen aan z'n werknemer, op voorwaarde dat hij zich aan onderstaande regels houdt en die ook duidelijk communiceert aan zijn werknemers.   Opgelet! De werkgever moet zich aan de volgende regels houden: Een werkgever of loopbaancentrum mag geen druk uitoefenen op werknemers om de loopbaancheque op te nemen. Een werknemer mag kiezen op welk moment hij zijn cheque aanvraagt en inwisselt. Een werknemer mag kiezen bij welk centrum hij zijn cheque inwisselt.   Een werknemer moet er zich van bewust zijn dat hij slechts recht heeft op twee loopbaancheques gedurende 6 jaar.  Als hij die inwisselt, kan hij pas over 6 jaar opnieuw een cheque aanvragen (te rekenen vanaf de start van de eerste begeleiding). Er mag geen uitwisseling zijn tussen de werkgever en het loopbaancentrum over de begeleiding of de inhoud van de begeleiding. In geen geval kan de loopbaancheque gebruikt worden om collectieve noch individuele acties van de werkgever voor zijn werknemers te financieren. Het principe dat dit een instrument is voor en door de burger moet bewaard en bewaakt blijven.  Procedure Servicelijn Vermoed je dat de werkgever cheques terugbetaalt, maar zich niet aan bovenstaande regels houdt: Overloop bovenstaande voorwaarden met de klant, zodat hij bv. weet dat hij na deze bestelling 6 jaar moet wachten vooraleer hij opnieuw kan bestellen. Bestel de cheques voor de klant. Stuur een mail naar  lb.cheque@vdab.be  en naar  gitte.smets@vdab.be , met daarin het IKL-nummer en de naam van de klant, naam en adres van het bedrijf en de reden waarom jij denkt dat er misbruik is.  Achtergrondinfo (*) De klant geeft in dat geval zijn overschrijvingsformulier door aan de werkgever, of regelt met hem een terugbetaling. VDAB zorgt niet voor aparte facturatie.  \n\n Vraag aan de VDAB consulent: Mag een werkgever een loopbaancheque aanbieden tijdens een outplacementproces?? \n Antwoord of Actie: Ja. Omdat een werkgever de cheques mag aanbieden als derdebetaler. De loopbaancheque mag echter geen deel uitmaken van het outplacementaanbod of het vervangen. Dat houdt in: Als extra maatregel of aanvulling bovenop het outplacementaanbod kan een werkgever voorstellen het persoonlijk aandeel van een loopbaancheque terug te betalen aan zijn werknemers.  Er mag geen uitwisseling zijn tussen de werkgever en het loopbaancentrum over de begeleiding of de inhoud van de begeleiding. Voor de start van het outplacement kan een klant al loopbaanbegeleiding starten.  Immers, een herstructurering komt nooit uit de lucht vallen.  Proactief kan een burger op eigen initiatief een loopbaancheque aanvragen en inwisselen om een vorm van begeleiding te zoeken.  Een werkgever mag als derdebetaler fungeren. Procedure Servicelijn Voor meer informatie verwijs je de klant best naar een Sociaal Interventieadviseurs (SIA's) van VDAB. -> zie document: Outplacement: algemene info -  Hoe doorverwijzen naar een Sociaal interventieadviseur? \n\n Vraag aan de VDAB consulent: Mag een werknemer loopbaancheques bestellen in het kader van een therapie?? \n Antwoord of Actie: Ja. Een therapeut zoekt soms ondersteuning bij een loopbaanbegeleider om ongenoegens, die voortvloeien uit werkaspecten, via die weg aan te pakken. De werknemer mag dan in het kader van deze therapie loopbaancheques bestellen voor het volgen van loopbaanbegeleiding, mits: hij voldoet aan alle voorwaarden. de loopbaancheque moet wel specifiek voor loopbaanbegeleiding gebruikt worden.  het mag zeker niet de bedoeling zijn om therapie uren te bekostigen met de loopbaancheque. \n\n Vraag aan de VDAB consulent: Mag een loopbaanbegeleiding starten alvorens de cheques zijn afgeleverd?? \n Antwoord of Actie: In principe niet. Het centrum mag in principe geen begeleiding starten zonder ontvangst van de cheque en doet dit op eigen risico!  Indien de loopbaangeleiding gestart wordt voordat de klant de loopbaancheque ontvangen heeft en de klant blijkt geen recht te hebben, dan vervalt de overeenkomst. Het gemandateerde loopbaancentrum zal voor de reeds gepresteerde uren dan ook geen vergoeding kunnen ontvangen. Als een loopbaanbegeleidingscentrum een loopbaanbegeleiding opstart zonder dat zij loopbaancheques ontvangen hebben, doen ze dit op eigen risico.  \n\n Vraag aan de VDAB consulent: Ik ben reeds gestart met mijn loopbaanbegeleiding, kan ik nog cheques bestellen?? \n Antwoord of Actie: Een klant kan nog loopbaancheques bestellen als de begeleiding reeds gestart is. Belangrijk is dat de klant aan de voorwaarden voldoet. Blijkt dit niet het geval te zijn, dan zal de overeenkomst tussen de klant en het loopbaanbegeleidingscentrum vervallen.  In het ideale scenario bestelt de klant zijn loopbaancheques na het kennismakingsgesprek en voor het eerste begeleidingsgesprek.  \n\n Vraag aan de VDAB consulent: Wat bij vermoeden van misbruik?? \n Antwoord of Actie: Procedure Servicelijn Vermoed je dat een werkgever een van de voorwaarden niet naleeft, stuur je vermoeden dan door naar lb.cheque@vdab.be en naar gitte.smets@vdab.be.  \n\n Vraag aan de VDAB consulent: Hoe kan ik mijn bestelling annuleren?? \n Antwoord of Actie: Ga naar je account > loopbaancheques > overzicht bestelling > status - klik op 'annuleer aanvraag' Als dat niet meer gaat, kan je de klant meegeven dat de bestelling automatisch geannuleerd wordt als hij niet betaalt. Achtergrondinfo Achter de schermen blijft de bestelling 3 weken openstaan. Aan de klant wordt gevraagd binnen de 14 dagen te betalen. Klanten kunnen nog tot max 3 dagen na het overschrijden van de termijn van 14 dagen betalen, dit om rekening te houden met tijd die de communicatieoverdracht tussen Edenred en de klant en de klant en z'n bank in beslag neemt. Na 3 weken wordt de bestelling in geval van niet ontvangen van de betaling geannuleerd.  Pas als de bestelling na 3 weken wordt afgesloten is een nieuwe bestelling na annulatie mogelijk. \n\n Vraag aan de VDAB consulent: Aan het werk zonder dimonagegevens in het dossier? \n Antwoord of Actie: Werknemers zonder dimonagegevens in het dossier krijgen een bericht dat ze niet in aanmerking komen voor het gebruik van loopbaancheques. De klant dient deze dienst te contacteren (liefst met bewijsstukken van effectieve tewerkstelling). Procedure Servicelijn Plaats de bestelling van de cheque Informeer de klant over het bericht dat hij niet in aanmerking komt Je kunt de case alvast op mail zetten naar lb.cheque@vdab.be zodat de collega's van de dienst loopbaancheques het nodige kunnen doen \n\n Vraag aan de VDAB consulent: Cheque ontvangen maar werkloos voor de start van de begeleiding? \n Antwoord of Actie: Bij de bestelling van de cheque moet je aan de voorwaarden voldoen. Eens je de cheque in je bezit hebt, is er geen controle meer of je werkend of werkzoekend bent. De cheque blijft dus gewoon 3 maanden gelden, ongeacht wat er ondertussen gebeurt en je kan binnen deze termijn de loopbaanbegeleiding starten. Als werkzoekende zal het niet mogelijk zijn een bijkomende loopbaancheque te bestellen voor de resterende 3 uur.  \n\n Vraag aan de VDAB consulent: Kan ik extra uren krijgen?? \n Antwoord of Actie: Nee. \n\n Vraag aan de VDAB consulent: Mijn betalingstermijn is voorbij, kan ik nog betalen?? \n Antwoord of Actie: Status bestelling is 'Aangevraagd' (AV) Nog even afwachten, er werden nog geen betalingsgegevens verstuurd. Status bestelling is 'Cheque besteld bij uitgever' Ja, de klant kan nog betalen als de betaaltermijn met max 3 dagen overschreden is. Betaalt de klant na deze termijn, dan zal Edenred de betaling terugstorten en wordt de betaling geannuleerd. Pas na annulatie zal een nieuwe bestelling mogelijk zijn. Status bestelling is 'Geannuleerd' (AN) Nee, als de bestelling geannuleerd ('AN') is, moet de klant opnieuw bestellen. Status bestelling is 'Annulatie in aanvraag bij uitgever' Nee,  deze status blijft normaal gezien 1 dag actief, daarna verandert de status naar 'Geannuleerd' en kan de klant opnieuw bestellen.    -> Een overzicht van alle statussen, vind je in het document: ' Detail bestelling: welke zijn de mogelijke statussen? ' Achtergrondinfo -  De status van de bestelling checken, doe je in MLB > loopbaancheques > detail  - Na het ontvangen van het overschrijvingsformulier, heeft de klant 14 dagen de tijd om te betalen. Interne informatie: in werkelijkheid blijft de betalingstermijn achter de schermen 3 weken openstaan, dit is meteen ook de reden waarom een nieuwe bestelling na annulatie pas mogelijk zal zijn 3 weken na de vorige bestelling. -  Als de klant alsnog betaalt wanneer de bestelling op 'AN' staat, wordt het bedrag door Edenred automatisch teruggestort. \n\n Vraag aan de VDAB consulent: Ik heb een verkeerd bedrag gestort? \n Antwoord of Actie: Als je te veel of te weinig overschreef, stort Edenred het gestorte bedrag automatisch en volledig terug en annuleert je bestelling. Je kan de betalingsgegevens niet meer gebruiken en moet een nieuwe bestelling plaatsen voor de loopbaancheque. \n\n Vraag aan de VDAB consulent: Is er korting mogelijk voor bepaalde doelgroepen?? \n Antwoord of Actie: Neen, korting is niet mogelijk.  Derdebetaler systeem Het is wel mogelijk dat 'een derde partij' de eigen bijdragen van 40 euro per loopbaancheque betaalt, in de plaats van de aanvrager.  Het is voldoende dat de aanvrager de vraag tot overschrijving overmaakt aan de derde, zodat deze kan betalen. De aanvrager dient wel te voldoen aan de voorwaarden om recht te hebben op een cheque. Voorbeelden van een derde betaler zijn de werkgever, het OCMW, de vakbond, ... maar niet de overheid. \n\n Vraag aan de VDAB consulent: Ik ontving een bericht dat ik niet in aanmerking kom? \n Antwoord of Actie: Indien niet akkoord, je denkt toch recht te hebben op de loopbaancheques, moet je contact nemen met de dienst loopbaancheques via lb.cheque@vdab.be. Achtergrondinfo dit staat ook vermeld in het bericht dat Edenred stuurt aan klanten die een bestelling plaatsten maar er volgens de automatische controlesystemen geen recht op hebben. \n\n Vraag aan de VDAB consulent: Derde vraagt betalingsgegevens op, mag ik deze meegeven?? \n Antwoord of Actie: Ja. Je mag de betalingsgegevens uit het dossier aan een derde meegeven. Dit mag zowel via mail als via telefoon.  Bv. Eva vraagt de betalingsgegevens op voor de reeds bestelde loopbaancheque van haar echtgenoot. Let op:  geef geen andere informatie uit het dossier mee aan de derde, het dossier is nog altijd beschermd door de privacy-wet. Een bestelling op vraag van een derde kan hierom ook niet. \n\n Vraag aan de VDAB consulent: Ik heb mijn betaalde cheques niet ontvangen? \n Antwoord of Actie: Edenred verstuurt de cheque onmiddellijk na betaling. Omdat er soms al eens iets fout kan gaan bij de verzending of er een vertraging kan optreden, hanteert Edenred een verzendingstermijn van 14 dagen na betaling.  Om te weten welke actie je best onderneemt, check je de status van de bestelling in je account.  Procedure Servicelijn Status Beschikbaar: de cheque is verstuurd door Edenred. Klant met e-mailadres: Raad de klant aan om z'n junkmail of spam te checken. Geef de info mee over het aanvragen van een duplicaat .  Klant zonder e-mailadres: Raad de klant aan de verzendingstermijn van 14 dagen af te wachten. Geef alvast de info mee over het aanvragen van een duplicaat .   Status geannuleerd: de bestelling is geannuleerd en Edenred zal het betaalde bedrag terugstorten. De klant moet een nieuwe bestelling plaatsen. Achtergrondinfo: Voor een overzicht van de verschillende statussen, zie document ' Detail bestelling: welke zijn de mogelijke statussen '.  \n\n Vraag aan de VDAB consulent: Naar welk adres worden de betaalde loopbaancheques verstuurd?? \n Antwoord of Actie: Wel e-mailadres De digitale cheque stuurt Edenred naar het e-mailadres, zoals opgegeven in je dossier. Geen e-mailadres De papieren cheque stuurt Edenred naar het verblijfsadres, niet naar het domicilie-adres. Achtergrondinfo Bij het bestellen van de cheque, toont MLB het domicilie-adres. Dit is om de controle van de woonplaats te kunnen doen. \n\n Vraag aan de VDAB consulent: Loopbaancheque reeds besteld, klant meldt pas nadien wijziging in adres en/of e-mailadres? \n Antwoord of Actie: Wanneer het post- of e-mailadres dezelfde dag van de bestelling nog wordt gewijzigd (de status staat nog op 'aangevraagd'), hoeft de klant zich geen zorgen te maken. De communicatie van Edenred wordt naar het gewijzigde post- of e-mailadres gestuurd. Procedure Servicelijn Pas het post- of e-mailadres aan in Mijn Loopbaan.  Stel de klant gerust. Achtergrondinfo Zolang de status van de bestelling op 'aangevraagd' staat, ligt het dossier nog onder de bevoegdheid van VDAB en is er nog geen gegevensoverdracht gebeurd naar Edenred   Gebeurt de wijziging echter een dag (of meer) na de bestelling (de status staat niet meer op 'aangevraagd'), dan moet de Dienst Loopbaancheques hiervan ingelicht worden zodat zij Edenred kunnen verwittigen.   Procedure Servicelijn Pas het post- of e-mailadres aan in Mijn Loopbaan. Stuur een mail naar lb.cheque@vdab.be met de titel 'wijziging adres/e-mail + IKL en een korte uitleg. \n\n Vraag aan de VDAB consulent: Is het mogelijk om loopbaanbegeleiding in een andere taal te volgen?? \n Antwoord of Actie: Een loopbaancentrum mag loopbaanbegeleiding aanbieden in een andere taal, maar dan kan de klant daar, volgens de wet, geen loopbaancheque voor gebruiken.  In het Besluit van de Vlaamse Regering is als voorwaarde opgenomen dat het loopbaancentrum de begeleiding in het Nederlands moet aanbieden. Dat belet uiteraard niet dat een klant zich in het gesprek in een andere taal uitdrukt. Het centum moet zich er wel aan houden om de klant in het Nederlands te begeleiden en het lesmateriaal in het Nederlands aan te bieden.  \n\n Vraag aan de VDAB consulent: Wat indien je de melding \"e-mailadres is al gekend in ons systeem\" krijgt?? \n Antwoord of Actie: Wanneer je als bemiddelaar het e-mailadres wil toevoegen van de klant en je krijgt een \"e-mailadres is al gekend in ons systeem\" melding, dan mag je dat e-mailadres in het dossier van de niet rechtmatige eigenaar verwijderen. Probeer goed door te vragen of de beller wel degelijk eigenaar is van het e-mailadres (check bv of de naam van de burger en naam in het e-mailadres overeen komen). Procedure Servicelijn Inbound 1. Zoek alle (andere) dossiers op waarin het e-mailadres voorkomt. 2. Behoud het e-mailadres enkel in het dossier van burger X (die het probleem meldt), als deze een dossier heeft.  3. Kijk na of burger Y staat ingeschreven als NWWZ. Deelprocedure indien burger Y ingeschreven is als NWWZ - Neem na je gesprek met burger X onmiddellijk contact op met burger Y  - Kan je de klant (na 1 belpoging) bereiken? Verduidelijk de situatie en vraag welk e-mailadres we kunnen toevoegen in zijn dossier. - Kan je de klant (na 1 belpoging) niet bereiken? Is er een antwoordapparaat? Laat dan volgende boodschap achter: \"Goeie ..., met VDAB-Servicelijn. We hebben gemerkt dat er in jouw dossier een foutief e-mailadres stond en we hebben dit verwijderd. Kan je ons contacteren op het gratis nummer 0800 30 700, om uw dossier in orde te brengen?\" Verwijder het e-mailadres uit het dossier en kies voor de optie 'aanpassing van contactgegevens nodig, zonder dat klant kan/moet bereikt worden'. Noteer in een notitie welke actie je ondernam en geef aan dat de gegevens best bevraagd worden bij het eerstvolgende contact. Deelprocedure indien burger Y niet is ingeschreven als NWWZ - Verwijder het e-mailadres uit het dossier en kies voor de optie 'aanpassing van contactgegevens nodig, zonder dat klant kan/moet bereikt worden'. Noteer in een notitie welke actie je ondernam.   Achtergrondinformatie Je kan deze reden ook toevoegen wanneer je een aanpassing van de contactgegevens dient te doen in een dossier zonder e-mailadres (op een moment dat de klant onbereikbaar is). Voorbeelden: - aanpassing / verwijdering van verblijfsadres bij retourpost - verwijderen van gsmnr dat ook in een ander dossier staat en duidelijk door deze klant gebruikt wordt. Indien klant NWWZ is, wel eerst proberen te bereiken. \n\n Vraag aan de VDAB consulent: Kan ik een duplicaat van mijn loopbaancheque krijgen?? \n Antwoord of Actie: Ja. Een duplicaat kan op eenvoudig verzoek bij de dienst loopbaancheques. Procedure Servicelijn: Stuur een mail met de vraag en contactgegevens aan lb.cheque@vdab.be of geef dit e-mailadres mee aan de klant.  \n\n Vraag aan de VDAB consulent: Waar vind ik een loopbaancentrum dat de loopbaancheque aanvaardt?? \n Antwoord of Actie: Enkel daartoe gemandateerde loopbaancentra aanvaarden loopbaancheques. Een  lijst met overzicht  van de gemandateerde loopbaancentra is terug te vinden op de website: vdab.be > opleidingen > opleidingspremies > loopbaancheques > alles over loopbaanbegeleiding > welk loopbaancentrum past bij mij? Let op!  Deze lijst is geen definitieve lijst maar wordt stelselmatig aangevuld. \n\n Vraag aan de VDAB consulent: Moet ik beide cheques na elkaar en bij hetzelfde loopbaancentrum gebruiken?? \n Antwoord of Actie: Neen. Dit is niet noodzakelijk maar het kan wel. De keuze is vrij. Je kan beide cheques na elkaar of los van elkaar gebruiken, met een korte of lange tijdsduur tussen en bij hetzelfde of bij een ander gemandateerd loopbaancentrum. \n\n Vraag aan de VDAB consulent: Als ik mijn cheque meermaals uitprint, kan ik deze dan ook meermaals gebruiken?? \n Antwoord of Actie: Nee, elke cheque is uniek en kan daardoor slechts 1 maal verzilverd worden door het loopbaancentrum. \n\n Vraag aan de VDAB consulent: Ik heb een loopbaancheque gekocht maar kan hem toch niet gebruiken? \n Antwoord of Actie: Betaalde cheques die niet binnen de geldigheidsduur van de cheque gebruikt zijn, zijn niet meer bruikbaar. Edenred stort het betaalde bedrag (40 euro) van niet gebruikte cheques automatisch terug. Procedure Servicelijn: - Leg de klant uit dat Edenred het bedrag automatisch terug op de rekening van de klant stort als de cheque niet binnen de voorziene termijn van drie maanden gebruikt werd.  - Het is niet mogelijk om het betaalde bedrag eerder terug te krijgen. Edenred noch de dienst loopbaancheques kan het bedrag terugstorten vooraleer de cheques vervallen zijn.  Achtergrondinfo Ongeveer 14 dagen na de vervaldatum van de cheques wordt het bedrag teruggestort aan de klant. Het niet gebruiken van een betaalde cheque heeft geen invloed op het recht tot twee pakketten cheques. Het niet-gebruikte pakket kan opnieuw worden besteld. \n\n Vraag aan de VDAB consulent: Kunnen buitenlandse werknemers cheques bestellen als ze geen rijksregisternummer hebben?? \n Antwoord of Actie: Ja, zij kunnen dat doen met hun bisnummer (of kruispuntbanknummer). Buitenlanders die in Belgie werken, krijgen een identificatienummer bij de Kruispuntbank voor Sociale Zekerheid (een bisnummer). Om loopbaancheques aan te vragen, moet dat nummer opgenomen zijn in het dossier (het komt overeen met het rijksregisternummer).  Procedure Servicelijn: Geef de klant mee dat je het BIS-nummer nodig hebt om te bestellen.  ->  Als hij het zelf niet kent, kan hij het opvragen bij de gemeente (waar hij het nummer liet aanmaken) of bij zijn werkgever (die het nummer nodig heeft de RSZ aan te geven).  Achtergrondinfo: Grensarbeiders en migrerende werknemers uit de Europese Unie krijgen altijd een BIS-nummer om in orde te zijn met de Belgische Sociale Zekerheid. De werkgever gebruikt dit BIS-nummer om de tewerkstelling door te geven.  \n\n Vraag aan de VDAB consulent: Mijn loopbaanbegeleiding is stopgezet. Kan ik nog nieuwe loopbaancheques bestellen?? \n Antwoord of Actie: Eens een loopbaanbegeleiding is opgestart en betaald werd met de loopbaancheque, worden deze uren beschouwd als opgebruikte uren. Bij stopzetting van de loopbaanbegeleiding tijdens het eerste pakket, worden de niet gebruikte uren loopbaanbegeleiding berekend als opgebruikte uren. Als je nog steeds aan de voorwaarden van de bestelling voldoet, is het mogelijk een tweede pakket te bestellen voor de bijkomende 3 uur. Bij stopzetting van de loopbaanbegeleiding tijdens het tweede pakket, is geen bijkomende bestelling meer mogelijk. \n\n Vraag aan de VDAB consulent: Wat als de loopbaancheque vervallen is?? \n Antwoord of Actie: Wanneer een loopbaancheque niet voor de geldigheidsdatum (binnen de 3 maanden) opgebruikt is, stort Edenred automatisch het geld terug. Komt de klant nadien nog steeds in aanmerking voor loopbaanbegeleiding, kan hij een nieuwe loopbaancheque aanvragen (met bijhorende geldigheidstermijn van 3 maanden).   Gaat het om een eerste bestelling, dan kan de klant nadien nog steeds gebruik maken van beide loopbaancheques. \n\n Vraag aan de VDAB consulent: Wat bij verlies van de loopbaancheque?? \n Antwoord of Actie: Bij verlies van de loopbaancheque kan de klant een duplicaat aanvragen via lb.cheque@vdab.be . \n\n Vraag aan de VDAB consulent: Is een loopbaancheque fiscaal aftrekbaar?? \n Antwoord of Actie: Nee, d e loopbaancheque is niet aftrekbaar van de belastingen. \n\n Vraag aan de VDAB consulent: Ik ben de betalingsgegevens kwijt, wat nu?? \n Antwoord of Actie: Als een klant de mail met betalingsgegevens verloor,  kan hij in z'n account op de link 'loopbaancheque' klikken: bij 'detail' kan hij het rekeningnummer van Edenred terugvinden  en het nummer van zijn cheque.  Zo kan hij alsnog de betaling uitvoeren. Hij kan ook steeds contact opnemen met de de dienst loopbaancheques via lb.cheque@vdab.be. Procedure Servicelijn Zoek de betalingsgegevens van de klant op en geef ze mee of verwijs de klant door naar z'n account om de gegevens op te zoeken.  \n\n Vraag aan de VDAB consulent: Mijn loopbaancoach stopt met zijn activiteit, wat nu?? \n Antwoord of Actie: Een gestarte loopbaancheque moet opgenomen worden bij eenzelfde centrum. Indien een loopbaancoach tijdens de begeleiding \"uitvalt\", is het de verantwoordelijkheid van het loopbaancentrum om een andere coach voor jou te voorzien. Het is de plicht van het centrum om ervoor te waken dat de begeleiding op een kwaliteitsvolle manier blijft gebeuren en deze overdracht correct gebeurt, zodat jij als klant zeker een volwaardige begeleiding ontvangt. \n\n Vraag aan de VDAB consulent: Mag ik tijdens de loopbaanbegeleiding van Loopbaancentrum veranderen?? \n Antwoord of Actie: Ja. De klant is niet verplicht om beide loopbaancheques bij hetzelfde loopbaancentrum te verzilveren. Na het gebruik van de eerste loopbaancheque kan de klant er voor opteren om van loopbaancentrum te veranderen. Opgelet! Binnen de begeleiding van 1 cheque kan je niet van loopbcentrum veranderen. De volledige 4 of 3 uur begeleiding moeten bij hetzelfde centrum gevolgd worden. Beslist de klant om nadien een tweede cheque te bestellen, dan kan hij deze begeleiding volgen bij een ander gemandateerd centrum naar keuze. \n\n Vraag aan de VDAB consulent: Afbakening loopbaanbegeleiding versus andere dienstverleningen?? \n Antwoord of Actie: De experten loopbaanbegeleiding maakten een overzichtsdocument op over de afbakening tussen loopbaanbegeleiding en andere dienstverleningen.  Het document vind je op vdab.be op de url voor loopbaancentra ( https://partners.vdab.be/gemandateerd.shtml ). Deze afbakening wordt door VDAB als referentie gebruikt: om na te gaan of de loopbaancentra hun dienstverlening m.b.t. loopbaanbegeleiding met loopbaancheques correct communiceren naar klanten (website, facebook, folders, ...) bij het bepalen of een loopbaancheque al dan niet oneigenlijk werd ingezet De afbakening omvat: Loopbaanbegeleiding versus Burn-out en Bore-out begeleiding Loopbaanbegeleiding versus Therapie Loopbaanbegeleiding versus Life-coaching Loopbaanbegeleiding versus Training en opleiding Loopbaanbegeleiding versus Ondernemerscoaching/business-consulting Loopbaanbegeleiding versus Outplacement Loopbaanbegeleiding versus Studieadvies en -begeleiding Loopbaanbegeleiding versus Eindeloopbaan-advies \n\n Categorie: Servicelijn \n\n Domein: loopbaancheques \n\n Url: https://intranet-rel1ldv.ops.vdab.be/faq/servicelijn/loopbaancheques-faqs \n\n Volgende paginas: Detail bestelling: welke zijn de mogelijke statussen?, via https://intranet-rel1ldv.ops.vdab.be/faq/servicelijn/loopbaancheques-algemeen - Detail bestelling: welke zijn de mogelijke statussen, via https://intranet-rel1ldv.ops.vdab.be/faq/servicelijn/loopbaancheques-algemeen - Hoe doorverwijzen naar een Sociaal interventieadviseur?, via https://intranet-rel1ldv.ops.vdab.be/faq/servicelijn/outplacement-algemene-informatie-en-de-taak-van-vdab - Loopbaancheques: algemeen, via https://intranet-rel1ldv.ops.vdab.be/faq/servicelijn/loopbaancheques-algemeen - Loopbaancheques: informatie voor loopbaancentra, via https://intranet-rel1ldv.ops.vdab.be/faq/servicelijn/loopbaancheques-informatie-voor-loopbaancentra - ', via https://intranet-rel1ldv.ops.vdab.be/faq/servicelijn/loopbaancheques-algemeen - Loopbaanbegeleiding voor werknemers, via https://intranet-rel1ldv.ops.vdab.be/faq/servicelijn/loopbaanbegeleiding-voor-werkende-klanten-vdab-regisseur - Loopbaancheques: doelgroep en gelijkgestelden, via https://intranet-rel1ldv.ops.vdab.be/faq/servicelijn/loopbaancheques-doelgroep-en-gelijkgestelden \n\n Type: intranet", "document_translation": "Career vouchers: FAQs \n\n Document for the Service Line with frequently asked questions (FAQs) about the career vouchers (order, payment, ...) \n\n Question for the VDAB counselor: Accessibility of the career vouchers service? \n Answer or Action: ATTENTION: The career vouchers service can no longer be reached by telephone. Customers can email lb.cheque@vdab.be. \n\n Question for the VDAB counselor: Can an employer pay career vouchers for an employee?? \n Answer or Action: Yes. An employer may act as a third-party payer in the system of career vouchers (*). He can refund the career vouchers to his employee, provided that he adheres to the following rules and also communicates them clearly to his employees.   Attention! The employer must adhere to the following rules: An employer or career center may not pressure employees to take the career check. An employee gets to choose when to request and redeem their check. An employee may choose at which center to cash his check.   An employee should be aware that he is only entitled to two career vouchers for 6 years.  If he redeems it, he will only be able to apply for a cheque again in 6 years (counting from the start of the first guidance). There should be no exchange between the employer and the career centre about the guidance or the content of the guidance. Under no circumstances can the career cheque be used to finance collective or individual actions of the employer for its employees. The principle that this is an instrument for and by the citizen must be preserved and monitored.  Procedure Service line Do you suspect that the employer will refund cheques, but does not comply with the above rules: Go over the above conditions with the customer, so that he knows, for example, that he has to wait 6 years after this order before he can order again. Order the checks for the customer. Send an email to lb.cheque@vdab.be and to gitte.smets@vdab.be , containing the IKL number and the name of the customer, name and address of the company and the reason why you think there is abuse.  Background information (*) In that case, the customer passes on his transfer form to the employer, or arranges a refund with him. VDAB does not provide separate invoicing. \n\n Question for the VDAB counselor: Can an employer offer a career check during an outplacement process?? \n Answer or Action: Yes. Because an employer may offer the checks as a third-party payer. However, the career cheque may not be part of the outplacement offer or replace it. This means: As an additional measure or supplement on top of the outplacement offer, an employer can propose to refund the personal share of a career check to its employees.  There should be no exchange between the employer and the career centre about the guidance or the content of the guidance. Before the start of the outplacement, a client can already start career guidance.  After all, restructuring never comes out of the blue.  Proactively, a citizen can apply for and exchange a career cheque on their own initiative to seek some form of guidance.  An employer may act as a third-party payer. Procedure Service line For more information, it is best to refer the customer to a Social Intervention Advisors (SIAs) of VDAB. -> see document: Outplacement: general info - How to refer to a Social Intervention Advisor? \n\n Question for the VDAB counselor: Can an employee order career vouchers as part of a therapy?? \n Answer or Action: Yes. A therapist sometimes seeks support from a career counselor to deal with dissatisfaction arising from work aspects. As part of this therapy, the employee may then order career vouchers for following career guidance, provided that: he meets all the conditions. The career cheque must be used specifically for career guidance.  It should certainly not be the intention to pay for therapy hours with the career cheque. \n\n Question for the VDAB counselor: Can career guidance start before the cheques have been delivered?? \n Answer or Action: In principle, no. In principle, the centre may not start guidance without receipt of the cheque and does so at its own risk!  If the career guidance is started before the customer has received the career cheque and the customer appears to be not entitled, the agreement expires. The mandated career centre will therefore not be able to receive compensation for the hours already worked. If a career guidance centre starts career guidance without having received career vouchers, they do so at their own risk. \n\n Question for the VDAB counselor: I have already started my career guidance, can I still order cheques?? \n Answer or Action: A customer can still order career vouchers if the guidance has already started. It is important that the customer meets the conditions. If this is not the case, the agreement between the customer and the career guidance centre will lapse.  In the ideal scenario, the customer orders his career vouchers after the introductory meeting and before the first counselling interview. \n\n Question for the VDAB counselor: What if abuse is suspected?? \n Answer or Action: Procedure Service line If you suspect that an employer does not comply with one of the conditions, forward your suspicion to lb.cheque@vdab.be and to gitte.smets@vdab.be. \n\n Question for the VDAB counselor: How can I cancel my order?? \n Answer or Action: Go to your account > career vouchers > overview order > status - click on 'cancel request' If that is no longer possible, you can inform the customer that the order will be automatically cancelled if he does not pay. Background information Behind the scenes, the order remains open for 3 weeks. The customer is asked to pay within 14 days. Customers can still pay up to a maximum of 3 days after exceeding the 14-day period, to take into account the time that the communication transfer between Edenred and the customer and the customer and his bank takes. After 3 weeks, the order will be cancelled in case of non-receipt of payment.  Only if the order is closed after 3 weeks is a new order after cancellation possible. \n\n Question for the VDAB counselor: ? \n Answer or Action: Employees without dimona data in the file will receive a message that they are not eligible for the use of career vouchers. The customer must contact this service (preferably with supporting documents of effective employment). Procedure Service line Place the order of the check Inform the customer about the message that he is not eligible You can already put the case on mail to lb.cheque@vdab.be so that the colleagues of the career vouchers service can do the necessary \n\n Question for the VDAB counselor: Cheque received but unemployed before the start of the guidance? \n Answer or Action: When ordering the cheque, you must meet the conditions. Once you have the check in your possession, there is no control over whether you are working or looking for a job. The cheque will therefore remain valid for 3 months, regardless of what happens in the meantime and you can start the career guidance within this period. As a job seeker, it will not be possible to order an additional career cheque for the remaining 3 hours. \n\n Question for the VDAB counselor: Can I get extra hours?? \n Answer or Action: No. \n\n Question for the VDAB counselor: My payment term is over, can I still pay?? \n Answer or Action: Order status is 'Requested' (GTC) Wait and see, no payment details have been sent yet. Order status is 'Cheque ordered from issuer' Yes, the customer can still pay if the payment term has been exceeded by max 3 days. If the customer pays after this period, Edenred will refund the payment and the payment will be cancelled. Only after cancellation will a new order be possible. Order status is 'Cancelled' (AN) No, if the order is cancelled ('AN'), the customer must order again. Order status is 'Cancellation in request from publisher' No, this status normally remains active for 1 day, after which the status changes to 'Cancelled' and the customer can order again.    -> An overview of all statuses can be found in the document: ' Order detail: what are the possible statuses? ' Background info - Checking the status of the order, you do in MLB > career checks > detail - After receiving the transfer form, the customer has 14 days to pay. Internal information: in reality, the payment term remains open behind the scenes for 3 weeks, this is also the reason why a new order after cancellation will only be possible 3 weeks after the previous order. - If the customer still pays when the order is on 'AN', the amount will be automatically refunded by Edenred. \n\n Question for the VDAB counselor: I have deposited the wrong amount? \n Answer or Action: If you transferred too much or too little, Edenred will automatically and fully refund the deposited amount and cancel your order. You can no longer use the payment details and must place a new order for the career cheque. \n\n Question for the VDAB counselor: Is there a discount for certain target groups?? \n Answer or Action: No, discount is not possible.  Third-party payer system It is possible that 'a third party' pays the personal contributions of 40 euros per career cheque, instead of the applicant.  It is sufficient for the applicant to transfer the request for transfer to the third party so that he can pay. The applicant must meet the conditions to be entitled to a cheque. Examples of a third-party payer are the employer, the CPAS, the trade union, ... But not the government. \n\n Question for the VDAB counselor: I received a message that I am not eligible? \n Answer or Action: If you do not agree, you think you are entitled to the career vouchers, you must contact the career vouchers service via lb.cheque@vdab.be. Background information: this is also stated in the message that Edenred sends to customers who have placed an order but are not entitled to it according to the automatic control systems. \n\n Question for the VDAB counselor: Third party requests payment details, can I provide them?? \n Answer or Action: Yes. You may give the payment details from the file to a third party. This can be done both by e-mail and by telephone.  E.g. Eva requests the payment details for her husband's already ordered career cheque. Please note: do not give other information from the file to the third party, the file is still protected by the privacy law. An order at the request of a third party is therefore not possible. \n\n Question for the VDAB counselor: I have not received my paid cheques? \n Answer or Action: Edenred will send the cheque immediately after payment. Because sometimes something can go wrong with the shipment or a delay can occur, Edenred uses a shipping period of 14 days after payment.  To know which action to take, check the status of the order in your account.  Procedure Service line Status Available: the check was sent by Edenred. Customer with email address: Advise the customer to check their junk mail or spam. Provide the info about requesting a duplicate.  Customer without e-mail address: Advise the customer to wait for the 14-day shipping period. Give the information about requesting a duplicate.   Status cancelled: the order has been cancelled and Edenred will refund the amount paid. The customer must place a new order. Background info: For an overview of the different statuses, see document 'Order detail: what are the possible statuses'. \n\n Question for the VDAB counselor: To which address are the paid career vouchers sent?? \n Answer or Action: E-mail address Edenred sends the digital check to the e-mail address specified in your file. No e-mail address Edenred sends the paper cheque to the residence address, not to the domicile address. Background information When ordering the check, MLB shows the domicile address. This is to be able to do the check of the place of residence. \n\n Question for the VDAB counselor: Career voucher already ordered, customer only reports change in address and/or e-mail address? \n Answer or Action: afterwards If the postal or e-mail address is changed the same day of the order (the status is still set to 'requested'), the customer does not have to worry. Edenred's communication will be sent to the changed postal or e-mail address. Procedure Service Line Customize the postal or email address in My Career.  Reassure the customer. Background information As long as the status of the order is set to 'requested', the file is still under the authority of VDAB and no data transfer has yet been made to Edenred. However, if the change occurs one day (or more) after the order (the status is no longer 'requested'), the Career Vouchers Service must be informed so that they can notify Edenred.   Procedure Service Line Customize the postal or email address in My Career. Send an email to lb.cheque@vdab.be with the title 'change of address/e-mail + IKL and a short explanation. \n\n Question for the VDAB counselor: Is it possible to follow career guidance in another language?? \n Answer or Action: A career centre may offer career guidance in another language, but then, according to the law, the client cannot use a career cheque for this.  The Decree of the Flemish Government stipulates that the career centre must offer guidance in Dutch. Of course, this does not prevent a customer from expressing himself in another language during the conversation. The center must adhere to guiding the customer in Dutch and offering the teaching material in Dutch. \n\n Question for the VDAB counselor: What if you get the message \"e-mail address is already known in our system\"? If you want to add the e-mail address of the customer as an intermediary and you receive an \"e-mail address? \n Answer or Action: is already known in our system\" message, you may remove that e-mail address in the file of the non-rightful owner. Try to ask if the caller actually owns the e-mail address (e.g. check whether the name of the citizen and name in the e-mail address match). Inbound Service Line Procedure 1. Look up all (other) files in which the e-mail address appears. 2. Keep the e-mail address only in the file of citizen X (who reports the problem), if he has a file.  3. Check whether citizen Y is registered as a NWWZ. Partial procedure if citizen Y is registered as NWWZ - Contact citizen Y immediately after your conversation with citizen X - Can you reach the customer (after 1 call attempt)? Clarify the situation and ask what email address we can add in his file. - Can't reach the customer (after 1 call attempt)? Is there an answering machine? Then leave the following message: \"Good ..., with VDAB Service line. We noticed that there was an incorrect e-mail address in your file and we have removed it. Can you contact us on the free number 0800 30 700, to arrange your file?\" Remove the e-mail address from the file and choose the option 'adjustment of contact details necessary, without the customer being able / must be reached'. Write down in a note what action you took and indicate that the data should be questioned at the next contact. Partial procedure if citizen Y is not registered as NWWZ - Remove the e-mail address from the file and choose the option 'adjustment of contact details necessary, without the customer being able / necessary to be reached'. Write down in a note what action you took.   Background information You can also add this reason when you need to make an adjustment of the contact details in a file without an e-mail address (at a time when the customer is unreachable). Examples: - adjustment / removal of residence address at return mail - removal of mobile phone number that is also in another file and is clearly used by this customer. If customer is NWWZ, try to reach first. \n\n Question for the VDAB counselor: Can I get a duplicate of my career check?? \n Answer or Action: Yes. A duplicate can be sent to the career vouchers department on simple request. Procedure Service line: Send an e-mail with the question and contact details to lb.cheque@vdab.be or give this e-mail address to the customer. \n\n Question for the VDAB counselor: Where can I find a career centre that accepts the career cheque?? \n Answer or Action: Only mandated career centres accept career vouchers. A list of the mandated career centres can be found on the website: vdab.be > training courses > training premiums > career vouchers > everything about career guidance > which career centre suits me? Note!  This list is not a definitive list but is systematically supplemented. \n\n Question for the VDAB counselor: Do I have to use both checks one after the other and at the same career center?? \n Answer or Action: No. This is not necessary but it is possible. The choice is free. You can use both checks one after the other or separately, with a short or long period of time between and at the same or at another mandated career center. \n\n Question for the VDAB counselor: If I print my check multiple times, can I use it multiple times?? \n Answer or Action: No, each check is unique and can therefore only be cashed 1 time by the career center. \n\n Question for the VDAB counselor: I bought a career check but can't use it? \n Answer or Action: Paid checks that have not been used within the validity period of the check are no longer usable. Edenred automatically refunds the amount paid (40 euros) of unused cheques. Service line procedure: - Explain to the customer that Edenred will automatically refund the amount to the customer's account if the check has not been used within the scheduled period of three months.  - It is not possible to get the amount paid back earlier. Neither Edenred nor the career vouchers service can refund the amount before the cheques have expired.  Background information Approximately 14 days after the due date of the checks, the amount will be refunded to the customer. Not using a paid check does not affect the right to two packages of checks. The unused package can be ordered again. \n\n Question for the VDAB counselor: Can foreign workers order cheques if they do not have a national register number?? \n Answer or Action: Yes, they can do that with their bis number (or crossroads bank number). Foreigners working in Belgium receive an identification number at the Crossroads Bank for Social Security (a bis number). To apply for career vouchers, that number must be included in the file (it corresponds to the national register number).  Service line procedure: Inform the customer that you need the BIS number to order.  -> If he does not know it himself, he can request it from the municipality (where he had the number created) or from his employer (who needs the number to indicate the NSSO).  Background information: Cross-border workers and migrant workers from the European Union always receive a BIS number to be in order with the Belgian Social Security. The employer uses this BIS number to pass on the employment. \n\n Question for the VDAB counselor: My career guidance has been discontinued. Can I still order new career vouchers?? \n Answer or Action: Once a career guidance has been started and paid with the career cheque, these hours are considered as used hours. If career guidance is discontinued during the first package, the unused hours of career guidance are calculated as used hours. If you still meet the conditions of the order, it is possible to order a second package for the additional 3 hours. If the career guidance is discontinued during the second package, no additional order is possible. \n\n Question for the VDAB counselor: What if the career check has expired?? \n Answer or Action: If a career voucher is not used before the validity date (within 3 months), Edenred will automatically refund the money. If the customer is still eligible for career guidance afterwards, he can apply for a new career cheque (with corresponding validity period of 3 months).   If it concerns a first order, the customer can still use both career vouchers afterwards. \n\n Question for the VDAB counselor: What if you lose the career cheque?? \n Answer or Action: In case of loss of the career cheque, the customer can request a duplicate via lb.cheque@vdab.be. \n\n Question for the VDAB counselor: Is a career check tax deductible?? \n Answer or Action: No, the career check is not tax deductible. \n\n Question for the VDAB counselor: I have lost the payment details, what now?? \n Answer or Action: If a customer loses the e-mail with payment details, he can click on the 'career cheque' link in his account: under 'detail' he can find edenred's account number and the number of his cheque.  This way he can still make the payment. He can also always contact the career voucher service via lb.cheque@vdab.be. Procedure Service Line Find and provide the customer's payment details or refer the customer to their account to look up the details. \n\n Question for the VDAB counselor: My career coach stops his activity, what now?? \n Answer or Action: A career cheque that has been started must be taken at the same centre. If a career coach \"fails\" during the guidance, it is the responsibility of the career center to provide another coach for you. It is the duty of the center to ensure that the guidance continues to be done in a high-quality manner and that this transfer is done correctly, so that you as a customer certainly receive full-fledged guidance. \n\n Question for the VDAB counselor: Can I change career guidance from Career Centre?? \n Answer or Action: Yes. The customer is not obliged to redeem both career vouchers at the same career centre. After using the first career cheque, the customer can choose to change career centres. Attention! Within the guidance of 1 check you cannot change your walking center. The full 4 or 3 hours of guidance must be followed at the same center. If the customer decides to order a second cheque afterwards, he can follow this guidance at another mandated centre of his choice. \n\n Question for the VDAB counselor: Demarcation of career guidance versus other services?? \n Answer or Action: The career guidance experts drew up an overview document on the demarcation between career guidance and other services.  The document can be found on vdab.be at the url for career centers ( https://partners.vdab.be/gemandateerd.shtml ). This demarcation is used by VDAB as a reference: to check whether the career centres correctly communicate their career guidance services with career vouchers to customers (website, Facebook, leaflets, etc.) when determining whether or not a career cheque was used improperly The demarcation includes: Career guidance versus Burn-out and Bore-out guidance Career guidance versus Therapy Career guidance versus Life coaching Career guidance versus Training and training Career guidance versus Entrepreneurial coaching/business consulting Career guidance versus Outplacement Career guidance versus Study advice and guidance Career guidance versus End of career advice \n\n Category: Service line \n\n Domain: career vouchers \n\n Url: https://intranet-rel1ldv.ops.vdab.be/faq/servicelijn/loopbaancheques-faqs \n\n Next pages: Detail bestelling: welke zijn de mogelijke statussen?, via https://intranet-rel1ldv.ops.vdab.be/faq/servicelijn/loopbaancheques-algemeen - Detail bestelling: welke zijn de mogelijke statussen, via https://intranet-rel1ldv.ops.vdab.be/faq/servicelijn/loopbaancheques-algemeen - Hoe doorverwijzen naar een Sociaal interventieadviseur?, via https://intranet-rel1ldv.ops.vdab.be/faq/servicelijn/outplacement-algemene-informatie-en-de-taak-van-vdab - Loopbaancheques: algemeen, via https://intranet-rel1ldv.ops.vdab.be/faq/servicelijn/loopbaancheques-algemeen - Loopbaancheques: informatie voor loopbaancentra, via https://intranet-rel1ldv.ops.vdab.be/faq/servicelijn/loopbaancheques-informatie-voor-loopbaancentra - ', via https://intranet-rel1ldv.ops.vdab.be/faq/servicelijn/loopbaancheques-algemeen - Loopbaanbegeleiding voor werknemers, via https://intranet-rel1ldv.ops.vdab.be/faq/servicelijn/loopbaanbegeleiding-voor-werkende-klanten-vdab-regisseur - Loopbaancheques: doelgroep en gelijkgestelden, via https://intranet-rel1ldv.ops.vdab.be/faq/servicelijn/loopbaancheques-doelgroep-en-gelijkgestelden \n\n Type: intranet"}