{"title": "Samenwerking bpost en VDAB", "type": "intranet", "domain_name": ["specifieke jobs"], "category_name": "Servicelijn", "field_faq_summary": "Info voor Servicelijnmedewerkers over de samenwerking tussen Bpost en VDAB", "url": "https://intranet-rel1ldv.ops.vdab.be/faq/servicelijn/bpost-en-vdab-werken-samen", "content": [["Voor welke functies zoekt bpost kandidaten?", "bpost zoekt kandidaten voor:  de basisfuncties: postbode, vrachtwagenchauffeur, commercieel medewerker, sorteercentrum-medewerker en callcenter-medewerker. - Start People in house (IKP 49530044) publiceert. andere functies in bijv. ICT, finance, sales, marketing,... -  bpost publiceert.  "], ["Wat zijn de basiscriteria om te werken als postbode?", "de taal spreken van de plaats tewerkstelling beschikken over een rijbewijs B op het moment van aanwerving beschikken over een attest van goed gedrag en zeden"], ["Waar vindt een werkzoekende vacatures bij bpost?", "In de vacaturedatabank op  vdab.be : - via  Bedrijven in de kijker:  tab 'Jobs' - 'Zoek via Bedrijf' - bpost  - ' Vacatures ' -  'Zoek een job' Op www.bpost.be/jobs of careerbpost.be (= leiden beiden naar dezelfde site)"], ["Hoe kan een werkzoekende solliciteren op een vacature bij bpost?", "Op  vdab.be :    - de sollicitatieprocedure en contactgegevens zijn telkens in de vacature terug te vinden bij 'Solliciteren'.     - via de link 'Solliciteer' in de vacature (ook via Bedrijf in de kijker of door te klikken op het bpost-logo)    Op  www.bpost.be/jobs  of  careerbpost.be  (de jobsite van bpost):  -  via de  link 'Solliciteer' naar het online sollicitatieformulie r   die terug te vinden is in de vacature.  "], ["Waar vindt een werkzoekende meer info over de beroepen en arbeidsomstandigheden bij bpost?", "Op vdab.be : - door te klikken op het bpost-logo - Bedrijven in de kijker - bpost Op www.bpost.be/jobs of carreer.bpost.be  "], ["Wat doet VDAB voor vacatures bij bpost?", "In de knelpuntregio's In sommige regio's is bpost permanent op zoek naar werknemers of onstaat er plots een tekort aan werknemers  (vooral postbodes).  Voor deze regio's  publiceert  Start People in house de vacatures in gedeeld beheer en  behandelt   VDAB de vacatures met intensieve dienstverlening. = Vacatures  worden 6 maanden gepubliceerd. Daarna worden ze afgesloten maar onmiddellijk opnieuw gepubliceerd. = VDAB stuurt geschikte kandidaten door, ze gebruikt hiervoor de sollicitatie-opdracht. = contact tussen de dedicated consulent van Start People en de VDAB-bemiddelaar voor opvolging van de vacatures. = sollicitatiefeedback door de dedicated consulent = collectieve acties Buiten de knelpuntregio's  Deze vacatures worden niet in gedeeld beheer gepubliceerd. = Vacatures gaan mee in de automatische matching"], ["Wat zijn de knelpuntregio's?", "Antwerpen en Limburg: Mechelen, Lier en de as Brussel - Mechelen Vlaams-Brabant: Vilvoorde, Zaventem, Ternat en Halle Oost-Vlaanderen: Wetteren, Merelbeke, Lochristi, Sint-Niklaas West-Vlaanderen: Brugge, Blankenberge, Knokke-Heist"], ["Wat houdt de samenwerking in?", "VDAB en bpost werken samen voor rekrutering en opleiding op 4 vlakken: verhogen van de zichtbaarheid van bpost vacatures toelevering van kwalitatieve kandidaten voor de selectie bij bpost competentieversterking en -ontwikkeling van werkzoekenden en bpost-medewerkers toeleiding naar de arbeidsmarkt van werknemers van bpost op vrijwillige basis   Voor uitgebreidere info over de samenwerking, zie  gerelateerde document  Samenwerkingsovereenkomst VDAB bpost ."]], "link_ankers": [["https://intranet-rel1ldv.ops.vdab.be/faq/servicelijn/vacatures-voor-werkgevers-met-afspraken-op-maat", "Vacatures voor werkgevers met afspraken op maat"]], "title_translation": "Cooperation bpost and VDAB", "domain_name_translation": ["specific jobs"], "category_name_translation": "Service line", "field_faq_summary_translation": "Information for Service line employees about the collaboration between Bpost and VDAB", "content_translation": [["For which positions is bpost looking for candidates?", "bpost is looking for candidates for: the basic positions: postman, truck driver, commercial employee, sorting center employee and call center employee. - Start People in house (IKP 49530044) publishes. other positions in e.g. ICT, finance, sales, marketing,... - bpost publishes."], ["What are the basic criteria for working as a postman?", "speak the language of the place of employment have a driving license B at the time of recruitment have a certificate of good conduct and morals"], ["Where can a job seeker find vacancies at bpost?", "In the job database on vdab.be : - via Companies in the spotlight: tab 'Jobs' - 'Search via Company' - bpost - ' Vacancies ' - 'Find a job' On www.bpost.be/jobs or careerbpost.be (= both lead to the same site)"], ["How can a job seeker apply for a vacancy at bpost?", "On vdab.be : - the application procedure and contact details can always be found in the vacancy under 'Apply'.     - via the link 'Apply' in the vacancy (also via Company in the spotlight or by clicking on the bpost logo) On www.bpost.be/jobs or careerbpost.be (the bpost jobsite): - via the link 'Apply' to the online application form that can be found in the vacancy."], ["Where can a jobseeker find more information about the professions and working conditions at bpost?", "On vdab.be : - by clicking on the bpost logo - Companies in the spotlight - bpost On www.bpost.be/jobs or carreer.bpost.be"], ["What does VDAB do for vacancies at bpost?", "In the bottleneck regions In some regions, bpost is permanently looking for employees or there is a sudden shortage of employees (especially postmen).  For these regions, Start People publishes the vacancies in-house under shared management and VDAB treats the vacancies with intensive services. = Vacancies are published for 6 months. After that, they are closed but immediately republished. = VDAB forwards suitable candidates, it uses the application assignment for this. = contact between the dedicated consultant of Start People and the VDAB mediator for follow-up of the vacancies. = application feedback by the dedicated consultant = collective actions Outside the bottleneck regions These vacancies are not published under shared management. = Vacancies are included in the automatic matching"], ["What are the bottleneck regions?", "Antwerp and Limburg: Mechelen, Lier and the Brussels axis - Mechelen Flemish Brabant: Vilvoorde, Zaventem, Ternat and Halle East Flanders: Wetteren, Merelbeke, Lochristi, Sint-Niklaas West Flanders: Bruges, Blankenberge, Knokke-Heist"], ["What does the collaboration entail?", "VDAB and bpost work together for recruitment and training in 4 areas: increasing the visibility of bpost vacancies supply of qualitative candidates for selection at bpost competence strengthening and development of jobseekers and bpost employees guidance to the labour market of bpost employees on a voluntary basis For more detailed information about the cooperation, see related document Cooperation agreement VDAB bpost ."]], "document": "Samenwerking bpost en VDAB \n\n Info voor Servicelijnmedewerkers over de samenwerking tussen Bpost en VDAB \n\n Vraag aan de VDAB consulent: Voor welke functies zoekt bpost kandidaten?? \n Antwoord of Actie: bpost zoekt kandidaten voor:  de basisfuncties: postbode, vrachtwagenchauffeur, commercieel medewerker, sorteercentrum-medewerker en callcenter-medewerker. - Start People in house (IKP 49530044) publiceert. andere functies in bijv. ICT, finance, sales, marketing,... -  bpost publiceert.   \n\n Vraag aan de VDAB consulent: Wat zijn de basiscriteria om te werken als postbode?? \n Antwoord of Actie: de taal spreken van de plaats tewerkstelling beschikken over een rijbewijs B op het moment van aanwerving beschikken over een attest van goed gedrag en zeden \n\n Vraag aan de VDAB consulent: Waar vindt een werkzoekende vacatures bij bpost?? \n Antwoord of Actie: In de vacaturedatabank op  vdab.be : - via  Bedrijven in de kijker:  tab 'Jobs' - 'Zoek via Bedrijf' - bpost  - ' Vacatures ' -  'Zoek een job' Op www.bpost.be/jobs of careerbpost.be (= leiden beiden naar dezelfde site) \n\n Vraag aan de VDAB consulent: Hoe kan een werkzoekende solliciteren op een vacature bij bpost?? \n Antwoord of Actie: Op  vdab.be :    - de sollicitatieprocedure en contactgegevens zijn telkens in de vacature terug te vinden bij 'Solliciteren'.     - via de link 'Solliciteer' in de vacature (ook via Bedrijf in de kijker of door te klikken op het bpost-logo)    Op  www.bpost.be/jobs  of  careerbpost.be  (de jobsite van bpost):  -  via de  link 'Solliciteer' naar het online sollicitatieformulie r   die terug te vinden is in de vacature.   \n\n Vraag aan de VDAB consulent: Waar vindt een werkzoekende meer info over de beroepen en arbeidsomstandigheden bij bpost?? \n Antwoord of Actie: Op vdab.be : - door te klikken op het bpost-logo - Bedrijven in de kijker - bpost Op www.bpost.be/jobs of carreer.bpost.be   \n\n Vraag aan de VDAB consulent: Wat doet VDAB voor vacatures bij bpost?? \n Antwoord of Actie: In de knelpuntregio's In sommige regio's is bpost permanent op zoek naar werknemers of onstaat er plots een tekort aan werknemers  (vooral postbodes).  Voor deze regio's  publiceert  Start People in house de vacatures in gedeeld beheer en  behandelt   VDAB de vacatures met intensieve dienstverlening. = Vacatures  worden 6 maanden gepubliceerd. Daarna worden ze afgesloten maar onmiddellijk opnieuw gepubliceerd. = VDAB stuurt geschikte kandidaten door, ze gebruikt hiervoor de sollicitatie-opdracht. = contact tussen de dedicated consulent van Start People en de VDAB-bemiddelaar voor opvolging van de vacatures. = sollicitatiefeedback door de dedicated consulent = collectieve acties Buiten de knelpuntregio's  Deze vacatures worden niet in gedeeld beheer gepubliceerd. = Vacatures gaan mee in de automatische matching \n\n Vraag aan de VDAB consulent: Wat zijn de knelpuntregio's?? \n Antwoord of Actie: Antwerpen en Limburg: Mechelen, Lier en de as Brussel - Mechelen Vlaams-Brabant: Vilvoorde, Zaventem, Ternat en Halle Oost-Vlaanderen: Wetteren, Merelbeke, Lochristi, Sint-Niklaas West-Vlaanderen: Brugge, Blankenberge, Knokke-Heist \n\n Vraag aan de VDAB consulent: Wat houdt de samenwerking in?? \n Antwoord of Actie: VDAB en bpost werken samen voor rekrutering en opleiding op 4 vlakken: verhogen van de zichtbaarheid van bpost vacatures toelevering van kwalitatieve kandidaten voor de selectie bij bpost competentieversterking en -ontwikkeling van werkzoekenden en bpost-medewerkers toeleiding naar de arbeidsmarkt van werknemers van bpost op vrijwillige basis   Voor uitgebreidere info over de samenwerking, zie  gerelateerde document  Samenwerkingsovereenkomst VDAB bpost . \n\n Categorie: Servicelijn \n\n Domein: specifieke jobs \n\n Url: https://intranet-rel1ldv.ops.vdab.be/faq/servicelijn/bpost-en-vdab-werken-samen \n\n Volgende paginas: Vacatures voor werkgevers met afspraken op maat, via https://intranet-rel1ldv.ops.vdab.be/faq/servicelijn/vacatures-voor-werkgevers-met-afspraken-op-maat \n\n Type: intranet", "document_translation": "Cooperation bpost and VDAB \n\n Information for Service line employees about the collaboration between Bpost and VDAB \n\n Question for the VDAB counselor: For which positions is bpost looking for candidates?? \n Answer or Action: bpost is looking for candidates for: the basic positions: postman, truck driver, commercial employee, sorting center employee and call center employee. - Start People in house (IKP 49530044) publishes. other positions in e.g. ICT, finance, sales, marketing,... - bpost publishes. \n\n Question for the VDAB counselor: What are the basic criteria for working as a postman?? \n Answer or Action: speak the language of the place of employment have a driving license B at the time of recruitment have a certificate of good conduct and morals \n\n Question for the VDAB counselor: Where can a job seeker find vacancies at bpost?? \n Answer or Action: In the job database on vdab.be : - via Companies in the spotlight: tab 'Jobs' - 'Search via Company' - bpost - ' Vacancies ' - 'Find a job' On www.bpost.be/jobs or careerbpost.be (= both lead to the same site) \n\n Question for the VDAB counselor: How can a job seeker apply for a vacancy at bpost?? \n Answer or Action: On vdab.be : - the application procedure and contact details can always be found in the vacancy under 'Apply'.     - via the link 'Apply' in the vacancy (also via Company in the spotlight or by clicking on the bpost logo) On www.bpost.be/jobs or careerbpost.be (the bpost jobsite): - via the link 'Apply' to the online application form that can be found in the vacancy. \n\n Question for the VDAB counselor: Where can a jobseeker find more information about the professions and working conditions at bpost?? \n Answer or Action: On vdab.be : - by clicking on the bpost logo - Companies in the spotlight - bpost On www.bpost.be/jobs or carreer.bpost.be \n\n Question for the VDAB counselor: What does VDAB do for vacancies at bpost?? \n Answer or Action: In the bottleneck regions In some regions, bpost is permanently looking for employees or there is a sudden shortage of employees (especially postmen).  For these regions, Start People publishes the vacancies in-house under shared management and VDAB treats the vacancies with intensive services. = Vacancies are published for 6 months. After that, they are closed but immediately republished. = VDAB forwards suitable candidates, it uses the application assignment for this. = contact between the dedicated consultant of Start People and the VDAB mediator for follow-up of the vacancies. = application feedback by the dedicated consultant = collective actions Outside the bottleneck regions These vacancies are not published under shared management. = Vacancies are included in the automatic matching \n\n Question for the VDAB counselor: What are the bottleneck regions?? \n Answer or Action: Antwerp and Limburg: Mechelen, Lier and the Brussels axis - Mechelen Flemish Brabant: Vilvoorde, Zaventem, Ternat and Halle East Flanders: Wetteren, Merelbeke, Lochristi, Sint-Niklaas West Flanders: Bruges, Blankenberge, Knokke-Heist \n\n Question for the VDAB counselor: What does the collaboration entail?? \n Answer or Action: VDAB and bpost work together for recruitment and training in 4 areas: increasing the visibility of bpost vacancies supply of qualitative candidates for selection at bpost competence strengthening and development of jobseekers and bpost employees guidance to the labour market of bpost employees on a voluntary basis For more detailed information about the cooperation, see related document Cooperation agreement VDAB bpost . \n\n Category: Service line \n\n Domain: specific jobs \n\n Url: https://intranet-rel1ldv.ops.vdab.be/faq/servicelijn/bpost-en-vdab-werken-samen \n\n Next pages: Vacatures voor werkgevers met afspraken op maat, via https://intranet-rel1ldv.ops.vdab.be/faq/servicelijn/vacatures-voor-werkgevers-met-afspraken-op-maat \n\n Type: intranet"}