{"title": "Opleidingen volgen in een ander gewest", "type": "intranet", "field_trefwoorden_name": ["opleiding"], "domain_name": ["opleidingen aanvragen", "werken in wallonie, brussel of de duitstalige gemeenschap"], "category_name": "Servicelijn", "field_faq_summary": "Interregionale mobiliteit voor VDAB-klanten die in een ander gewest opleiding willen volgen.", "url": "https://intranet-rel1ldv.ops.vdab.be/faq/servicelijn/opleidingen-volgen-een-ander-gewest", "content": [["Samenwerkingsakkoord tussen gewestelijke arbeidsbemiddelingsdiensten", "Voor de interregionale mobiliteit van cursisten, hebben de gewestelijke arbeidsbemiddelingsdiensten (VDAB, Actiris, Le Forem & ADG) een samenwerkingsakkoord afgesloten. Hierdoor kunnen werkzoekenden een opleiding volgen in een ander gewest, als ze voldoen aan de voorwaarden."], ["Hoe een opleiding aanvragen bij Le Forem, Bruxelles Formation, ADG als VDAB-klant?", "Opgelet Deze opleidingen kan een klant of SL niet via VeO aanvragen. Maak duidelijk aan de klant dat de opstart van een opleiding niet onmiddellijk kan gebeuren. Procedure Servicelijn Vertel de klant dat de opstart van een opleiding niet onmiddellijk kan. zie alinea ' welke stappen omvat een aanvraag bij een ander gewest? ' Schrijf de klant in als nodig. Dossier met bemiddelaar? Ja: Noteer de info in een Notitie Deel de Notitie met de bemiddelaar. De klant kan ook zelf contact opnemen met de bemiddelaar indien gewenst. Nee: Dispatch sectoraal: CS: Actiegericht (her)inschatten (AGI) met DiWi Niet CS: Actiegericht (her)inschatten (AGI) met DiWi"], ["Wz uit ander gewest wil een opleiding aanvragen bij VDAB", "Is de wz woonachtig buiten Vlaanderen? Procedure Servicelijn Verwijs de wz naar Le Forem of ADG, afhankelijk waar de wz woont. De wz moet de opleiding via die instelling aan VDAB aanvragen. De aanvraag moet minstens 3 weken voor de start van de opleiding gebeuren. Inschrijving als wz: Moet bij de instelling van oorsprong (Le Forem of ADG) Moet bij VDAB voor de opleiding. Is er al een dossier? Ja: wz blijft ingeschreven onder huidige categorie wz. Nee: maak een beperkt dossier aan (zonder categorie wz en kies voor 'voorlopige inschrijving i.h.k.v. de interregionale mobiliteit') Is de wz woonachtig in Brussel? Procedure Servicelijn De opleidingsaanvraag wordt via de normale routing behandeld. Zie Opleidingen aanvragen Verwijs naar de eigen bemiddelaar bij Actiris. Er is geen overdrachtdocument of document navette nodig."], ["Is de klant verplicht zich in te schrijven als wz in het andere gewest?", "Ja, maar alleen tijdens de opleiding. Na het opleidingstraject beslist de klant zelf of hij zijn inschrijving bij de andere gewestinstelling (VDAB, Forem, Actiris of ADG) behoudt. Achtergrondinfo Als de klant in Brussel woont, dan is er een automatische gegevensuitwisseling (in de andere gewesten krijgt de klant een formulier): Bijvoorbeeld: Een niet werkende wz uit Brussel volgt een opleiding bij VDAB: Bij de start van de opleiding schrijft VDAB hem in als vrije werkzoekende. Bij Actiris wordt de klant op een passieve categorie gezet. Zij volgen niet op. Het Actiris-dossier wordt via de automatische gegevensuitwisseling doorgegeven aan VDAB en VDAB volgt vanaf dat moment het opleidingstraject van de wz op. Zodra het opleidingstraject afgerond is, nodigt VDAB de klant uit voor een gesprek. De klant kan dan kiezen of hij bij VDAB ingeschreven wil blijven of niet. Reageert de klant niet op de uitnodiging, dan schrijft VDAB hem uit (cat 79). Actiris volgt het dossier van de klant opnieuw op. Een uitzondering hierop : opleidingen bij Brusselse partners die van Actiris financiele middelen krijgen om begeleiding uit te voeren tot 6 maanden na de opleiding."], ["Welk document is er vereist?", "Een overdrachtsdocument of document navette (intranet)"], ["Wie vult het overdrachtdocument in?", "Bij een aanvraag door een VDAB-klant: de VDAB of partnerbemiddelaar. klant uit een ander gewest: een contactpersoon in de instelling van oorsprong. De klant moet contact op te nemen met zijn instelling (Le Forem, ADG). Opgelet De aanvraag moet minstens 3 weken voor de start van de opleiding gebeuren. Servicelijn levert zelf geen document navette af."], ["Krijgen deze cursisten een document C98?", "Nee"], ["Wie betaalt de cursistenvergoedingen en -premies?", "VDAB-klant volgt opleiding in ander gewest: VDAB Klant uit ander gewest volgt opleiding bij VDAB: instelling van het andere gewest (Forem of ADG). Klant uit Brussels Hoofdstedelijk gewest volgt opleiding bij VDAB: VDAB"], ["Is een VOSS vereist?", "Ja Goedgekeurde opleiding IRM: wz hoeft geen VOSS aan te vragen. Wordt automatisch toegekend zoals voor een beroepsopleiding via VDAB. Opleiding IRM die niet aanvaard is door Forem of Brufor: de wz moet een VOSS niet-erkende opleiding aanvragen, zoals bv. OKOT in ander gewest. Andere opleidingen/studies in Brussel of Wallonie: de wz moet een VOSS niet-erkende opleiding aanvragen."], ["Brussel: de uitzondering", "In Brussel is de begeleiding en opleiding van wz opgesplitst: Actiris verzorgt de begeleiding/bemiddeling van Brusselse wz. Bruxelles Formation verzorgt Franstalige opleidingen in Brussel. VDAB Brussel verzorgt Nederlandstalige opleidingen in Brussel. Een klant van Actiris kan zonder het overdrachtsdocument opleiding aanvragen bij VDAB (automatische gegevensuitwisseling). Omgekeerd moet een opleiding bij Bruxelles Formation voor een VDAB-klant wel via het overdrachtsdocument gebeuren. Het document moet door de bemiddelaar (VDAB of partner) rechtstreeks aan Bruxelles Formation bezorgd worden."], ["Welke stappen omvat een aanvraag bij een ander gewest? (informatief)", "Volgende stappen zijn ter informatie De VDAB (of partner) -bemiddelaar doet een kwalificerende intake en een analyse van de opleidingsvraag. De bemiddelaar beslist dan of de opleiding al dan niet kan worden aangevraagd en neemt dit op in afsprakenblad. De VDAB (of partner)-bemiddelaar doet de opleidingsaanvraag via het overdrachtdocument 'individuele aanvraag voor interregionale opleiding' (= document navette). De VDAB (of partner)-bemiddelaar stuurt het ingevulde document navette (zowel de positieve als negatieve geadviseerde aanvragen) naar de centrale SPOC-AMB. De centrale SPOC-AMB zal de de positieve aanvragen doorsturen naar de contactpersoon van de ontvangende instelling. De ontvangende instelling beslist dan of er al dan niet de gevraagde opleiding kan gevolgd worden (ifv diverse criteria, zoals de relevantie van de vraag, de motivatie van de cursist, voldoende kennis van de taal, de planning, resultaat van verplichte medische of psychologische onderzoeken, ...). De ontvangende instelling motiveert altijd haar beslissing. Indien de aanvraag goedgekeurd is, dan zal de ontvangende instelling een opleidingscontract afsluiten met de cursist (waardoor de cursist ook verzekerd is). Mogelijke criteria om de aangevraagde opleiding goed te keuren: De aangevraagde opleiding wordt niet door de VDAB aangeboden. De aangevraagde opleiding wordt wel door de VDAB aangeboden, maar heeft lange wachttijden. De aangevraagde opleiding kan sneller opgestart worden. De aangevraagde opleiding biedt meer kansen aan de werkzoekende om sneller aan het werk te geraken. De opleiding is erkend door Le Forem of Bruxelles Formation (bij twijfel neemt de bemiddelaar (VDAB of partner) contact op met Le Forem of Bruxelles Formation: zie IRM contactpersonen). De erkende opleidingen passen in het vooropgestelde traject van de werkzoekende. Deze opleidingen leiden naar knelpuntberoepen."], ["Welke stappen omvat een aanvraag bij VDAB vanuit een ander gewest? (informatief)", "Wz woont buiten Vlaanderen Volgende stappen zijn ter informatie: De instelling van oorsprong analyseert en valideert de opleidingvraag van de cursist en beslist of de opleiding al dan niet bij VDAB kan aangevraagd worden. Daarna vraagt de instelling van oorsprong de opleiding aan via het overdrachtdocument 'individuele aanvraag voor interregionale opleiding' (= document navette - zie gerelateerde documenten). VDAB beslist dan of er al dan niet de gevraagde opleiding kan gevolgd worden (in functie van diverse criteria, zoals de relevantie van de vraag, de motivatie van de cursist, voldoende kennis van de taal, de planning, resultaat van verplichte medische of psychologische onderzoeken, ...). VDAB motiveert altijd haar beslissing. Indien de aanvraag goedgekeurd is, dan zal VDAB een opleidingscontract afsluiten met de cursist (waardoor de cursist ook verzekerd is). Wz woont in Brussel De opleidingsaanvraag wordt via de normale routing (zoals voor klanten uit Vlaanderen) behandeld (geen overdrachtdocument)."], ["Wat als de partnerbemiddelaar de klant naar VDAB doorstuurt voor het overdrachtsdocument?", "Procedure Servicelijn Verwijs de klant naar zijn partnerbemiddelaar om de aanvraag in orde te brengen. Stuur de partnerbemiddelaar volgende standaardmail: Beste Wij ontvingen de vraag van jouw klant \"naam - voornaam - ikl nr\" om het overdrachtsdocument voor hem/haar in orde te maken. Kan jij de klant verder helpen, a.u.b.? Meer info vind je op onze website  Extranet voor partners Met vriendelijke groeten VDAB"]], "link_ankers": [["https://intranet-rel1ldv.ops.vdab.be/faq/servicelijn/werkwinkels-brussels-hoofdstedelijk-gewest", "Werkwinkels in Brussels Hoofdstedelijk Gewest"], ["https://intranet-rel1ldv.ops.vdab.be/faq/servicelijn/hoe-dispatchen-procedures", "Niet CS: Actiegericht (her)inschatten (AGI) met DiWi"], ["https://intranet-rel1ldv.ops.vdab.be/faq/opleidingen-aanvragen", "Opleidingen aanvragen"], ["https://intranet-rel1ldv.ops.vdab.be/faq/servicelijn/hoe-dispatchen-procedures", "CS: Actiegericht (her)inschatten (AGI) met DiWi"]], "title_translation": "Follow training courses in another region", "field_trefwoorden_name_translation": ["education"], "domain_name_translation": ["working in wallonia, brussels or the german-speaking community", "request training"], "category_name_translation": "Service line", "field_faq_summary_translation": "Interregional mobility for VDAB customers who want to follow training in another region.", "content_translation": [["Cooperation agreement between regional employment services", "For the interregional mobility of trainees, the regional employment services (VDAB, Actiris, Le Forem & ADG) have concluded a cooperation agreement. This allows jobseekers to follow a training course in another region, if they meet the conditions."], ["How to apply for training at Le Forem, Bruxelles Formation, ADG as a VDAB customer?", "Please note that a customer or SL cannot request these training courses via VeO. Make it clear to the customer that the start of a training cannot happen immediately. Procedure Service line Tell the customer that the start of a training course cannot be done immediately. See paragraph ' What steps does an application to another region include? Enroll the customer as needed. File with mediator? Yes: Write down the info in a Note Share the Note with the mediator. The customer can also contact the mediator himself if desired. No: Dispatch sectoral: CS: Action-oriented (re)assessment (AGI) with DiWi Not CS: Action-oriented (re)assessment (AGI) with DiWi"], ["Wz from another region wants to apply for a training at VDAB", "Is the wz living outside Flanders? Procedure Service line Refer the wz to Le Forem or ADG, depending on where the wz lives. The WZ must apply for the training to VDAB through that institution. The application must be made at least 3 weeks before the start of the training. Registration as wz: Must be at the institution of origin (Le Forem or ADG) Must be at VDAB for the training. Is there already a file? Yes: wz remains registered under current category wz. No: create a limited file (without category wz and choose 'provisional registration due to interregional mobility') Is the wz resident in Brussels? Service line procedure The training request is handled via the normal routing. See Applying for training Refer to actiris' own mediator. No transfer document or navette document is required."], ["Is the customer obliged to register as a WZ in the other region?", "Yes, but only during the training. After the training programme, the customer decides for himself whether to keep his registration with the other regional institution (VDAB, Forem, Actiris or ADG). Background information If the customer lives in Brussels, there is an automatic exchange of data (in the other regions the customer receives a form): For example: A non-working WZ from Brussels follows a training course at VDAB: At the start of the training, VDAB registers him as a free job seeker. At Actiris, the customer is placed on a passive category. They do not follow up. The Actiris file is passed on to VDAB via the automatic data exchange and VDAB follows the training programme of the WZ from that moment on. As soon as the training program has been completed, VDAB invites the customer for an interview. The customer can then choose whether he wants to remain registered with VDAB or not. If the customer does not respond to the invitation, VDAB will unsubscribe (cat 79). Actiris follows up the customer's file again. An exception to this: training courses with Brussels partners who receive financial resources from Actiris to carry out guidance up to 6 months after the training."], ["What document is required?", "A transfer document or navette document (intranet)"], ["Who fills out the transfer document?", "In the case of an application by a VDAB customer: the VDAB or partner mediator. customer from another region: a contact person in the institution of origin. The customer must contact his institution (Le Forem, ADG). Attention: The application must be made at least 3 weeks before the start of the training. Service line does not deliver a document navette itself."], ["Will these students receive a C98 document?", "No"], ["Who pays the student fees and premiums? VDAB customer follows training in other region: VDAB", "Customer from other region follows training at VDAB: institution of the other region (Forem or ADG). Customer from the Brussels-Capital Region follows training at VDAB: VDAB"], ["Is a VOSS required?", "Yes Approved IRM training: wz does not need to apply for VOSS. Is granted automatically as for vocational training via VDAB. IRM training that is not accepted by Forem or Brufor: the WZ must apply for a VOSS non-recognized training, such as OKOT in another region. Other programmes/studies in Brussels or Wallonia: the WZ must apply for a VOSS non-recognised training."], ["Brussels: the exception In Brussels, the guidance and training of wz", "is split: Actiris provides the guidance/mediation of Brussels wz. Bruxelles Formation provides French-language training in Brussels. VDAB Brussels provides Dutch-language training in Brussels. An Actiris customer can request training from VDAB (automatic data exchange) without the transfer document. Conversely, a training at Bruxelles Formation for a VDAB customer must take place via the transfer document. The document must be sent directly to Bruxelles Formation by the mediator (VDAB or partner)."], ["What steps does an application to another region include? (informative)", "Next steps are for information The VDAB (or partner) mediator does a qualifying intake and an analysis of the training question. The mediator then decides whether or not the training can be requested and includes this in an appointment sheet. The VDAB (or partner) mediator makes the training application via the transfer document 'individual application for interregional training' (= document navette). The VDAB (or partner) mediator sends the completed document navette (both positive and negative advised applications) to the central SPOC-AMB. The central SPOC-AMB will forward the positive applications to the contact person of the receiving institution. The receiving institution then decides whether or not the requested training can be followed (subject to various criteria, such as the relevance of the question, the motivation of the student, sufficient knowledge of the language, the planning, result of mandatory medical or psychological examinations, ...). The receiving institution shall always give reasons for its decision. If the application is approved, the receiving institution will conclude a training contract with the student (so that the student is also insured). Possible criteria for approving the requested training: The requested training is not offered by the VDAB. The requested training is offered by the VDAB, but has long waiting times. The requested training can be started faster. The requested training offers more opportunities for the job seeker to get to work faster. The training is recognized by Le Forem or Bruxelles Formation (in case of doubt, the mediator (VDAB or partner) contacts Le Forem or Bruxelles Formation: see IRM contacts). The recognized training courses fit in with the predetermined trajectory of the job seeker. These courses lead to bottleneck professions."], ["What steps does an application to VDAB from another region include? (informative)", "Wz lives outside Flanders The following steps are for information: The institution of origin analyzes and validates the training demand of the student and decides whether or not the training can be requested from VDAB. After that, the institution of origin applies for the training via the transfer document 'individual application for interregional training' (= document navette - see related documents). VDAB then decides whether or not the requested training can be followed (depending on various criteria, such as the relevance of the question, the motivation of the student, sufficient knowledge of the language, the planning, result of mandatory medical or psychological examinations, ...). VDAB always motivates its decision. If the application is approved, VDAB will conclude a training contract with the student (so that the student is also insured). Wz lives in Brussels The training application is processed via the normal routing (such as for customers from Flanders) (no transfer document)."], ["What if the partner mediator forwards the customer to VDAB for the transfer document?", "Procedure Service line Refer the customer to his partner mediator to arrange the request. Send the partner mediator the following standard email: Dear We received the request from your customer \"surname - first name - ikl nr\" to arrange the transfer document for him / her. Can you help the customer further, please? More info can be found on our website Extranet for partners With kind regards VDAB"]], "document": "Opleidingen volgen in een ander gewest \n\n Interregionale mobiliteit voor VDAB-klanten die in een ander gewest opleiding willen volgen. \n\n Vraag aan de VDAB consulent: Samenwerkingsakkoord tussen gewestelijke arbeidsbemiddelingsdiensten? \n Antwoord of Actie: Voor de interregionale mobiliteit van cursisten, hebben de gewestelijke arbeidsbemiddelingsdiensten (VDAB, Actiris, Le Forem & ADG) een samenwerkingsakkoord afgesloten. Hierdoor kunnen werkzoekenden een opleiding volgen in een ander gewest, als ze voldoen aan de voorwaarden. \n\n Vraag aan de VDAB consulent: Hoe een opleiding aanvragen bij Le Forem, Bruxelles Formation, ADG als VDAB-klant?? \n Antwoord of Actie: Opgelet Deze opleidingen kan een klant of SL niet via VeO aanvragen. Maak duidelijk aan de klant dat de opstart van een opleiding niet onmiddellijk kan gebeuren. Procedure Servicelijn Vertel de klant dat de opstart van een opleiding niet onmiddellijk kan. zie alinea ' welke stappen omvat een aanvraag bij een ander gewest? ' Schrijf de klant in als nodig. Dossier met bemiddelaar? Ja: Noteer de info in een Notitie Deel de Notitie met de bemiddelaar. De klant kan ook zelf contact opnemen met de bemiddelaar indien gewenst. Nee: Dispatch sectoraal: CS: Actiegericht (her)inschatten (AGI) met DiWi Niet CS: Actiegericht (her)inschatten (AGI) met DiWi \n\n Vraag aan de VDAB consulent: Wz uit ander gewest wil een opleiding aanvragen bij VDAB? \n Antwoord of Actie: Is de wz woonachtig buiten Vlaanderen? Procedure Servicelijn Verwijs de wz naar Le Forem of ADG, afhankelijk waar de wz woont. De wz moet de opleiding via die instelling aan VDAB aanvragen. De aanvraag moet minstens 3 weken voor de start van de opleiding gebeuren. Inschrijving als wz: Moet bij de instelling van oorsprong (Le Forem of ADG) Moet bij VDAB voor de opleiding. Is er al een dossier? Ja: wz blijft ingeschreven onder huidige categorie wz. Nee: maak een beperkt dossier aan (zonder categorie wz en kies voor 'voorlopige inschrijving i.h.k.v. de interregionale mobiliteit') Is de wz woonachtig in Brussel? Procedure Servicelijn De opleidingsaanvraag wordt via de normale routing behandeld. Zie Opleidingen aanvragen Verwijs naar de eigen bemiddelaar bij Actiris. Er is geen overdrachtdocument of document navette nodig. \n\n Vraag aan de VDAB consulent: Is de klant verplicht zich in te schrijven als wz in het andere gewest?? \n Antwoord of Actie: Ja, maar alleen tijdens de opleiding. Na het opleidingstraject beslist de klant zelf of hij zijn inschrijving bij de andere gewestinstelling (VDAB, Forem, Actiris of ADG) behoudt. Achtergrondinfo Als de klant in Brussel woont, dan is er een automatische gegevensuitwisseling (in de andere gewesten krijgt de klant een formulier): Bijvoorbeeld: Een niet werkende wz uit Brussel volgt een opleiding bij VDAB: Bij de start van de opleiding schrijft VDAB hem in als vrije werkzoekende. Bij Actiris wordt de klant op een passieve categorie gezet. Zij volgen niet op. Het Actiris-dossier wordt via de automatische gegevensuitwisseling doorgegeven aan VDAB en VDAB volgt vanaf dat moment het opleidingstraject van de wz op. Zodra het opleidingstraject afgerond is, nodigt VDAB de klant uit voor een gesprek. De klant kan dan kiezen of hij bij VDAB ingeschreven wil blijven of niet. Reageert de klant niet op de uitnodiging, dan schrijft VDAB hem uit (cat 79). Actiris volgt het dossier van de klant opnieuw op. Een uitzondering hierop : opleidingen bij Brusselse partners die van Actiris financiele middelen krijgen om begeleiding uit te voeren tot 6 maanden na de opleiding. \n\n Vraag aan de VDAB consulent: Welk document is er vereist?? \n Antwoord of Actie: Een overdrachtsdocument of document navette (intranet) \n\n Vraag aan de VDAB consulent: Wie vult het overdrachtdocument in?? \n Antwoord of Actie: Bij een aanvraag door een VDAB-klant: de VDAB of partnerbemiddelaar. klant uit een ander gewest: een contactpersoon in de instelling van oorsprong. De klant moet contact op te nemen met zijn instelling (Le Forem, ADG). Opgelet De aanvraag moet minstens 3 weken voor de start van de opleiding gebeuren. Servicelijn levert zelf geen document navette af. \n\n Vraag aan de VDAB consulent: Krijgen deze cursisten een document C98?? \n Antwoord of Actie: Nee \n\n Vraag aan de VDAB consulent: Wie betaalt de cursistenvergoedingen en -premies?? \n Antwoord of Actie: VDAB-klant volgt opleiding in ander gewest: VDAB Klant uit ander gewest volgt opleiding bij VDAB: instelling van het andere gewest (Forem of ADG). Klant uit Brussels Hoofdstedelijk gewest volgt opleiding bij VDAB: VDAB \n\n Vraag aan de VDAB consulent: Is een VOSS vereist?? \n Antwoord of Actie: Ja Goedgekeurde opleiding IRM: wz hoeft geen VOSS aan te vragen. Wordt automatisch toegekend zoals voor een beroepsopleiding via VDAB. Opleiding IRM die niet aanvaard is door Forem of Brufor: de wz moet een VOSS niet-erkende opleiding aanvragen, zoals bv. OKOT in ander gewest. Andere opleidingen/studies in Brussel of Wallonie: de wz moet een VOSS niet-erkende opleiding aanvragen. \n\n Vraag aan de VDAB consulent: Brussel: de uitzondering? \n Antwoord of Actie: In Brussel is de begeleiding en opleiding van wz opgesplitst: Actiris verzorgt de begeleiding/bemiddeling van Brusselse wz. Bruxelles Formation verzorgt Franstalige opleidingen in Brussel. VDAB Brussel verzorgt Nederlandstalige opleidingen in Brussel. Een klant van Actiris kan zonder het overdrachtsdocument opleiding aanvragen bij VDAB (automatische gegevensuitwisseling). Omgekeerd moet een opleiding bij Bruxelles Formation voor een VDAB-klant wel via het overdrachtsdocument gebeuren. Het document moet door de bemiddelaar (VDAB of partner) rechtstreeks aan Bruxelles Formation bezorgd worden. \n\n Vraag aan de VDAB consulent: Welke stappen omvat een aanvraag bij een ander gewest? (informatief)? \n Antwoord of Actie: Volgende stappen zijn ter informatie De VDAB (of partner) -bemiddelaar doet een kwalificerende intake en een analyse van de opleidingsvraag. De bemiddelaar beslist dan of de opleiding al dan niet kan worden aangevraagd en neemt dit op in afsprakenblad. De VDAB (of partner)-bemiddelaar doet de opleidingsaanvraag via het overdrachtdocument 'individuele aanvraag voor interregionale opleiding' (= document navette). De VDAB (of partner)-bemiddelaar stuurt het ingevulde document navette (zowel de positieve als negatieve geadviseerde aanvragen) naar de centrale SPOC-AMB. De centrale SPOC-AMB zal de de positieve aanvragen doorsturen naar de contactpersoon van de ontvangende instelling. De ontvangende instelling beslist dan of er al dan niet de gevraagde opleiding kan gevolgd worden (ifv diverse criteria, zoals de relevantie van de vraag, de motivatie van de cursist, voldoende kennis van de taal, de planning, resultaat van verplichte medische of psychologische onderzoeken, ...). De ontvangende instelling motiveert altijd haar beslissing. Indien de aanvraag goedgekeurd is, dan zal de ontvangende instelling een opleidingscontract afsluiten met de cursist (waardoor de cursist ook verzekerd is). Mogelijke criteria om de aangevraagde opleiding goed te keuren: De aangevraagde opleiding wordt niet door de VDAB aangeboden. De aangevraagde opleiding wordt wel door de VDAB aangeboden, maar heeft lange wachttijden. De aangevraagde opleiding kan sneller opgestart worden. De aangevraagde opleiding biedt meer kansen aan de werkzoekende om sneller aan het werk te geraken. De opleiding is erkend door Le Forem of Bruxelles Formation (bij twijfel neemt de bemiddelaar (VDAB of partner) contact op met Le Forem of Bruxelles Formation: zie IRM contactpersonen). De erkende opleidingen passen in het vooropgestelde traject van de werkzoekende. Deze opleidingen leiden naar knelpuntberoepen. \n\n Vraag aan de VDAB consulent: Welke stappen omvat een aanvraag bij VDAB vanuit een ander gewest? (informatief)? \n Antwoord of Actie: Wz woont buiten Vlaanderen Volgende stappen zijn ter informatie: De instelling van oorsprong analyseert en valideert de opleidingvraag van de cursist en beslist of de opleiding al dan niet bij VDAB kan aangevraagd worden. Daarna vraagt de instelling van oorsprong de opleiding aan via het overdrachtdocument 'individuele aanvraag voor interregionale opleiding' (= document navette - zie gerelateerde documenten). VDAB beslist dan of er al dan niet de gevraagde opleiding kan gevolgd worden (in functie van diverse criteria, zoals de relevantie van de vraag, de motivatie van de cursist, voldoende kennis van de taal, de planning, resultaat van verplichte medische of psychologische onderzoeken, ...). VDAB motiveert altijd haar beslissing. Indien de aanvraag goedgekeurd is, dan zal VDAB een opleidingscontract afsluiten met de cursist (waardoor de cursist ook verzekerd is). Wz woont in Brussel De opleidingsaanvraag wordt via de normale routing (zoals voor klanten uit Vlaanderen) behandeld (geen overdrachtdocument). \n\n Vraag aan de VDAB consulent: Wat als de partnerbemiddelaar de klant naar VDAB doorstuurt voor het overdrachtsdocument?? \n Antwoord of Actie: Procedure Servicelijn Verwijs de klant naar zijn partnerbemiddelaar om de aanvraag in orde te brengen. Stuur de partnerbemiddelaar volgende standaardmail: Beste Wij ontvingen de vraag van jouw klant \"naam - voornaam - ikl nr\" om het overdrachtsdocument voor hem/haar in orde te maken. Kan jij de klant verder helpen, a.u.b.? Meer info vind je op onze website  Extranet voor partners Met vriendelijke groeten VDAB \n\n Categorie: Servicelijn \n\n Domein: opleidingen aanvragen - werken in wallonie, brussel of de duitstalige gemeenschap \n\n Tags: opleiding \n\n Url: https://intranet-rel1ldv.ops.vdab.be/faq/servicelijn/opleidingen-volgen-een-ander-gewest \n\n Volgende paginas: Werkwinkels in Brussels Hoofdstedelijk Gewest, via https://intranet-rel1ldv.ops.vdab.be/faq/servicelijn/werkwinkels-brussels-hoofdstedelijk-gewest - Niet CS: Actiegericht (her)inschatten (AGI) met DiWi, via https://intranet-rel1ldv.ops.vdab.be/faq/servicelijn/hoe-dispatchen-procedures - Opleidingen aanvragen, via https://intranet-rel1ldv.ops.vdab.be/faq/opleidingen-aanvragen - CS: Actiegericht (her)inschatten (AGI) met DiWi, via https://intranet-rel1ldv.ops.vdab.be/faq/servicelijn/hoe-dispatchen-procedures \n\n Type: intranet", "document_translation": "Follow training courses in another region \n\n Interregional mobility for VDAB customers who want to follow training in another region. \n\n Question for the VDAB counselor: Cooperation agreement between regional employment services? \n Answer or Action: For the interregional mobility of trainees, the regional employment services (VDAB, Actiris, Le Forem & ADG) have concluded a cooperation agreement. This allows jobseekers to follow a training course in another region, if they meet the conditions. \n\n Question for the VDAB counselor: How to apply for training at Le Forem, Bruxelles Formation, ADG as a VDAB customer?? \n Answer or Action: Please note that a customer or SL cannot request these training courses via VeO. Make it clear to the customer that the start of a training cannot happen immediately. Procedure Service line Tell the customer that the start of a training course cannot be done immediately. See paragraph ' What steps does an application to another region include? Enroll the customer as needed. File with mediator? Yes: Write down the info in a Note Share the Note with the mediator. The customer can also contact the mediator himself if desired. No: Dispatch sectoral: CS: Action-oriented (re)assessment (AGI) with DiWi Not CS: Action-oriented (re)assessment (AGI) with DiWi \n\n Question for the VDAB counselor: Wz from another region wants to apply for a training at VDAB? \n Answer or Action: Is the wz living outside Flanders? Procedure Service line Refer the wz to Le Forem or ADG, depending on where the wz lives. The WZ must apply for the training to VDAB through that institution. The application must be made at least 3 weeks before the start of the training. Registration as wz: Must be at the institution of origin (Le Forem or ADG) Must be at VDAB for the training. Is there already a file? Yes: wz remains registered under current category wz. No: create a limited file (without category wz and choose 'provisional registration due to interregional mobility') Is the wz resident in Brussels? Service line procedure The training request is handled via the normal routing. See Applying for training Refer to actiris' own mediator. No transfer document or navette document is required. \n\n Question for the VDAB counselor: Is the customer obliged to register as a WZ in the other region?? \n Answer or Action: Yes, but only during the training. After the training programme, the customer decides for himself whether to keep his registration with the other regional institution (VDAB, Forem, Actiris or ADG). Background information If the customer lives in Brussels, there is an automatic exchange of data (in the other regions the customer receives a form): For example: A non-working WZ from Brussels follows a training course at VDAB: At the start of the training, VDAB registers him as a free job seeker. At Actiris, the customer is placed on a passive category. They do not follow up. The Actiris file is passed on to VDAB via the automatic data exchange and VDAB follows the training programme of the WZ from that moment on. As soon as the training program has been completed, VDAB invites the customer for an interview. The customer can then choose whether he wants to remain registered with VDAB or not. If the customer does not respond to the invitation, VDAB will unsubscribe (cat 79). Actiris follows up the customer's file again. An exception to this: training courses with Brussels partners who receive financial resources from Actiris to carry out guidance up to 6 months after the training. \n\n Question for the VDAB counselor: What document is required?? \n Answer or Action: A transfer document or navette document (intranet) \n\n Question for the VDAB counselor: Who fills out the transfer document?? \n Answer or Action: In the case of an application by a VDAB customer: the VDAB or partner mediator. customer from another region: a contact person in the institution of origin. The customer must contact his institution (Le Forem, ADG). Attention: The application must be made at least 3 weeks before the start of the training. Service line does not deliver a document navette itself. \n\n Question for the VDAB counselor: Will these students receive a C98 document?? \n Answer or Action: No \n\n Question for the VDAB counselor: Who pays the student fees and premiums? VDAB customer follows training in other region: VDAB? \n Answer or Action: Customer from other region follows training at VDAB: institution of the other region (Forem or ADG). Customer from the Brussels-Capital Region follows training at VDAB: VDAB \n\n Question for the VDAB counselor: Is a VOSS required?? \n Answer or Action: Yes Approved IRM training: wz does not need to apply for VOSS. Is granted automatically as for vocational training via VDAB. IRM training that is not accepted by Forem or Brufor: the WZ must apply for a VOSS non-recognized training, such as OKOT in another region. Other programmes/studies in Brussels or Wallonia: the WZ must apply for a VOSS non-recognised training. \n\n Question for the VDAB counselor: Brussels: the exception In Brussels, the guidance and training of wz? \n Answer or Action: is split: Actiris provides the guidance/mediation of Brussels wz. Bruxelles Formation provides French-language training in Brussels. VDAB Brussels provides Dutch-language training in Brussels. An Actiris customer can request training from VDAB (automatic data exchange) without the transfer document. Conversely, a training at Bruxelles Formation for a VDAB customer must take place via the transfer document. The document must be sent directly to Bruxelles Formation by the mediator (VDAB or partner). \n\n Question for the VDAB counselor: What steps does an application to another region include? (informative)? \n Answer or Action: Next steps are for information The VDAB (or partner) mediator does a qualifying intake and an analysis of the training question. The mediator then decides whether or not the training can be requested and includes this in an appointment sheet. The VDAB (or partner) mediator makes the training application via the transfer document 'individual application for interregional training' (= document navette). The VDAB (or partner) mediator sends the completed document navette (both positive and negative advised applications) to the central SPOC-AMB. The central SPOC-AMB will forward the positive applications to the contact person of the receiving institution. The receiving institution then decides whether or not the requested training can be followed (subject to various criteria, such as the relevance of the question, the motivation of the student, sufficient knowledge of the language, the planning, result of mandatory medical or psychological examinations, ...). The receiving institution shall always give reasons for its decision. If the application is approved, the receiving institution will conclude a training contract with the student (so that the student is also insured). Possible criteria for approving the requested training: The requested training is not offered by the VDAB. The requested training is offered by the VDAB, but has long waiting times. The requested training can be started faster. The requested training offers more opportunities for the job seeker to get to work faster. The training is recognized by Le Forem or Bruxelles Formation (in case of doubt, the mediator (VDAB or partner) contacts Le Forem or Bruxelles Formation: see IRM contacts). The recognized training courses fit in with the predetermined trajectory of the job seeker. These courses lead to bottleneck professions. \n\n Question for the VDAB counselor: What steps does an application to VDAB from another region include? (informative)? \n Answer or Action: Wz lives outside Flanders The following steps are for information: The institution of origin analyzes and validates the training demand of the student and decides whether or not the training can be requested from VDAB. After that, the institution of origin applies for the training via the transfer document 'individual application for interregional training' (= document navette - see related documents). VDAB then decides whether or not the requested training can be followed (depending on various criteria, such as the relevance of the question, the motivation of the student, sufficient knowledge of the language, the planning, result of mandatory medical or psychological examinations, ...). VDAB always motivates its decision. If the application is approved, VDAB will conclude a training contract with the student (so that the student is also insured). Wz lives in Brussels The training application is processed via the normal routing (such as for customers from Flanders) (no transfer document). \n\n Question for the VDAB counselor: What if the partner mediator forwards the customer to VDAB for the transfer document?? \n Answer or Action: Procedure Service line Refer the customer to his partner mediator to arrange the request. Send the partner mediator the following standard email: Dear We received the request from your customer \"surname - first name - ikl nr\" to arrange the transfer document for him / her. Can you help the customer further, please? More info can be found on our website Extranet for partners With kind regards VDAB \n\n Category: Service line \n\n Domain: working in wallonia, brussels or the german-speaking community - request training \n\n Tags: education \n\n Url: https://intranet-rel1ldv.ops.vdab.be/faq/servicelijn/opleidingen-volgen-een-ander-gewest \n\n Next pages: Werkwinkels in Brussels Hoofdstedelijk Gewest, via https://intranet-rel1ldv.ops.vdab.be/faq/servicelijn/werkwinkels-brussels-hoofdstedelijk-gewest - Niet CS: Actiegericht (her)inschatten (AGI) met DiWi, via https://intranet-rel1ldv.ops.vdab.be/faq/servicelijn/hoe-dispatchen-procedures - Opleidingen aanvragen, via https://intranet-rel1ldv.ops.vdab.be/faq/opleidingen-aanvragen - CS: Actiegericht (her)inschatten (AGI) met DiWi, via https://intranet-rel1ldv.ops.vdab.be/faq/servicelijn/hoe-dispatchen-procedures \n\n Type: intranet"}