{"title": "Communicatie-acties in de vacaturewerking: cascadesysteem", "type": "intranet", "field_trefwoorden_name": ["cascadesysteem", "communicatie-acties"], "domain_name": ["vacatures opvolgen"], "category_name": "Servicelijn", "field_faq_summary": "praktische info voor bemiddelaars, van de vacaturewerking van de Servicelijn, over de werking van het cascadesysteem voor het uitsturen van communicaties vanuit CoCo.", "url": "https://intranet-rel1ldv.ops.vdab.be/faq/servicelijn/communicatie-acties-de-vacaturewerking-cascadesysteem", "content": [["Situering?", "E-mail communicaties, vanuit Mvac naar een wg, vertrekken vanuit CoCo (Communicatie Component).   CoCo versstuurt e-mails zeer gericht aan personen binnen een organisatie. Dat gebeurt volgens een cascadesysteem."], ["Hoe ziet de cascade eruit?", "Zie flap \"Beheer\" in de vacature. Enkel indien de optie \"Ik wil dat een VDAB-bemiddelaar me helpt om een geschikte kandidaat te vinden\" is aangevinkt (vacature in gedeeld beheer). Hier staan de contactgegevens ifv dienstverlening vermeld.  Het e-mailadres is niet verplicht in te vullen, indien een telefoonnummer vermeld is. Staat het e-mailadres niet vermeld, ga dan naar stap 2."], ["Extra info over het cascadesysteem", "Zie sollicitatie procedure in de vacature. Enkel indien de optie \"Sollicitatie via e-mail\" is aangevinkt. Is deze optie niet aangevinkt, ga dan naar stap 3."], ["1. Mailadres in contactgegevens dienstverlening", "Zie Sollicitatieprocedure in de vacature, bij \"Contactpersoon\" Indien geen e-mailadres is ingevuld, ga dan naar stap 4 en stap 5."], ["2. Mailadres vermeld in soll.procedure (soll.via e-mail)", "Stap 4. en stap 5. verlopen samen. Mvac zoekt in de Mijn VDAB-tool van de wg (stap 4) en in AMI (stap 5). Zie naar het algemeen e-mailadres bij de bedrijfsgegevens, op vestigingsniveau. Is er geen e-mailadres vermeld, ga dan naar stap 6."], ["3. Mailadres contactpersoon vacature", "Zie AMI, flap \"Contactpers.\" (op vestigingsniveau). Dit is het e-mailadres van de actieve algemene verantwoordelijke.  Zijn er meerdere actieve algemene verantwoordelijken aangevinkt, ga dan naar stap 7."], ["4. en 5. Mailadres in publicatiegegevens en in juridische gegevens", "Geen verdere actie. MAAR: Er vertrekt een e-mail naar de beheerder (of dispatcher, indien nog geen beheerder gekend) met de vraag om het e-mailadres in te vullen. Dit is enkel bij vacatures in gedeeld beheer."], ["6. Mailadres in hoofdcontact in org.service", "Neen Deze info is interne info voor bemiddelaars. Bij vragen van wgs en onduidelijkheid over communicaties is bovenstaande info slechts een hulpmiddel voor de bemiddelaar om zaken uit te klaren.  Navigeer de wg naar de juiste velden om een correct e-mailadres in te vullen."], ["7. Geen mailadres gevonden", "Zie daarvoor in het document \" Communicatie-acties in de vacaturewerking \"."]], "link_ankers": [["https://intranet-rel1ldv.ops.vdab.be/faq/servicelijn/communicatie-acties-de-vacaturewerking", "Communicatie-acties in de vacaturewerking"]], "title_translation": "Communication actions in the vacancy operation: cascade system", "field_trefwoorden_name_translation": ["communication actions", "cascade system"], "domain_name_translation": ["follow up on vacancies"], "category_name_translation": "Service line", "field_faq_summary_translation": "practical information for intermediaries, from the vacancy operation of the Service Line, about the operation of the cascade system for sending out communications from CoCo.", "content_translation": [["Location?", "E-mail communications, from Mvac to a wg, depart from CoCo (Communication Component).   CoCo sends e-mails very specifically to people within an organization. This is done according to a cascade system."], ["What does the cascade look like?", "See flap \"Management\" in the vacancy. Only if the option \"I want a VDAB mediator to help me find a suitable candidate\" is checked (vacancy under shared management). Here are the contact details for services.  The e-mail address is not mandatory if a telephone number is mentioned. If the email address is not listed, go to step 2."], ["Additional information about the cascade system", "See application procedure in the vacancy. Only if the option \"Application by e-mail\" is checked. If this option is unchecked, go to step 3."], ["1. E-mail address in contact details", "See Application procedure in the vacancy, under \"Contact person\" If no e-mail address is entered, go to step 4 and step 5."], ["2. Email address mentioned in soll.procedure (soll.via e-mail)", "Step 4. and step 5. expired together. Mvac searches in the My VDAB tool of the wg (step 4) and in AMI (step 5). See the general e-mail address at the company details, at branch level. If no email address is listed, go to step 6."], ["3. Contact person vacancy", "See AMI, flap \"Contact persons.\" (at branch level). This is the e-mail address of the active general manager.  If multiple active general managers are checked, go to step 7."], ["4. and 5. E-mail address in publication data and in legal data", "No further action. BUT: An e-mail is sent to the administrator (or dispatcher, if no administrator is already known) asking them to enter the e-mail address. This is only for vacancies under shared management."], ["6. Email address in main contact in org.service", "No This info is internal info for mediators. In case of questions from wgs and uncertainty about communications, the above information is only a tool for the mediator to clarify matters.  Navigate the wg to the correct fields to enter a correct email address."], ["7. No email address found", "See the document \" Communication actions in the vacancy operation \"."]], "document": "Communicatie-acties in de vacaturewerking: cascadesysteem \n\n praktische info voor bemiddelaars, van de vacaturewerking van de Servicelijn, over de werking van het cascadesysteem voor het uitsturen van communicaties vanuit CoCo. \n\n Vraag aan de VDAB consulent: Situering?? \n Antwoord of Actie: E-mail communicaties, vanuit Mvac naar een wg, vertrekken vanuit CoCo (Communicatie Component).   CoCo versstuurt e-mails zeer gericht aan personen binnen een organisatie. Dat gebeurt volgens een cascadesysteem. \n\n Vraag aan de VDAB consulent: Hoe ziet de cascade eruit?? \n Antwoord of Actie: Zie flap \"Beheer\" in de vacature. Enkel indien de optie \"Ik wil dat een VDAB-bemiddelaar me helpt om een geschikte kandidaat te vinden\" is aangevinkt (vacature in gedeeld beheer). Hier staan de contactgegevens ifv dienstverlening vermeld.  Het e-mailadres is niet verplicht in te vullen, indien een telefoonnummer vermeld is. Staat het e-mailadres niet vermeld, ga dan naar stap 2. \n\n Vraag aan de VDAB consulent: Extra info over het cascadesysteem? \n Antwoord of Actie: Zie sollicitatie procedure in de vacature. Enkel indien de optie \"Sollicitatie via e-mail\" is aangevinkt. Is deze optie niet aangevinkt, ga dan naar stap 3. \n\n Vraag aan de VDAB consulent: 1. Mailadres in contactgegevens dienstverlening? \n Antwoord of Actie: Zie Sollicitatieprocedure in de vacature, bij \"Contactpersoon\" Indien geen e-mailadres is ingevuld, ga dan naar stap 4 en stap 5. \n\n Vraag aan de VDAB consulent: 2. Mailadres vermeld in soll.procedure (soll.via e-mail)? \n Antwoord of Actie: Stap 4. en stap 5. verlopen samen. Mvac zoekt in de Mijn VDAB-tool van de wg (stap 4) en in AMI (stap 5). Zie naar het algemeen e-mailadres bij de bedrijfsgegevens, op vestigingsniveau. Is er geen e-mailadres vermeld, ga dan naar stap 6. \n\n Vraag aan de VDAB consulent: 3. Mailadres contactpersoon vacature? \n Antwoord of Actie: Zie AMI, flap \"Contactpers.\" (op vestigingsniveau). Dit is het e-mailadres van de actieve algemene verantwoordelijke.  Zijn er meerdere actieve algemene verantwoordelijken aangevinkt, ga dan naar stap 7. \n\n Vraag aan de VDAB consulent: 4. en 5. Mailadres in publicatiegegevens en in juridische gegevens? \n Antwoord of Actie: Geen verdere actie. MAAR: Er vertrekt een e-mail naar de beheerder (of dispatcher, indien nog geen beheerder gekend) met de vraag om het e-mailadres in te vullen. Dit is enkel bij vacatures in gedeeld beheer. \n\n Vraag aan de VDAB consulent: 6. Mailadres in hoofdcontact in org.service? \n Antwoord of Actie: Neen Deze info is interne info voor bemiddelaars. Bij vragen van wgs en onduidelijkheid over communicaties is bovenstaande info slechts een hulpmiddel voor de bemiddelaar om zaken uit te klaren.  Navigeer de wg naar de juiste velden om een correct e-mailadres in te vullen. \n\n Vraag aan de VDAB consulent: 7. Geen mailadres gevonden? \n Antwoord of Actie: Zie daarvoor in het document \" Communicatie-acties in de vacaturewerking \". \n\n Categorie: Servicelijn \n\n Domein: vacatures opvolgen \n\n Tags: cascadesysteem, communicatie-acties \n\n Url: https://intranet-rel1ldv.ops.vdab.be/faq/servicelijn/communicatie-acties-de-vacaturewerking-cascadesysteem \n\n Volgende paginas: Communicatie-acties in de vacaturewerking, via https://intranet-rel1ldv.ops.vdab.be/faq/servicelijn/communicatie-acties-de-vacaturewerking \n\n Type: intranet", "document_translation": "Communication actions in the vacancy operation: cascade system \n\n practical information for intermediaries, from the vacancy operation of the Service Line, about the operation of the cascade system for sending out communications from CoCo. \n\n Question for the VDAB counselor: Location?? \n Answer or Action: E-mail communications, from Mvac to a wg, depart from CoCo (Communication Component).   CoCo sends e-mails very specifically to people within an organization. This is done according to a cascade system. \n\n Question for the VDAB counselor: What does the cascade look like?? \n Answer or Action: See flap \"Management\" in the vacancy. Only if the option \"I want a VDAB mediator to help me find a suitable candidate\" is checked (vacancy under shared management). Here are the contact details for services.  The e-mail address is not mandatory if a telephone number is mentioned. If the email address is not listed, go to step 2. \n\n Question for the VDAB counselor: Additional information about the cascade system? \n Answer or Action: See application procedure in the vacancy. Only if the option \"Application by e-mail\" is checked. If this option is unchecked, go to step 3. \n\n Question for the VDAB counselor: 1. E-mail address in contact details? \n Answer or Action: See Application procedure in the vacancy, under \"Contact person\" If no e-mail address is entered, go to step 4 and step 5. \n\n Question for the VDAB counselor: 2. Email address mentioned in soll.procedure (soll.via e-mail)? \n Answer or Action: Step 4. and step 5. expired together. Mvac searches in the My VDAB tool of the wg (step 4) and in AMI (step 5). See the general e-mail address at the company details, at branch level. If no email address is listed, go to step 6. \n\n Question for the VDAB counselor: 3. Contact person vacancy? \n Answer or Action: See AMI, flap \"Contact persons.\" (at branch level). This is the e-mail address of the active general manager.  If multiple active general managers are checked, go to step 7. \n\n Question for the VDAB counselor: 4. and 5. E-mail address in publication data and in legal data? \n Answer or Action: No further action. BUT: An e-mail is sent to the administrator (or dispatcher, if no administrator is already known) asking them to enter the e-mail address. This is only for vacancies under shared management. \n\n Question for the VDAB counselor: 6. Email address in main contact in org.service? \n Answer or Action: No This info is internal info for mediators. In case of questions from wgs and uncertainty about communications, the above information is only a tool for the mediator to clarify matters.  Navigate the wg to the correct fields to enter a correct email address. \n\n Question for the VDAB counselor: 7. No email address found? \n Answer or Action: See the document \" Communication actions in the vacancy operation \". \n\n Category: Service line \n\n Domain: follow up on vacancies \n\n Tags: communication actions, cascade system \n\n Url: https://intranet-rel1ldv.ops.vdab.be/faq/servicelijn/communicatie-acties-de-vacaturewerking-cascadesysteem \n\n Next pages: Communicatie-acties in de vacaturewerking, via https://intranet-rel1ldv.ops.vdab.be/faq/servicelijn/communicatie-acties-de-vacaturewerking \n\n Type: intranet"}