{"title": "Taal- en jobcoaching op de werkvloer", "type": "intranet", "field_trefwoorden_name": ["nt2"], "domain_name": ["cluster nt2", "opleidingen in de kijker"], "category_name": "Servicelijn", "field_faq_summary": "Info m.b.t. mogelijkheid tot taalcoaching op de werkvloer", "url": "https://intranet-rel1ldv.ops.vdab.be/faq/servicelijn/taal-en-jobcoaching-op-de-werkvloer", "content": [["Inschatten van de nood bij de wg", "Is er nood aan: enkel taalondersteuning voor 1 of meerdere werknemers: Nederlands op de werkvloer . ondersteuning bij aanleren competenties als nieuwe/toekomstige medewerker en bijkomend ook taalondersteuning: Individuele beroepsopleiding met gratis taalcoaching taalondersteuning en ondersteuning om in te werken als nieuwe medewerker en attitude: taal- en jobcoaching nieuwe medewerkers"], ["Nederlands op de werkvloer", "Kostprijs Betalend, de prijs is afhankelijk van de partner die de opleiding voorziet Mogelijk komt de opleiding in aanmerking voor de KMO-portefeuille . Hoe aanvragen Op  jobentaalcoaching.be  >  Opleidingen, workshops en adviezen rond taal  kan je het aanbod zoeken in jouw buurt.  Vragen Gebruik het contactformulier op de website jobentaalcoaching.be."], ["Individuele beroepsopleiding met gratis taalcoaching", "Kostprijs Gratis Hoe aanvragen Bespreken met de IBO-bemiddelaar bij de aanvraag van de IBO. Vragen Mail naar wpl@vdab.be . zie  IBO met extra taalcoaching: IBO-T"], ["Taal- en jobcoaching nieuwe medewerkers", "Wat houdt jobcoaching of coach nieuwe medewerkers in De jobcoach helpt de nieuwe werknemer om zich in te werken, de juiste werkhouding aan te nemen, goed te functioneren binnen het team, enz. Spreekt de nieuwe medewerker niet goed Nederlands, dan krijgt hij ook taalcoaching. Doel? Een tevreden medewerker die kwalitatief werk aflevert en lang bij de werkgever aan de slag blijft. Kostprijs Gratis - zie VDAB website:  Coach nieuwe medewerkers Hoe aanvragen Op  jobentaalcoaching.be  kan je een jobcoach zoeken in jouw buurt. Vragen Gebruik het contactformulier op de website jobentaalcoaching.be."], ["Meer info over anderstalig talent tewerkstellen", "website: Anderstalig talent tewerkstellen Anderstalige medewerkers ondersteunen op de werkvloer Procedure Servicelijn Verwijs naar integratiedoorwerk@vdab.be  bij vragen waarop je geen antwoord vindt (KS en website)."]], "link_ankers": [["https://intranet-rel1ldv.ops.vdab.be/faq/servicelijn/speciale-ibo-ibo-met-taalondersteuning", "IBO met extra taalcoaching: IBO-T"], ["https://intranet-rel1ldv.ops.vdab.be/faq/servicelijn/werkgevers-en-de-kmo-portefeuille-vroegere-opleidings-en-adviescheques", "KMO-portefeuille"]], "title_translation": "Language and job coaching in the workplace", "field_trefwoorden_name_translation": ["nt2"], "domain_name_translation": ["cluster nt2", "training in the spotlight"], "category_name_translation": "Service line", "field_faq_summary_translation": "Information regarding the possibility of language coaching in the workplace", "content_translation": [["Estimating the need at the wg", "Is there a need for: only language support for 1 or more employees: Dutch on the work floor. support in learning competences as a new/future employee and additional language support: Individual vocational training with free language coaching language support and support to work as a new employee and attitude: language and job coaching new employees"], ["Dutch on the work floor", "Cost price Paying, the price depends on the partner who provides the training The training may be eligible for the SME portfolio. How to apply On jobentaalcoaching.be > Training, workshops and advice on language, you can search for the offer in your area.  Questions Use the contact form on the website jobentaalcoaching.be."], ["Individual vocational training with free language coaching", "Cost Free How to apply Discuss with the IBO mediator when applying for the IBO. Questions Mail to wpl@vdab.be . see IBO with extra language coaching: IBO-T"], ["Language and job coaching new employees What does job coaching or coach new", "employees mean The job coach helps the new employee to get onboarded, to adopt the right working attitude, to function well within the team, etc. If the new employee does not speak Dutch well, he will also receive language coaching. Purpose? A satisfied employee who delivers quality work and stays with the employer for a long time. Cost Price Free - see VDAB website: Coach new employees How to apply On jobentaalcoaching.be you can find a job coach in your area. Questions Use the contact form on the website jobentaalcoaching.be."], ["More information about employing foreign-language talent", "website: Employing foreign-language talent Supporting foreign-language employees in the workplace Procedure Service line Refer to integratiedoorwerk@vdab.be for questions to which you do not find an answer (KS and website)."]], "document": "Taal- en jobcoaching op de werkvloer \n\n Info m.b.t. mogelijkheid tot taalcoaching op de werkvloer \n\n Vraag aan de VDAB consulent: Inschatten van de nood bij de wg? \n Antwoord of Actie: Is er nood aan: enkel taalondersteuning voor 1 of meerdere werknemers: Nederlands op de werkvloer . ondersteuning bij aanleren competenties als nieuwe/toekomstige medewerker en bijkomend ook taalondersteuning: Individuele beroepsopleiding met gratis taalcoaching taalondersteuning en ondersteuning om in te werken als nieuwe medewerker en attitude: taal- en jobcoaching nieuwe medewerkers \n\n Vraag aan de VDAB consulent: Nederlands op de werkvloer? \n Antwoord of Actie: Kostprijs Betalend, de prijs is afhankelijk van de partner die de opleiding voorziet Mogelijk komt de opleiding in aanmerking voor de KMO-portefeuille . Hoe aanvragen Op  jobentaalcoaching.be  >  Opleidingen, workshops en adviezen rond taal  kan je het aanbod zoeken in jouw buurt.  Vragen Gebruik het contactformulier op de website jobentaalcoaching.be. \n\n Vraag aan de VDAB consulent: Individuele beroepsopleiding met gratis taalcoaching? \n Antwoord of Actie: Kostprijs Gratis Hoe aanvragen Bespreken met de IBO-bemiddelaar bij de aanvraag van de IBO. Vragen Mail naar wpl@vdab.be . zie  IBO met extra taalcoaching: IBO-T \n\n Vraag aan de VDAB consulent: Taal- en jobcoaching nieuwe medewerkers? \n Antwoord of Actie: Wat houdt jobcoaching of coach nieuwe medewerkers in De jobcoach helpt de nieuwe werknemer om zich in te werken, de juiste werkhouding aan te nemen, goed te functioneren binnen het team, enz. Spreekt de nieuwe medewerker niet goed Nederlands, dan krijgt hij ook taalcoaching. Doel? Een tevreden medewerker die kwalitatief werk aflevert en lang bij de werkgever aan de slag blijft. Kostprijs Gratis - zie VDAB website:  Coach nieuwe medewerkers Hoe aanvragen Op  jobentaalcoaching.be  kan je een jobcoach zoeken in jouw buurt. Vragen Gebruik het contactformulier op de website jobentaalcoaching.be. \n\n Vraag aan de VDAB consulent: Meer info over anderstalig talent tewerkstellen? \n Antwoord of Actie: website: Anderstalig talent tewerkstellen Anderstalige medewerkers ondersteunen op de werkvloer Procedure Servicelijn Verwijs naar integratiedoorwerk@vdab.be  bij vragen waarop je geen antwoord vindt (KS en website). \n\n Categorie: Servicelijn \n\n Domein: cluster nt2 - opleidingen in de kijker \n\n Tags: nt2 \n\n Url: https://intranet-rel1ldv.ops.vdab.be/faq/servicelijn/taal-en-jobcoaching-op-de-werkvloer \n\n Volgende paginas: IBO met extra taalcoaching: IBO-T, via https://intranet-rel1ldv.ops.vdab.be/faq/servicelijn/speciale-ibo-ibo-met-taalondersteuning - KMO-portefeuille, via https://intranet-rel1ldv.ops.vdab.be/faq/servicelijn/werkgevers-en-de-kmo-portefeuille-vroegere-opleidings-en-adviescheques \n\n Type: intranet", "document_translation": "Language and job coaching in the workplace \n\n Information regarding the possibility of language coaching in the workplace \n\n Question for the VDAB counselor: Estimating the need at the wg? \n Answer or Action: Is there a need for: only language support for 1 or more employees: Dutch on the work floor. support in learning competences as a new/future employee and additional language support: Individual vocational training with free language coaching language support and support to work as a new employee and attitude: language and job coaching new employees \n\n Question for the VDAB counselor: Dutch on the work floor? \n Answer or Action: Cost price Paying, the price depends on the partner who provides the training The training may be eligible for the SME portfolio. How to apply On jobentaalcoaching.be > Training, workshops and advice on language, you can search for the offer in your area.  Questions Use the contact form on the website jobentaalcoaching.be. \n\n Question for the VDAB counselor: Individual vocational training with free language coaching? \n Answer or Action: Cost Free How to apply Discuss with the IBO mediator when applying for the IBO. Questions Mail to wpl@vdab.be . see IBO with extra language coaching: IBO-T \n\n Question for the VDAB counselor: Language and job coaching new employees What does job coaching or coach new? \n Answer or Action: employees mean The job coach helps the new employee to get onboarded, to adopt the right working attitude, to function well within the team, etc. If the new employee does not speak Dutch well, he will also receive language coaching. Purpose? A satisfied employee who delivers quality work and stays with the employer for a long time. Cost Price Free - see VDAB website: Coach new employees How to apply On jobentaalcoaching.be you can find a job coach in your area. Questions Use the contact form on the website jobentaalcoaching.be. \n\n Question for the VDAB counselor: More information about employing foreign-language talent? \n Answer or Action: website: Employing foreign-language talent Supporting foreign-language employees in the workplace Procedure Service line Refer to integratiedoorwerk@vdab.be for questions to which you do not find an answer (KS and website). \n\n Category: Service line \n\n Domain: cluster nt2 - training in the spotlight \n\n Tags: nt2 \n\n Url: https://intranet-rel1ldv.ops.vdab.be/faq/servicelijn/taal-en-jobcoaching-op-de-werkvloer \n\n Next pages: IBO met extra taalcoaching: IBO-T, via https://intranet-rel1ldv.ops.vdab.be/faq/servicelijn/speciale-ibo-ibo-met-taalondersteuning - KMO-portefeuille, via https://intranet-rel1ldv.ops.vdab.be/faq/servicelijn/werkgevers-en-de-kmo-portefeuille-vroegere-opleidings-en-adviescheques \n\n Type: intranet"}