{"title": "Gesloten vacatures invoeren", "type": "intranet", "field_trefwoorden_name": ["vacature", "gesloten vacature", "vacatures"], "domain_name": ["invoeren"], "category_name": "Servicelijn", "url": "https://intranet-rel1ldv.ops.vdab.be/faq/servicelijn/gesloten-vacatures-invoeren-0", "content": [["Wat", "Bij een gesloten vacature zijn de bedrijfsgegevens niet zichtbaar vb reden privacy Nemen de werkzoekenden contact op met een VDAB-bemiddelaar contact op met de wg via een neutraal mailadres mailadres waarin geen gegevens van het bedrijf staan."], ["Wat is een gesloten vacature", "Vervanging van een huidig personeelslid personeelslid is nog niet op de hoogte Vacature ikv tewerkstellingsmaatregel VDAB doet een eerste check op de criteria Vacature ikv PAB Gegevens van de hulpbehoevende persoon staan verborgen Persoonlijke redenen van de wg"], ["Voorbeelden van een gesloten vacature", "Lagere respons Geen rechtstreekse sollicitatie = hogere drempel voor werkzoekenden Vacature is niet transparant voor werkzoekenden kan werkzoekenden weerhouden om te solliciteren Geen garantie dat de bedrijfsgegevens niet bekend raken VDAB kan niet garanderen dat de bedrijfsgegevens niet via een andere weg bekend raken Kandidaten kunnen verkeerde verwachtingen hebben Kennis van het bedrijf kan een rol spelen in het al dan niet solliciteren"], ["Gevolgen", "De wg kan zelf geen gesloten vacature invoeren via Mijn VDAB. Enkel VDAB kan deze mogelijkheid aanduiden We maken hier geen promotie voor. Procedure Servicelijn Wijs de wg op de gevolgen van een gesloten vacature Probeer de wg te overtuigen om de vacature open te plaatsen.  Wg wil de vacature toch gesloten plaatsen?  Voer de vacature in Ga naar 'publicatiegegevens > extra opties > gesloten vacature' Vink hier 'ja' aan Selecteer een reden waarom gesloten Maak duidelijke afspraken met de wg over de sollicitatieprocedure Overtuig de wg om neutrale contactgegevens te vermelden in de vacature Noteer de gemaakte afspraken in de opvolgingshistoriek.  Interne info Gedeeld beheer is niet verplicht bij een gesloten vacature. Wil de wg geen hulp in zijn zoektocht, dan kan hij neutrale contactgegevens vermelden in de functieomschrijving van de vacature. "], ["Hoe", "Volgende info wordt voortaan mee gepubliceerd op de website (indien ingevuld):  CV gewenst  einddatum sollicitatie  rubriek 'Extra informatie'  naam en contactgegevens van de vacaturebeheerder in de regio als de beheerder gekend is. "]], "title_translation": "Enter closed jobs", "field_trefwoorden_name_translation": ["closed vacancy", "vacancies", "vacancy"], "domain_name_translation": ["import"], "category_name_translation": "Service line", "content_translation": [["What In the case of a closed vacancy, the company details", "are not visible e.g. reason privacy If the job seekers contact a VDAB mediator, contact the wg via a neutral e-mail address, e-mail address that does not contain any details of the company."], ["What is a closed vacancy Replacement of a", "current staff member staff member is not yet aware Vacancy iv employment measure VDAB does a first check on the criteria Vacancy iv PAB Data of the person in need of help is hidden Personal reasons of the wg"], ["Examples of a closed vacancy", "Lower response No direct application = higher threshold for job seekers Vacancy is not transparent for job seekers may deter job seekers from applying No guarantee that the company details will not be disclosed VDAB cannot guarantee that the company data will not be disclosed by other means Candidates may have wrong expectations Knowledge of the company can play a role in whether or not to apply"], ["Consequences", "The wg cannot enter a closed vacancy via Mijn VDAB. Only VDAB can indicate this possibility We do not promote this. Procedure Service line Point out to the wg the consequences of a closed vacancy Try to convince the wg to open the vacancy.  Wg still wants to post the vacancy closed?  Enter the vacancy Go to 'publication details > additional options > closed vacancy' Check 'yes' here Select a reason why closed Make clear agreements with the WG about the application procedure Convince the WG to include neutral contact details in the vacancy Write down the agreements made in the follow-up history.  Internal info Shared management is not mandatory in the event of a closed vacancy. If the WG does not want help in his search, he can mention neutral contact details in the job description of the vacancy."], ["How", "The following information will be published on the website from now on (if filled in): CV desired end date application section 'Extra information' name and contact details of the vacancy manager in the region if the administrator is known."]], "document": "Gesloten vacatures invoeren \n\n Vraag aan de VDAB consulent: Wat? \n Antwoord of Actie: Bij een gesloten vacature zijn de bedrijfsgegevens niet zichtbaar vb reden privacy Nemen de werkzoekenden contact op met een VDAB-bemiddelaar contact op met de wg via een neutraal mailadres mailadres waarin geen gegevens van het bedrijf staan. \n\n Vraag aan de VDAB consulent: Wat is een gesloten vacature? \n Antwoord of Actie: Vervanging van een huidig personeelslid personeelslid is nog niet op de hoogte Vacature ikv tewerkstellingsmaatregel VDAB doet een eerste check op de criteria Vacature ikv PAB Gegevens van de hulpbehoevende persoon staan verborgen Persoonlijke redenen van de wg \n\n Vraag aan de VDAB consulent: Voorbeelden van een gesloten vacature? \n Antwoord of Actie: Lagere respons Geen rechtstreekse sollicitatie = hogere drempel voor werkzoekenden Vacature is niet transparant voor werkzoekenden kan werkzoekenden weerhouden om te solliciteren Geen garantie dat de bedrijfsgegevens niet bekend raken VDAB kan niet garanderen dat de bedrijfsgegevens niet via een andere weg bekend raken Kandidaten kunnen verkeerde verwachtingen hebben Kennis van het bedrijf kan een rol spelen in het al dan niet solliciteren \n\n Vraag aan de VDAB consulent: Gevolgen? \n Antwoord of Actie: De wg kan zelf geen gesloten vacature invoeren via Mijn VDAB. Enkel VDAB kan deze mogelijkheid aanduiden We maken hier geen promotie voor. Procedure Servicelijn Wijs de wg op de gevolgen van een gesloten vacature Probeer de wg te overtuigen om de vacature open te plaatsen.  Wg wil de vacature toch gesloten plaatsen?  Voer de vacature in Ga naar 'publicatiegegevens > extra opties > gesloten vacature' Vink hier 'ja' aan Selecteer een reden waarom gesloten Maak duidelijke afspraken met de wg over de sollicitatieprocedure Overtuig de wg om neutrale contactgegevens te vermelden in de vacature Noteer de gemaakte afspraken in de opvolgingshistoriek.  Interne info Gedeeld beheer is niet verplicht bij een gesloten vacature. Wil de wg geen hulp in zijn zoektocht, dan kan hij neutrale contactgegevens vermelden in de functieomschrijving van de vacature.  \n\n Vraag aan de VDAB consulent: Hoe? \n Antwoord of Actie: Volgende info wordt voortaan mee gepubliceerd op de website (indien ingevuld):  CV gewenst  einddatum sollicitatie  rubriek 'Extra informatie'  naam en contactgegevens van de vacaturebeheerder in de regio als de beheerder gekend is. \n\n Categorie: Servicelijn \n\n Domein: invoeren \n\n Tags: vacatures, gesloten vacature, vacature \n\n Url: https://intranet-rel1ldv.ops.vdab.be/faq/servicelijn/gesloten-vacatures-invoeren-0 \n\n Type: intranet", "document_translation": "Enter closed jobs \n\n Question for the VDAB counselor: What In the case of a closed vacancy, the company details? \n Answer or Action: are not visible e.g. reason privacy If the job seekers contact a VDAB mediator, contact the wg via a neutral e-mail address, e-mail address that does not contain any details of the company. \n\n Question for the VDAB counselor: What is a closed vacancy Replacement of a? \n Answer or Action: current staff member staff member is not yet aware Vacancy iv employment measure VDAB does a first check on the criteria Vacancy iv PAB Data of the person in need of help is hidden Personal reasons of the wg \n\n Question for the VDAB counselor: Examples of a closed vacancy? \n Answer or Action: Lower response No direct application = higher threshold for job seekers Vacancy is not transparent for job seekers may deter job seekers from applying No guarantee that the company details will not be disclosed VDAB cannot guarantee that the company data will not be disclosed by other means Candidates may have wrong expectations Knowledge of the company can play a role in whether or not to apply \n\n Question for the VDAB counselor: Consequences? \n Answer or Action: The wg cannot enter a closed vacancy via Mijn VDAB. Only VDAB can indicate this possibility We do not promote this. Procedure Service line Point out to the wg the consequences of a closed vacancy Try to convince the wg to open the vacancy.  Wg still wants to post the vacancy closed?  Enter the vacancy Go to 'publication details > additional options > closed vacancy' Check 'yes' here Select a reason why closed Make clear agreements with the WG about the application procedure Convince the WG to include neutral contact details in the vacancy Write down the agreements made in the follow-up history.  Internal info Shared management is not mandatory in the event of a closed vacancy. If the WG does not want help in his search, he can mention neutral contact details in the job description of the vacancy. \n\n Question for the VDAB counselor: How? \n Answer or Action: The following information will be published on the website from now on (if filled in): CV desired end date application section 'Extra information' name and contact details of the vacancy manager in the region if the administrator is known. \n\n Category: Service line \n\n Domain: import \n\n Tags: closed vacancy, vacancies, vacancy \n\n Url: https://intranet-rel1ldv.ops.vdab.be/faq/servicelijn/gesloten-vacatures-invoeren-0 \n\n Type: intranet"}