{"title": "Pensioen", "type": "intranet", "field_trefwoorden_name": ["bedrag", "overlevingspensioen", "brugpensioen"], "domain_name": ["sociale zekerheid"], "category_name": "Servicelijn", "field_faq_summary": "beknopte info over pensioen, naar welke dienst doorverwijzen met vragen, waar loopbaanoverzicht opvragen voor pensioenaanvraag", "url": "https://intranet-rel1ldv.ops.vdab.be/faq/servicelijn/wat-een-pensioen", "content": [["Wat is een pensioen", "Een pensioen is een vervangingsinkomen voor personen die de pensioengerechtigde leeftijd hebben bereikt. "], ["Twee soorten pensioen: rustpensioen en overlevingspensioen", "Het rustpensioen is een uitkering die iemand ontvangt wanneer hij een bepaalde leeftijd bereikt heeft Opgelet : 'Pre-pensioen', 'brugpensioen',... zijn termen die een klant soms gebruikt. Het gaat dan over het Stelsel van Werkzoekenden met bedrijfsToeslag (SWT) . Het overlevingspensioen is een uitkering die iemand kan ontvangen bij het overlijden van de echtgeno(o)t(e) Meer info op de website van de pensioendienst .   "], ["Wat is een aanvullend pensioen?", "Naast het wettelijk pensioen, bestaat er ook een aanvullend pensioen. Dat aanvullend pensioen kan je opbouwen als je werkt als werknemer of als zelfstandige."], ["Meer weten over het pensioen", "Voor meer informatie kan de klant terecht op  www.socialsecurity.be , of via het telefoonnummer 02 545 50 70. Via mypension.be  kan hij zijn pensioendossier inkijken.  Procedure Servicelijn: Verwijs de klant voor meer informatie naar: zijn pensioeninstelling https://www.socialsecurity.be/citizen/nl/ > klikken op 'pensioen' mypension.be"]], "link_ankers": [["https://intranet-rel1ldv.ops.vdab.be/faq/servicelijn/met-pensioen-65-jaar", "Met pensioen of >= 65 jaar"], ["https://intranet-rel1ldv.ops.vdab.be/faq/servicelijn/stelsel-werkloosheid-met-bedrijfstoeslag-swt", "Stelsel van Werkzoekenden met bedrijfsToeslag (SWT)"]], "title_translation": "Pension", "field_trefwoorden_name_translation": ["early retirement", "survivor", "amount"], "domain_name_translation": ["social security"], "category_name_translation": "Service line", "field_faq_summary_translation": "brief information about pension, which service refer with questions, where to request career overview for pension application", "content_translation": [["What is a pension", "A pension is a replacement income for persons who have reached retirement age."], ["Two types of pension: retirement pension and survivor's pension The retirement pension", "is a benefit that a person receives when he has reached a certain age Attention: 'Pre-pension', 'early retirement',... are terms that a customer sometimes uses. This concerns the System of Jobseekers with Company Allowance (SWT). The survivor's pension is a benefit that someone can receive upon the death of the spouse More info on the website of the pension service."], ["What is a supplementary pension?", "In addition to the statutory pension, there is also a supplementary pension. You can accrue this supplementary pension if you work as an employee or as a self-employed person."], ["For more information, the", "customer can contact www.socialsecurity.be , or via the telephone number 02 545 50 70. Via mypension.be he can view his pension file.  Service line procedure: For more information, refer the customer to: his pension institution https://www.socialsecurity.be/citizen/nl/ > click on 'pension' mypension.be"]], "document": "Pensioen \n\n beknopte info over pensioen, naar welke dienst doorverwijzen met vragen, waar loopbaanoverzicht opvragen voor pensioenaanvraag \n\n Vraag aan de VDAB consulent: Wat is een pensioen? \n Antwoord of Actie: Een pensioen is een vervangingsinkomen voor personen die de pensioengerechtigde leeftijd hebben bereikt.  \n\n Vraag aan de VDAB consulent: Twee soorten pensioen: rustpensioen en overlevingspensioen? \n Antwoord of Actie: Het rustpensioen is een uitkering die iemand ontvangt wanneer hij een bepaalde leeftijd bereikt heeft Opgelet : 'Pre-pensioen', 'brugpensioen',... zijn termen die een klant soms gebruikt. Het gaat dan over het Stelsel van Werkzoekenden met bedrijfsToeslag (SWT) . Het overlevingspensioen is een uitkering die iemand kan ontvangen bij het overlijden van de echtgeno(o)t(e) Meer info op de website van de pensioendienst .    \n\n Vraag aan de VDAB consulent: Wat is een aanvullend pensioen?? \n Antwoord of Actie: Naast het wettelijk pensioen, bestaat er ook een aanvullend pensioen. Dat aanvullend pensioen kan je opbouwen als je werkt als werknemer of als zelfstandige. \n\n Vraag aan de VDAB consulent: Meer weten over het pensioen? \n Antwoord of Actie: Voor meer informatie kan de klant terecht op  www.socialsecurity.be , of via het telefoonnummer 02 545 50 70. Via mypension.be  kan hij zijn pensioendossier inkijken.  Procedure Servicelijn: Verwijs de klant voor meer informatie naar: zijn pensioeninstelling https://www.socialsecurity.be/citizen/nl/ > klikken op 'pensioen' mypension.be \n\n Categorie: Servicelijn \n\n Domein: sociale zekerheid \n\n Tags: overlevingspensioen, bedrag, brugpensioen \n\n Url: https://intranet-rel1ldv.ops.vdab.be/faq/servicelijn/wat-een-pensioen \n\n Volgende paginas: Met pensioen of >= 65 jaar, via https://intranet-rel1ldv.ops.vdab.be/faq/servicelijn/met-pensioen-65-jaar - Stelsel van Werkzoekenden met bedrijfsToeslag (SWT), via https://intranet-rel1ldv.ops.vdab.be/faq/servicelijn/stelsel-werkloosheid-met-bedrijfstoeslag-swt \n\n Type: intranet", "document_translation": "Pension \n\n brief information about pension, which service refer with questions, where to request career overview for pension application \n\n Question for the VDAB counselor: What is a pension? \n Answer or Action: A pension is a replacement income for persons who have reached retirement age. \n\n Question for the VDAB counselor: Two types of pension: retirement pension and survivor's pension The retirement pension? \n Answer or Action: is a benefit that a person receives when he has reached a certain age Attention: 'Pre-pension', 'early retirement',... are terms that a customer sometimes uses. This concerns the System of Jobseekers with Company Allowance (SWT). The survivor's pension is a benefit that someone can receive upon the death of the spouse More info on the website of the pension service. \n\n Question for the VDAB counselor: What is a supplementary pension?? \n Answer or Action: In addition to the statutory pension, there is also a supplementary pension. You can accrue this supplementary pension if you work as an employee or as a self-employed person. \n\n Question for the VDAB counselor: For more information, the? \n Answer or Action: customer can contact www.socialsecurity.be , or via the telephone number 02 545 50 70. Via mypension.be he can view his pension file.  Service line procedure: For more information, refer the customer to: his pension institution https://www.socialsecurity.be/citizen/nl/ > click on 'pension' mypension.be \n\n Category: Service line \n\n Domain: social security \n\n Tags: early retirement, survivor, amount \n\n Url: https://intranet-rel1ldv.ops.vdab.be/faq/servicelijn/wat-een-pensioen \n\n Next pages: Met pensioen of >= 65 jaar, via https://intranet-rel1ldv.ops.vdab.be/faq/servicelijn/met-pensioen-65-jaar - Stelsel van Werkzoekenden met bedrijfsToeslag (SWT), via https://intranet-rel1ldv.ops.vdab.be/faq/servicelijn/stelsel-werkloosheid-met-bedrijfstoeslag-swt \n\n Type: intranet"}