{"title": "Mijn Loopbaan voor partners (MLP): algemeen", "type": "intranet", "field_trefwoorden_name": ["mlp", "registreren"], "domain_name": ["mijn loopbaan voor partners"], "category_name": "Servicelijn", "field_faq_summary": "Algemene info over Mijn loopbaan voor partners (MLP) voor medewerkers bij de Servicelijn.", "url": "https://intranet-rel1ldv.ops.vdab.be/faq/servicelijn/mijn-loopbaan-voor-partners-mlp-algemeen", "content": [["Waar inloggen in Mijn loopbaan voor partners (MLP)?", "Op vdab.be > Naar site partners > Inloggen Procedure Servicelijn De partner heeft problemen met inloggen in MLP? - zie Mijn loopbaan voor partners (MLP): partner kan niet inloggen ."], ["Wat moet een partner registreren in Mijn loopbaan voor partners (MLP)?", "Acties in een begeleidingstraject, opleidingen die cursisten bij hen volgen, stages, info over arbeidsbeperking,... Niet alle partners moeten hetzelfde registreren, het is afhankelijk van de taak die de partner opneemt. Procedure Servicelijn Een partner heeft vragen over te registreren acties? 1. Het is duidelijk over welke soort partner het gaat? - Kijk in: Opleidings- en begeleidingspartners -  Waar terecht met vragen / naar waar doorverwijzen? Gecertificeerde partner: OCMW's - Waar terecht met vragen / naar waar doorverwijzen?   Leren en werken: under construction GTB: under construction Outplacementkantoren: under construction 2. Het is je niet duidelijk over welke soort partner het gaat? - Stuur de vraag door naar de provinciale dienst samenwerking ."], ["Wat ziet en kan een partner in een dossier in Mijn loopbaan voor partners (MLP)?", "Hetzelfde als een VDAB-bemiddelaar, behalve: Dimona-gegevens (tab Loopbaangegevens) gegevens die VDAB kreeg van RVA (tabs RVA-betalingen en Specifiek RVA statuut) tab Dienstverlening Achtergrondinfo Alle partners kunnen de tab \"Dienstverlening\" zien. Enkel partners die via een service werken (zoals TIBB4, TIBB4 AT, SIF, SCRABA, TWE WZ, WIJ3 en AT) mogen registreren in de tab \"Dienstverlening\"."], ["Moeten alle partners registreren in Mijn loopbaan voor partners (MLP)?", "Nee. In de overeenkomst, tender of contract dat de partner en VDAB afspreken, ligt vast of en hoe de partner moet registreren. Naast registreren in MLP kan het gaan over: Geen registratie Voor sommige projecten is geen registratie nodig. In XML De partner moet registreren in XML. VDAB zet die registratie in de MLB-dossiers. De info over hoe te registreren staat in de projectfiche op  Specifieke VDAB- en ESF-projecten . Daar staat ook een contactpersoon voor vragen. Dit wordt vooral gebruikt bij kleinere projecten met weinig te registreren gegevens. Procedure Servicelijn: Vind je geen contactpersoon in de projectfiche?  - Verwijs de parnter naar de provinciale dienst samenwerking  of stuur zijn vraag door. In het vertrouwelijk luik van het dossier Voor meer info, zie de docs in subdomein PmAB - Vertrouwelijk luik ."]], "link_ankers": [["https://intranet-rel1ldv.ops.vdab.be/faq/servicelijn/gecertificeerde-partner-ocmws", "Gecertificeerde partner: OCMW&#039;s"], ["https://intranet-rel1ldv.ops.vdab.be/faq/servicelijn/mijn-loopbaan-voor-partners-mlp-partner-kan-niet-inloggen", "Mijn loopbaan voor partners (MLP): partner kan niet inloggen"], ["https://intranet-rel1ldv.ops.vdab.be/faq/servicelijn/vertrouwelijk-luik-wat-het-en-waarvoor-dient-het", "Vertrouwelijk luik"], ["https://intranet-rel1ldv.ops.vdab.be/faq/servicelijn/opleidings-en-begeleidingspartners", "Opleidings- en begeleidingspartners"]], "title_translation": "My Partner Career (MLP): general", "field_trefwoorden_name_translation": ["register", "mlp"], "domain_name_translation": ["my partner career"], "category_name_translation": "Service line", "field_faq_summary_translation": "General information about My Partner Career (MLP) for employees at the Service Line.", "content_translation": [["Where to log in to My Partner Career (MLP)?", "On vdab.be > To partner site > Login Service line procedure The partner is having trouble logging into MLP? - see My partner career (MLP): partner can't log in."], ["What should a partner register in My Partner Career (MLP)?", "Actions in a guidance program, training courses that students follow with them, internships, information about occupational disability,... Not all partners have to register the same, it depends on the task that the partner takes on. Procedure Service line A partner has questions about actions to be registered? 1. Is it clear what kind of partner is involved? - Look in: Training and guidance partners - Where to go with questions / to which refer? Certified partner: OCMW's - Where to go with questions / to which refer?   Learning and working: under construction GTB: under construction Outplacement offices: under construction 2. It's not clear to you what kind of partner you're talking about? - Send the question to the provincial cooperation department."], ["What does a partner see and can do in a case in My Career for Partners (MLP)?", "The same as a VDAB mediator, except: Dimona data (tab Career data) data that VDAB received from RVA (tabs RVA payments and Specific RVA status) tab Services Background info All partners can see the tab \"Services\". Only partners who work via a service (such as TIBB4, TIBB4 AT, SIF, SCRABA, TWE WZ, WIJ3 and AT) may register in the \"Services\" tab."], ["Do all partners need to register in My Partner Career (MLP)?", "No. The agreement, tender or contract that the partner and VDAB agree on stipulates whether and how the partner must register. In addition to registering in MLP, it can be about: No registration Some projects do not require registration. In XML The partner must register in XML. VDAB puts that registration in the MLB files. The information on how to register can be found in the project sheet on Specific VDAB and ESF projects. There is also a contact person for questions. This is mainly used for smaller projects with little data to record. Service line procedure: Can't find a contact person in the project sheet?  - Refer the partner to the provincial cooperation department or forward his question. In the confidential section of the file For more info, see the docs in subdomain PmAB - Confidential section."]], "document": "Mijn Loopbaan voor partners (MLP): algemeen \n\n Algemene info over Mijn loopbaan voor partners (MLP) voor medewerkers bij de Servicelijn. \n\n Vraag aan de VDAB consulent: Waar inloggen in Mijn loopbaan voor partners (MLP)?? \n Antwoord of Actie: Op vdab.be > Naar site partners > Inloggen Procedure Servicelijn De partner heeft problemen met inloggen in MLP? - zie Mijn loopbaan voor partners (MLP): partner kan niet inloggen . \n\n Vraag aan de VDAB consulent: Wat moet een partner registreren in Mijn loopbaan voor partners (MLP)?? \n Antwoord of Actie: Acties in een begeleidingstraject, opleidingen die cursisten bij hen volgen, stages, info over arbeidsbeperking,... Niet alle partners moeten hetzelfde registreren, het is afhankelijk van de taak die de partner opneemt. Procedure Servicelijn Een partner heeft vragen over te registreren acties? 1. Het is duidelijk over welke soort partner het gaat? - Kijk in: Opleidings- en begeleidingspartners -  Waar terecht met vragen / naar waar doorverwijzen? Gecertificeerde partner: OCMW's - Waar terecht met vragen / naar waar doorverwijzen?   Leren en werken: under construction GTB: under construction Outplacementkantoren: under construction 2. Het is je niet duidelijk over welke soort partner het gaat? - Stuur de vraag door naar de provinciale dienst samenwerking . \n\n Vraag aan de VDAB consulent: Wat ziet en kan een partner in een dossier in Mijn loopbaan voor partners (MLP)?? \n Antwoord of Actie: Hetzelfde als een VDAB-bemiddelaar, behalve: Dimona-gegevens (tab Loopbaangegevens) gegevens die VDAB kreeg van RVA (tabs RVA-betalingen en Specifiek RVA statuut) tab Dienstverlening Achtergrondinfo Alle partners kunnen de tab \"Dienstverlening\" zien. Enkel partners die via een service werken (zoals TIBB4, TIBB4 AT, SIF, SCRABA, TWE WZ, WIJ3 en AT) mogen registreren in de tab \"Dienstverlening\". \n\n Vraag aan de VDAB consulent: Moeten alle partners registreren in Mijn loopbaan voor partners (MLP)?? \n Antwoord of Actie: Nee. In de overeenkomst, tender of contract dat de partner en VDAB afspreken, ligt vast of en hoe de partner moet registreren. Naast registreren in MLP kan het gaan over: Geen registratie Voor sommige projecten is geen registratie nodig. In XML De partner moet registreren in XML. VDAB zet die registratie in de MLB-dossiers. De info over hoe te registreren staat in de projectfiche op  Specifieke VDAB- en ESF-projecten . Daar staat ook een contactpersoon voor vragen. Dit wordt vooral gebruikt bij kleinere projecten met weinig te registreren gegevens. Procedure Servicelijn: Vind je geen contactpersoon in de projectfiche?  - Verwijs de parnter naar de provinciale dienst samenwerking  of stuur zijn vraag door. In het vertrouwelijk luik van het dossier Voor meer info, zie de docs in subdomein PmAB - Vertrouwelijk luik . \n\n Categorie: Servicelijn \n\n Domein: mijn loopbaan voor partners \n\n Tags: mlp, registreren \n\n Url: https://intranet-rel1ldv.ops.vdab.be/faq/servicelijn/mijn-loopbaan-voor-partners-mlp-algemeen \n\n Volgende paginas: Gecertificeerde partner: OCMW&#039;s, via https://intranet-rel1ldv.ops.vdab.be/faq/servicelijn/gecertificeerde-partner-ocmws - Mijn loopbaan voor partners (MLP): partner kan niet inloggen, via https://intranet-rel1ldv.ops.vdab.be/faq/servicelijn/mijn-loopbaan-voor-partners-mlp-partner-kan-niet-inloggen - Vertrouwelijk luik, via https://intranet-rel1ldv.ops.vdab.be/faq/servicelijn/vertrouwelijk-luik-wat-het-en-waarvoor-dient-het - Opleidings- en begeleidingspartners, via https://intranet-rel1ldv.ops.vdab.be/faq/servicelijn/opleidings-en-begeleidingspartners \n\n Type: intranet", "document_translation": "My Partner Career (MLP): general \n\n General information about My Partner Career (MLP) for employees at the Service Line. \n\n Question for the VDAB counselor: Where to log in to My Partner Career (MLP)?? \n Answer or Action: On vdab.be > To partner site > Login Service line procedure The partner is having trouble logging into MLP? - see My partner career (MLP): partner can't log in. \n\n Question for the VDAB counselor: What should a partner register in My Partner Career (MLP)?? \n Answer or Action: Actions in a guidance program, training courses that students follow with them, internships, information about occupational disability,... Not all partners have to register the same, it depends on the task that the partner takes on. Procedure Service line A partner has questions about actions to be registered? 1. Is it clear what kind of partner is involved? - Look in: Training and guidance partners - Where to go with questions / to which refer? Certified partner: OCMW's - Where to go with questions / to which refer?   Learning and working: under construction GTB: under construction Outplacement offices: under construction 2. It's not clear to you what kind of partner you're talking about? - Send the question to the provincial cooperation department. \n\n Question for the VDAB counselor: What does a partner see and can do in a case in My Career for Partners (MLP)?? \n Answer or Action: The same as a VDAB mediator, except: Dimona data (tab Career data) data that VDAB received from RVA (tabs RVA payments and Specific RVA status) tab Services Background info All partners can see the tab \"Services\". Only partners who work via a service (such as TIBB4, TIBB4 AT, SIF, SCRABA, TWE WZ, WIJ3 and AT) may register in the \"Services\" tab. \n\n Question for the VDAB counselor: Do all partners need to register in My Partner Career (MLP)?? \n Answer or Action: No. The agreement, tender or contract that the partner and VDAB agree on stipulates whether and how the partner must register. In addition to registering in MLP, it can be about: No registration Some projects do not require registration. In XML The partner must register in XML. VDAB puts that registration in the MLB files. The information on how to register can be found in the project sheet on Specific VDAB and ESF projects. There is also a contact person for questions. This is mainly used for smaller projects with little data to record. Service line procedure: Can't find a contact person in the project sheet?  - Refer the partner to the provincial cooperation department or forward his question. In the confidential section of the file For more info, see the docs in subdomain PmAB - Confidential section. \n\n Category: Service line \n\n Domain: my partner career \n\n Tags: register, mlp \n\n Url: https://intranet-rel1ldv.ops.vdab.be/faq/servicelijn/mijn-loopbaan-voor-partners-mlp-algemeen \n\n Next pages: Gecertificeerde partner: OCMW&#039;s, via https://intranet-rel1ldv.ops.vdab.be/faq/servicelijn/gecertificeerde-partner-ocmws - Mijn loopbaan voor partners (MLP): partner kan niet inloggen, via https://intranet-rel1ldv.ops.vdab.be/faq/servicelijn/mijn-loopbaan-voor-partners-mlp-partner-kan-niet-inloggen - Vertrouwelijk luik, via https://intranet-rel1ldv.ops.vdab.be/faq/servicelijn/vertrouwelijk-luik-wat-het-en-waarvoor-dient-het - Opleidings- en begeleidingspartners, via https://intranet-rel1ldv.ops.vdab.be/faq/servicelijn/opleidings-en-begeleidingspartners \n\n Type: intranet"}