{"title": "De kosten voor de werkgever bij IBO", "type": "intranet", "field_trefwoorden_name": ["verplaatsingskosten", "ibo"], "domain_name": ["voordelen"], "category_name": "Servicelijn", "field_faq_summary": "info over de te betalen productiviteitspremie, verplaatsingskosten en verzekering, en de eventueel te verkrijgen begeleidingspremie.", "url": "https://intranet-rel1ldv.ops.vdab.be/faq/servicelijn/ibo-wat-zijn-de-kosten-van-de-ibo-voor-de-werkgever", "content": [["Wat moet de werkgever in orde brengen?", "De werkgever betaalt aan VDAB een  forfaitaire maandpremie . Deze is afhankelijk van het toekomstig loon van de cursist. De werkgever moet het voltijdse normale brutoloon voor de functie doorgeven. Automatisch wordt dan het maandbedrag berekend worden dat de werkgever aan VDAB verschuldigd is. De werkgever verzekert de cursist tegen arbeidsongevallen . De werkgever sluit een BA-verzekering af. Als een IBO-cursist schade zou toebrengen aan bezittingen van een klant of een derde dan moet de werkgever dit betalen, VDAB is hiervoor niet verantwoordelijk. Normaal gezien hebben werkgevers dit ook voor hun eigen werknemers."], ["Hoeveel kost een IBO aan de werkgever?", "De forfaitaire maandpremie is afhankelijk van het toekomstig loon van de cursist. De werkgever moet het voltijdse normale brutoloon voor de functie doorgeven. Automatisch zal berekend worden welk maandbedrag de werkgever verschuldigd is aan VDAB. De forfaitaire kostprijs houdt rekening met de tewerkstellingsbreuk de afwezigheid van de cursist, vanaf 8 aaneensluitende kalenderdagen afwezigheid . Overzicht van de IBO-kost van de werkgever per loonschaal bij een voltijdse IBO (bedragen vanaf 01-12-2022): Maandelijkse premie (netto) Loonschaal (bruto) uurloon 37u/week uurloon 38u/week uurloon 39u/week uurloon 40u/week EUR 650 <= EUR 2.031,65 <= EUR 12,67 <= EUR 12,33 <= EUR 12,02 <= EUR 11,72 EUR 800 EUR 2.031,65 - EUR 2.391,36 EUR 12,68 - EUR 14,92 EUR 12,34 - EUR 14,52 EUR 12,03 - EUR 14,15 EUR 11,73 - EUR 13,79 EUR 1.000 EUR 2.391,37 - EUR 2.749,88 EUR 14,93 - EUR 17,15 EUR 14,53 - EUR 16,70 EUR 14,16 - EUR 16,27 EUR 13,80 - EUR 15,86 EUR 1.200 EUR 2.749,89 - EUR 3.107,24 EUR 17,16 - EUR 19,38 EUR 16,71 - EUR 18,87 EUR 16,28 - EUR 18,38 EUR 15,87 - EUR 17,92 EUR 1.400 > EUR 3.107,25 > EUR 19,38 > EUR 18,87 > EUR 18,38 > EUR 17,92 Berekeningsformule van uurloon naar maandloon: (uurloon x aantal uren/week volgens PC x 13) / 3 Er zijn geen bijkomende kosten voor de werkgever: VDAB garandeert de kosteloosheid van de opleiding voor de cursist \"kosten eigen aan werkgever\" valt volledig weg omdat de IBO-premie voor de cursist volledig losgekoppeld wordt van het toekomstig loon."], ["Waar vindt de werkgever de maandelijkse kostprijs terug?", "In de bijlage \"Informatie voor de onderneming\" staat wat de maandelijkse kostprijs is. De bijlage ontvangt de werkgever bij de ondertekening van het contract. Procedure Servicelijn Heeft de werkgever vragen over de factuur? Verwijs naar de IBO-bemiddelaar of debiteuren@vdab.be ."], ["Wat is de kost wanneer de IBO halverwege de maand start of stopt?", "Dan wordt de forfaitaire premie pro rata van het aantal mogelijke kalenderdagen berekend. Voorbeelden vind je op  IBO - Scenario's berekening kostprijs en vergoedingen"], ["Wie betaalt de reiskosten bij een IBO?", "VDAB, net zoals voor andere cursisten in opleiding/stage ."], ["Wie neemt de kosten van werkmateriaal (bv beroepskledij) voor zijn rekening?", "zie IBO: Wat zijn de verdiensten van een cursist? >  Wie neemt de kosten van werkmateriaal (bv beroepskledij) voor zijn rekening?"], ["Zijn extra-legale voordelen mogelijk tijdens de IBO?", "Nee Extra-legale voorwaarden zoals maaltijdcheques, gsm en bedrijfswagen zijn  niet  mogelijk. Worden deze voordelen toch toegekend tijdens de IBO, dan kan de RSZ de IBO mogelijk herkwalificeren als een gewone arbeidsovereenkomst. Controle en verlies van werkloosheidsuitkering is reeel!   Achtergrondinfo Belgisch Staatsblad van 06/11/2017 -  IBO en recht op werkloosheisuitkeringen: Uitkeringsgerechtigde werklozen kunnen een opleiding in een onderneming volgen via een IBO (individuele opleiding in de onderneming). Tijdens de IBO blijft de betrokkene zijn werkloosheidsuitkering ontvangen en krijgt hij er bovenop een premie. Afhankelijk van de bevoegde gemeenschap (Vlaamse, Franse of Duitse), ontvangt hij de premie van de VDAB of van de werkgever. De premie wordt als volgt vastgesteld:  (loon dat betrokkene zou ontvangen mocht hij aangeworven zijn met een AO - werkloosheidsuitkering) X welbepaald %. Sommige werkgevers geven nog een  bedrag bovenop deze premie .  Door een wijziging in de werkloosheidsreglementering wordt deze praktijk nu aan banden gelegd.  Wat de uitkeringsgerechtigde bovenop de premie krijgt, wordt voortaan beschouwd als loon  in de werkloosheidsreglementering. Dit betekent dat de betrokkene in die periode niet zonder loon is en bijgevolg niet in aanmerking komt voor werkloosheidsuitkeringen. Inwerkingtreding:  op 16 november 2017. Concreet : een IBO die bovenop de premie toegekend door de VDAB of de werkgever, nog een bijkomende vergoeding van de werkgever ontvangt, loopt het gevaar om zijn werkloosheidsuitkeringen te verliezen. Bron: M.B. 08.10.2017 tot wijziging van de artikelen 1, 19 en 70 van het ministerieel besluit van 26 november 1991 houdende de toepassingsregelen van de werkloosheidsreglementering."], ["Hoe moet de werkgever de IBO-cursist betalen?", "Niet. De werkgever betaalt de forfaitaire maandpremie aan VDAB. VDAB betaalt de IBO-premie, verplaatsingskosten en evt. kosten voor kinderopvang aan de cursist."], ["Hoe wordt het ploegenstelsel verrekend bij een IBO?", "Dit zit vervat in de forfaitaire maandpremie."], ["Betaalt de werkgever ook een forfaitaire maandpremie wanneer de cursist een opleiding volgt buiten het bedrijf?", "Ja. De werkgever betaalt ook tijdens opleiding in CC voor de IBO."], ["Hoe worden overuren tijdens de IBO gefactureerd?", "Overuren tijdens een IBO kunnen standaard niet. ADV-dagen kunnen hierdoor niet tijdens een IBO. Het systeem van ADV-dagen is een compensatie van overuren, wat niet toegestaan is tijdens IBO. Uitzondering Gebeurt dit toch uitzonderlijk, dan moet de cursist deze zo snel mogelijk recupereren. De werkgever betaalt maandelijks een vaste kostprijs. Bijkomende kosten en vergoedingen door de werkgever zijn niet mogelijk!"], ["Worden afwezigheden van de cursist tijdens de IBO gefactureerd aan de werkgever?", "Nee Vanaf 8 aaneensluitende kalenderdagen afwezigheid van de cursist, krijgt de werkgever vermindering op de factuur. bijkomende afwezigheidsdagen worden pro rata verminderd (o.b.v. aantal kalenderdagen) voor contracten die starten vanaf 1/7! de eerste 7 kalenderdagen worden wel aangerekend. Op het einde van de IBO maakt VDAB de eindafrekening. Indien van toepassing, ontvangt de werkgever na het einde van de IBO een creditnota. Zie  Impact van afwezigheden op de factuur voor werkgever  (intranet)"], ["Worden betaalde feestdagen tijdens de IBO gefactureerd aan de werkgever?", "Ja, deze dagen zitten vervat in de forfaitaire maandpremie."], ["Wat gebeurt er met de kosten van een IBO voor de wg na een aanpassing van de gemiddelde werkloosheidsuitkering?", "Niets. De forfaitaire maandpremie is gebaseerd op het toekomstige loon van de cursist, niet op de uitkering die hij ontvangt."], ["Hoe gebeurt de facturatie?", "De werkgever bevestigt de prestaties in de PVC-tool (Premies en Vergoedingen Competentieversterking). Daarna stuurt VDAB de maandelijkse factuur (per post) naar de werkgever. Let op! Facturen worden altijd opgemaakt op de maatschappelijke zetel (=hoofdzetel in AMI), zoals vermeld in PVC/de IBO-tool. De factuur wordt rond de 20e van de maand opgemaakt en nadien verstuurd. Wil de werkgever de factuur digitaal ontvangen? Dan stuurt hij deze vraag naar  debiteuren.digitaal@vdab.be"], ["Werd IBO duurder voor de werkgever na 1 september 2018?", "Nee Achtergrondinfo Gemiddeld is de IBO 16 % voordeliger geworden omdat er geen bijkomende kosten meer bovenop komen. Enkel de IBO's voor hogere profielen met een hoog loon, zijn duurder geworden. Maar daar gaat het vaak om korte IBO's."]], "link_ankers": [["https://intranet-rel1ldv.ops.vdab.be/faq/servicelijn/ibo-wat-zijn-de-verdiensten-van-een-cursist-tijdens-een-ibo", "Wie neemt de kosten van werkmateriaal (bv beroepskledij) voor zijn rekening?"]], "title_translation": "The costs for the employer at IBO", "field_trefwoorden_name_translation": ["ibo", "travel costs"], "domain_name_translation": ["advantages"], "category_name_translation": "Service line", "field_faq_summary_translation": "information about the productivity premium to be paid, travel costs and insurance, and any accompanying premium to be obtained.", "content_translation": [["What should the employer put in order?", "The employer pays VDAB a fixed monthly premium. This depends on the future salary of the student. The employer must pass on the full-time normal gross salary for the position. The monthly amount that the employer owes to VDAB is then automatically calculated. The employer insures the student against accidents at work. The employer takes out civil liability insurance. If an IBO student would cause damage to the assets of a customer or a third party, the employer must pay for this, VDAB is not responsible for this. Normally, employers also have this for their own employees."], ["How much does an IBO cost to the employer?", "The fixed monthly premium depends on the future salary of the student. The employer must pass on the full-time normal gross salary for the position. It will automatically be calculated what monthly amount the employer owes to VDAB. The flat-rate cost takes into account the breach of employment and the absence of the student, from 8 consecutive calendar days of absence. Overview of the employer's IBO costs per pay scale for a full-time IBO (amounts from 01-12-2022): Monthly premium (net) Wage scale (gross) hourly wage 37h/week hourly wage 38h/week hourly wage 39h/week hourly wage 40h/week EUR 650 <= EUR 2.031.65 <= EUR 12.67 <= EUR 12.33 <= EUR 12.02 <= EUR 11.72 EUR 800 EUR 2.031.65 - EUR 2.391.36 EUR 12.68 - EUR 14.92 EUR 12.34 - EUR 14.52 EUR 12.03 - EUR 14.15 EUR 11.73 - EUR 13.79 EUR 1.000 EUR 2.391.37 - EUR 2.749,88 EUR 14,93 - EUR 17.15 EUR 14.53 - EUR 16.70 EUR 14.16 - EUR 16.27 EUR 13.80 - EUR 15.86 EUR 1.200 EUR 2.749.89 - EUR 3.107.24 EUR 17.16 - EUR 19.38 EUR 16.71 - EUR 18.87 EUR 16.28 - EUR 18.38 EUR 15.87 - EUR 17.92 EUR 1.400 > EUR 3.107.25 > EUR 19.38 > EUR 18.87 > EUR 18.38 > EUR 17.92 Calculation formula from hourly wage to monthly wage: (hourly wage x number of hours/week according to PC x 13) / 3 There are no additional costs for the employer:  VDAB guarantees the free of charge of the training for the student \"costs specific to the employer\" is completely eliminated because the IBO premium for the student is completely disconnected from the future salary."], ["Where does the employer find the monthly cost price?", "The annex \"Information for the company\" states what the monthly cost is. The employer receives the annex when signing the contract. Procedure Service line Does the employer have questions about the invoice? Refer to the IBO mediator or debiteuren@vdab.be."], ["What is the cost when the IBO starts or stops mid-month?", "Then the flat-rate premium is calculated pro rata to the number of possible calendar days. Examples can be found at IBO - Scenarios calculation of cost price and fees"], ["Who pays the travel costs at an IBO?", "VDAB, just like for other students in training/internship."], ["Who bears the costs of work material (e.g. professional clothing)?", "see IBO: What are the merits of a student? > Who bears the costs of work material (e.g. professional clothing)?"], ["Are extra-legal benefits possible during the IBO?", "No Extra-legal conditions such as meal vouchers, mobile phone and company car are not possible. If these benefits are granted during the IBO, the NSSO may be able to reclassify the IBO as an ordinary employment contract. Control and loss of unemployment benefits is real!   Background information Belgian Official Gazette of 06/11/2017 - IBO and entitlement to unemployment benefits: Unemployed persons entitled to benefit can follow training in a company through an IBO (individual training in the company). During the IBO, the person concerned continues to receive his unemployment benefit and receives a premium on top of it. Depending on the competent community (Flemish, French or German), he receives the premium from the VDAB or from the employer. The contribution is determined as follows: (wages that the person concerned would receive if he had been recruited with an AO - unemployment benefit) X determined %. Some employers give an amount on top of this premium.  A change in unemployment regulations is now restricting this practice.  What the benefit recipient receives on top of the contribution is now considered as wages in the unemployment regulations. This means that the person concerned is not without pay during that period and is therefore not eligible for unemployment benefits. Entry into force: 16 November 2017. In concrete terms: an IBO that receives additional compensation from the employer in addition to the premium granted by the VDAB or the employer runs the risk of losing his unemployment benefits. Source: M.B. 08.10.2017 amending Articles 1, 19 and 70 of the Ministerial Decree of 26 November 1991 on the rules for the application of unemployment regulations."], ["How should the employer pay the IBO student?", "does not. The employer pays the fixed monthly premium to VDAB. VDAB pays the IBO premium, travel costs and possibly. costs for childcare to the student."], ["How is the shift system settled with an IBO?", "This is included in the fixed monthly premium."], ["Does the employer also pay a flat-rate monthly premium when the student follows a training course outside the company?", ": Yes. The employer also pays for the IBO during training in CC."], ["How are overtime hours invoiced during the IBO?", "Overtime during an IBO is not possible by default. ADV days are therefore not possible during an IBO. The system of ADV days is a compensation of overtime, which is not allowed during IBO. Exception If this happens exceptionally, the student must recover it as soon as possible. The employer pays a fixed monthly cost price. Additional costs and reimbursements by the employer are not possible!"], ["Are absences of the student during the IBO invoiced to the employer?", "No From 8 consecutive calendar days of absence of the student, the employer receives a reduction on the invoice. Additional absence days are reduced pro rata (based on number of calendar days) for contracts starting from 1/7! The first 7 calendar days will be charged. At the end of the IBO, VDAB makes the final bill. If applicable, the employer will receive a credit note after the end of the IBO. See Impact of absences on the invoice for employer (intranet)"], ["Are paid holidays invoiced to the employer during the IBO?", "Yes, these days are included in the fixed monthly premium."], ["What happens to the costs of an IBO for the WG after an adjustment of the average unemployment benefit?", "Nothing. The flat-rate monthly premium is based on the student's future salary, not on the benefit he receives."], ["How is invoicing done?", "The employer confirms the performance in the PVC tool (Premiums and Allowances Competency Reinforcement). VDAB then sends the monthly invoice (by post) to the employer. Note! Invoices are always drawn up at the registered office (= head office in AMI), as stated in PVC/the IBO tool. The invoice is drawn up around the 20th of the month and sent afterwards. Does the employer want to receive the invoice digitally? Then he sends this question to debiteuren.digitaal@vdab.be"], ["Did IBO become more expensive for the employer after 1 September 2018?", "No Background info On average, the IBO has become 16% cheaper because there are no additional costs on top of it. Only the IPAs for higher profiles with a high wage have become more expensive. But these are often short IBOs."]], "document": "De kosten voor de werkgever bij IBO \n\n info over de te betalen productiviteitspremie, verplaatsingskosten en verzekering, en de eventueel te verkrijgen begeleidingspremie. \n\n Vraag aan de VDAB consulent: Wat moet de werkgever in orde brengen?? \n Antwoord of Actie: De werkgever betaalt aan VDAB een  forfaitaire maandpremie . Deze is afhankelijk van het toekomstig loon van de cursist. De werkgever moet het voltijdse normale brutoloon voor de functie doorgeven. Automatisch wordt dan het maandbedrag berekend worden dat de werkgever aan VDAB verschuldigd is. De werkgever verzekert de cursist tegen arbeidsongevallen . De werkgever sluit een BA-verzekering af. Als een IBO-cursist schade zou toebrengen aan bezittingen van een klant of een derde dan moet de werkgever dit betalen, VDAB is hiervoor niet verantwoordelijk. Normaal gezien hebben werkgevers dit ook voor hun eigen werknemers. \n\n Vraag aan de VDAB consulent: Hoeveel kost een IBO aan de werkgever?? \n Antwoord of Actie: De forfaitaire maandpremie is afhankelijk van het toekomstig loon van de cursist. De werkgever moet het voltijdse normale brutoloon voor de functie doorgeven. Automatisch zal berekend worden welk maandbedrag de werkgever verschuldigd is aan VDAB. De forfaitaire kostprijs houdt rekening met de tewerkstellingsbreuk de afwezigheid van de cursist, vanaf 8 aaneensluitende kalenderdagen afwezigheid . Overzicht van de IBO-kost van de werkgever per loonschaal bij een voltijdse IBO (bedragen vanaf 01-12-2022): Maandelijkse premie (netto) Loonschaal (bruto) uurloon 37u/week uurloon 38u/week uurloon 39u/week uurloon 40u/week EUR 650 <= EUR 2.031,65 <= EUR 12,67 <= EUR 12,33 <= EUR 12,02 <= EUR 11,72 EUR 800 EUR 2.031,65 - EUR 2.391,36 EUR 12,68 - EUR 14,92 EUR 12,34 - EUR 14,52 EUR 12,03 - EUR 14,15 EUR 11,73 - EUR 13,79 EUR 1.000 EUR 2.391,37 - EUR 2.749,88 EUR 14,93 - EUR 17,15 EUR 14,53 - EUR 16,70 EUR 14,16 - EUR 16,27 EUR 13,80 - EUR 15,86 EUR 1.200 EUR 2.749,89 - EUR 3.107,24 EUR 17,16 - EUR 19,38 EUR 16,71 - EUR 18,87 EUR 16,28 - EUR 18,38 EUR 15,87 - EUR 17,92 EUR 1.400 > EUR 3.107,25 > EUR 19,38 > EUR 18,87 > EUR 18,38 > EUR 17,92 Berekeningsformule van uurloon naar maandloon: (uurloon x aantal uren/week volgens PC x 13) / 3 Er zijn geen bijkomende kosten voor de werkgever: VDAB garandeert de kosteloosheid van de opleiding voor de cursist \"kosten eigen aan werkgever\" valt volledig weg omdat de IBO-premie voor de cursist volledig losgekoppeld wordt van het toekomstig loon. \n\n Vraag aan de VDAB consulent: Waar vindt de werkgever de maandelijkse kostprijs terug?? \n Antwoord of Actie: In de bijlage \"Informatie voor de onderneming\" staat wat de maandelijkse kostprijs is. De bijlage ontvangt de werkgever bij de ondertekening van het contract. Procedure Servicelijn Heeft de werkgever vragen over de factuur? Verwijs naar de IBO-bemiddelaar of debiteuren@vdab.be . \n\n Vraag aan de VDAB consulent: Wat is de kost wanneer de IBO halverwege de maand start of stopt?? \n Antwoord of Actie: Dan wordt de forfaitaire premie pro rata van het aantal mogelijke kalenderdagen berekend. Voorbeelden vind je op  IBO - Scenario's berekening kostprijs en vergoedingen \n\n Vraag aan de VDAB consulent: Wie betaalt de reiskosten bij een IBO?? \n Antwoord of Actie: VDAB, net zoals voor andere cursisten in opleiding/stage . \n\n Vraag aan de VDAB consulent: Wie neemt de kosten van werkmateriaal (bv beroepskledij) voor zijn rekening?? \n Antwoord of Actie: zie IBO: Wat zijn de verdiensten van een cursist? >  Wie neemt de kosten van werkmateriaal (bv beroepskledij) voor zijn rekening? \n\n Vraag aan de VDAB consulent: Zijn extra-legale voordelen mogelijk tijdens de IBO?? \n Antwoord of Actie: Nee Extra-legale voorwaarden zoals maaltijdcheques, gsm en bedrijfswagen zijn  niet  mogelijk. Worden deze voordelen toch toegekend tijdens de IBO, dan kan de RSZ de IBO mogelijk herkwalificeren als een gewone arbeidsovereenkomst. Controle en verlies van werkloosheidsuitkering is reeel!   Achtergrondinfo Belgisch Staatsblad van 06/11/2017 -  IBO en recht op werkloosheisuitkeringen: Uitkeringsgerechtigde werklozen kunnen een opleiding in een onderneming volgen via een IBO (individuele opleiding in de onderneming). Tijdens de IBO blijft de betrokkene zijn werkloosheidsuitkering ontvangen en krijgt hij er bovenop een premie. Afhankelijk van de bevoegde gemeenschap (Vlaamse, Franse of Duitse), ontvangt hij de premie van de VDAB of van de werkgever. De premie wordt als volgt vastgesteld:  (loon dat betrokkene zou ontvangen mocht hij aangeworven zijn met een AO - werkloosheidsuitkering) X welbepaald %. Sommige werkgevers geven nog een  bedrag bovenop deze premie .  Door een wijziging in de werkloosheidsreglementering wordt deze praktijk nu aan banden gelegd.  Wat de uitkeringsgerechtigde bovenop de premie krijgt, wordt voortaan beschouwd als loon  in de werkloosheidsreglementering. Dit betekent dat de betrokkene in die periode niet zonder loon is en bijgevolg niet in aanmerking komt voor werkloosheidsuitkeringen. Inwerkingtreding:  op 16 november 2017. Concreet : een IBO die bovenop de premie toegekend door de VDAB of de werkgever, nog een bijkomende vergoeding van de werkgever ontvangt, loopt het gevaar om zijn werkloosheidsuitkeringen te verliezen. Bron: M.B. 08.10.2017 tot wijziging van de artikelen 1, 19 en 70 van het ministerieel besluit van 26 november 1991 houdende de toepassingsregelen van de werkloosheidsreglementering. \n\n Vraag aan de VDAB consulent: Hoe moet de werkgever de IBO-cursist betalen?? \n Antwoord of Actie: Niet. De werkgever betaalt de forfaitaire maandpremie aan VDAB. VDAB betaalt de IBO-premie, verplaatsingskosten en evt. kosten voor kinderopvang aan de cursist. \n\n Vraag aan de VDAB consulent: Hoe wordt het ploegenstelsel verrekend bij een IBO?? \n Antwoord of Actie: Dit zit vervat in de forfaitaire maandpremie. \n\n Vraag aan de VDAB consulent: Betaalt de werkgever ook een forfaitaire maandpremie wanneer de cursist een opleiding volgt buiten het bedrijf?? \n Antwoord of Actie: Ja. De werkgever betaalt ook tijdens opleiding in CC voor de IBO. \n\n Vraag aan de VDAB consulent: Hoe worden overuren tijdens de IBO gefactureerd?? \n Antwoord of Actie: Overuren tijdens een IBO kunnen standaard niet. ADV-dagen kunnen hierdoor niet tijdens een IBO. Het systeem van ADV-dagen is een compensatie van overuren, wat niet toegestaan is tijdens IBO. Uitzondering Gebeurt dit toch uitzonderlijk, dan moet de cursist deze zo snel mogelijk recupereren. De werkgever betaalt maandelijks een vaste kostprijs. Bijkomende kosten en vergoedingen door de werkgever zijn niet mogelijk! \n\n Vraag aan de VDAB consulent: Worden afwezigheden van de cursist tijdens de IBO gefactureerd aan de werkgever?? \n Antwoord of Actie: Nee Vanaf 8 aaneensluitende kalenderdagen afwezigheid van de cursist, krijgt de werkgever vermindering op de factuur. bijkomende afwezigheidsdagen worden pro rata verminderd (o.b.v. aantal kalenderdagen) voor contracten die starten vanaf 1/7! de eerste 7 kalenderdagen worden wel aangerekend. Op het einde van de IBO maakt VDAB de eindafrekening. Indien van toepassing, ontvangt de werkgever na het einde van de IBO een creditnota. Zie  Impact van afwezigheden op de factuur voor werkgever  (intranet) \n\n Vraag aan de VDAB consulent: Worden betaalde feestdagen tijdens de IBO gefactureerd aan de werkgever?? \n Antwoord of Actie: Ja, deze dagen zitten vervat in de forfaitaire maandpremie. \n\n Vraag aan de VDAB consulent: Wat gebeurt er met de kosten van een IBO voor de wg na een aanpassing van de gemiddelde werkloosheidsuitkering?? \n Antwoord of Actie: Niets. De forfaitaire maandpremie is gebaseerd op het toekomstige loon van de cursist, niet op de uitkering die hij ontvangt. \n\n Vraag aan de VDAB consulent: Hoe gebeurt de facturatie?? \n Antwoord of Actie: De werkgever bevestigt de prestaties in de PVC-tool (Premies en Vergoedingen Competentieversterking). Daarna stuurt VDAB de maandelijkse factuur (per post) naar de werkgever. Let op! Facturen worden altijd opgemaakt op de maatschappelijke zetel (=hoofdzetel in AMI), zoals vermeld in PVC/de IBO-tool. De factuur wordt rond de 20e van de maand opgemaakt en nadien verstuurd. Wil de werkgever de factuur digitaal ontvangen? Dan stuurt hij deze vraag naar  debiteuren.digitaal@vdab.be \n\n Vraag aan de VDAB consulent: Werd IBO duurder voor de werkgever na 1 september 2018?? \n Antwoord of Actie: Nee Achtergrondinfo Gemiddeld is de IBO 16 % voordeliger geworden omdat er geen bijkomende kosten meer bovenop komen. Enkel de IBO's voor hogere profielen met een hoog loon, zijn duurder geworden. Maar daar gaat het vaak om korte IBO's. \n\n Categorie: Servicelijn \n\n Domein: voordelen \n\n Tags: verplaatsingskosten, ibo \n\n Url: https://intranet-rel1ldv.ops.vdab.be/faq/servicelijn/ibo-wat-zijn-de-kosten-van-de-ibo-voor-de-werkgever \n\n Volgende paginas: Wie neemt de kosten van werkmateriaal (bv beroepskledij) voor zijn rekening?, via https://intranet-rel1ldv.ops.vdab.be/faq/servicelijn/ibo-wat-zijn-de-verdiensten-van-een-cursist-tijdens-een-ibo \n\n Type: intranet", "document_translation": "The costs for the employer at IBO \n\n information about the productivity premium to be paid, travel costs and insurance, and any accompanying premium to be obtained. \n\n Question for the VDAB counselor: What should the employer put in order?? \n Answer or Action: The employer pays VDAB a fixed monthly premium. This depends on the future salary of the student. The employer must pass on the full-time normal gross salary for the position. The monthly amount that the employer owes to VDAB is then automatically calculated. The employer insures the student against accidents at work. The employer takes out civil liability insurance. If an IBO student would cause damage to the assets of a customer or a third party, the employer must pay for this, VDAB is not responsible for this. Normally, employers also have this for their own employees. \n\n Question for the VDAB counselor: How much does an IBO cost to the employer?? \n Answer or Action: The fixed monthly premium depends on the future salary of the student. The employer must pass on the full-time normal gross salary for the position. It will automatically be calculated what monthly amount the employer owes to VDAB. The flat-rate cost takes into account the breach of employment and the absence of the student, from 8 consecutive calendar days of absence. Overview of the employer's IBO costs per pay scale for a full-time IBO (amounts from 01-12-2022): Monthly premium (net) Wage scale (gross) hourly wage 37h/week hourly wage 38h/week hourly wage 39h/week hourly wage 40h/week EUR 650 <= EUR 2.031.65 <= EUR 12.67 <= EUR 12.33 <= EUR 12.02 <= EUR 11.72 EUR 800 EUR 2.031.65 - EUR 2.391.36 EUR 12.68 - EUR 14.92 EUR 12.34 - EUR 14.52 EUR 12.03 - EUR 14.15 EUR 11.73 - EUR 13.79 EUR 1.000 EUR 2.391.37 - EUR 2.749,88 EUR 14,93 - EUR 17.15 EUR 14.53 - EUR 16.70 EUR 14.16 - EUR 16.27 EUR 13.80 - EUR 15.86 EUR 1.200 EUR 2.749.89 - EUR 3.107.24 EUR 17.16 - EUR 19.38 EUR 16.71 - EUR 18.87 EUR 16.28 - EUR 18.38 EUR 15.87 - EUR 17.92 EUR 1.400 > EUR 3.107.25 > EUR 19.38 > EUR 18.87 > EUR 18.38 > EUR 17.92 Calculation formula from hourly wage to monthly wage: (hourly wage x number of hours/week according to PC x 13) / 3 There are no additional costs for the employer:  VDAB guarantees the free of charge of the training for the student \"costs specific to the employer\" is completely eliminated because the IBO premium for the student is completely disconnected from the future salary. \n\n Question for the VDAB counselor: Where does the employer find the monthly cost price?? \n Answer or Action: The annex \"Information for the company\" states what the monthly cost is. The employer receives the annex when signing the contract. Procedure Service line Does the employer have questions about the invoice? Refer to the IBO mediator or debiteuren@vdab.be. \n\n Question for the VDAB counselor: What is the cost when the IBO starts or stops mid-month?? \n Answer or Action: Then the flat-rate premium is calculated pro rata to the number of possible calendar days. Examples can be found at IBO - Scenarios calculation of cost price and fees \n\n Question for the VDAB counselor: Who pays the travel costs at an IBO?? \n Answer or Action: VDAB, just like for other students in training/internship. \n\n Question for the VDAB counselor: Who bears the costs of work material (e.g. professional clothing)?? \n Answer or Action: see IBO: What are the merits of a student? > Who bears the costs of work material (e.g. professional clothing)? \n\n Question for the VDAB counselor: Are extra-legal benefits possible during the IBO?? \n Answer or Action: No Extra-legal conditions such as meal vouchers, mobile phone and company car are not possible. If these benefits are granted during the IBO, the NSSO may be able to reclassify the IBO as an ordinary employment contract. Control and loss of unemployment benefits is real!   Background information Belgian Official Gazette of 06/11/2017 - IBO and entitlement to unemployment benefits: Unemployed persons entitled to benefit can follow training in a company through an IBO (individual training in the company). During the IBO, the person concerned continues to receive his unemployment benefit and receives a premium on top of it. Depending on the competent community (Flemish, French or German), he receives the premium from the VDAB or from the employer. The contribution is determined as follows: (wages that the person concerned would receive if he had been recruited with an AO - unemployment benefit) X determined %. Some employers give an amount on top of this premium.  A change in unemployment regulations is now restricting this practice.  What the benefit recipient receives on top of the contribution is now considered as wages in the unemployment regulations. This means that the person concerned is not without pay during that period and is therefore not eligible for unemployment benefits. Entry into force: 16 November 2017. In concrete terms: an IBO that receives additional compensation from the employer in addition to the premium granted by the VDAB or the employer runs the risk of losing his unemployment benefits. Source: M.B. 08.10.2017 amending Articles 1, 19 and 70 of the Ministerial Decree of 26 November 1991 on the rules for the application of unemployment regulations. \n\n Question for the VDAB counselor: How should the employer pay the IBO student?? \n Answer or Action: does not. The employer pays the fixed monthly premium to VDAB. VDAB pays the IBO premium, travel costs and possibly. costs for childcare to the student. \n\n Question for the VDAB counselor: How is the shift system settled with an IBO?? \n Answer or Action: This is included in the fixed monthly premium. \n\n Question for the VDAB counselor: Does the employer also pay a flat-rate monthly premium when the student follows a training course outside the company?? \n Answer or Action: : Yes. The employer also pays for the IBO during training in CC. \n\n Question for the VDAB counselor: How are overtime hours invoiced during the IBO?? \n Answer or Action: Overtime during an IBO is not possible by default. ADV days are therefore not possible during an IBO. The system of ADV days is a compensation of overtime, which is not allowed during IBO. Exception If this happens exceptionally, the student must recover it as soon as possible. The employer pays a fixed monthly cost price. Additional costs and reimbursements by the employer are not possible! \n\n Question for the VDAB counselor: Are absences of the student during the IBO invoiced to the employer?? \n Answer or Action: No From 8 consecutive calendar days of absence of the student, the employer receives a reduction on the invoice. Additional absence days are reduced pro rata (based on number of calendar days) for contracts starting from 1/7! The first 7 calendar days will be charged. At the end of the IBO, VDAB makes the final bill. If applicable, the employer will receive a credit note after the end of the IBO. See Impact of absences on the invoice for employer (intranet) \n\n Question for the VDAB counselor: Are paid holidays invoiced to the employer during the IBO?? \n Answer or Action: Yes, these days are included in the fixed monthly premium. \n\n Question for the VDAB counselor: What happens to the costs of an IBO for the WG after an adjustment of the average unemployment benefit?? \n Answer or Action: Nothing. The flat-rate monthly premium is based on the student's future salary, not on the benefit he receives. \n\n Question for the VDAB counselor: How is invoicing done?? \n Answer or Action: The employer confirms the performance in the PVC tool (Premiums and Allowances Competency Reinforcement). VDAB then sends the monthly invoice (by post) to the employer. Note! Invoices are always drawn up at the registered office (= head office in AMI), as stated in PVC/the IBO tool. The invoice is drawn up around the 20th of the month and sent afterwards. Does the employer want to receive the invoice digitally? Then he sends this question to debiteuren.digitaal@vdab.be \n\n Question for the VDAB counselor: Did IBO become more expensive for the employer after 1 September 2018?? \n Answer or Action: No Background info On average, the IBO has become 16% cheaper because there are no additional costs on top of it. Only the IPAs for higher profiles with a high wage have become more expensive. But these are often short IBOs. \n\n Category: Service line \n\n Domain: advantages \n\n Tags: ibo, travel costs \n\n Url: https://intranet-rel1ldv.ops.vdab.be/faq/servicelijn/ibo-wat-zijn-de-kosten-van-de-ibo-voor-de-werkgever \n\n Next pages: Wie neemt de kosten van werkmateriaal (bv beroepskledij) voor zijn rekening?, via https://intranet-rel1ldv.ops.vdab.be/faq/servicelijn/ibo-wat-zijn-de-verdiensten-van-een-cursist-tijdens-een-ibo \n\n Type: intranet"}