{"title": "Verzekerd en ziek bij IBO", "type": "intranet", "field_trefwoorden_name": ["ziekte", "verzekeringen", "individuele beroepsopleiding"], "domain_name": ["voordelen"], "category_name": "Servicelijn", "field_faq_summary": "info over de ziekteverzekering voor schoolverlaters tijdens een IBO en voor niet-uitkeringsgerechtigden en geschorsten.", "url": "https://intranet-rel1ldv.ops.vdab.be/faq/servicelijn/ziekteverzekering-tijdens-ibo", "content": [["Ziek tijdens IBO", "De cursist verwittigt de werkgever volgens de afspraken in het bedrijf. gaat naar de dokter en geeft het doktersbriefje af aan de werkgever. laat het document 'Vertrouwelijk' door de dokter invullen en stuurt dit op naar het ziekenfonds. noteert de letter 'Z' op de stempelkaart. Procedure Servicelijn Verwijs altijd naar de IBO-bemiddelaar zodat die de nodige aanpassingen kan doen. De IBO-bemiddelaar moet ook inschatten of de ziekte invloed heeft op het verder verloop van de IBO. Schrijf de klant niet   zelf uit omwille van ziekte."], ["Ziekte melden tijdens IBO", "De cursist is afwezig omwille van quarantaine  (intranet)"], ["De cursist is afwezig omwille van quarantaine", "Dit is niet de bevoegdheid van VDAB. De klant neemt contact op met zijn ziekenfonds voor meer informatie.   Procedure Servicelijn Raad de jongere aan om contact op te nemen met het ziekenfonds om te melden dat hij gaat werken met een IBO-contract."], ["Ziekteverzekering", "Cursisten die geen recht hebben op een werkloosheidsuitkering en eventueel een compensatievergoeding krijgen, moeten voor de start van de IBO contact opnemen met hun ziekenfonds. Procedure Servicelijn Raad de klant aan om voor de start van de IBO contact op te nemen met zijn ziekenfonds."], ["Moet een schoolverlater zich inschrijven bij een ziekenfonds als hij een IBO doet?", "Werkzoekenden in sanctieperiode die geen recht hebben op werkloosheidsuitkeringen en een opleiding/IBO volgen, ontvangen geen attest van de RVA voor het ziekenfonds, maar moeten dat zelf aan hun uitbetalingsinstelling vragen. Procedure Servicelijn Raad de klant aan om voor de start van de IBO contact op te nemen met zijn uitbetalingsinstelling."], ["Wat met ziekteverzekering voor niet-uitkeringsgerechtigden tijdens IBO?", "De werkgever."], ["Wat met ziekteverzekering voor geschorsten tijdens IBO?", "De cursist verwittigt zo snel mogelijk de werkgever en IBO-bemiddelaar. De werkgever moet het arbeidsongeval aangeven bij de eigen verzekering."], ["Verzekering arbeidsongevallen", "De werkgever. De werkgever moet zijn verzekeraar op de hoogte brengen dat een cursist opleiding volgt op zijn werkvloer. VDAB is niet aansprakelijk voor schade die de cursist veroorzaakt aan de onderneming of derden."], ["Wie sluit de verzekering AO af voor de IBO-cursist?", "De werkgever brengt de cursist op de hoogte dat de verzekeringen (AO + BA) afgesloten zijn. Hij geeft het arbeidsreglement aan de cursist en geeft bijkomende uitleg. De cursist moet dan weten wat hij moet doen als de verzekering moet tussenkomen vb. in geval van ongeval op weg naar het werk, in geval van schade, enz."], ["Wat te doen bij een arbeidsongeval?", "Ja De cursist is verzekerd tegen ongevallen van en op weg naar de opleidingsplaats en op de opleidingsplaats zelf. De werkgever is verantwoordelijk voor het afsluiten van deze verzekering. Als een ongeval gebeurt bezorgt de werkgever aan de cursist de nodige documenten en brengt hij de verzekering op de hoogte verwittigt de cursist het ziekenfonds (binnen de 48 uur) via het formulier \"bewijs van arbeidsongeschiktheid\" Opgelet Wat de verplaatsing met de wagen betreft: de eigenaar van het voertuig is verplicht een verzekering BA af te sluiten. D.w.z. dat in geval van ongeval de lichamelijke schade ten laste is van de verzekering van het bedrijf en de stoffelijke schade aan derden ten laste is van de autoverzekering van de cursist."], ["Verzekering burgerlijke aansprakelijkheid", "Ja De werkgever zorgt ook voor een verzekering burgerlijke aansprakelijkheid (BA). Als een IBO-cursist schade zou toebrengen aan bezittingen van een klant of een derde dan moet de werkgever dit betalen. Een BA-verzekering dekt dit soort schade. VDAB is niet aansprakelijk voor schade door de cursist aan de onderneming of aan derden."], ["Wie sluit de verzekering BA af voor de IBO-cursist?", "Procedure Servicelijn Verwijs de cursist naar zijn IBO-bemiddelaar om hem op de hoogte te brengen. de vakbond: deze geeft ondersteuning bij contact met  Fedris (Federaal Agentschap voor Beroepsrisico's)."], ["FAQ", "Procedure Servicelijn Verwijs de verzekeraar naar de werkgever om een kopie van het contract te bekomen en zo de verzekering in orde te brengen. Zelf verstrekken wij deze info/kopie niet."], ["Hoe is de cursist op de hoogte?", "Nee De vergoeding bij een ongeval wordt berekend op basis van het loon dat een meerderjarige werknemer in loondienst in hetzelfde beroep dat aangeleerd wordt, ontvangt. Niet op basis van de IBO-vergoeding. Achtergrondinfo Art. 95.  De werkgever verzekert de cursist die in zijn onderneming, vereniging zonder winstoogmerk of administratieve overheid een individuele beroepsopleiding volgt, tegen ongevallen tijdens de opleiding en op de weg van en naar de opleidingsplaats. De verzekering verleent dezelfde waarborgen als de waarborgen, vermeld in de wet van 10 april 1971 betreffende de arbeidsongevallen en de uitvoeringsbesluiten ervan.  Bij een ongeval wordt de vergoeding berekend op basis van het loon waarop een meerderjarige werknemer in loondienst die tewerkgesteld is in het aan te leren beroep, recht heeft."]], "title_translation": "Insured and sick at IBO", "field_trefwoorden_name_translation": ["insurance", "individual vocational training", "illness"], "domain_name_translation": ["advantages"], "category_name_translation": "Service line", "field_faq_summary_translation": "information about health insurance for school leavers during an IBO and for non-benefit recipients and suspended persons.", "content_translation": [["Sick during IBO The student informs the employer according to the agreements in the company. goes to the doctor and", "hands over the doctor's note to the employer. have the document 'Confidential' filled in by the doctor and send it to the health insurance fund. notes the letter 'Z' on the stamp card. Procedure Service line Always refer to the IBO mediator so that he can make the necessary adjustments. The IBO mediator must also assess whether the disease affects the further course of the IBO. Do not unsubscribe the customer yourself because of illness."], ["Reporting illness during IBO", "The student is absent due to quarantine (intranet)"], ["The student is absent due to quarantine", "This is not the competence of VDAB. The customer contacts his health insurance fund for more information.   Procedure Service line Advise the young person to contact the health insurance fund to report that he is going to work with an IBO contract."], ["", "Medical insurance Students who are not entitled to unemployment benefit and may receive compensation must contact their health insurance fund before the start of the IBO. Procedure Service line Advise the customer to contact his health insurance fund before the start of the IBO."], ["Does a school leaver have to register with a health insurance fund if he does an IBO?", "Jobseekers in a sanction period who are not entitled to unemployment benefits and are following a training/IBO do not receive a certificate from the RVA for the health insurance fund, but must request this from their payment institution themselves. Procedure Service line Advise the customer to contact his payout institution before the start of the IBO."], ["What about health insurance for non-benefit recipients during IBO?", "The employer."], ["What about health insurance for suspended people during IBO?", "The student informs the employer and IBO mediator as soon as possible. The employer must report the accident at work to his own insurance."], ["Occupational accident insurance", "The employer. The employer must inform his insurer that a student is undergoing training on his work floor. VDAB is not liable for damage caused by the student to the company or third parties."], ["Who takes out the AO insurance for the IBO student?", "The employer informs the student that the insurances (AO + BA) have been taken out. He gives the work regulations to the student and gives additional explanations. The student must then know what to do if the insurance has to intervene, eg. in case of accident on the way to work, in case of damage, etc."], ["What to do in the event of an accident at work?", "Yes The student is insured against accidents on the way to and from the training place and at the training place itself. The employer is responsible for taking out this insurance. If an accident occurs, the employer provides the student with the necessary documents and informs the insurance company, the student informs the health insurance fund (within 48 hours) via the form \"proof of incapacity for work\" Attention: As far as the journey by car is concerned: the owner of the vehicle is obliged to take out civil liability insurance. I.e.dat in the event of an accident, the physical damage is borne by the company's insurance and the material damage to third parties is at the expense of the student's car insurance."], ["Civil liability insurance", "Yes The employer also provides civil liability insurance (BA). If an IBO student would cause damage to the assets of a customer or a third party, the employer must pay for this. A civil liability insurance covers this type of damage. VDAB is not liable for damage by the student to the company or to third parties."], ["Who takes out civil liability insurance for the IBO student?", "Procedure Service Line Refer the student to his IBO mediator to inform him. the trade union: this provides support in contact with Fedris (Federal Agency for Occupational Risks)."], ["FAQ", "Procedure Service line Refer the insurer to the employer to obtain a copy of the contract and thus arrange the insurance. We do not provide this information /copy ourselves."], ["How is the student informed?", "No: The compensation in the event of an accident is calculated on the basis of the wages received by an adult employee in the same profession that is being taught. Not based on the IBO fee. Background information Art. 95.  The employer shall insure the trainee who is undergoing individual vocational training in his undertaking, non-profit-making association or administrative authority against accidents during training and on the way to and from the place of training. The insurance provides the same guarantees as those provided for in the Law of 10 April 1971 on accidents at work and its implementing decrees.  In the event of an accident, compensation is calculated on the basis of the wages to which an adult employed employee employed in the profession to be taught is entitled."]], "document": "Verzekerd en ziek bij IBO \n\n info over de ziekteverzekering voor schoolverlaters tijdens een IBO en voor niet-uitkeringsgerechtigden en geschorsten. \n\n Vraag aan de VDAB consulent: Ziek tijdens IBO? \n Antwoord of Actie: De cursist verwittigt de werkgever volgens de afspraken in het bedrijf. gaat naar de dokter en geeft het doktersbriefje af aan de werkgever. laat het document 'Vertrouwelijk' door de dokter invullen en stuurt dit op naar het ziekenfonds. noteert de letter 'Z' op de stempelkaart. Procedure Servicelijn Verwijs altijd naar de IBO-bemiddelaar zodat die de nodige aanpassingen kan doen. De IBO-bemiddelaar moet ook inschatten of de ziekte invloed heeft op het verder verloop van de IBO. Schrijf de klant niet   zelf uit omwille van ziekte. \n\n Vraag aan de VDAB consulent: Ziekte melden tijdens IBO? \n Antwoord of Actie: De cursist is afwezig omwille van quarantaine  (intranet) \n\n Vraag aan de VDAB consulent: De cursist is afwezig omwille van quarantaine? \n Antwoord of Actie: Dit is niet de bevoegdheid van VDAB. De klant neemt contact op met zijn ziekenfonds voor meer informatie.   Procedure Servicelijn Raad de jongere aan om contact op te nemen met het ziekenfonds om te melden dat hij gaat werken met een IBO-contract. \n\n Vraag aan de VDAB consulent: Ziekteverzekering? \n Antwoord of Actie: Cursisten die geen recht hebben op een werkloosheidsuitkering en eventueel een compensatievergoeding krijgen, moeten voor de start van de IBO contact opnemen met hun ziekenfonds. Procedure Servicelijn Raad de klant aan om voor de start van de IBO contact op te nemen met zijn ziekenfonds. \n\n Vraag aan de VDAB consulent: Moet een schoolverlater zich inschrijven bij een ziekenfonds als hij een IBO doet?? \n Antwoord of Actie: Werkzoekenden in sanctieperiode die geen recht hebben op werkloosheidsuitkeringen en een opleiding/IBO volgen, ontvangen geen attest van de RVA voor het ziekenfonds, maar moeten dat zelf aan hun uitbetalingsinstelling vragen. Procedure Servicelijn Raad de klant aan om voor de start van de IBO contact op te nemen met zijn uitbetalingsinstelling. \n\n Vraag aan de VDAB consulent: Wat met ziekteverzekering voor niet-uitkeringsgerechtigden tijdens IBO?? \n Antwoord of Actie: De werkgever. \n\n Vraag aan de VDAB consulent: Wat met ziekteverzekering voor geschorsten tijdens IBO?? \n Antwoord of Actie: De cursist verwittigt zo snel mogelijk de werkgever en IBO-bemiddelaar. De werkgever moet het arbeidsongeval aangeven bij de eigen verzekering. \n\n Vraag aan de VDAB consulent: Verzekering arbeidsongevallen? \n Antwoord of Actie: De werkgever. De werkgever moet zijn verzekeraar op de hoogte brengen dat een cursist opleiding volgt op zijn werkvloer. VDAB is niet aansprakelijk voor schade die de cursist veroorzaakt aan de onderneming of derden. \n\n Vraag aan de VDAB consulent: Wie sluit de verzekering AO af voor de IBO-cursist?? \n Antwoord of Actie: De werkgever brengt de cursist op de hoogte dat de verzekeringen (AO + BA) afgesloten zijn. Hij geeft het arbeidsreglement aan de cursist en geeft bijkomende uitleg. De cursist moet dan weten wat hij moet doen als de verzekering moet tussenkomen vb. in geval van ongeval op weg naar het werk, in geval van schade, enz. \n\n Vraag aan de VDAB consulent: Wat te doen bij een arbeidsongeval?? \n Antwoord of Actie: Ja De cursist is verzekerd tegen ongevallen van en op weg naar de opleidingsplaats en op de opleidingsplaats zelf. De werkgever is verantwoordelijk voor het afsluiten van deze verzekering. Als een ongeval gebeurt bezorgt de werkgever aan de cursist de nodige documenten en brengt hij de verzekering op de hoogte verwittigt de cursist het ziekenfonds (binnen de 48 uur) via het formulier \"bewijs van arbeidsongeschiktheid\" Opgelet Wat de verplaatsing met de wagen betreft: de eigenaar van het voertuig is verplicht een verzekering BA af te sluiten. D.w.z. dat in geval van ongeval de lichamelijke schade ten laste is van de verzekering van het bedrijf en de stoffelijke schade aan derden ten laste is van de autoverzekering van de cursist. \n\n Vraag aan de VDAB consulent: Verzekering burgerlijke aansprakelijkheid? \n Antwoord of Actie: Ja De werkgever zorgt ook voor een verzekering burgerlijke aansprakelijkheid (BA). Als een IBO-cursist schade zou toebrengen aan bezittingen van een klant of een derde dan moet de werkgever dit betalen. Een BA-verzekering dekt dit soort schade. VDAB is niet aansprakelijk voor schade door de cursist aan de onderneming of aan derden. \n\n Vraag aan de VDAB consulent: Wie sluit de verzekering BA af voor de IBO-cursist?? \n Antwoord of Actie: Procedure Servicelijn Verwijs de cursist naar zijn IBO-bemiddelaar om hem op de hoogte te brengen. de vakbond: deze geeft ondersteuning bij contact met  Fedris (Federaal Agentschap voor Beroepsrisico's). \n\n Vraag aan de VDAB consulent: FAQ? \n Antwoord of Actie: Procedure Servicelijn Verwijs de verzekeraar naar de werkgever om een kopie van het contract te bekomen en zo de verzekering in orde te brengen. Zelf verstrekken wij deze info/kopie niet. \n\n Vraag aan de VDAB consulent: Hoe is de cursist op de hoogte?? \n Antwoord of Actie: Nee De vergoeding bij een ongeval wordt berekend op basis van het loon dat een meerderjarige werknemer in loondienst in hetzelfde beroep dat aangeleerd wordt, ontvangt. Niet op basis van de IBO-vergoeding. Achtergrondinfo Art. 95.  De werkgever verzekert de cursist die in zijn onderneming, vereniging zonder winstoogmerk of administratieve overheid een individuele beroepsopleiding volgt, tegen ongevallen tijdens de opleiding en op de weg van en naar de opleidingsplaats. De verzekering verleent dezelfde waarborgen als de waarborgen, vermeld in de wet van 10 april 1971 betreffende de arbeidsongevallen en de uitvoeringsbesluiten ervan.  Bij een ongeval wordt de vergoeding berekend op basis van het loon waarop een meerderjarige werknemer in loondienst die tewerkgesteld is in het aan te leren beroep, recht heeft. \n\n Categorie: Servicelijn \n\n Domein: voordelen \n\n Tags: ziekte, individuele beroepsopleiding, verzekeringen \n\n Url: https://intranet-rel1ldv.ops.vdab.be/faq/servicelijn/ziekteverzekering-tijdens-ibo \n\n Type: intranet", "document_translation": "Insured and sick at IBO \n\n information about health insurance for school leavers during an IBO and for non-benefit recipients and suspended persons. \n\n Question for the VDAB counselor: Sick during IBO The student informs the employer according to the agreements in the company. goes to the doctor and? \n Answer or Action: hands over the doctor's note to the employer. have the document 'Confidential' filled in by the doctor and send it to the health insurance fund. notes the letter 'Z' on the stamp card. Procedure Service line Always refer to the IBO mediator so that he can make the necessary adjustments. The IBO mediator must also assess whether the disease affects the further course of the IBO. Do not unsubscribe the customer yourself because of illness. \n\n Question for the VDAB counselor: Reporting illness during IBO? \n Answer or Action: The student is absent due to quarantine (intranet) \n\n Question for the VDAB counselor: The student is absent due to quarantine? \n Answer or Action: This is not the competence of VDAB. The customer contacts his health insurance fund for more information.   Procedure Service line Advise the young person to contact the health insurance fund to report that he is going to work with an IBO contract. \n\n Question for the VDAB counselor: ? \n Answer or Action: Medical insurance Students who are not entitled to unemployment benefit and may receive compensation must contact their health insurance fund before the start of the IBO. Procedure Service line Advise the customer to contact his health insurance fund before the start of the IBO. \n\n Question for the VDAB counselor: Does a school leaver have to register with a health insurance fund if he does an IBO?? \n Answer or Action: Jobseekers in a sanction period who are not entitled to unemployment benefits and are following a training/IBO do not receive a certificate from the RVA for the health insurance fund, but must request this from their payment institution themselves. Procedure Service line Advise the customer to contact his payout institution before the start of the IBO. \n\n Question for the VDAB counselor: What about health insurance for non-benefit recipients during IBO?? \n Answer or Action: The employer. \n\n Question for the VDAB counselor: What about health insurance for suspended people during IBO?? \n Answer or Action: The student informs the employer and IBO mediator as soon as possible. The employer must report the accident at work to his own insurance. \n\n Question for the VDAB counselor: Occupational accident insurance? \n Answer or Action: The employer. The employer must inform his insurer that a student is undergoing training on his work floor. VDAB is not liable for damage caused by the student to the company or third parties. \n\n Question for the VDAB counselor: Who takes out the AO insurance for the IBO student?? \n Answer or Action: The employer informs the student that the insurances (AO + BA) have been taken out. He gives the work regulations to the student and gives additional explanations. The student must then know what to do if the insurance has to intervene, eg. in case of accident on the way to work, in case of damage, etc. \n\n Question for the VDAB counselor: What to do in the event of an accident at work?? \n Answer or Action: Yes The student is insured against accidents on the way to and from the training place and at the training place itself. The employer is responsible for taking out this insurance. If an accident occurs, the employer provides the student with the necessary documents and informs the insurance company, the student informs the health insurance fund (within 48 hours) via the form \"proof of incapacity for work\" Attention: As far as the journey by car is concerned: the owner of the vehicle is obliged to take out civil liability insurance. I.e.dat in the event of an accident, the physical damage is borne by the company's insurance and the material damage to third parties is at the expense of the student's car insurance. \n\n Question for the VDAB counselor: Civil liability insurance? \n Answer or Action: Yes The employer also provides civil liability insurance (BA). If an IBO student would cause damage to the assets of a customer or a third party, the employer must pay for this. A civil liability insurance covers this type of damage. VDAB is not liable for damage by the student to the company or to third parties. \n\n Question for the VDAB counselor: Who takes out civil liability insurance for the IBO student?? \n Answer or Action: Procedure Service Line Refer the student to his IBO mediator to inform him. the trade union: this provides support in contact with Fedris (Federal Agency for Occupational Risks). \n\n Question for the VDAB counselor: FAQ? \n Answer or Action: Procedure Service line Refer the insurer to the employer to obtain a copy of the contract and thus arrange the insurance. We do not provide this information /copy ourselves. \n\n Question for the VDAB counselor: How is the student informed?? \n Answer or Action: No: The compensation in the event of an accident is calculated on the basis of the wages received by an adult employee in the same profession that is being taught. Not based on the IBO fee. Background information Art. 95.  The employer shall insure the trainee who is undergoing individual vocational training in his undertaking, non-profit-making association or administrative authority against accidents during training and on the way to and from the place of training. The insurance provides the same guarantees as those provided for in the Law of 10 April 1971 on accidents at work and its implementing decrees.  In the event of an accident, compensation is calculated on the basis of the wages to which an adult employed employee employed in the profession to be taught is entitled. \n\n Category: Service line \n\n Domain: advantages \n\n Tags: insurance, individual vocational training, illness \n\n Url: https://intranet-rel1ldv.ops.vdab.be/faq/servicelijn/ziekteverzekering-tijdens-ibo \n\n Type: intranet"}