{"title": "Doorverwijzen: klant wil ww of CC contacteren", "type": "intranet", "domain_name": ["vragen", "doorverwijzen"], "category_name": "Servicelijn", "field_faq_summary": "Aangepaste procedures in het kader van 0800-nummer op vdab.be", "url": "https://intranet-rel1ldv.ops.vdab.be/faq/servicelijn/doorverwijzen-klant-wil-ww-cc-contacteren", "content": [["Klant met bemiddelaar", "Bv: klant belt voor inschrijving, wil meer informatie over een opleiding, heeft een vraag over de website, ... Procedure Servicelijn Help de klant verder."], ["Algemene vraag die Servicelijn kan oplossen", "Procedure Servicelijn Heeft de klant de contactgegevens van z'n bemiddelaar? Ja: Vraag aan de klant persoonlijk contact op te nemen met zijn bemiddelaar. Nee:  Geef het gsm-nummer van de bemiddelaar mee en vraag de klant om persoonlijk contact op te nemen met de bemiddelaar.  Uitzondering Bv. klant zonder belkrediet, klant in armoede: stuur zelf een mail naar de bemiddelaar."], ["Specifieke vraag voor zijn bemiddelaar", "Bv: klant wil een stage doen bij een werkwinkel, klant belt i.v.m. een alarm dat afgaat in een VDAB-gebouw, leverancier wil werkwinkel bereiken, klant liet z'n gsm in de kantine van een VDAB-locatie liggen, ... Hou er rekening mee dat de werkwinkels sluiten tussen Kerst - en Nieuw en de generieke mailbox in die periode ook niet opgevolgd wordt. Procedure Servicelijn Stuur de vraag van de klant door naar de provinciale generieke mailbox. Gebruik hiervoor een van de standaardmails ."], ["Vraag voor de regio die Servicelijn niet kan oplossen", "Bv: klant belt voor inschrijving, wil meer informatie over een opleiding, heeft een vraag over de website, ... Procedure Servicelijn Help de klant verder."], ["Klant zonder bemiddelaar", "Bv. invullen van een document, controleren van verblijfsdocumenten, ... Hou er rekening mee dat de werkwinkels sluiten tussen Kerst - en Nieuw en de generieke mailbox in die periode ook niet opgevolgd wordt. Procedure Servicelijn Klant kan langsgaan tijdens openingsuren werkwinkel? Ja? Verwijs de klant door naar de werkwinkel tijdens de openingsuren zoals weergegeven op de website, filter hierbij op dienstverlening: 'Vragen en advies'.   Nee? Want werkwinkel is gesloten wegens verlof gedurende een periode of dichtsbijzijnde werkwinkel is enkel open op een tijdstip dat niet schikt voor de klant.  Stuur de vraag van de klant door naar de provinciale generieke mailbox. Gebruik hiervoor een van de standaardmails .  "], ["Algemene vraag die Servicelijn kan oplossen", "Bv. klant wil een stage doen bij een werkwinkel, klant belt i.v.m. een alarm dat afgaat, klant heeft z'n gsm laten liggen in de kantine van het opleidingscentrum, ... Hou er rekening mee dat de werkwinkels sluiten tussen Kerst - en Nieuw en de generieke mailbox in die periode ook niet opgevolgd wordt. Procedure Servicelijn Stuur de vraag van de klant door naar de provinciale generieke mailbox. Gebruik hiervoor een van de standaardmails ."], ["Specifieke vraag over bemiddeling/begeleiding die Servicelijn niet kan oplossen", "Antwerpen   antvdab@vdab.be Oost-Vlaanderen  info.ovl@vdab.be   Limburg   bdv.limburg@vdab.be Vlaams-Brabant   bdv.vlaams-brabant@vdab.be West-Vlaanderen   bdv.west-vlaanderen@vdab.be  "], ["Andere vraag die Servicelijn niet kan oplossen", "Elke provincie is verantwoordelijk voor de opvolging en het beheer van z'n generieke mailbox.  Algemeen principe: de mailbox wordt dagelijks opgevolgd de onthaalbediende/bemiddelaar die de mailbox opvolgt antwoordt niet naar Servicelijn, maar volgt zelf verder op in principe wordt de vraag van de klant de dag zelf behandeld, tenzij de vraag geescaleerd wordt vragen na 16u worden pas de volgende dag behandeld. "], ["Overzicht generieke mailboxen", "Noteer steeds de locatie die de klant wil contacteren en contactgegevens van de klant.  Onderwerp: [zelf in te geven] Dag collega Vandaag nam [VOORNAAM, NAAM] [eventueel IKL of IKP] contact op met de Servicelijn met volgende vraag: [OMSCHRIJF DE VRAAG VAN DE KLANT]. Locatie die de klant probeert te bellen: Je kan de klant contacteren via onderstaande contactgegevens: Gsm: E-mailadres: Bereikbaarheid: Alvast bedankt! Voornaam Naam Bemiddelaar Servicelijn"], ["1 centrale mailbox per provincie", "Noteer steeds de locatie die de klant wil contacteren en contactgegevens van de klant.  Onderwerp: Terugbeller + [zelf in te geven] Dag collega Vandaag nam [VOORNAAM, NAAM] [eventueel IKL of IKP] contact op met de Servicelijn i.v.m. [OMSCHRIJF DE VRAAG VAN DE KLANT]. De klant nam hiervoor eerder al contact op. Is het mogelijk de klant zo snel mogelijk terug te contacteren via [NOTEER CONTACTGEGEVENS]. Bereikbaarheid: Alvast bedankt! Voornaam Naam Bemiddelaar Servicelijn"], ["Opvolging van de provinciale mailbox", "Noteer steeds de locatie die de klant wil contacteren en contactgegevens van de klant.  Onderwerp: Dringend + [zelf in te geven] Dag collega Vandaag nam [VOORNAAM, NAAM] [eventueel IKL of IKP] contact op met de Servicelijn met een dringende vraag: [OMSCHRIJF DE VRAAG VAN DE KLANT]. Is het mogelijk de klant zo snel mogelijk terug te contacteren via [NOTEER CONTACTGEGEVENS]. Alvast bedankt! Voornaam Naam Bemiddelaar Servicelijn"], ["Standaardmails", "Werkzoekende en werknemer  Procedure Servicelijn Verstuur de mail uit je eigen mailbox en zet de coachingsmailbox in BCC. Werkgevers Procedure Servicelijn Verstuur de mail vanuit WDE. "], ["Gewone doorverwijsmail", "Procedure Servicelijn Stuur de melding + uur waarop de klant voor een gesloten deur stond door naar de generieke mailbox van de provincie. "], ["Terugbeller", "Bv. dringende interventie rond waterinsijpeling in het gebouw, klant kan niet meer in de garage van het gebouw, persoon zit opgesloten in CC, ... In principe stuur je alle regio-gebonden vragen door naar de generieke mailbox. Schat je in dat de vraag die binnenkomt echt een noodgeval is, dan neem je contact op met de gebouwbeheerder of de teamleider onderhoud. Zie document Gebouwbeheerders op grotere VDAB-locaties  (de teamleiders onderhoud vind je in de tabel onder de titel 'Plaats in de organisatie'). Twijfel je of het echt om een noodgeval gaat? Contacteer dan voor de zekerheid de gebouwverantwoordelijke of de teamleider onderhoud. Achtergrondinfo Regelmatig contacteert een technieker of mecanicien Servicelijn die in een VDAB-gebouw moet zijn voor onderhoud. Vraag door op de contactpersoon, door wie werd de technieker gecontacteerd voor de herstelling en probeer op die manier verder te helpen."], ["Dringend", "VDAB Brussel is niet meegestapt in dit project en heeft geen generieke mailbox. Op de contactpagina staat bij de Brusselse werkwinkels nog een lokaal telefoonnummer."], ["Hoe mailen", "Tijdens de zomervakanties zijn sommige werkwinkels voor een bepaalde periode gesloten of beperkter open. Procedure Servicelijn Zie alinea: Hoe VDAB locatie opzoeken? Onder 'bereikbaarheid' staat de melding van de zomersluiting.  Geef de info mee aan de klant. Klant heeft echter een dringende vraag of heeft een actie nodig in zijn/haar dossier? Volg de procedure in Specifieke vraag over bemiddeling/begeleiding die Servicelijn niet kan oplossen .  "], ["FAQ's", "Procedure Servicelijn Ga naar de contactpagina van www.vdab.be. Geef de postcode in. Filter op dienstverlening naar gelang de vraag van de klant. Kies het dichtstbijzijnde kantoor. Geef het adres mee + de openingsuren. Opgelet  Hou tijdens de zomervakantie rekening met mogelijke sluitingen. Scrol naar beneden om info over een mogelijke sluiting mee te geven aan de klant. "]], "link_ankers": [["https://intranet-rel1ldv.ops.vdab.be/faq/servicelijn/derdelander-doorverwijzing-en-definities", "Derdelander: doorverwijzing en definities"], ["https://intranet-rel1ldv.ops.vdab.be/faq/servicelijn/klant-vraagt-contactgegevens-van-een-vdab-medewerker-partner", "Klant vraagt contactgegevens van een VDAB-medewerker of partner"]], "title_translation": "Redirect: customer wants to contact ww or CC", "domain_name_translation": ["refer", "ask"], "category_name_translation": "Service line", "field_faq_summary_translation": "Adapted procedures in the context of 0800 number on vdab.be", "content_translation": [["Customer with mediator", "Bv: customer calls for registration, wants more information about a training, has a question about the website, ... Procedure Service line Help the customer further."], ["General question that Service line can solve", "Procedure Service line Does the customer have the contact details of his mediator? Yes: Ask the client to contact his mediator personally. No: Provide the mobile phone number of the mediator and ask the customer to contact the mediator personally.  Exception E.g. customer without call credit, customer in poverty: send an email to the mediator yourself."], ["Specific question for his mediator Eg: customer wants to do an internship at a work shop,", "customer calls because of an alarm that goes off in a VDAB building, supplier wants to reach work shop, customer left his mobile phone in the canteen of a VDAB location, ... Keep in mind that the work shops close between Christmas and New Year and the generic mailbox is also not followed up during that period. Procedure Service line Forward the customer's question to the provincial generic mailbox. To do this, use one of the standard emails."], ["Question for the region that Service line cannot solve", "Eg: customer calls for registration, wants more information about a training, has a question about the website, ... Procedure Service line Help the customer further."], ["Customer without mediator", "E.g. filling in a document, checking residence documents, ... Keep in mind that the work shops close between Christmas and New Year and the generic mailbox is also not followed up during that period. Procedure Service line Customer can visit during opening hours work shop? Yes? Refer the customer to the work shop during the opening hours as shown on the website, filter by service: 'Questions and advice'.   No? Because werkwinkel is closed due to leave for a period or nearest work shop is only open at a time that is not convenient for the customer.  Forward the customer's question to the provincial generic mailbox. To do this, use one of the standard emails."], ["General question that Service line can solve", "E.g. customer wants to do an internship at a work shop, customer calls because of an alarm that goes off, customer has left his mobile phone in the canteen of the training center, ... Keep in mind that the work shops close between Christmas and New Year and the generic mailbox is also not followed up during that period. Procedure Service line Forward the customer's question to the provincial generic mailbox. To do this, use one of the standard emails."], ["Specific question about mediation/guidance that Servicelijn cannot solve", "Antwerp antvdab@vdab.be East Flanders info.ovl@vdab.be Limburg bdv.limburg@vdab.be Flemish Brabant bdv.vlaams-brabant@vdab.be West Flanders bdv.west-vlaanderen@vdab.be"], ["Other question that Service line cannot solve", "Each province is responsible for the follow-up and management of its generic mailbox.  General principle: the mailbox is monitored daily, the receptionist/mediator who follows up the mailbox does not answer to the Service line, but follows up further, in principle, the customer's question is dealt with on the day itself, unless the question is escalated, questions after 4 pm will only be dealt with the next day."], ["Overview generic", "mailboxes Always write down the location that the customer wants to contact and contact details of the customer.  Subject: [to be entered yourself] Hello colleague Today [FIRST NAME, NAME] [possibly IKL or IKP] contacted the Service Line with the following question: [DESCRIBE THE CUSTOMER'S QUESTION]. Location that the customer is trying to call: You can contact the customer via the contact details below: Mobile phone: E-mail address: Accessibility: Thanks in advance! First name Name Mediator Service Line"], ["1 central mailbox per province", "Always write down the location that the customer wants to contact and contact details of the customer.  Subject: Caller + [to be entered yourself] Hello colleague Today [FIRST NAME, SURNAME] [possibly IKL or IKP] contacted the Service Line regarding [DESCRIBE THE CUSTOMER'S QUESTION]. The customer contacted us earlier. Is it possible to contact the customer as soon as possible via [WRITE DOWN CONTACT DETAILS]. Accessibility: Thanks in advance! First name Name Mediator Service Line"], ["Follow-up of the provincial mailbox", "Always write down the location that the customer wants to contact and contact details of the customer.  Subject: Urgent + [to be entered yourself] Hello colleague Today [FIRST NAME, NAME] [possibly IKL or IKP] contacted the Service Line with an urgent question: [DESCRIBE THE CUSTOMER'S QUESTION]. Is it possible to contact the customer as soon as possible via [WRITE DOWN CONTACT DETAILS]. Thanks in advance! First name Name Mediator Service Line"], ["Standard emails", "Job seeker and employee Procedure Service line Send the mail from your own mailbox and put the coaching mailbox in BCC. Employers Procedure Service Line Send the mail from WDE."], ["Ordinary referral email", "Procedure Service line Forward the notification + hour when the customer was standing in front of a closed door to the generic mailbox of the province."], ["Caller", "E.g. urgent intervention regarding water seepage in the building, customer can no longer enter the garage of the building, person is locked in CC, ... In principle, you send all region-specific questions to the generic mailbox. If you estimate that the question that comes in is really an emergency, you contact the building manager or the maintenance team leader. See document Building managers at larger VDAB locations (the maintenance team leaders can be found in the table under the title 'Place in the organisation'). Are you unsure whether it is really an emergency? Then contact the building manager or the maintenance team leader to be sure. Background information A technician or mechanic regularly contacts a Service Line who needs to be in a VDAB building for maintenance. Ask the contact person, by whom was the technician contacted for the repair and try to help in that way."], ["Urgent", "VDAB Brussels did not participate in this project and does not have a generic mailbox. On the contact page there is a local telephone number at the Brussels workshops."], ["How to mail", "During the summer holidays, some work shops are closed for a certain period of time or open more limited. Service line procedure See paragraph: How to look up VDAB location? Under 'accessibility' you will find the notification of the summer closure.  Give the information to the customer. However, customer has an urgent question or needs an action in his / her file? Follow the procedure in Specific question about mediation/guidance that Service Line cannot resolve."], ["FAQ's", "Procedure Service Line Go to the contact page of www.vdab.be. Enter the zip code. Filter by service according to customer demand. Choose the nearest office. Please provide the address + opening hours. Attention: Take into account possible closures during the summer holidays. Scroll down to give information about a possible closure to the customer."]], "document": "Doorverwijzen: klant wil ww of CC contacteren \n\n Aangepaste procedures in het kader van 0800-nummer op vdab.be \n\n Vraag aan de VDAB consulent: Klant met bemiddelaar? \n Antwoord of Actie: Bv: klant belt voor inschrijving, wil meer informatie over een opleiding, heeft een vraag over de website, ... Procedure Servicelijn Help de klant verder. \n\n Vraag aan de VDAB consulent: Algemene vraag die Servicelijn kan oplossen? \n Antwoord of Actie: Procedure Servicelijn Heeft de klant de contactgegevens van z'n bemiddelaar? Ja: Vraag aan de klant persoonlijk contact op te nemen met zijn bemiddelaar. Nee:  Geef het gsm-nummer van de bemiddelaar mee en vraag de klant om persoonlijk contact op te nemen met de bemiddelaar.  Uitzondering Bv. klant zonder belkrediet, klant in armoede: stuur zelf een mail naar de bemiddelaar. \n\n Vraag aan de VDAB consulent: Specifieke vraag voor zijn bemiddelaar? \n Antwoord of Actie: Bv: klant wil een stage doen bij een werkwinkel, klant belt i.v.m. een alarm dat afgaat in een VDAB-gebouw, leverancier wil werkwinkel bereiken, klant liet z'n gsm in de kantine van een VDAB-locatie liggen, ... Hou er rekening mee dat de werkwinkels sluiten tussen Kerst - en Nieuw en de generieke mailbox in die periode ook niet opgevolgd wordt. Procedure Servicelijn Stuur de vraag van de klant door naar de provinciale generieke mailbox. Gebruik hiervoor een van de standaardmails . \n\n Vraag aan de VDAB consulent: Vraag voor de regio die Servicelijn niet kan oplossen? \n Antwoord of Actie: Bv: klant belt voor inschrijving, wil meer informatie over een opleiding, heeft een vraag over de website, ... Procedure Servicelijn Help de klant verder. \n\n Vraag aan de VDAB consulent: Klant zonder bemiddelaar? \n Antwoord of Actie: Bv. invullen van een document, controleren van verblijfsdocumenten, ... Hou er rekening mee dat de werkwinkels sluiten tussen Kerst - en Nieuw en de generieke mailbox in die periode ook niet opgevolgd wordt. Procedure Servicelijn Klant kan langsgaan tijdens openingsuren werkwinkel? Ja? Verwijs de klant door naar de werkwinkel tijdens de openingsuren zoals weergegeven op de website, filter hierbij op dienstverlening: 'Vragen en advies'.   Nee? Want werkwinkel is gesloten wegens verlof gedurende een periode of dichtsbijzijnde werkwinkel is enkel open op een tijdstip dat niet schikt voor de klant.  Stuur de vraag van de klant door naar de provinciale generieke mailbox. Gebruik hiervoor een van de standaardmails .   \n\n Vraag aan de VDAB consulent: Algemene vraag die Servicelijn kan oplossen? \n Antwoord of Actie: Bv. klant wil een stage doen bij een werkwinkel, klant belt i.v.m. een alarm dat afgaat, klant heeft z'n gsm laten liggen in de kantine van het opleidingscentrum, ... Hou er rekening mee dat de werkwinkels sluiten tussen Kerst - en Nieuw en de generieke mailbox in die periode ook niet opgevolgd wordt. Procedure Servicelijn Stuur de vraag van de klant door naar de provinciale generieke mailbox. Gebruik hiervoor een van de standaardmails . \n\n Vraag aan de VDAB consulent: Specifieke vraag over bemiddeling/begeleiding die Servicelijn niet kan oplossen? \n Antwoord of Actie: Antwerpen   antvdab@vdab.be Oost-Vlaanderen  info.ovl@vdab.be   Limburg   bdv.limburg@vdab.be Vlaams-Brabant   bdv.vlaams-brabant@vdab.be West-Vlaanderen   bdv.west-vlaanderen@vdab.be   \n\n Vraag aan de VDAB consulent: Andere vraag die Servicelijn niet kan oplossen? \n Antwoord of Actie: Elke provincie is verantwoordelijk voor de opvolging en het beheer van z'n generieke mailbox.  Algemeen principe: de mailbox wordt dagelijks opgevolgd de onthaalbediende/bemiddelaar die de mailbox opvolgt antwoordt niet naar Servicelijn, maar volgt zelf verder op in principe wordt de vraag van de klant de dag zelf behandeld, tenzij de vraag geescaleerd wordt vragen na 16u worden pas de volgende dag behandeld.  \n\n Vraag aan de VDAB consulent: Overzicht generieke mailboxen? \n Antwoord of Actie: Noteer steeds de locatie die de klant wil contacteren en contactgegevens van de klant.  Onderwerp: [zelf in te geven] Dag collega Vandaag nam [VOORNAAM, NAAM] [eventueel IKL of IKP] contact op met de Servicelijn met volgende vraag: [OMSCHRIJF DE VRAAG VAN DE KLANT]. Locatie die de klant probeert te bellen: Je kan de klant contacteren via onderstaande contactgegevens: Gsm: E-mailadres: Bereikbaarheid: Alvast bedankt! Voornaam Naam Bemiddelaar Servicelijn \n\n Vraag aan de VDAB consulent: 1 centrale mailbox per provincie? \n Antwoord of Actie: Noteer steeds de locatie die de klant wil contacteren en contactgegevens van de klant.  Onderwerp: Terugbeller + [zelf in te geven] Dag collega Vandaag nam [VOORNAAM, NAAM] [eventueel IKL of IKP] contact op met de Servicelijn i.v.m. [OMSCHRIJF DE VRAAG VAN DE KLANT]. De klant nam hiervoor eerder al contact op. Is het mogelijk de klant zo snel mogelijk terug te contacteren via [NOTEER CONTACTGEGEVENS]. Bereikbaarheid: Alvast bedankt! Voornaam Naam Bemiddelaar Servicelijn \n\n Vraag aan de VDAB consulent: Opvolging van de provinciale mailbox? \n Antwoord of Actie: Noteer steeds de locatie die de klant wil contacteren en contactgegevens van de klant.  Onderwerp: Dringend + [zelf in te geven] Dag collega Vandaag nam [VOORNAAM, NAAM] [eventueel IKL of IKP] contact op met de Servicelijn met een dringende vraag: [OMSCHRIJF DE VRAAG VAN DE KLANT]. Is het mogelijk de klant zo snel mogelijk terug te contacteren via [NOTEER CONTACTGEGEVENS]. Alvast bedankt! Voornaam Naam Bemiddelaar Servicelijn \n\n Vraag aan de VDAB consulent: Standaardmails? \n Antwoord of Actie: Werkzoekende en werknemer  Procedure Servicelijn Verstuur de mail uit je eigen mailbox en zet de coachingsmailbox in BCC. Werkgevers Procedure Servicelijn Verstuur de mail vanuit WDE.  \n\n Vraag aan de VDAB consulent: Gewone doorverwijsmail? \n Antwoord of Actie: Procedure Servicelijn Stuur de melding + uur waarop de klant voor een gesloten deur stond door naar de generieke mailbox van de provincie.  \n\n Vraag aan de VDAB consulent: Terugbeller? \n Antwoord of Actie: Bv. dringende interventie rond waterinsijpeling in het gebouw, klant kan niet meer in de garage van het gebouw, persoon zit opgesloten in CC, ... In principe stuur je alle regio-gebonden vragen door naar de generieke mailbox. Schat je in dat de vraag die binnenkomt echt een noodgeval is, dan neem je contact op met de gebouwbeheerder of de teamleider onderhoud. Zie document Gebouwbeheerders op grotere VDAB-locaties  (de teamleiders onderhoud vind je in de tabel onder de titel 'Plaats in de organisatie'). Twijfel je of het echt om een noodgeval gaat? Contacteer dan voor de zekerheid de gebouwverantwoordelijke of de teamleider onderhoud. Achtergrondinfo Regelmatig contacteert een technieker of mecanicien Servicelijn die in een VDAB-gebouw moet zijn voor onderhoud. Vraag door op de contactpersoon, door wie werd de technieker gecontacteerd voor de herstelling en probeer op die manier verder te helpen. \n\n Vraag aan de VDAB consulent: Dringend? \n Antwoord of Actie: VDAB Brussel is niet meegestapt in dit project en heeft geen generieke mailbox. Op de contactpagina staat bij de Brusselse werkwinkels nog een lokaal telefoonnummer. \n\n Vraag aan de VDAB consulent: Hoe mailen? \n Antwoord of Actie: Tijdens de zomervakanties zijn sommige werkwinkels voor een bepaalde periode gesloten of beperkter open. Procedure Servicelijn Zie alinea: Hoe VDAB locatie opzoeken? Onder 'bereikbaarheid' staat de melding van de zomersluiting.  Geef de info mee aan de klant. Klant heeft echter een dringende vraag of heeft een actie nodig in zijn/haar dossier? Volg de procedure in Specifieke vraag over bemiddeling/begeleiding die Servicelijn niet kan oplossen .   \n\n Vraag aan de VDAB consulent: FAQ's? \n Antwoord of Actie: Procedure Servicelijn Ga naar de contactpagina van www.vdab.be. Geef de postcode in. Filter op dienstverlening naar gelang de vraag van de klant. Kies het dichtstbijzijnde kantoor. Geef het adres mee + de openingsuren. Opgelet  Hou tijdens de zomervakantie rekening met mogelijke sluitingen. Scrol naar beneden om info over een mogelijke sluiting mee te geven aan de klant. \n\n Categorie: Servicelijn \n\n Domein: doorverwijzen - vragen \n\n Url: https://intranet-rel1ldv.ops.vdab.be/faq/servicelijn/doorverwijzen-klant-wil-ww-cc-contacteren \n\n Volgende paginas: Derdelander: doorverwijzing en definities, via https://intranet-rel1ldv.ops.vdab.be/faq/servicelijn/derdelander-doorverwijzing-en-definities - Klant vraagt contactgegevens van een VDAB-medewerker of partner, via https://intranet-rel1ldv.ops.vdab.be/faq/servicelijn/klant-vraagt-contactgegevens-van-een-vdab-medewerker-partner \n\n Type: intranet", "document_translation": "Redirect: customer wants to contact ww or CC \n\n Adapted procedures in the context of 0800 number on vdab.be \n\n Question for the VDAB counselor: Customer with mediator? \n Answer or Action: Bv: customer calls for registration, wants more information about a training, has a question about the website, ... Procedure Service line Help the customer further. \n\n Question for the VDAB counselor: General question that Service line can solve? \n Answer or Action: Procedure Service line Does the customer have the contact details of his mediator? Yes: Ask the client to contact his mediator personally. No: Provide the mobile phone number of the mediator and ask the customer to contact the mediator personally.  Exception E.g. customer without call credit, customer in poverty: send an email to the mediator yourself. \n\n Question for the VDAB counselor: Specific question for his mediator Eg: customer wants to do an internship at a work shop,? \n Answer or Action: customer calls because of an alarm that goes off in a VDAB building, supplier wants to reach work shop, customer left his mobile phone in the canteen of a VDAB location, ... Keep in mind that the work shops close between Christmas and New Year and the generic mailbox is also not followed up during that period. Procedure Service line Forward the customer's question to the provincial generic mailbox. To do this, use one of the standard emails. \n\n Question for the VDAB counselor: Question for the region that Service line cannot solve? \n Answer or Action: Eg: customer calls for registration, wants more information about a training, has a question about the website, ... Procedure Service line Help the customer further. \n\n Question for the VDAB counselor: Customer without mediator? \n Answer or Action: E.g. filling in a document, checking residence documents, ... Keep in mind that the work shops close between Christmas and New Year and the generic mailbox is also not followed up during that period. Procedure Service line Customer can visit during opening hours work shop? Yes? Refer the customer to the work shop during the opening hours as shown on the website, filter by service: 'Questions and advice'.   No? Because werkwinkel is closed due to leave for a period or nearest work shop is only open at a time that is not convenient for the customer.  Forward the customer's question to the provincial generic mailbox. To do this, use one of the standard emails. \n\n Question for the VDAB counselor: General question that Service line can solve? \n Answer or Action: E.g. customer wants to do an internship at a work shop, customer calls because of an alarm that goes off, customer has left his mobile phone in the canteen of the training center, ... Keep in mind that the work shops close between Christmas and New Year and the generic mailbox is also not followed up during that period. Procedure Service line Forward the customer's question to the provincial generic mailbox. To do this, use one of the standard emails. \n\n Question for the VDAB counselor: Specific question about mediation/guidance that Servicelijn cannot solve? \n Answer or Action: Antwerp antvdab@vdab.be East Flanders info.ovl@vdab.be Limburg bdv.limburg@vdab.be Flemish Brabant bdv.vlaams-brabant@vdab.be West Flanders bdv.west-vlaanderen@vdab.be \n\n Question for the VDAB counselor: Other question that Service line cannot solve? \n Answer or Action: Each province is responsible for the follow-up and management of its generic mailbox.  General principle: the mailbox is monitored daily, the receptionist/mediator who follows up the mailbox does not answer to the Service line, but follows up further, in principle, the customer's question is dealt with on the day itself, unless the question is escalated, questions after 4 pm will only be dealt with the next day. \n\n Question for the VDAB counselor: Overview generic? \n Answer or Action: mailboxes Always write down the location that the customer wants to contact and contact details of the customer.  Subject: [to be entered yourself] Hello colleague Today [FIRST NAME, NAME] [possibly IKL or IKP] contacted the Service Line with the following question: [DESCRIBE THE CUSTOMER'S QUESTION]. Location that the customer is trying to call: You can contact the customer via the contact details below: Mobile phone: E-mail address: Accessibility: Thanks in advance! First name Name Mediator Service Line \n\n Question for the VDAB counselor: 1 central mailbox per province? \n Answer or Action: Always write down the location that the customer wants to contact and contact details of the customer.  Subject: Caller + [to be entered yourself] Hello colleague Today [FIRST NAME, SURNAME] [possibly IKL or IKP] contacted the Service Line regarding [DESCRIBE THE CUSTOMER'S QUESTION]. The customer contacted us earlier. Is it possible to contact the customer as soon as possible via [WRITE DOWN CONTACT DETAILS]. Accessibility: Thanks in advance! First name Name Mediator Service Line \n\n Question for the VDAB counselor: Follow-up of the provincial mailbox? \n Answer or Action: Always write down the location that the customer wants to contact and contact details of the customer.  Subject: Urgent + [to be entered yourself] Hello colleague Today [FIRST NAME, NAME] [possibly IKL or IKP] contacted the Service Line with an urgent question: [DESCRIBE THE CUSTOMER'S QUESTION]. Is it possible to contact the customer as soon as possible via [WRITE DOWN CONTACT DETAILS]. Thanks in advance! First name Name Mediator Service Line \n\n Question for the VDAB counselor: Standard emails? \n Answer or Action: Job seeker and employee Procedure Service line Send the mail from your own mailbox and put the coaching mailbox in BCC. Employers Procedure Service Line Send the mail from WDE. \n\n Question for the VDAB counselor: Ordinary referral email? \n Answer or Action: Procedure Service line Forward the notification + hour when the customer was standing in front of a closed door to the generic mailbox of the province. \n\n Question for the VDAB counselor: Caller? \n Answer or Action: E.g. urgent intervention regarding water seepage in the building, customer can no longer enter the garage of the building, person is locked in CC, ... In principle, you send all region-specific questions to the generic mailbox. If you estimate that the question that comes in is really an emergency, you contact the building manager or the maintenance team leader. See document Building managers at larger VDAB locations (the maintenance team leaders can be found in the table under the title 'Place in the organisation'). Are you unsure whether it is really an emergency? Then contact the building manager or the maintenance team leader to be sure. Background information A technician or mechanic regularly contacts a Service Line who needs to be in a VDAB building for maintenance. Ask the contact person, by whom was the technician contacted for the repair and try to help in that way. \n\n Question for the VDAB counselor: Urgent? \n Answer or Action: VDAB Brussels did not participate in this project and does not have a generic mailbox. On the contact page there is a local telephone number at the Brussels workshops. \n\n Question for the VDAB counselor: How to mail? \n Answer or Action: During the summer holidays, some work shops are closed for a certain period of time or open more limited. Service line procedure See paragraph: How to look up VDAB location? Under 'accessibility' you will find the notification of the summer closure.  Give the information to the customer. However, customer has an urgent question or needs an action in his / her file? Follow the procedure in Specific question about mediation/guidance that Service Line cannot resolve. \n\n Question for the VDAB counselor: FAQ's? \n Answer or Action: Procedure Service Line Go to the contact page of www.vdab.be. Enter the zip code. Filter by service according to customer demand. Choose the nearest office. Please provide the address + opening hours. Attention: Take into account possible closures during the summer holidays. Scroll down to give information about a possible closure to the customer. \n\n Category: Service line \n\n Domain: refer - ask \n\n Url: https://intranet-rel1ldv.ops.vdab.be/faq/servicelijn/doorverwijzen-klant-wil-ww-cc-contacteren \n\n Next pages: Derdelander: doorverwijzing en definities, via https://intranet-rel1ldv.ops.vdab.be/faq/servicelijn/derdelander-doorverwijzing-en-definities - Klant vraagt contactgegevens van een VDAB-medewerker of partner, via https://intranet-rel1ldv.ops.vdab.be/faq/servicelijn/klant-vraagt-contactgegevens-van-een-vdab-medewerker-partner \n\n Type: intranet"}