{"title": "Overzicht opleidingsvormen BUSO", "type": "intranet", "field_trefwoorden_name": ["beschutte werkplaatsen", "buitengewoon onderwijs"], "domain_name": ["algemene info pmab"], "category_name": "Servicelijn", "field_faq_summary": "Overzicht van de opleidingsvormen BUSO voor Servicelijnmedewerkers", "url": "https://intranet-rel1ldv.ops.vdab.be/faq/servicelijn/achtergrondinfo-begrippenkader-arbeidshandicap", "content": [["Opleidingsvormen BUSO", "Scholen voor BUSO kunnen verschillende opleidingsvormen (OV's) aanbieden. Elke opleidingvorm streeft een bepaalde doelstelling na OV1 Doel: Integratie in een beschermd leefmilieu Wat: Sociale vorming Wie: jongeren met karakteriele stoornissen, matig of ernstig mentale handicap, fysieke handicap, visuele handicap, auditieve handicap OV2 Doel: Integratie in een beschermd leef- en werkmilieu Wat: Algemene en sociale vorming en arbeidstraining Wie: jongeren met karakteriele stoornissen, matig of ernstig mentale handicap, fysieke handicap, visuele handicap, auditieve handicap OV3 Doel: Integratie in een gewoon leef- en werkmilieu Wat: Sociale en beroepsvorming Wie: jongeren met karakteriele stoornissen, licht mentale handicap, fysieke handicap, visuele handicap, auditieve handicap OV4 Doel: voorbereiding op hoger onderwijs en integratie in het actieve leven Wat: Verschillende studierichtingen die overeenkomen met deze uit het gewoon secundair onderwijs Wie: jongeren met karakteriele stoornissen, fysieke handicap, visuele handicap, auditieve handicap, langdurige ziekte Meer info: vlaanderen.be/onderwijs-en-vorming/secundair-onderwijs/buitengewoon-secundair-onderwijs-buso"], ["Types BUSO", "Type basisaanbod : voor kinderen met specifieke onderwijsbehoeften voor wie het gemeenschappelijk curriculum met redelijke aanpassingen niet haalbaar is in een school voor gewoon onderwijs. Dit type vervangt vanaf september 2015 geleidelijk de types 1 en 8. Type 1 : voor kinderen met een licht mentale handicap (in afbouw) Type 2 : voor kinderen met een verstandelijke beperking Type 3 : voor kinderen met een emotionele of gedragsstoornis, maar zonder verstandelijke beperking Type 4 : voor kinderen met een motorische beperking Type 5 : voor kinderen in een ziekenhuis, een preventorium of een residentiele setting Type 6 : voor kinderen met een visuele beperking Type 7 : voor kinderen met een auditieve beperking of een spraak- of taalstoornis Type 8 : voor kinderen met ernstige leerstoornissen (in afbouw) Type 9 : voor jongeren met een autismespectrumstoornis, maar zonder verstandelijke beperking (sinds september 2015) Meer info:  vlaanderen.be/onderwijs-en-vorming/secundair-onderwijs/buitengewoon-secundair-onderwijs-buso"]], "title_translation": "Overview of BUSO training methods", "field_trefwoorden_name_translation": ["sheltered workshops", "special education"], "domain_name_translation": ["general info pmab"], "category_name_translation": "Service line", "field_faq_summary_translation": "Overview of buso training methods for Service line employees", "document": "Overzicht opleidingsvormen BUSO \n\n Overzicht van de opleidingsvormen BUSO voor Servicelijnmedewerkers \n\n Vraag aan de VDAB consulent: Opleidingsvormen BUSO? \n Antwoord of Actie: Scholen voor BUSO kunnen verschillende opleidingsvormen (OV's) aanbieden. Elke opleidingvorm streeft een bepaalde doelstelling na OV1 Doel: Integratie in een beschermd leefmilieu Wat: Sociale vorming Wie: jongeren met karakteriele stoornissen, matig of ernstig mentale handicap, fysieke handicap, visuele handicap, auditieve handicap OV2 Doel: Integratie in een beschermd leef- en werkmilieu Wat: Algemene en sociale vorming en arbeidstraining Wie: jongeren met karakteriele stoornissen, matig of ernstig mentale handicap, fysieke handicap, visuele handicap, auditieve handicap OV3 Doel: Integratie in een gewoon leef- en werkmilieu Wat: Sociale en beroepsvorming Wie: jongeren met karakteriele stoornissen, licht mentale handicap, fysieke handicap, visuele handicap, auditieve handicap OV4 Doel: voorbereiding op hoger onderwijs en integratie in het actieve leven Wat: Verschillende studierichtingen die overeenkomen met deze uit het gewoon secundair onderwijs Wie: jongeren met karakteriele stoornissen, fysieke handicap, visuele handicap, auditieve handicap, langdurige ziekte Meer info: vlaanderen.be/onderwijs-en-vorming/secundair-onderwijs/buitengewoon-secundair-onderwijs-buso \n\n Vraag aan de VDAB consulent: Types BUSO? \n Antwoord of Actie: Type basisaanbod : voor kinderen met specifieke onderwijsbehoeften voor wie het gemeenschappelijk curriculum met redelijke aanpassingen niet haalbaar is in een school voor gewoon onderwijs. Dit type vervangt vanaf september 2015 geleidelijk de types 1 en 8. Type 1 : voor kinderen met een licht mentale handicap (in afbouw) Type 2 : voor kinderen met een verstandelijke beperking Type 3 : voor kinderen met een emotionele of gedragsstoornis, maar zonder verstandelijke beperking Type 4 : voor kinderen met een motorische beperking Type 5 : voor kinderen in een ziekenhuis, een preventorium of een residentiele setting Type 6 : voor kinderen met een visuele beperking Type 7 : voor kinderen met een auditieve beperking of een spraak- of taalstoornis Type 8 : voor kinderen met ernstige leerstoornissen (in afbouw) Type 9 : voor jongeren met een autismespectrumstoornis, maar zonder verstandelijke beperking (sinds september 2015) Meer info:  vlaanderen.be/onderwijs-en-vorming/secundair-onderwijs/buitengewoon-secundair-onderwijs-buso \n\n Categorie: Servicelijn \n\n Domein: algemene info pmab \n\n Tags: beschutte werkplaatsen, buitengewoon onderwijs \n\n Url: https://intranet-rel1ldv.ops.vdab.be/faq/servicelijn/achtergrondinfo-begrippenkader-arbeidshandicap \n\n Type: intranet", "document_translation": "Overview of BUSO training methods \n\n Overview of buso training methods for Service line employees \n\n Category: Service line \n\n Domain: general info pmab \n\n Tags: sheltered workshops, special education \n\n Url: https://intranet-rel1ldv.ops.vdab.be/faq/servicelijn/achtergrondinfo-begrippenkader-arbeidshandicap \n\n Type: intranet"}