{"title": "Notificatiemail", "type": "intranet", "field_trefwoorden_name": ["communicatie-acties", "communicatie", "schriftelijke communicatie"], "domain_name": ["communicatiekanaal"], "category_name": "Servicelijn", "field_faq_summary": "document voor de SL over het waarom en triggers van de notificatiemail", "url": "https://intranet-rel1ldv.ops.vdab.be/faq/notificatiemail", "content": [["Wat is een notificatiemail?", "Een e-mail om klanten op de hoogte te brengen van nieuwigheden in het account. "], ["Wie krijgt een notificatiemail?", "Alle klanten met een e-mailadres krijgen een notificatiemail."], ["Kan je een notificatiemail uitzetten?", "Neen.  Als je de notificatiemail zou uitzetten, krijgen klanten met e-mailadres geen verwittiging over hun opdrachten of uitnodiging. "], ["Op welk tijdstip stuurt VDAB de notificatiemail?", "Om 20 uur  en maximum 1 per etmaal. Achtergrondinfo Middernacht: Herinneringen, waarschuwingen en AO's (INOS-contacten) komen in het dossier Tussen 18u en 20u: afsprakenbundel wordt aangemaakt en verstuurd. 20u: notificatiemail"], ["Na welke acties in MLB stuurt VDAB de notificatiemail?", "Opdracht Klant heeft: een nieuwe opdracht een  gewijzigde opdracht een verwijderde opdracht Als de bemiddelaar een opdracht verwijdert: Zie Wanneer manuele opdrachten verwijderen? Als het systeem een openstaande AO6-8 verwijdert omdat de klant in pauze staat: Zie Wat als de klant openstaande contacten heeft en in pauze gaat? Agenda Klant heeft: een nieuwe uitnodiging of afspraak een  gewijzigde uitnodiging of afspraak een verwijderde uitnodiging of afspraak Als het systeem een openstaande Herinnering of Waarschuwing verwijdert omdat de klant in pauze staat:  Zie Wat als de klant openstaande contacten heeft en in pauze gaat? Bericht Klant heeft een nieuw bericht . Document Klant heeft een nieuw document ."], ["Waar vindt de klant meer info over de inhoud van de notificatiemail?", "Open de notificatiemail Klik in de mail Log in op je VDAB account  De startpagina opent en toont de nieuwe items bij de tab opdrachten, agenda, documenten en berichten."], ["Waar vindt de bemiddelaar meer info over de inhoud van de notificatiemail?", "In de Mijn Loopbaan-tabs opdrachten, afspraken, documenten en berichten. De notificatiemail zelf staat niet in MLB. Achtergrondinfo MLB bemiddelaar: tab nieuwe dienstverlening > opdrachten tab nieuwe dienstverlening > diensten en contacten tab dienstverlening > afspraken tab communicatie > documenten tab communicatie > berichten"], ["Hoe ziet een notificatiemail eruit?", "De klant kan een reactie 'forwarden' naar info@vdab.be. Rechtstreeks reageren via 'reply' werkt niet omdat VDAB de notificatiemail via 'no-reply' stuurt. Procedure Servicelijn Volg de standaard procedures voor mailers en de contactstrategie."]], "link_ankers": [["https://intranet-rel1ldv.ops.vdab.be/faq/tab-berichten", " bericht"], ["https://intranet-rel1ldv.ops.vdab.be/faq/servicelijn/status-pauze", "Wat als de klant openstaande contacten heeft en in pauze gaat?"], ["https://intranet-rel1ldv.ops.vdab.be/faq/opdrachten-toevoegen-heropenen-en-wijzigen", "gewijzigde"], ["https://intranet-rel1ldv.ops.vdab.be/faq/tab-documenten", "document"], ["https://intranet-rel1ldv.ops.vdab.be/faq/opdrachten-afsluiten-en-verwijderen", "Wanneer manuele opdrachten verwijderen?"]], "title_translation": "Notification email", "field_trefwoorden_name_translation": ["communication actions", "written communication", "communication"], "domain_name_translation": ["channel"], "category_name_translation": "Service line", "field_faq_summary_translation": "document for the SL about the why and triggers of the notification email", "content_translation": [["What is a notification email?", "An email to notify customers of novelties in the account."], ["Who gets a notification email?", "All customers with an e-mail address will receive a notification email."], ["Can you turn off a notification email?", "No.  If you would turn off the notification email, customers with an email address will not receive a notification about their assignments or invitation."], ["At what time does VDAB send the notification email?", "At 8 p.m. and maximum 1 per day. Background information Midnight: Reminders, alerts and AOs (INOS contacts) are on file Between 6pm and 8pm: appointment bundle is created and sent. 20h: notification email"], ["After which actions in MLB does VDAB send the notification email?", "Customer command has: a new command a modified command a deleted command If the mediator deletes an assignment: See When to delete manual commands? If the system deletes an open AO6-8 because the customer is on pause: See What if the customer has open contacts and goes on hiatus? Customer calendar has: a new invitation or appointment a modified invitation or appointment a deleted invitation or appointment If the system deletes an open Reminder or Alert because the customer is on pause: See What if the customer has open contacts and goes on hiatus? Message Customer has a new message. Document Customer has a new document ."], ["Where can the customer find more information about the content of the notification email?", "Open the notification email Click in the mail Log in to your VDAB account The home page opens and shows the new items in the tab assignments, calendar, documents and messages."], ["Where can the mediator find more information about the content of the notification email?", "In the My Career tabs, assignments, appointments, documents, and messages. The notification email itself is not in MLB. Background info MLB mediator: tab new services > assignments tab new services > services and contacts tab services > appointments tab communication > documents tab communication > messages"], ["What does a notification email look like?", "The customer can 'forward' a response to info@vdab.be. Responding directly via 'reply' does not work because VDAB sends the notification email via 'no-reply'. Procedure Service line Follow the standard procedures for mailers and the contact strategy."]], "document": "Notificatiemail \n\n document voor de SL over het waarom en triggers van de notificatiemail \n\n Vraag aan de VDAB consulent: Wat is een notificatiemail?? \n Antwoord of Actie: Een e-mail om klanten op de hoogte te brengen van nieuwigheden in het account.  \n\n Vraag aan de VDAB consulent: Wie krijgt een notificatiemail?? \n Antwoord of Actie: Alle klanten met een e-mailadres krijgen een notificatiemail. \n\n Vraag aan de VDAB consulent: Kan je een notificatiemail uitzetten?? \n Antwoord of Actie: Neen.  Als je de notificatiemail zou uitzetten, krijgen klanten met e-mailadres geen verwittiging over hun opdrachten of uitnodiging.  \n\n Vraag aan de VDAB consulent: Op welk tijdstip stuurt VDAB de notificatiemail?? \n Antwoord of Actie: Om 20 uur  en maximum 1 per etmaal. Achtergrondinfo Middernacht: Herinneringen, waarschuwingen en AO's (INOS-contacten) komen in het dossier Tussen 18u en 20u: afsprakenbundel wordt aangemaakt en verstuurd. 20u: notificatiemail \n\n Vraag aan de VDAB consulent: Na welke acties in MLB stuurt VDAB de notificatiemail?? \n Antwoord of Actie: Opdracht Klant heeft: een nieuwe opdracht een  gewijzigde opdracht een verwijderde opdracht Als de bemiddelaar een opdracht verwijdert: Zie Wanneer manuele opdrachten verwijderen? Als het systeem een openstaande AO6-8 verwijdert omdat de klant in pauze staat: Zie Wat als de klant openstaande contacten heeft en in pauze gaat? Agenda Klant heeft: een nieuwe uitnodiging of afspraak een  gewijzigde uitnodiging of afspraak een verwijderde uitnodiging of afspraak Als het systeem een openstaande Herinnering of Waarschuwing verwijdert omdat de klant in pauze staat:  Zie Wat als de klant openstaande contacten heeft en in pauze gaat? Bericht Klant heeft een nieuw bericht . Document Klant heeft een nieuw document . \n\n Vraag aan de VDAB consulent: Waar vindt de klant meer info over de inhoud van de notificatiemail?? \n Antwoord of Actie: Open de notificatiemail Klik in de mail Log in op je VDAB account  De startpagina opent en toont de nieuwe items bij de tab opdrachten, agenda, documenten en berichten. \n\n Vraag aan de VDAB consulent: Waar vindt de bemiddelaar meer info over de inhoud van de notificatiemail?? \n Antwoord of Actie: In de Mijn Loopbaan-tabs opdrachten, afspraken, documenten en berichten. De notificatiemail zelf staat niet in MLB. Achtergrondinfo MLB bemiddelaar: tab nieuwe dienstverlening > opdrachten tab nieuwe dienstverlening > diensten en contacten tab dienstverlening > afspraken tab communicatie > documenten tab communicatie > berichten \n\n Vraag aan de VDAB consulent: Hoe ziet een notificatiemail eruit?? \n Antwoord of Actie: De klant kan een reactie 'forwarden' naar info@vdab.be. Rechtstreeks reageren via 'reply' werkt niet omdat VDAB de notificatiemail via 'no-reply' stuurt. Procedure Servicelijn Volg de standaard procedures voor mailers en de contactstrategie. \n\n Categorie: Servicelijn \n\n Domein: communicatiekanaal \n\n Tags: communicatie-acties, communicatie, schriftelijke communicatie \n\n Url: https://intranet-rel1ldv.ops.vdab.be/faq/notificatiemail \n\n Volgende paginas:  bericht, via https://intranet-rel1ldv.ops.vdab.be/faq/tab-berichten - Wat als de klant openstaande contacten heeft en in pauze gaat?, via https://intranet-rel1ldv.ops.vdab.be/faq/servicelijn/status-pauze - gewijzigde, via https://intranet-rel1ldv.ops.vdab.be/faq/opdrachten-toevoegen-heropenen-en-wijzigen - document, via https://intranet-rel1ldv.ops.vdab.be/faq/tab-documenten - Wanneer manuele opdrachten verwijderen?, via https://intranet-rel1ldv.ops.vdab.be/faq/opdrachten-afsluiten-en-verwijderen \n\n Type: intranet", "document_translation": "Notification email \n\n document for the SL about the why and triggers of the notification email \n\n Question for the VDAB counselor: What is a notification email?? \n Answer or Action: An email to notify customers of novelties in the account. \n\n Question for the VDAB counselor: Who gets a notification email?? \n Answer or Action: All customers with an e-mail address will receive a notification email. \n\n Question for the VDAB counselor: Can you turn off a notification email?? \n Answer or Action: No.  If you would turn off the notification email, customers with an email address will not receive a notification about their assignments or invitation. \n\n Question for the VDAB counselor: At what time does VDAB send the notification email?? \n Answer or Action: At 8 p.m. and maximum 1 per day. Background information Midnight: Reminders, alerts and AOs (INOS contacts) are on file Between 6pm and 8pm: appointment bundle is created and sent. 20h: notification email \n\n Question for the VDAB counselor: After which actions in MLB does VDAB send the notification email?? \n Answer or Action: Customer command has: a new command a modified command a deleted command If the mediator deletes an assignment: See When to delete manual commands? If the system deletes an open AO6-8 because the customer is on pause: See What if the customer has open contacts and goes on hiatus? Customer calendar has: a new invitation or appointment a modified invitation or appointment a deleted invitation or appointment If the system deletes an open Reminder or Alert because the customer is on pause: See What if the customer has open contacts and goes on hiatus? Message Customer has a new message. Document Customer has a new document . \n\n Question for the VDAB counselor: Where can the customer find more information about the content of the notification email?? \n Answer or Action: Open the notification email Click in the mail Log in to your VDAB account The home page opens and shows the new items in the tab assignments, calendar, documents and messages. \n\n Question for the VDAB counselor: Where can the mediator find more information about the content of the notification email?? \n Answer or Action: In the My Career tabs, assignments, appointments, documents, and messages. The notification email itself is not in MLB. Background info MLB mediator: tab new services > assignments tab new services > services and contacts tab services > appointments tab communication > documents tab communication > messages \n\n Question for the VDAB counselor: What does a notification email look like?? \n Answer or Action: The customer can 'forward' a response to info@vdab.be. Responding directly via 'reply' does not work because VDAB sends the notification email via 'no-reply'. Procedure Service line Follow the standard procedures for mailers and the contact strategy. \n\n Category: Service line \n\n Domain: channel \n\n Tags: communication actions, written communication, communication \n\n Url: https://intranet-rel1ldv.ops.vdab.be/faq/notificatiemail \n\n Next pages:  bericht, via https://intranet-rel1ldv.ops.vdab.be/faq/tab-berichten - Wat als de klant openstaande contacten heeft en in pauze gaat?, via https://intranet-rel1ldv.ops.vdab.be/faq/servicelijn/status-pauze - gewijzigde, via https://intranet-rel1ldv.ops.vdab.be/faq/opdrachten-toevoegen-heropenen-en-wijzigen - document, via https://intranet-rel1ldv.ops.vdab.be/faq/tab-documenten - Wanneer manuele opdrachten verwijderen?, via https://intranet-rel1ldv.ops.vdab.be/faq/opdrachten-afsluiten-en-verwijderen \n\n Type: intranet"}