{"title": "VOSS: Wat?", "type": "intranet", "field_trefwoorden_name": ["vrijstelling stage", "vrijstelling opleiding", "vrijstelling studie", "vrijstelling", "voss"], "domain_name": ["voss"], "category_name": "Servicelijn", "field_faq_summary": "Info voor de SL-bemiddelaar over de vrijstelling voor opleiding, studies en stages.", "url": "https://intranet-rel1ldv.ops.vdab.be/faq/servicelijn/voss-wat", "content": [["Wat houdt een VOSS in?", "Klant is vrijgesteld van beschikbaarheid bij VDAB tijdens het volgen van de opleiding, studie of stage. Klant moet WEL ingeschreven zijn en blijven bij VDAB tijdens de duur van de vrijstelling. ingaan op afspraken bij VDAB in functie van opvolging opleiding, studie, of stage. handelen volgens de gemaakte afspraken bij aanvang studie, opleiding of stage. Klant moet NIET ingaan op een passende dienstbetrekking. ingaan op een extra begeleidings-, bemiddelings-, of opleidingsaanbod. actief naar werk zoeken gedurende de vrijstelling. Achtergrondinfo VOSS = V rijstelling van beschikbaarheid tijdens O pleiding, S tudie of S tage."], ["Wat zijn de voorwaarden om een VOSS te kunnen bekomen?", "Passen in traject naar werk, en (beoordeling gebeurt door bemiddelaar backoffice vrijstellingen) Werkloosheids- of inschakelingsuitkeringen ontvangen, en Domicilie in Vlaanderen, en Opleiding, studie of stage: duurt minstens 4 weken, en omvat minstens 20u/week of voor de opleiding in hoger onderwijs minstens 27 nieuwe studiepunten per academiejaar omvatten, en vindt overdag plaats (dus niet in het weekend of 's avonds), en Voldoen aan bijkomende voorwaarden  uitgelegd in  Aan welke voorwaarden moet ik voldoen om een vrijstelling van beschikbaarheid te krijgen? op vdab.be. (afhankelijk per soort opleiding, studie of stage) Opgelet SL doet geen uitspraak over het al dan niet in aanmerking komen voor een VOSS. Bij twijfel kan de klant een VOSS aanvragen zodat hij 100% zeker is of hij in aanmerking komt."], ["Hoelang loopt een VOSS?", "In principe loopt een VOSS voor de duur van de opleiding (vermeld op het opleidingsattest), met een maximum van 12 maanden. Indien de studie, opleiding of stage langer duurt dan 12 maanden, moet klant na elk verlopen jaar een verlenging (nieuwe aanvraag) aanvragen. Bijvoorbeeld: Een opleiding van 6 weken = 6 weken vrijstelling. Een opleiding van 15 maanden = 12 maanden vrijstelling. Daarna is een verlenging (nieuwe aanvraag) nodig. Zie  Loopt VOSS door tijdens de zomermaanden?"], ["Loopt VOSS door tijdens de zomermaanden?", "Ja, elke vrijstelling voor: het secundair onderwijs loopt tot 31/8 het hoger onderwijs loopt tot 15/9 Zie Wanneer verlenging VOSS aanvragen? Achtergrondinfo Goedkeuring voor vrijstelling secundair en hoger onderwijs is steeds met inbegrip van de zomervakantie. Dit in functie van een eventuele tweede zit.  Bij geen tweede zit en einde opleiding stopt de vrijstelling gewoon vroeger. Dit geeft geen problemen voor de uitkering."], ["Moet klant aanwezig zijn op afspraken van VDAB tijdens VOSS?", "Enkel als de afspraak gaat over de opvolging van de studie, opleiding of stage. Voor alle andere redenen moet klant niet aanwezig zijn, maar is het aangewezen de afwezigheid te melden bij de bemiddelaar die klant uitnodigt."], ["Opvolging tijdens VOSS?", "Door de bemiddelaars van backoffice vrijstellingen. Een 2-tal contactmomenten, via telefoon of mail en niet via een fysiek gesprek. Bemiddelaar is steeds per email bereikbaar voor de klant (In piekmomenten kan respons wel langer duren). Opgelet Stuur de vraag van klant niet zomaar door naar bemiddelaar van backoffice vrijstellingen.  Zie  Hoe een bemiddelaar van backoffice vrijstellingen contacteren?"], ["Welk effect heeft een VOSS op de werkloosheidsuitkering?", "Dit is RVA-materie en hiervoor moet klant in principe contact opnemen met de uitbetalingsinstelling (vakbond of hulpkas) of RVA.    UI/RVA kent het type vrijstelling zodra ze de flux hebben gekregen. Reken hiervoor +/- 14 dagen na goedkeuringsdatum VOSS bij VDAB. Zolang RVA de flux niet ontvangt en dus het type vrijstelling niet kent, kan deze geen uitspraak doen over het effect op de uitkeringen. Onze dienst admin. vrijstellingen kan het type vrijstelling op dat ogenblik wel al geven als de klant dit dringen nodig heeft. Procedure Servicelijn Er is al een aanvraag VOSS Mail naar admin.vrijstellingen@vdab.be met klant in cc. Noteer duidelijk in de mail dat je SL-bemiddelaar bent (zie tip). Er is nog geen aanvraag VOSS Mail naar admin.vrijstellingen@vdab.be met klant in cc. Noteer duidelijk in de mail dat je SL-bemiddelaar bent (zie tip). Geef zeker alle gegevens van de opleiding mee, zoals ook op het attest gevraagd wordt. Omschrijving van de opleiding. Naam van de onderwijsinstelling. Start- en einddatum. Aantal lesuren/week of aantal studiepunten. Als dit niet lukt (klant weet (nog) niet alle gegevens), mag je het mailadres van admin vrijstellingen doorgeven aan de klant. Tip Noteer duidelijk in de mail dat je SL-bemiddelaar bent. Als admin vrijstellingen dit weet, mailen ze de info rechtstreeks naar de klant. Zo niet mailen ze terug naar de bemiddelaar met de vraag klant op de hoogte te brengen.  "], ["Zijn er nog andere redenen om een vrijstelling aan te vragen?", "Ja, maar hiervoor is VDAB niet bevoegd.   Voor deze vrijstellingen kan klant terecht bij RVA: vrijstelling voor oudere werklozen   vrijstelling voor mantelzorg vrijstelling voor wie tijdens het schooljaar in het onderwijs werkte vrijstelling in het kader van ontwikkelingssamenwerking en humanitaire acties vrijstellingen van beschikbaarheid gerelateerd aan PWA. Procedure Servicelijn Verwijs klant voor meer info naar de uitbetalingsinstelling of RVA."]], "link_ankers": [["https://intranet-rel1ldv.ops.vdab.be/faq/servicelijn/voss-de-verlenging", "Wanneer verlenging VOSS aanvragen?"], ["https://intranet-rel1ldv.ops.vdab.be/faq/servicelijn/voss-extra-info-1", "VOSS: Extra info"], ["https://intranet-rel1ldv.ops.vdab.be/faq/servicelijn/voss-de-beslissing", "VOSS: De beslissing "], ["https://intranet-rel1ldv.ops.vdab.be/faq/servicelijn/voss-de-verlenging", "VOSS: De Verlenging"], ["https://intranet-rel1ldv.ops.vdab.be/faq/servicelijn/voss-het-wijzigen-annuleren-stopzetten", "VOSS: Het wijzigen, annuleren, stopzetten"], ["https://intranet-rel1ldv.ops.vdab.be/faq/servicelijn/voss-extra-info", "VOSS: Vragen"], ["https://intranet-rel1ldv.ops.vdab.be/faq/servicelijn/voss-het-opleidingsattest", "VOSS: Het opleidingsattest"], ["https://intranet-rel1ldv.ops.vdab.be/faq/servicelijn/voss-voor-wie", "VOSS: Voor wie?"], ["https://intranet-rel1ldv.ops.vdab.be/faq/servicelijn/voss-de-herziening", "VOSS: De herziening"], ["https://intranet-rel1ldv.ops.vdab.be/faq/servicelijn/voss-welke-opleidingen", "VOSS: Welke opleidingen?"], ["https://intranet-rel1ldv.ops.vdab.be/faq/servicelijn/voss-de-aanvraag", "VOSS: De aanvraag"], ["https://intranet-rel1ldv.ops.vdab.be/faq/servicelijn/voss-de-inschatting", "VOSS: De inschatting"], ["https://intranet-rel1ldv.ops.vdab.be/faq/servicelijn/voss-catwz-en-uitschrijving", "VOSS: Catwz &amp; In- en uitschrijving"], ["https://intranet-rel1ldv.ops.vdab.be/faq/servicelijn/voss-extra-info", "Hoe een bemiddelaar van backoffice vrijstellingen contacteren?"]], "title_translation": "VOSS: What?", "field_trefwoorden_name_translation": ["exemption study", "exemption internship", "voss", "exemption", "exemption from training"], "domain_name_translation": ["voss"], "category_name_translation": "Service line", "field_faq_summary_translation": "Information for the SL mediator about the exemption for training, studies and internships.", "content_translation": [["What is a VOSS?", "Customer is exempt from availability at VDAB while following the training, study or internship. Customer must be and remain registered with VDAB during the duration of the exemption. responding to appointments at VDAB in function of follow-up training, study, or internship. act according to the agreements made at the start of study, training or internship. The customer must NOT enter into an appropriate employment relationship. respond to an additional guidance, mediation or training offer. actively looking for work during the exemption. Background information VOSS = V driving count of availability during O pleiding, S tudie or S tage."], ["What are the conditions for obtaining a VOSS?", "Fit into trajectory to work, and (assessment is done by mediator back office exemptions) Receive unemployment or integration benefits, and Domicile in Flanders, and Training, study or internship: lasts at least 4 weeks, and includes at least 20h/week or for higher education training include at least 27 new credits per academic year, and takes place during the day (i.e. not on weekends or evenings),  and Meet additional conditions explained in What conditions do I need to meet to get an exemption from availability? on vdab.be. (depending on the type of training, study or internship) Please note that SL does not make any statement about whether or not a VOSS is eligible for a VOSS. In case of doubt, the customer can request a VOSS so that he is 100% sure whether he is eligible."], ["How long does a VOSS run?", "In principle, a VOSS runs for the duration of the training (mentioned on the training certificate), with a maximum of 12 months. If the study, training or internship lasts longer than 12 months, the customer must apply for an extension (new application) after each expired year. For example: A training of 6 weeks = 6 weeks exemption. A training of 15 months = 12 months exemption. After that, an extension (new application) is required. See Does VOSS continue during the summer months?"], ["Does VOSS continue during the summer months?", "Yes, any exemption for: secondary education runs until 31/8 higher education runs until 15/9 See When to apply for VOSS extension? Background information Approval for exemption from secondary and higher education is always including the summer holidays. This is in function of a possible second seat.  With no second sitting and end of training, the exemption simply stops earlier. This does not cause any problems for the benefit."], ["Does the customer have to be present at VDAB appointments during VOSS?", "Only if the agreement concerns the follow-up of the study, training or internship. For all other reasons, the customer must not be present, but it is advisable to report the absence to the mediator who invites the customer."], ["Follow-up during VOSS?", "By the mediators of back office exemptions. 2 contact moments, by phone or e-mail and not via a physical conversation. Mediator is always available to the customer by email (In peak times, response can take longer). Please note: Do not simply forward the customer's question to the mediator of back office exemptions.  See How to contact a back office exemptions mediator?"], ["What effect does a VOSS have on unemployment benefits?", "This is RVA matter and for this the customer must in principle contact the payment institution (trade union or auxiliary fund) or RVA.    UI/RVA knows the type of exemption as soon as they have received the flux. Count for this +/- 14 days after approval date VOSS at VDAB. As long as the RVA does not receive the flux and therefore does not know the type of exemption, it cannot make a statement about the effect on the benefits. Our service admin. Exemptions can already give the type of exemption at that time if the customer needs this urgency. Procedure Service line There is already a request VOSS Mail to admin.vrijstellingen@vdab.be with customer in cc. Clearly note in the email that you are an SL mediator (see tip). There is no request yet VOSS Mail to admin.vrijstellingen@vdab.be with customer in cc. Clearly note in the email that you are an SL mediator (see tip). Be sure to provide all the details of the training, as is also requested on the certificate. Description of the training. Name of the educational institution. Start and end dates. Number of teaching hours/week or number of credits. If this does not work (customer does not (yet) know all the details), you may pass on the email address of admin exemptions to the customer. Tip: Make a clear note in the email that you are an SL mediator. If admin exempts know this, they email the info directly to the customer. If not, they email back to the mediator asking them to inform the client."], ["Are there any other reasons to apply for an exemption?", "Yes, but VDAB is not authorized for this.   For these exemptions, the customer can contact the RVA: exemption for older unemployed people exemption for informal care exemption for those who worked in education during the school year, exemption in the context of development cooperation and humanitarian actions, exemptions from availability related to PWA. Procedure Service line Refer the customer for more information to the payment institution or RVA."]], "document": "VOSS: Wat? \n\n Info voor de SL-bemiddelaar over de vrijstelling voor opleiding, studies en stages. \n\n Vraag aan de VDAB consulent: Wat houdt een VOSS in?? \n Antwoord of Actie: Klant is vrijgesteld van beschikbaarheid bij VDAB tijdens het volgen van de opleiding, studie of stage. Klant moet WEL ingeschreven zijn en blijven bij VDAB tijdens de duur van de vrijstelling. ingaan op afspraken bij VDAB in functie van opvolging opleiding, studie, of stage. handelen volgens de gemaakte afspraken bij aanvang studie, opleiding of stage. Klant moet NIET ingaan op een passende dienstbetrekking. ingaan op een extra begeleidings-, bemiddelings-, of opleidingsaanbod. actief naar werk zoeken gedurende de vrijstelling. Achtergrondinfo VOSS = V rijstelling van beschikbaarheid tijdens O pleiding, S tudie of S tage. \n\n Vraag aan de VDAB consulent: Wat zijn de voorwaarden om een VOSS te kunnen bekomen?? \n Antwoord of Actie: Passen in traject naar werk, en (beoordeling gebeurt door bemiddelaar backoffice vrijstellingen) Werkloosheids- of inschakelingsuitkeringen ontvangen, en Domicilie in Vlaanderen, en Opleiding, studie of stage: duurt minstens 4 weken, en omvat minstens 20u/week of voor de opleiding in hoger onderwijs minstens 27 nieuwe studiepunten per academiejaar omvatten, en vindt overdag plaats (dus niet in het weekend of 's avonds), en Voldoen aan bijkomende voorwaarden  uitgelegd in  Aan welke voorwaarden moet ik voldoen om een vrijstelling van beschikbaarheid te krijgen? op vdab.be. (afhankelijk per soort opleiding, studie of stage) Opgelet SL doet geen uitspraak over het al dan niet in aanmerking komen voor een VOSS. Bij twijfel kan de klant een VOSS aanvragen zodat hij 100% zeker is of hij in aanmerking komt. \n\n Vraag aan de VDAB consulent: Hoelang loopt een VOSS?? \n Antwoord of Actie: In principe loopt een VOSS voor de duur van de opleiding (vermeld op het opleidingsattest), met een maximum van 12 maanden. Indien de studie, opleiding of stage langer duurt dan 12 maanden, moet klant na elk verlopen jaar een verlenging (nieuwe aanvraag) aanvragen. Bijvoorbeeld: Een opleiding van 6 weken = 6 weken vrijstelling. Een opleiding van 15 maanden = 12 maanden vrijstelling. Daarna is een verlenging (nieuwe aanvraag) nodig. Zie  Loopt VOSS door tijdens de zomermaanden? \n\n Vraag aan de VDAB consulent: Loopt VOSS door tijdens de zomermaanden?? \n Antwoord of Actie: Ja, elke vrijstelling voor: het secundair onderwijs loopt tot 31/8 het hoger onderwijs loopt tot 15/9 Zie Wanneer verlenging VOSS aanvragen? Achtergrondinfo Goedkeuring voor vrijstelling secundair en hoger onderwijs is steeds met inbegrip van de zomervakantie. Dit in functie van een eventuele tweede zit.  Bij geen tweede zit en einde opleiding stopt de vrijstelling gewoon vroeger. Dit geeft geen problemen voor de uitkering. \n\n Vraag aan de VDAB consulent: Moet klant aanwezig zijn op afspraken van VDAB tijdens VOSS?? \n Antwoord of Actie: Enkel als de afspraak gaat over de opvolging van de studie, opleiding of stage. Voor alle andere redenen moet klant niet aanwezig zijn, maar is het aangewezen de afwezigheid te melden bij de bemiddelaar die klant uitnodigt. \n\n Vraag aan de VDAB consulent: Opvolging tijdens VOSS?? \n Antwoord of Actie: Door de bemiddelaars van backoffice vrijstellingen. Een 2-tal contactmomenten, via telefoon of mail en niet via een fysiek gesprek. Bemiddelaar is steeds per email bereikbaar voor de klant (In piekmomenten kan respons wel langer duren). Opgelet Stuur de vraag van klant niet zomaar door naar bemiddelaar van backoffice vrijstellingen.  Zie  Hoe een bemiddelaar van backoffice vrijstellingen contacteren? \n\n Vraag aan de VDAB consulent: Welk effect heeft een VOSS op de werkloosheidsuitkering?? \n Antwoord of Actie: Dit is RVA-materie en hiervoor moet klant in principe contact opnemen met de uitbetalingsinstelling (vakbond of hulpkas) of RVA.    UI/RVA kent het type vrijstelling zodra ze de flux hebben gekregen. Reken hiervoor +/- 14 dagen na goedkeuringsdatum VOSS bij VDAB. Zolang RVA de flux niet ontvangt en dus het type vrijstelling niet kent, kan deze geen uitspraak doen over het effect op de uitkeringen. Onze dienst admin. vrijstellingen kan het type vrijstelling op dat ogenblik wel al geven als de klant dit dringen nodig heeft. Procedure Servicelijn Er is al een aanvraag VOSS Mail naar admin.vrijstellingen@vdab.be met klant in cc. Noteer duidelijk in de mail dat je SL-bemiddelaar bent (zie tip). Er is nog geen aanvraag VOSS Mail naar admin.vrijstellingen@vdab.be met klant in cc. Noteer duidelijk in de mail dat je SL-bemiddelaar bent (zie tip). Geef zeker alle gegevens van de opleiding mee, zoals ook op het attest gevraagd wordt. Omschrijving van de opleiding. Naam van de onderwijsinstelling. Start- en einddatum. Aantal lesuren/week of aantal studiepunten. Als dit niet lukt (klant weet (nog) niet alle gegevens), mag je het mailadres van admin vrijstellingen doorgeven aan de klant. Tip Noteer duidelijk in de mail dat je SL-bemiddelaar bent. Als admin vrijstellingen dit weet, mailen ze de info rechtstreeks naar de klant. Zo niet mailen ze terug naar de bemiddelaar met de vraag klant op de hoogte te brengen.   \n\n Vraag aan de VDAB consulent: Zijn er nog andere redenen om een vrijstelling aan te vragen?? \n Antwoord of Actie: Ja, maar hiervoor is VDAB niet bevoegd.   Voor deze vrijstellingen kan klant terecht bij RVA: vrijstelling voor oudere werklozen   vrijstelling voor mantelzorg vrijstelling voor wie tijdens het schooljaar in het onderwijs werkte vrijstelling in het kader van ontwikkelingssamenwerking en humanitaire acties vrijstellingen van beschikbaarheid gerelateerd aan PWA. Procedure Servicelijn Verwijs klant voor meer info naar de uitbetalingsinstelling of RVA. \n\n Categorie: Servicelijn \n\n Domein: voss \n\n Tags: vrijstelling stage, vrijstelling opleiding, vrijstelling studie, vrijstelling, voss \n\n Url: https://intranet-rel1ldv.ops.vdab.be/faq/servicelijn/voss-wat \n\n Volgende paginas: Wanneer verlenging VOSS aanvragen?, via https://intranet-rel1ldv.ops.vdab.be/faq/servicelijn/voss-de-verlenging - VOSS: Extra info, via https://intranet-rel1ldv.ops.vdab.be/faq/servicelijn/voss-extra-info-1 - VOSS: De beslissing , via https://intranet-rel1ldv.ops.vdab.be/faq/servicelijn/voss-de-beslissing - VOSS: De Verlenging, via https://intranet-rel1ldv.ops.vdab.be/faq/servicelijn/voss-de-verlenging - VOSS: Het wijzigen, annuleren, stopzetten, via https://intranet-rel1ldv.ops.vdab.be/faq/servicelijn/voss-het-wijzigen-annuleren-stopzetten - VOSS: Vragen, via https://intranet-rel1ldv.ops.vdab.be/faq/servicelijn/voss-extra-info - VOSS: Het opleidingsattest, via https://intranet-rel1ldv.ops.vdab.be/faq/servicelijn/voss-het-opleidingsattest - VOSS: Voor wie?, via https://intranet-rel1ldv.ops.vdab.be/faq/servicelijn/voss-voor-wie - VOSS: De herziening, via https://intranet-rel1ldv.ops.vdab.be/faq/servicelijn/voss-de-herziening - VOSS: Welke opleidingen?, via https://intranet-rel1ldv.ops.vdab.be/faq/servicelijn/voss-welke-opleidingen - VOSS: De aanvraag, via https://intranet-rel1ldv.ops.vdab.be/faq/servicelijn/voss-de-aanvraag - VOSS: De inschatting, via https://intranet-rel1ldv.ops.vdab.be/faq/servicelijn/voss-de-inschatting - VOSS: Catwz &amp; In- en uitschrijving, via https://intranet-rel1ldv.ops.vdab.be/faq/servicelijn/voss-catwz-en-uitschrijving - Hoe een bemiddelaar van backoffice vrijstellingen contacteren?, via https://intranet-rel1ldv.ops.vdab.be/faq/servicelijn/voss-extra-info \n\n Type: intranet", "document_translation": "VOSS: What? \n\n Information for the SL mediator about the exemption for training, studies and internships. \n\n Question for the VDAB counselor: What is a VOSS?? \n Answer or Action: Customer is exempt from availability at VDAB while following the training, study or internship. Customer must be and remain registered with VDAB during the duration of the exemption. responding to appointments at VDAB in function of follow-up training, study, or internship. act according to the agreements made at the start of study, training or internship. The customer must NOT enter into an appropriate employment relationship. respond to an additional guidance, mediation or training offer. actively looking for work during the exemption. Background information VOSS = V driving count of availability during O pleiding, S tudie or S tage. \n\n Question for the VDAB counselor: What are the conditions for obtaining a VOSS?? \n Answer or Action: Fit into trajectory to work, and (assessment is done by mediator back office exemptions) Receive unemployment or integration benefits, and Domicile in Flanders, and Training, study or internship: lasts at least 4 weeks, and includes at least 20h/week or for higher education training include at least 27 new credits per academic year, and takes place during the day (i.e. not on weekends or evenings),  and Meet additional conditions explained in What conditions do I need to meet to get an exemption from availability? on vdab.be. (depending on the type of training, study or internship) Please note that SL does not make any statement about whether or not a VOSS is eligible for a VOSS. In case of doubt, the customer can request a VOSS so that he is 100% sure whether he is eligible. \n\n Question for the VDAB counselor: How long does a VOSS run?? \n Answer or Action: In principle, a VOSS runs for the duration of the training (mentioned on the training certificate), with a maximum of 12 months. If the study, training or internship lasts longer than 12 months, the customer must apply for an extension (new application) after each expired year. For example: A training of 6 weeks = 6 weeks exemption. A training of 15 months = 12 months exemption. After that, an extension (new application) is required. See Does VOSS continue during the summer months? \n\n Question for the VDAB counselor: Does VOSS continue during the summer months?? \n Answer or Action: Yes, any exemption for: secondary education runs until 31/8 higher education runs until 15/9 See When to apply for VOSS extension? Background information Approval for exemption from secondary and higher education is always including the summer holidays. This is in function of a possible second seat.  With no second sitting and end of training, the exemption simply stops earlier. This does not cause any problems for the benefit. \n\n Question for the VDAB counselor: Does the customer have to be present at VDAB appointments during VOSS?? \n Answer or Action: Only if the agreement concerns the follow-up of the study, training or internship. For all other reasons, the customer must not be present, but it is advisable to report the absence to the mediator who invites the customer. \n\n Question for the VDAB counselor: Follow-up during VOSS?? \n Answer or Action: By the mediators of back office exemptions. 2 contact moments, by phone or e-mail and not via a physical conversation. Mediator is always available to the customer by email (In peak times, response can take longer). Please note: Do not simply forward the customer's question to the mediator of back office exemptions.  See How to contact a back office exemptions mediator? \n\n Question for the VDAB counselor: What effect does a VOSS have on unemployment benefits?? \n Answer or Action: This is RVA matter and for this the customer must in principle contact the payment institution (trade union or auxiliary fund) or RVA.    UI/RVA knows the type of exemption as soon as they have received the flux. Count for this +/- 14 days after approval date VOSS at VDAB. As long as the RVA does not receive the flux and therefore does not know the type of exemption, it cannot make a statement about the effect on the benefits. Our service admin. Exemptions can already give the type of exemption at that time if the customer needs this urgency. Procedure Service line There is already a request VOSS Mail to admin.vrijstellingen@vdab.be with customer in cc. Clearly note in the email that you are an SL mediator (see tip). There is no request yet VOSS Mail to admin.vrijstellingen@vdab.be with customer in cc. Clearly note in the email that you are an SL mediator (see tip). Be sure to provide all the details of the training, as is also requested on the certificate. Description of the training. Name of the educational institution. Start and end dates. Number of teaching hours/week or number of credits. If this does not work (customer does not (yet) know all the details), you may pass on the email address of admin exemptions to the customer. Tip: Make a clear note in the email that you are an SL mediator. If admin exempts know this, they email the info directly to the customer. If not, they email back to the mediator asking them to inform the client. \n\n Question for the VDAB counselor: Are there any other reasons to apply for an exemption?? \n Answer or Action: Yes, but VDAB is not authorized for this.   For these exemptions, the customer can contact the RVA: exemption for older unemployed people exemption for informal care exemption for those who worked in education during the school year, exemption in the context of development cooperation and humanitarian actions, exemptions from availability related to PWA. Procedure Service line Refer the customer for more information to the payment institution or RVA. \n\n Category: Service line \n\n Domain: voss \n\n Tags: exemption study, exemption internship, voss, exemption, exemption from training \n\n Url: https://intranet-rel1ldv.ops.vdab.be/faq/servicelijn/voss-wat \n\n Next pages: Wanneer verlenging VOSS aanvragen?, via https://intranet-rel1ldv.ops.vdab.be/faq/servicelijn/voss-de-verlenging - VOSS: Extra info, via https://intranet-rel1ldv.ops.vdab.be/faq/servicelijn/voss-extra-info-1 - VOSS: De beslissing , via https://intranet-rel1ldv.ops.vdab.be/faq/servicelijn/voss-de-beslissing - VOSS: De Verlenging, via https://intranet-rel1ldv.ops.vdab.be/faq/servicelijn/voss-de-verlenging - VOSS: Het wijzigen, annuleren, stopzetten, via https://intranet-rel1ldv.ops.vdab.be/faq/servicelijn/voss-het-wijzigen-annuleren-stopzetten - VOSS: Vragen, via https://intranet-rel1ldv.ops.vdab.be/faq/servicelijn/voss-extra-info - VOSS: Het opleidingsattest, via https://intranet-rel1ldv.ops.vdab.be/faq/servicelijn/voss-het-opleidingsattest - VOSS: Voor wie?, via https://intranet-rel1ldv.ops.vdab.be/faq/servicelijn/voss-voor-wie - VOSS: De herziening, via https://intranet-rel1ldv.ops.vdab.be/faq/servicelijn/voss-de-herziening - VOSS: Welke opleidingen?, via https://intranet-rel1ldv.ops.vdab.be/faq/servicelijn/voss-welke-opleidingen - VOSS: De aanvraag, via https://intranet-rel1ldv.ops.vdab.be/faq/servicelijn/voss-de-aanvraag - VOSS: De inschatting, via https://intranet-rel1ldv.ops.vdab.be/faq/servicelijn/voss-de-inschatting - VOSS: Catwz &amp; In- en uitschrijving, via https://intranet-rel1ldv.ops.vdab.be/faq/servicelijn/voss-catwz-en-uitschrijving - Hoe een bemiddelaar van backoffice vrijstellingen contacteren?, via https://intranet-rel1ldv.ops.vdab.be/faq/servicelijn/voss-extra-info \n\n Type: intranet"}