{"title": "Welke vragen stellen aan Backoffice Werkplekleren - BO WPL", "type": "intranet", "domain_name": ["welke vragen stellen aan wie", "vragen"], "category_name": "Servicelijn", "url": "https://intranet-rel1ldv.ops.vdab.be/faq/servicelijn/welke-vragen-stellen-aan-backoffice-werkplekleren-bo-wpl", "content": [["BO WPL contacteren", "Altijd via mail Procedure Servicelijn Check altijd en vermeld steeds volgende gegevens van de vraagsteller e-mailadres klant (wz, wn, wg of partner) klantnummer (ikl of IKP) Opgelet BO WPL contacteert de klant altijd & enkel via mail."], ["Taken BO WPL", "inhoudelijke vragen beantwoorden binnen het domein werkplekleren vb. onduidelijkheden in onderrichtingen, specifieke situaties of cases, enz. goedkeuren van de opleidingsplannen BIS dispatching van de aanvragen IBO naar de sectorale teams en partners ondersteuning van partners bij de opmaak en het opvolgen van IBO-contracten"], ["Welke vragen voor BO WPL", "zie Backoffice Tewerkstelling en Werkplekleren: welke vragen binnen het luik \"Werkplekleren\"?  (intranet) Inhoudelijke vragen over IBO en IBO-tool andere vormen van werkplekleren opleidingsstage beroepsinlevingsstage (BIS) + goedkeuring opleidingsplan beroepsverkennende stage (BVS) activeringsstage  (intranet) werkervaringsstage (WES)"], ["Welke vragen kunnen niet voor BO WPL", "Vragen over vergoedingen voor wz - zie  Vragen over het uitbetalen van cursisten facturatie aan de wg - zie  Doorverwijzen bij vragen van werkgevers over VDAB-facturen sociale balans van de wg - zie  Werkgever heeft een vraag over zijn sociale balans inschrijvingen als wz registratie-technische problemen van een partner (MLP-coach) enz."], ["Contactgegevens BO WPL", "Generieke mailbox:  wpl@vdab.be"]], "link_ankers": [["https://intranet-rel1ldv.ops.vdab.be/faq/servicelijn/vragen-over-het-uitbetalen-van-cursisten", "Vragen over het uitbetalen van cursisten"], ["https://intranet-rel1ldv.ops.vdab.be/faq/servicelijn/beroepsverkennende-stage-BVS-ori%C3%ABnterende-stage-op-de-werkvloer", "beroepsverkennende stage (BVS)"], ["https://intranet-rel1ldv.ops.vdab.be/faq/servicelijn/doorverwijzen-bij-vragen-van-werkgevers-over-vdab-facturen", "Doorverwijzen bij vragen van werkgevers over VDAB-facturen"], ["https://intranet-rel1ldv.ops.vdab.be/faq/servicelijn/beroepsinlevingsstage-wat-bis-en-rol-servicelijn", "beroepsinlevingsstage (BIS)"], ["https://intranet-rel1ldv.ops.vdab.be/faq/servicelijn/opleidingsstage-os", "opleidingsstage"], ["https://intranet-rel1ldv.ops.vdab.be/faq/servicelijn/werkervaringsstage-wes", "werkervaringsstage (WES)"], ["https://intranet-rel1ldv.ops.vdab.be/faq/servicelijn/doorverwijzen-bij-vragen-van-werkgevers-over-vdab-facturen", "Werkgever heeft een vraag over zijn sociale balans"]], "title_translation": "What questions to Ask Backoffice Workplace Learning - BO WPL", "domain_name_translation": ["what questions to ask whom", "ask"], "category_name_translation": "Service line", "content_translation": [["Contact BO WPL Always", "by mail Procedure Service line Always check and always mention the following details of the questioner e-mail address customer (wz, wn, wg or partner) customer number (ikl or IKP) Attention BO WPL always contacts the customer by e-mail."], ["Tasks BO WPL", "answering substantive questions within the domain of workplace learning e.g. ambiguities in teachings, specific situations or cases, etc. approving the training plans BIS dispatching of the applications IBO to the sectoral teams and partners support of partners in the drafting and follow-up of IBO contracts"], ["Which questions for BO WPL", "see Back office Employment and Workplace learning: which questions within the section \"Workplace learning\"?  (intranet) Substantive questions about IBO and IBO tool other forms of work-based learning training internship vocational empathy internship (BIS) + approval training plan vocational exploratory internship (SSA) activation internship (intranet) work experience internship (WES)"], ["What questions can not be asked for BO WPL Questions about reimbursements for wz - see Questions about the", "payment of students invoicing to the wg - see Referral for questions from employers about VDAB invoices social balance sheet of the wg - see Employer has a question about his social balance sheet registrations as wz registration-technical problems of a partner (MLP coach) etc."], ["Contact details BO WPL", "Generic mailbox: wpl@vdab.be"]], "document": "Welke vragen stellen aan Backoffice Werkplekleren - BO WPL \n\n Vraag aan de VDAB consulent: BO WPL contacteren? \n Antwoord of Actie: Altijd via mail Procedure Servicelijn Check altijd en vermeld steeds volgende gegevens van de vraagsteller e-mailadres klant (wz, wn, wg of partner) klantnummer (ikl of IKP) Opgelet BO WPL contacteert de klant altijd & enkel via mail. \n\n Vraag aan de VDAB consulent: Taken BO WPL? \n Antwoord of Actie: inhoudelijke vragen beantwoorden binnen het domein werkplekleren vb. onduidelijkheden in onderrichtingen, specifieke situaties of cases, enz. goedkeuren van de opleidingsplannen BIS dispatching van de aanvragen IBO naar de sectorale teams en partners ondersteuning van partners bij de opmaak en het opvolgen van IBO-contracten \n\n Vraag aan de VDAB consulent: Welke vragen voor BO WPL? \n Antwoord of Actie: zie Backoffice Tewerkstelling en Werkplekleren: welke vragen binnen het luik \"Werkplekleren\"?  (intranet) Inhoudelijke vragen over IBO en IBO-tool andere vormen van werkplekleren opleidingsstage beroepsinlevingsstage (BIS) + goedkeuring opleidingsplan beroepsverkennende stage (BVS) activeringsstage  (intranet) werkervaringsstage (WES) \n\n Vraag aan de VDAB consulent: Welke vragen kunnen niet voor BO WPL? \n Antwoord of Actie: Vragen over vergoedingen voor wz - zie  Vragen over het uitbetalen van cursisten facturatie aan de wg - zie  Doorverwijzen bij vragen van werkgevers over VDAB-facturen sociale balans van de wg - zie  Werkgever heeft een vraag over zijn sociale balans inschrijvingen als wz registratie-technische problemen van een partner (MLP-coach) enz. \n\n Vraag aan de VDAB consulent: Contactgegevens BO WPL? \n Antwoord of Actie: Generieke mailbox:  wpl@vdab.be \n\n Categorie: Servicelijn \n\n Domein: welke vragen stellen aan wie - vragen \n\n Url: https://intranet-rel1ldv.ops.vdab.be/faq/servicelijn/welke-vragen-stellen-aan-backoffice-werkplekleren-bo-wpl \n\n Volgende paginas: Vragen over het uitbetalen van cursisten, via https://intranet-rel1ldv.ops.vdab.be/faq/servicelijn/vragen-over-het-uitbetalen-van-cursisten - beroepsverkennende stage (BVS), via https://intranet-rel1ldv.ops.vdab.be/faq/servicelijn/beroepsverkennende-stage-BVS-ori%C3%ABnterende-stage-op-de-werkvloer - Doorverwijzen bij vragen van werkgevers over VDAB-facturen, via https://intranet-rel1ldv.ops.vdab.be/faq/servicelijn/doorverwijzen-bij-vragen-van-werkgevers-over-vdab-facturen - beroepsinlevingsstage (BIS), via https://intranet-rel1ldv.ops.vdab.be/faq/servicelijn/beroepsinlevingsstage-wat-bis-en-rol-servicelijn - opleidingsstage, via https://intranet-rel1ldv.ops.vdab.be/faq/servicelijn/opleidingsstage-os - werkervaringsstage (WES), via https://intranet-rel1ldv.ops.vdab.be/faq/servicelijn/werkervaringsstage-wes - Werkgever heeft een vraag over zijn sociale balans, via https://intranet-rel1ldv.ops.vdab.be/faq/servicelijn/doorverwijzen-bij-vragen-van-werkgevers-over-vdab-facturen \n\n Type: intranet", "document_translation": "What questions to Ask Backoffice Workplace Learning - BO WPL \n\n Question for the VDAB counselor: Contact BO WPL Always? \n Answer or Action: by mail Procedure Service line Always check and always mention the following details of the questioner e-mail address customer (wz, wn, wg or partner) customer number (ikl or IKP) Attention BO WPL always contacts the customer by e-mail. \n\n Question for the VDAB counselor: Tasks BO WPL? \n Answer or Action: answering substantive questions within the domain of workplace learning e.g. ambiguities in teachings, specific situations or cases, etc. approving the training plans BIS dispatching of the applications IBO to the sectoral teams and partners support of partners in the drafting and follow-up of IBO contracts \n\n Question for the VDAB counselor: Which questions for BO WPL? \n Answer or Action: see Back office Employment and Workplace learning: which questions within the section \"Workplace learning\"?  (intranet) Substantive questions about IBO and IBO tool other forms of work-based learning training internship vocational empathy internship (BIS) + approval training plan vocational exploratory internship (SSA) activation internship (intranet) work experience internship (WES) \n\n Question for the VDAB counselor: What questions can not be asked for BO WPL Questions about reimbursements for wz - see Questions about the? \n Answer or Action: payment of students invoicing to the wg - see Referral for questions from employers about VDAB invoices social balance sheet of the wg - see Employer has a question about his social balance sheet registrations as wz registration-technical problems of a partner (MLP coach) etc. \n\n Question for the VDAB counselor: Contact details BO WPL? \n Answer or Action: Generic mailbox: wpl@vdab.be \n\n Category: Service line \n\n Domain: what questions to ask whom - ask \n\n Url: https://intranet-rel1ldv.ops.vdab.be/faq/servicelijn/welke-vragen-stellen-aan-backoffice-werkplekleren-bo-wpl \n\n Next pages: Vragen over het uitbetalen van cursisten, via https://intranet-rel1ldv.ops.vdab.be/faq/servicelijn/vragen-over-het-uitbetalen-van-cursisten - beroepsverkennende stage (BVS), via https://intranet-rel1ldv.ops.vdab.be/faq/servicelijn/beroepsverkennende-stage-BVS-ori%C3%ABnterende-stage-op-de-werkvloer - Doorverwijzen bij vragen van werkgevers over VDAB-facturen, via https://intranet-rel1ldv.ops.vdab.be/faq/servicelijn/doorverwijzen-bij-vragen-van-werkgevers-over-vdab-facturen - beroepsinlevingsstage (BIS), via https://intranet-rel1ldv.ops.vdab.be/faq/servicelijn/beroepsinlevingsstage-wat-bis-en-rol-servicelijn - opleidingsstage, via https://intranet-rel1ldv.ops.vdab.be/faq/servicelijn/opleidingsstage-os - werkervaringsstage (WES), via https://intranet-rel1ldv.ops.vdab.be/faq/servicelijn/werkervaringsstage-wes - Werkgever heeft een vraag over zijn sociale balans, via https://intranet-rel1ldv.ops.vdab.be/faq/servicelijn/doorverwijzen-bij-vragen-van-werkgevers-over-vdab-facturen \n\n Type: intranet"}