{"title": "Vacatures Vlaamse Overheid - Praktische info", "type": "intranet", "field_trefwoorden_name": ["ago", "agentschap overheidspersoneel", "vlaamse overheid", "voi"], "domain_name": ["specifieke werkgever"], "category_name": "Servicelijn", "field_faq_summary": "Praktische richtlijnen en info voor Servicelijnconsulenten over vacatures voor de Vlaamse Overheid", "url": "https://intranet-rel1ldv.ops.vdab.be/faq/servicelijn/vacatures-vlaamse-overheid-praktische-info", "content": [["Intake vacature?", "Vacature rechtstreeks ontvangen van de entiteit? Procedure Servicelijn Voer de vacature in op het IKP van de entiteit Kies ALTIJD voor het specifieke sjabloon voor de Vlaamse Overheid Tenzij geen Vlaamse Overheid-Deeldatabank-SA Tenzij de wg expliciet vraagt van sjabloon niet voor deze vacature te gebruiken Vacature ontvangen via AgO? Procedure Servicelijn Voer de vacature in op het IKP van AgO (IKP 335/179) Kies voor het specifieke sjabloon voor de Vlaamse Overheid Noteer bij de optie \"opdrachtgever\" de gegevens in van de entiteit (geen verplichte velden, maar hoe meer gegevens...hoe beter.) Vink de optie 'Toon deze opdrachtgever op vacature' aan"], ["Extra aandachtspunten bij de invoer van een vacature Vlaamse Overheid", "Procedure Servicelijn Voeg het selectiereglement toe als bijlage bij \"Bestand\" onder de functieomschrijving Voeg het sollicitatieformulier toe als bijlage bij \"sollicitatie via\" en de optie \"Formulier\" Vul bij de einddatum publicatie ook de einddatum sollicitatie in. Vink geen competenties aan. Vink standaard aangevinkte competenties, op basis van gevraagde ervaring, af. Vink geen bemiddeling aan (eigen beheer werkgever) Noteer in de opvolging: \"Vacature Vlaamse Overheid met uitsluitend publicatie, specifieke behandeling. Vacature mag afgesloten worden op XX-XX-XXXX\" (= 1 dag na de einddatum publicatie). Vink in de opvolging ook de optie \"Een datum voor de volgende opvolging vastleggen\" aan en kies als datum de einddatum publicatie bij \"volgende opvolging\". Wijzig daaronder de \"Consulent\" naar de dispatcher (OE zie lijst dispatchers )"], ["Een entiteit beschikt niet over een samenwerkingsakkoord voor de Vlaamse Overheid (Vl.O.)?", "Procedure Servicelijn Plaats de vacature via het gewone sjabloon.    Achtergrondinfo De vacature zal enkel op de VDAB-site verschijnen, niet op de deeldatabank Vlaamse Overheid. Een entiteit geeft zelf aan of ze al dan niet vacatures op de deeldatabanken wensen (Zie ook FAQ hoe kan een entiteit een vacature plaatsen in de deeldatabanken Vl.O.)"], ["Een entiteit kan geen vacature Vl. O. plaatsen maar wenst dit wel?", "Procedure Servicelijn:   Controleer in Ami de actieve samenwerkingsakkoorden (Mijn VDAB en Vlaamse Overheid Deeldatabank):   Geen Mijn VDAB samenwerkingsakkoord? Verwijs de entiteit door naar de website. Geef mee dat ze \"Vlaamse Overheid\" op de aanvraag vermelden.   Geen samenwerkingsakkoord Vlaamse Overheid Deeldatabank? Stuur een mail naar Ellen Haak . Gebruik als onderwerp \"Vraag voor erkenning deeldatabank Vlaamse Overheid\". Vermeld in je mail: De naam en het IKP-nr. van de entiteit. Dat de entiteit over een gewoon Mijn VDAB-samenwerkingsakkoord beschikt maar nog niet over het samenwerkingsakkoord Vlaamse Overheid om de vacature op de deeldatabank te publiceren. De vraag of Ellen het nodige kan doen ifv de koppeling met de deeldatabank Vlaamse Overheid. Geef de entiteit mee dat de aanvraag, voor de publicatie van vacatures op de website voor de Vlaamse Overheid, doorgestuurd is naar het Agentschap Overheidspersoneel en zij verder het nodige zullen doen. Geef mee dat dit nog enige tijd in beslag kan nemen en we de vacature, indien gewenst, eventueel wel op de gewone website kunnen publiceren."], ["FAQ: wat doen als een entiteit zijn bedrijfsnummer vraagt?", "Procedure Servicelijn Geef het IKP-nummer mee Achtergrondinfo De entiteit heeft dit nodig voor zijn erkenning bij AgO. Ze kennen de benaming \"IKP\" echter niet, dit is VDAB-jargon."], ["FAQ: Bemiddeling mogelijk?", "Ja 1. Als de vraag zelf komt van de entiteit (wij duiden het dus niet standaard aan) 2. EN de vacature op de entiteit zelf staat (niet op AgO) 2. EN als de plaats tewerkstelling in Vlaanderen is of de entiteit gevestigd is in Vlaanderen (communautaire bevoegdheden van VDAB ifv bemiddeling) 3. EN als het een externe vacature is Procedure Servicelijn Afwijking van de algemene procedure intake: Vink bemiddeling aan (Beheer - Diensten). Wijzig het beheer van de vacature niet. Vermeld in de opvolging dat het om een vacature gaat van de Vlaamse Overheid, met (!!) bemiddeling. Vermeld nog steeds de einddatum sollicitatie in de opvolging."], ["Wanneer intern of extern aanduiden?", "Dit staat altijd aangegeven in de vacature. Het staat niet vermeld? Procedure Servicelijn Neem contact op met de entiteit (of met AgO indien de vacature via Ago ontvangen)"], ["Is het mogelijk om een interne vacature te wijzigen naar een externe of omgekeerd?", "Ja, het is het mogelijk om een interne vacature extern te maken.  Achtergrondinfo De Vlaamse overheidsinstellingen kunnen voor x-aantal vacatures eerst kiezen voor een interne verspreiding/werving. Als er geen kandidaten zijn dan kan men besluiten om alsnog extern te werven. Omgekeerd (van extern naar intern) is niet mogelijk. "], ["Vraag om een vacature zowel intern als extern te publiceren?", "Neen, dat is niet mogelijk 2x publiceren van dezelfde vacature is geen optie. Het gaat om dezelfde vacature.  Procedure Servicelijn Staat de vacature publiek open en voor medewerkers van de Vlaamse Overheid, dan publiceren we enkel extern. "], ["Lokale besturen en provincies wensen ook vacatures op de deeldatabanken Vl.O.?", "Procedure Servicelijn Stuur een mail naar Ellen Haak (zie: Procedure Mijn VDAB-aanvraag voor een entiteit van de Vlaamse Overheid ) Vermeld extra in je mail dat het om een lokaal bestuur of een provincie gaat."], ["Vacature van een lokaal bestuur of van een provincie ontvangen?", "Hiervoor zijn geen specifieke aandachtspunten. De invoer is volgens de reguliere vacaturewerking."], ["Ik vind de juiste entiteit niet in Mastervac?", "De entiteiten staan in Mastervac in afgekorte vorm. Klik hier  voor een overzicht van entiteiten en de toebehorende afkortingen in Mvac.  Entiteit staat niet in de lijst?  Procedure Servicelijn: Stuur door naar Kennisbeheer voor verder onderzoek. Noteer in de mail het IKP-nummer en het ondernemingsnummer."], ["Kan een entiteit voor interne of externe vacatures diensten van VDAB aanduiden in Mastervac?", "Neen, een entiteit kan zelf geen dienst van VDAB aanduiden in Mastervac. "], ["Kan een consulent voor interne vacatures diensten van VDAB aanduiden?", "Neen, de diensten staan standaard uitgegrijsd in Mastervac voor interne vacatures bij de Vl.O. "], ["Kan een consulent voor externe vacatures diensten van VDAB aanduiden?", "Ja, een consulent kan diensten van VDAB aanduiden in Mastervac. Deze diensten kunnen op vraag van de entiteit zelf (niet Ago), als de vacature ook op de entiteit staat (niet Ago). "], ["Duidt Servicelijn standaard diensten aan voor externe vacatures?", "Neen. De Servicelijn duidt niet standaard diensten aan bij externe vacatures voor de Vl.O. Wanneer wel? Enkel op specifieke vraag van de entiteit zelf, als de vacature ook op de entiteit staat (niet op AgO). "], ["Gaan de vacatures Vl.O. mee in de AM?", "Neen. Vacatures voor de Vl.O. gaan niet mee in de AM."], ["Contactgegevens Agentschap Overheidspersoneel", "Ellen Haak,  ellen.haak@vlaanderen.be   Adres AgO: Agentschap Overheidspersoneel Dienstencentrum Talent - Dienst Rekrutering en Selectie Boudewijnlaan 30 bus 42 1000 Brussel www.bestuurszaken.be/agentschap-overheidspersoneel"], ["BUG: Flexijob als type contract?", "Mag niet voor een vacature van de Vlaamse Overheid. De optie staat echter in de lijst van \"Type contract\". Dit is een bug.  Oplossing? Voorlopig unknown (dd 03-05-2016)   Meer info over Flexijobs? Klik hier ."], ["Vacature Vlaamse Overheid met werfreserve?", "Procedure Servicelijn Neem contact op met de contactpersoon van de entiteit.  Vraag welk contract de kandidaat uit de werfreserve daarna krijgt. Bv. vast contract, statutaire aanwerving, tijdelijk contract Noteer in de vacature: Functietitel Noteer 'Werfreserve' + functietitel bv. Werfreserve dossierbeheerder Aanbod en voordelen Noteer dat het gaat om een aanleg van een werfreserve, met daarna een vaste job, statutaire functie bij aanwerving, enz. (Afhankelijk van de feedback van de contactpersoon.) Type contract Contract volgens de feedback van de contactpersoon. Bv. contract onbepaalde duur, statutair, enz. Type contract nog onduidelijk? Zet deze info bij 'aanbod en voordelen'. Kies het type contract dat het meest waarschijnlijk is. Achtergrondinfo In het sjabloon voor vacatures van de Vlaamse Overheid, is er bij 'type contract' geen optie 'werfreserve'."], ["FAQ: Mogen vacatures voorbehouden zijn voor eigen personeel?", "JA Maar enkel vacatures voor bevorderingen binnen het niveau (bv. van C1 naar C2) en vacatures voor horizontale mobiliteit mogen voorbehouden zijn voor eigen personeel binnen een entiteit. De vacatures moeten wel nog gepubliceerd worden op de interne databank van de Vlaamse overheid. "], ["FAQ: Vacature of wijziging vacature verschijnt niet op website Vlaamse Overheid?", "Er is een probleem met de doorstroom van vacatures en/of wijzigingen van vacatures naar de website van de Vlaamse Overheid. Procedure Servicelijn Stuur de case door naar BO voor verder onderzoek. BO stuurt, indien nodig, door naar  openservices@vdab.be ]"], ["Werkgever koos fout sjabloon en vacature staat niet in deeldatabank?", "Voor de Vlaamse overheid werken werkgevers met Vlimpers Cornestone en via deze weg zou dit automatisch moeten lopen.  Is er toch een probleem, verwijs de werkgever dan naar ellen.haak@vlaanderen.be Achtergrondinfo Er komen te veel technische zaken bij kijken, waardoor je zelf moeilijk ondersteuning kan bieden. Verder willen we dubbele vacatures zeker voorkomen. "], ["Vacatures met concessiecontract", "Wat? Een concessiecontract of -overeenkomst is een soort vergunning waarmee de overheid toestemming geeft om een bepaalde activiteit uit te voeren. Bv een gemeente kan een concessie verlenen aan een private uitbater van een cafetaria aan het gemeentelijk zwembad. De toekenning van een concessie is met een voorafgaande, publieke bekendmaking. Een concessie houder verbindt zich tot uitvoering van de activiteit op eigen kosten en verkrijgt het het monopolie (alleenrecht). Een concessie gaat doorgaans gepaard met de betaling van een prijs of een vergoeding. VDAB plaatst vacatures van de overheid met concessiecontracten. Hoe? 1. Invoer van de vacature is met een zelfstandig statuut. 2. De financiele voorwaarde mag in de vacature vermeld staan. De vacature krijgt dezelfde behandeling als een vacature voor een zelfstandige functie. Dwz uitsluitend publicatie zonder toeleidingsacties."]], "link_ankers": [["https://intranet-rel1ldv.ops.vdab.be/faq/servicelijn/vacatures-vlaamse-overheid-algemene-info", "Vacatures Vlaamse Overheid - Algemene info"], ["https://intranet-rel1ldv.ops.vdab.be/faq/servicelijn/vacatures-voor-flexi-jobs", "hier"], ["https://intranet-rel1ldv.ops.vdab.be/faq/servicelijn/behandeling-mijn-vdab-aanvraag-voor-een-entiteit-van-de-vlaamse-overheid", "Procedure Mijn VDAB-aanvraag voor een entiteit van de Vlaamse Overheid"]], "title_translation": "Vacancies Flemish Government - Practical info", "field_trefwoorden_name_translation": ["ago", "flemish government", "agency government employees", "voi"], "domain_name_translation": ["specific employer"], "category_name_translation": "Service line", "field_faq_summary_translation": "Practical guidelines and information for Service line consultants about vacancies for the Flemish Government", "content_translation": [["Intake vacancy?", "Receive a vacancy directly from the entity? Procedure Service line Enter the vacancy on the IKP of the entity ALWAYS choose the specific template for the Flemish Government Unless no Flemish Government-Subdatabase-SA Unless the wg explicitly requests the template not to be used for this vacancy Vacancy received via AgO? Procedure Service line Enter the vacancy on the IKP of AgO (IKP 335/179) Choose the specific template for the Flemish Government Under the option \"client\", write down the details of the entity (no mandatory fields, but the more data... the better.) Check the option 'Show this client on vacancy'"], ["Extra points of attention when entering a vacancy Flemish Government Procedure Service Line Add the selection regulations as an attachment to \"", "File\" under the job description Add the application form as an attachment to \"application via\" and the option \"Form\" At the end date of publication, also enter the end date of application. Do not check competencies. Check off checked competencies by default, based on requested experience. Do not check mediation (own management employer) Note in the follow-up: \"Vacancy Flemish Government with only publication, specific treatment. Vacancy may be closed on XX-XX-XXXX\" (= 1 day after the end date of publication). In the follow-up, also check the option \"Set a date for the next follow-up\" and choose the publication end date under \"next follow-up\" as the date. Below that, change the \"Consultant\" to the dispatcher (OE see dispatcher list)"], ["An entity does not have a cooperation agreement for the Flemish Government (Vl.O.)?", "Procedure Service line Post the vacancy via the regular template.    Background information The vacancy will only appear on the VDAB site, not on the Flemish Government sub-database. An entity itself indicates whether or not they want vacancies on the subdatabases (See also FAQ how can an entity post a vacancy in the subdatabases Vl.O.)"], ["An entity cannot post a vacancy Vl. O. but wishes to do so?", "Procedure Service line: Check the active cooperation agreements in Ami (My VDAB and Flemish Government Subdatabank): None My VDAB cooperation agreement? Redirect the entity to the website. Please indicate that they mention \"Flemish Government\" on the application.   No cooperation agreement Flemish Government Subdatabase? Send an email to Ellen Haak. Use as subject \"Ask for recognition subdatabase Flemish Government\". Mention in your mail: The name and the IKP number. of the entity. That the entity has an ordinary My VDAB cooperation agreement but not yet the Flemish Government cooperation agreement to publish the vacancy on the sub-database. The question whether Ellen can do the necessary if she can link it to the Flemish Government sub-database. Inform the entity that the application, for the publication of vacancies on the website for the Flemish Government, has been forwarded to the Public Personnel Agency and they will do the necessary further. Please indicate that this may take some time and we can publish the vacancy on the regular website if desired."], ["FAQ: What to do if an entity requests its company number?", "Procedure Service line Provide the IKP number Background information The entity needs this for its recognition with AgO. However, they do not know the name \"IKP\", this is VDAB jargon."], ["FAQ: Mediation possible?", "Yes 1. If the question itself comes from the entity (so we do not designate it by default) 2. AND the vacancy on the entity itself is (not on AgO) 2. AND if the place of employment is in Flanders or the entity is established in Flanders (community competences of VDAB through mediation) 3. AND if it is an external vacancy Procedure Service line Deviation from the general procedure intake: Check mediation (Management - Services). Do not change the management of the vacancy. Mention in the follow-up that it concerns a vacancy of the Flemish Government, with (!!) mediation. Still mention the application end date in the follow-up."], ["When to designate internally or externally?", "This is always indicated in the vacancy. It's not listed? Procedure Service line Contact the entity (or AgO if the vacancy is received via Ago)"], ["Is it possible to change an internal vacancy to an external one or vice versa?", "Yes, it is possible to create an internal vacancy externally.  Background information The Flemish government institutions can first opt for an internal distribution/recruitment for x number of vacancies. If there are no candidates, one can still decide to recruit externally. Reverse (from external to internal) is not possible."], ["Ask to publish a vacancy both internally and externally?", "No, that is not possible 2x publishing the same vacancy is not an option. It is the same vacancy.  Procedure Service line If the vacancy is open to the public and to employees of the Flemish Government, we only publish externally."], ["Local authorities and provinces also want vacancies on the Vl.O. sub-databases? Procedure", "Serviceline Send an email to Ellen Haak (see: Procedure My VDAB application for an entity of the Flemish Government) Please mention in your e-mail that it concerns a local government or a province."], ["Receive a vacancy from a local government or from a province?", "There are no specific points of attention for this. The entry is according to the regular vacancy operation."], ["I can't find the right entity in Mastervac?", "The entities are listed in Mastervac in abbreviated form. Click here for an overview of entities and their abbreviations in Mvac.  Entity is not listed?  Service Line Procedure: Forward to Knowledge Management for further investigation. Write down the IKP number and the company number in the mail."], ["Can an entity designate VDAB services in Mastervac for internal or external vacancies?", "No, an entity cannot itself designate a VDAB service in Mastervac."], ["Can a consultant appoint VDAB services for internal vacancies?", "No, the services are greyed out by default in Mastervac for internal vacancies at the Vl.O."], ["Can a consultant for external vacancies designate VDAB services?", "Yes, a consultant can designate VDAB services in Mastervac. These services can be requested by the entity itself (not Ago), if the vacancy is also on the entity (not Ago)."], ["Does Service line designate standard services for external vacancies?", "No. The Service Line does not designate standard services for external vacancies for the Vl.O. When will it be? Only at the specific request of the entity itself, if the vacancy is also on the entity (not on AgO)."], ["Are the vacancies Vl.O. join the AM?", "No. Vacancies for the Vl.O. don't go along in the AM."], ["Contact details Agency", "Public Employees Ellen Haak, ellen.haak@vlaanderen.be Address AgO: Agentschap Overheids personeel Dienstencentrum Talent - Dienst Rerecruitment en Selectie Boudewijnlaan 30 box 42 1000 Brussels www.bestuurszaken.be/agentschap-overheidspersoneel"], ["BUG: Flexijob as a type of contract?", "Not allowed for a vacancy of the Flemish Government. However, the option is in the list of \"Type of contract\". This is a bug.  Solution? Provisionally unknown (dated 03-05-2016) More info about Flexijobs? Click here."], ["Vacancy Flemish Government with recruitment reserve?", "Service Line Procedure Contact the entity's contact person.  Ask what contract the candidate will receive from the site reserve afterwards. E.g. permanent contract, statutory recruitment, temporary contract Write down in the vacancy: Job title Write down 'Recruitment reserve' + job title eg. Site reserve file manager Offer and benefits Note that it concerns a construction of a site reserve, followed by a permanent job, statutory position at the time of recruitment, etc. (Depending on the feedback from the contact person.) Type of contract Contract according to the feedback of the contact person. E.g. contract of indefinite duration, statutory status, etc. Type of contract still unclear? Put this info under 'offer and benefits'. Choose the type of contract that is most likely. Background information In the template for vacancies of the Flemish Government, there is no option 'site reserve' under 'type of contract'."], ["FAQ: Can vacancies be reserved for your own staff?", "YES But only vacancies for promotions within the level (e.g. from C1 to C2) and vacancies for horizontal mobility may be reserved for own staff within an entity. The vacancies still have to be published on the internal database of the Flemish government."], ["FAQ: Vacancy or change vacancy does not appear on website Flemish Government?", "There is a problem with the flow of vacancies and/or changes of vacancies to the website of the Flemish Government. Procedure Service Line Forward the case to BO for further investigation. BO forwards, if necessary, to openservices@vdab.be ]"], ["Employer chose wrong template and vacancy is not in subdatabase?", "For the Flemish government, employers work with Vlimpers Cornestone and this should be done automatically.  If there is a problem, refer the employer to ellen.haak@vlaanderen.be Background info There are too many technical issues involved, making it difficult to offer support yourself. Furthermore, we certainly want to avoid double vacancies."], ["Vacancies with concession contract", "What? A concession contract or agreement is a type of permit by which the government gives permission to carry out a certain activity. For example, a municipality can grant a concession to a private operator of a cafeteria at the municipal swimming pool. The award of a concession is subject to prior public notice. A concessionaire undertakes to carry out the activity at his own expense and obtains the monopoly (exclusive right). A concession is usually accompanied by the payment of a price or a fee. VDAB posts government vacancies with concession contracts. How? 1. Entry of the vacancy is with an independent status. 2. The financial condition may be mentioned in the vacancy. The vacancy receives the same treatment as a vacancy for an independent position. I.e. only publication without guidance actions."]], "document": "Vacatures Vlaamse Overheid - Praktische info \n\n Praktische richtlijnen en info voor Servicelijnconsulenten over vacatures voor de Vlaamse Overheid \n\n Vraag aan de VDAB consulent: Intake vacature?? \n Antwoord of Actie: Vacature rechtstreeks ontvangen van de entiteit? Procedure Servicelijn Voer de vacature in op het IKP van de entiteit Kies ALTIJD voor het specifieke sjabloon voor de Vlaamse Overheid Tenzij geen Vlaamse Overheid-Deeldatabank-SA Tenzij de wg expliciet vraagt van sjabloon niet voor deze vacature te gebruiken Vacature ontvangen via AgO? Procedure Servicelijn Voer de vacature in op het IKP van AgO (IKP 335/179) Kies voor het specifieke sjabloon voor de Vlaamse Overheid Noteer bij de optie \"opdrachtgever\" de gegevens in van de entiteit (geen verplichte velden, maar hoe meer gegevens...hoe beter.) Vink de optie 'Toon deze opdrachtgever op vacature' aan \n\n Vraag aan de VDAB consulent: Extra aandachtspunten bij de invoer van een vacature Vlaamse Overheid? \n Antwoord of Actie: Procedure Servicelijn Voeg het selectiereglement toe als bijlage bij \"Bestand\" onder de functieomschrijving Voeg het sollicitatieformulier toe als bijlage bij \"sollicitatie via\" en de optie \"Formulier\" Vul bij de einddatum publicatie ook de einddatum sollicitatie in. Vink geen competenties aan. Vink standaard aangevinkte competenties, op basis van gevraagde ervaring, af. Vink geen bemiddeling aan (eigen beheer werkgever) Noteer in de opvolging: \"Vacature Vlaamse Overheid met uitsluitend publicatie, specifieke behandeling. Vacature mag afgesloten worden op XX-XX-XXXX\" (= 1 dag na de einddatum publicatie). Vink in de opvolging ook de optie \"Een datum voor de volgende opvolging vastleggen\" aan en kies als datum de einddatum publicatie bij \"volgende opvolging\". Wijzig daaronder de \"Consulent\" naar de dispatcher (OE zie lijst dispatchers ) \n\n Vraag aan de VDAB consulent: Een entiteit beschikt niet over een samenwerkingsakkoord voor de Vlaamse Overheid (Vl.O.)?? \n Antwoord of Actie: Procedure Servicelijn Plaats de vacature via het gewone sjabloon.    Achtergrondinfo De vacature zal enkel op de VDAB-site verschijnen, niet op de deeldatabank Vlaamse Overheid. Een entiteit geeft zelf aan of ze al dan niet vacatures op de deeldatabanken wensen (Zie ook FAQ hoe kan een entiteit een vacature plaatsen in de deeldatabanken Vl.O.) \n\n Vraag aan de VDAB consulent: Een entiteit kan geen vacature Vl. O. plaatsen maar wenst dit wel?? \n Antwoord of Actie: Procedure Servicelijn:   Controleer in Ami de actieve samenwerkingsakkoorden (Mijn VDAB en Vlaamse Overheid Deeldatabank):   Geen Mijn VDAB samenwerkingsakkoord? Verwijs de entiteit door naar de website. Geef mee dat ze \"Vlaamse Overheid\" op de aanvraag vermelden.   Geen samenwerkingsakkoord Vlaamse Overheid Deeldatabank? Stuur een mail naar Ellen Haak . Gebruik als onderwerp \"Vraag voor erkenning deeldatabank Vlaamse Overheid\". Vermeld in je mail: De naam en het IKP-nr. van de entiteit. Dat de entiteit over een gewoon Mijn VDAB-samenwerkingsakkoord beschikt maar nog niet over het samenwerkingsakkoord Vlaamse Overheid om de vacature op de deeldatabank te publiceren. De vraag of Ellen het nodige kan doen ifv de koppeling met de deeldatabank Vlaamse Overheid. Geef de entiteit mee dat de aanvraag, voor de publicatie van vacatures op de website voor de Vlaamse Overheid, doorgestuurd is naar het Agentschap Overheidspersoneel en zij verder het nodige zullen doen. Geef mee dat dit nog enige tijd in beslag kan nemen en we de vacature, indien gewenst, eventueel wel op de gewone website kunnen publiceren. \n\n Vraag aan de VDAB consulent: FAQ: wat doen als een entiteit zijn bedrijfsnummer vraagt?? \n Antwoord of Actie: Procedure Servicelijn Geef het IKP-nummer mee Achtergrondinfo De entiteit heeft dit nodig voor zijn erkenning bij AgO. Ze kennen de benaming \"IKP\" echter niet, dit is VDAB-jargon. \n\n Vraag aan de VDAB consulent: FAQ: Bemiddeling mogelijk?? \n Antwoord of Actie: Ja 1. Als de vraag zelf komt van de entiteit (wij duiden het dus niet standaard aan) 2. EN de vacature op de entiteit zelf staat (niet op AgO) 2. EN als de plaats tewerkstelling in Vlaanderen is of de entiteit gevestigd is in Vlaanderen (communautaire bevoegdheden van VDAB ifv bemiddeling) 3. EN als het een externe vacature is Procedure Servicelijn Afwijking van de algemene procedure intake: Vink bemiddeling aan (Beheer - Diensten). Wijzig het beheer van de vacature niet. Vermeld in de opvolging dat het om een vacature gaat van de Vlaamse Overheid, met (!!) bemiddeling. Vermeld nog steeds de einddatum sollicitatie in de opvolging. \n\n Vraag aan de VDAB consulent: Wanneer intern of extern aanduiden?? \n Antwoord of Actie: Dit staat altijd aangegeven in de vacature. Het staat niet vermeld? Procedure Servicelijn Neem contact op met de entiteit (of met AgO indien de vacature via Ago ontvangen) \n\n Vraag aan de VDAB consulent: Is het mogelijk om een interne vacature te wijzigen naar een externe of omgekeerd?? \n Antwoord of Actie: Ja, het is het mogelijk om een interne vacature extern te maken.  Achtergrondinfo De Vlaamse overheidsinstellingen kunnen voor x-aantal vacatures eerst kiezen voor een interne verspreiding/werving. Als er geen kandidaten zijn dan kan men besluiten om alsnog extern te werven. Omgekeerd (van extern naar intern) is niet mogelijk.  \n\n Vraag aan de VDAB consulent: Vraag om een vacature zowel intern als extern te publiceren?? \n Antwoord of Actie: Neen, dat is niet mogelijk 2x publiceren van dezelfde vacature is geen optie. Het gaat om dezelfde vacature.  Procedure Servicelijn Staat de vacature publiek open en voor medewerkers van de Vlaamse Overheid, dan publiceren we enkel extern.  \n\n Vraag aan de VDAB consulent: Lokale besturen en provincies wensen ook vacatures op de deeldatabanken Vl.O.?? \n Antwoord of Actie: Procedure Servicelijn Stuur een mail naar Ellen Haak (zie: Procedure Mijn VDAB-aanvraag voor een entiteit van de Vlaamse Overheid ) Vermeld extra in je mail dat het om een lokaal bestuur of een provincie gaat. \n\n Vraag aan de VDAB consulent: Vacature van een lokaal bestuur of van een provincie ontvangen?? \n Antwoord of Actie: Hiervoor zijn geen specifieke aandachtspunten. De invoer is volgens de reguliere vacaturewerking. \n\n Vraag aan de VDAB consulent: Ik vind de juiste entiteit niet in Mastervac?? \n Antwoord of Actie: De entiteiten staan in Mastervac in afgekorte vorm. Klik hier  voor een overzicht van entiteiten en de toebehorende afkortingen in Mvac.  Entiteit staat niet in de lijst?  Procedure Servicelijn: Stuur door naar Kennisbeheer voor verder onderzoek. Noteer in de mail het IKP-nummer en het ondernemingsnummer. \n\n Vraag aan de VDAB consulent: Kan een entiteit voor interne of externe vacatures diensten van VDAB aanduiden in Mastervac?? \n Antwoord of Actie: Neen, een entiteit kan zelf geen dienst van VDAB aanduiden in Mastervac.  \n\n Vraag aan de VDAB consulent: Kan een consulent voor interne vacatures diensten van VDAB aanduiden?? \n Antwoord of Actie: Neen, de diensten staan standaard uitgegrijsd in Mastervac voor interne vacatures bij de Vl.O.  \n\n Vraag aan de VDAB consulent: Kan een consulent voor externe vacatures diensten van VDAB aanduiden?? \n Antwoord of Actie: Ja, een consulent kan diensten van VDAB aanduiden in Mastervac. Deze diensten kunnen op vraag van de entiteit zelf (niet Ago), als de vacature ook op de entiteit staat (niet Ago).  \n\n Vraag aan de VDAB consulent: Duidt Servicelijn standaard diensten aan voor externe vacatures?? \n Antwoord of Actie: Neen. De Servicelijn duidt niet standaard diensten aan bij externe vacatures voor de Vl.O. Wanneer wel? Enkel op specifieke vraag van de entiteit zelf, als de vacature ook op de entiteit staat (niet op AgO).  \n\n Vraag aan de VDAB consulent: Gaan de vacatures Vl.O. mee in de AM?? \n Antwoord of Actie: Neen. Vacatures voor de Vl.O. gaan niet mee in de AM. \n\n Vraag aan de VDAB consulent: Contactgegevens Agentschap Overheidspersoneel? \n Antwoord of Actie: Ellen Haak,  ellen.haak@vlaanderen.be   Adres AgO: Agentschap Overheidspersoneel Dienstencentrum Talent - Dienst Rekrutering en Selectie Boudewijnlaan 30 bus 42 1000 Brussel www.bestuurszaken.be/agentschap-overheidspersoneel \n\n Vraag aan de VDAB consulent: BUG: Flexijob als type contract?? \n Antwoord of Actie: Mag niet voor een vacature van de Vlaamse Overheid. De optie staat echter in de lijst van \"Type contract\". Dit is een bug.  Oplossing? Voorlopig unknown (dd 03-05-2016)   Meer info over Flexijobs? Klik hier . \n\n Vraag aan de VDAB consulent: Vacature Vlaamse Overheid met werfreserve?? \n Antwoord of Actie: Procedure Servicelijn Neem contact op met de contactpersoon van de entiteit.  Vraag welk contract de kandidaat uit de werfreserve daarna krijgt. Bv. vast contract, statutaire aanwerving, tijdelijk contract Noteer in de vacature: Functietitel Noteer 'Werfreserve' + functietitel bv. Werfreserve dossierbeheerder Aanbod en voordelen Noteer dat het gaat om een aanleg van een werfreserve, met daarna een vaste job, statutaire functie bij aanwerving, enz. (Afhankelijk van de feedback van de contactpersoon.) Type contract Contract volgens de feedback van de contactpersoon. Bv. contract onbepaalde duur, statutair, enz. Type contract nog onduidelijk? Zet deze info bij 'aanbod en voordelen'. Kies het type contract dat het meest waarschijnlijk is. Achtergrondinfo In het sjabloon voor vacatures van de Vlaamse Overheid, is er bij 'type contract' geen optie 'werfreserve'. \n\n Vraag aan de VDAB consulent: FAQ: Mogen vacatures voorbehouden zijn voor eigen personeel?? \n Antwoord of Actie: JA Maar enkel vacatures voor bevorderingen binnen het niveau (bv. van C1 naar C2) en vacatures voor horizontale mobiliteit mogen voorbehouden zijn voor eigen personeel binnen een entiteit. De vacatures moeten wel nog gepubliceerd worden op de interne databank van de Vlaamse overheid.  \n\n Vraag aan de VDAB consulent: FAQ: Vacature of wijziging vacature verschijnt niet op website Vlaamse Overheid?? \n Antwoord of Actie: Er is een probleem met de doorstroom van vacatures en/of wijzigingen van vacatures naar de website van de Vlaamse Overheid. Procedure Servicelijn Stuur de case door naar BO voor verder onderzoek. BO stuurt, indien nodig, door naar  openservices@vdab.be ] \n\n Vraag aan de VDAB consulent: Werkgever koos fout sjabloon en vacature staat niet in deeldatabank?? \n Antwoord of Actie: Voor de Vlaamse overheid werken werkgevers met Vlimpers Cornestone en via deze weg zou dit automatisch moeten lopen.  Is er toch een probleem, verwijs de werkgever dan naar ellen.haak@vlaanderen.be Achtergrondinfo Er komen te veel technische zaken bij kijken, waardoor je zelf moeilijk ondersteuning kan bieden. Verder willen we dubbele vacatures zeker voorkomen.  \n\n Vraag aan de VDAB consulent: Vacatures met concessiecontract? \n Antwoord of Actie: Wat? Een concessiecontract of -overeenkomst is een soort vergunning waarmee de overheid toestemming geeft om een bepaalde activiteit uit te voeren. Bv een gemeente kan een concessie verlenen aan een private uitbater van een cafetaria aan het gemeentelijk zwembad. De toekenning van een concessie is met een voorafgaande, publieke bekendmaking. Een concessie houder verbindt zich tot uitvoering van de activiteit op eigen kosten en verkrijgt het het monopolie (alleenrecht). Een concessie gaat doorgaans gepaard met de betaling van een prijs of een vergoeding. VDAB plaatst vacatures van de overheid met concessiecontracten. Hoe? 1. Invoer van de vacature is met een zelfstandig statuut. 2. De financiele voorwaarde mag in de vacature vermeld staan. De vacature krijgt dezelfde behandeling als een vacature voor een zelfstandige functie. Dwz uitsluitend publicatie zonder toeleidingsacties. \n\n Categorie: Servicelijn \n\n Domein: specifieke werkgever \n\n Tags: vlaamse overheid, ago, agentschap overheidspersoneel, voi \n\n Url: https://intranet-rel1ldv.ops.vdab.be/faq/servicelijn/vacatures-vlaamse-overheid-praktische-info \n\n Volgende paginas: Vacatures Vlaamse Overheid - Algemene info, via https://intranet-rel1ldv.ops.vdab.be/faq/servicelijn/vacatures-vlaamse-overheid-algemene-info - hier, via https://intranet-rel1ldv.ops.vdab.be/faq/servicelijn/vacatures-voor-flexi-jobs - Procedure Mijn VDAB-aanvraag voor een entiteit van de Vlaamse Overheid, via https://intranet-rel1ldv.ops.vdab.be/faq/servicelijn/behandeling-mijn-vdab-aanvraag-voor-een-entiteit-van-de-vlaamse-overheid \n\n Type: intranet", "document_translation": "Vacancies Flemish Government - Practical info \n\n Practical guidelines and information for Service line consultants about vacancies for the Flemish Government \n\n Question for the VDAB counselor: Intake vacancy?? \n Answer or Action: Receive a vacancy directly from the entity? Procedure Service line Enter the vacancy on the IKP of the entity ALWAYS choose the specific template for the Flemish Government Unless no Flemish Government-Subdatabase-SA Unless the wg explicitly requests the template not to be used for this vacancy Vacancy received via AgO? Procedure Service line Enter the vacancy on the IKP of AgO (IKP 335/179) Choose the specific template for the Flemish Government Under the option \"client\", write down the details of the entity (no mandatory fields, but the more data... the better.) Check the option 'Show this client on vacancy' \n\n Question for the VDAB counselor: Extra points of attention when entering a vacancy Flemish Government Procedure Service Line Add the selection regulations as an attachment to \"? \n Answer or Action: File\" under the job description Add the application form as an attachment to \"application via\" and the option \"Form\" At the end date of publication, also enter the end date of application. Do not check competencies. Check off checked competencies by default, based on requested experience. Do not check mediation (own management employer) Note in the follow-up: \"Vacancy Flemish Government with only publication, specific treatment. Vacancy may be closed on XX-XX-XXXX\" (= 1 day after the end date of publication). In the follow-up, also check the option \"Set a date for the next follow-up\" and choose the publication end date under \"next follow-up\" as the date. Below that, change the \"Consultant\" to the dispatcher (OE see dispatcher list) \n\n Question for the VDAB counselor: An entity does not have a cooperation agreement for the Flemish Government (Vl.O.)?? \n Answer or Action: Procedure Service line Post the vacancy via the regular template.    Background information The vacancy will only appear on the VDAB site, not on the Flemish Government sub-database. An entity itself indicates whether or not they want vacancies on the subdatabases (See also FAQ how can an entity post a vacancy in the subdatabases Vl.O.) \n\n Question for the VDAB counselor: An entity cannot post a vacancy Vl. O. but wishes to do so?? \n Answer or Action: Procedure Service line: Check the active cooperation agreements in Ami (My VDAB and Flemish Government Subdatabank): None My VDAB cooperation agreement? Redirect the entity to the website. Please indicate that they mention \"Flemish Government\" on the application.   No cooperation agreement Flemish Government Subdatabase? Send an email to Ellen Haak. Use as subject \"Ask for recognition subdatabase Flemish Government\". Mention in your mail: The name and the IKP number. of the entity. That the entity has an ordinary My VDAB cooperation agreement but not yet the Flemish Government cooperation agreement to publish the vacancy on the sub-database. The question whether Ellen can do the necessary if she can link it to the Flemish Government sub-database. Inform the entity that the application, for the publication of vacancies on the website for the Flemish Government, has been forwarded to the Public Personnel Agency and they will do the necessary further. Please indicate that this may take some time and we can publish the vacancy on the regular website if desired. \n\n Question for the VDAB counselor: FAQ: What to do if an entity requests its company number?? \n Answer or Action: Procedure Service line Provide the IKP number Background information The entity needs this for its recognition with AgO. However, they do not know the name \"IKP\", this is VDAB jargon. \n\n Question for the VDAB counselor: FAQ: Mediation possible?? \n Answer or Action: Yes 1. If the question itself comes from the entity (so we do not designate it by default) 2. AND the vacancy on the entity itself is (not on AgO) 2. AND if the place of employment is in Flanders or the entity is established in Flanders (community competences of VDAB through mediation) 3. AND if it is an external vacancy Procedure Service line Deviation from the general procedure intake: Check mediation (Management - Services). Do not change the management of the vacancy. Mention in the follow-up that it concerns a vacancy of the Flemish Government, with (!!) mediation. Still mention the application end date in the follow-up. \n\n Question for the VDAB counselor: When to designate internally or externally?? \n Answer or Action: This is always indicated in the vacancy. It's not listed? Procedure Service line Contact the entity (or AgO if the vacancy is received via Ago) \n\n Question for the VDAB counselor: Is it possible to change an internal vacancy to an external one or vice versa?? \n Answer or Action: Yes, it is possible to create an internal vacancy externally.  Background information The Flemish government institutions can first opt for an internal distribution/recruitment for x number of vacancies. If there are no candidates, one can still decide to recruit externally. Reverse (from external to internal) is not possible. \n\n Question for the VDAB counselor: Ask to publish a vacancy both internally and externally?? \n Answer or Action: No, that is not possible 2x publishing the same vacancy is not an option. It is the same vacancy.  Procedure Service line If the vacancy is open to the public and to employees of the Flemish Government, we only publish externally. \n\n Question for the VDAB counselor: Local authorities and provinces also want vacancies on the Vl.O. sub-databases? Procedure? \n Answer or Action: Serviceline Send an email to Ellen Haak (see: Procedure My VDAB application for an entity of the Flemish Government) Please mention in your e-mail that it concerns a local government or a province. \n\n Question for the VDAB counselor: Receive a vacancy from a local government or from a province?? \n Answer or Action: There are no specific points of attention for this. The entry is according to the regular vacancy operation. \n\n Question for the VDAB counselor: I can't find the right entity in Mastervac?? \n Answer or Action: The entities are listed in Mastervac in abbreviated form. Click here for an overview of entities and their abbreviations in Mvac.  Entity is not listed?  Service Line Procedure: Forward to Knowledge Management for further investigation. Write down the IKP number and the company number in the mail. \n\n Question for the VDAB counselor: Can an entity designate VDAB services in Mastervac for internal or external vacancies?? \n Answer or Action: No, an entity cannot itself designate a VDAB service in Mastervac. \n\n Question for the VDAB counselor: Can a consultant appoint VDAB services for internal vacancies?? \n Answer or Action: No, the services are greyed out by default in Mastervac for internal vacancies at the Vl.O. \n\n Question for the VDAB counselor: Can a consultant for external vacancies designate VDAB services?? \n Answer or Action: Yes, a consultant can designate VDAB services in Mastervac. These services can be requested by the entity itself (not Ago), if the vacancy is also on the entity (not Ago). \n\n Question for the VDAB counselor: Does Service line designate standard services for external vacancies?? \n Answer or Action: No. The Service Line does not designate standard services for external vacancies for the Vl.O. When will it be? Only at the specific request of the entity itself, if the vacancy is also on the entity (not on AgO). \n\n Question for the VDAB counselor: Are the vacancies Vl.O. join the AM?? \n Answer or Action: No. Vacancies for the Vl.O. don't go along in the AM. \n\n Question for the VDAB counselor: Contact details Agency? \n Answer or Action: Public Employees Ellen Haak, ellen.haak@vlaanderen.be Address AgO: Agentschap Overheids personeel Dienstencentrum Talent - Dienst Rerecruitment en Selectie Boudewijnlaan 30 box 42 1000 Brussels www.bestuurszaken.be/agentschap-overheidspersoneel \n\n Question for the VDAB counselor: BUG: Flexijob as a type of contract?? \n Answer or Action: Not allowed for a vacancy of the Flemish Government. However, the option is in the list of \"Type of contract\". This is a bug.  Solution? Provisionally unknown (dated 03-05-2016) More info about Flexijobs? Click here. \n\n Question for the VDAB counselor: Vacancy Flemish Government with recruitment reserve?? \n Answer or Action: Service Line Procedure Contact the entity's contact person.  Ask what contract the candidate will receive from the site reserve afterwards. E.g. permanent contract, statutory recruitment, temporary contract Write down in the vacancy: Job title Write down 'Recruitment reserve' + job title eg. Site reserve file manager Offer and benefits Note that it concerns a construction of a site reserve, followed by a permanent job, statutory position at the time of recruitment, etc. (Depending on the feedback from the contact person.) Type of contract Contract according to the feedback of the contact person. E.g. contract of indefinite duration, statutory status, etc. Type of contract still unclear? Put this info under 'offer and benefits'. Choose the type of contract that is most likely. Background information In the template for vacancies of the Flemish Government, there is no option 'site reserve' under 'type of contract'. \n\n Question for the VDAB counselor: FAQ: Can vacancies be reserved for your own staff?? \n Answer or Action: YES But only vacancies for promotions within the level (e.g. from C1 to C2) and vacancies for horizontal mobility may be reserved for own staff within an entity. The vacancies still have to be published on the internal database of the Flemish government. \n\n Question for the VDAB counselor: FAQ: Vacancy or change vacancy does not appear on website Flemish Government?? \n Answer or Action: There is a problem with the flow of vacancies and/or changes of vacancies to the website of the Flemish Government. Procedure Service Line Forward the case to BO for further investigation. BO forwards, if necessary, to openservices@vdab.be ] \n\n Question for the VDAB counselor: Employer chose wrong template and vacancy is not in subdatabase?? \n Answer or Action: For the Flemish government, employers work with Vlimpers Cornestone and this should be done automatically.  If there is a problem, refer the employer to ellen.haak@vlaanderen.be Background info There are too many technical issues involved, making it difficult to offer support yourself. Furthermore, we certainly want to avoid double vacancies. \n\n Question for the VDAB counselor: Vacancies with concession contract? \n Answer or Action: What? A concession contract or agreement is a type of permit by which the government gives permission to carry out a certain activity. For example, a municipality can grant a concession to a private operator of a cafeteria at the municipal swimming pool. The award of a concession is subject to prior public notice. A concessionaire undertakes to carry out the activity at his own expense and obtains the monopoly (exclusive right). A concession is usually accompanied by the payment of a price or a fee. VDAB posts government vacancies with concession contracts. How? 1. Entry of the vacancy is with an independent status. 2. The financial condition may be mentioned in the vacancy. The vacancy receives the same treatment as a vacancy for an independent position. I.e. only publication without guidance actions. \n\n Category: Service line \n\n Domain: specific employer \n\n Tags: ago, flemish government, agency government employees, voi \n\n Url: https://intranet-rel1ldv.ops.vdab.be/faq/servicelijn/vacatures-vlaamse-overheid-praktische-info \n\n Next pages: Vacatures Vlaamse Overheid - Algemene info, via https://intranet-rel1ldv.ops.vdab.be/faq/servicelijn/vacatures-vlaamse-overheid-algemene-info - hier, via https://intranet-rel1ldv.ops.vdab.be/faq/servicelijn/vacatures-voor-flexi-jobs - Procedure Mijn VDAB-aanvraag voor een entiteit van de Vlaamse Overheid, via https://intranet-rel1ldv.ops.vdab.be/faq/servicelijn/behandeling-mijn-vdab-aanvraag-voor-een-entiteit-van-de-vlaamse-overheid \n\n Type: intranet"}