{"title": "SIRA project", "type": "intranet", "field_trefwoorden_name": ["opleiding"], "domain_name": ["cluster industrie"], "category_name": "Servicelijn", "field_faq_summary": "Hier vind je meer info over SIRA projecten.", "url": "https://intranet-rel1ldv.ops.vdab.be/faq/servicelijn/sira-project", "content": [["Rol van de Servicelijn", "Procedure Servicelijn Geef uitleg over de opleiding wanneer klanten er om vragen. Verwijs door naar de website www.sira-opleiding.be . Noteer in een Notitie dat de klant in september start met de SIRA opleiding. Wijzig de categorie wz niet en laat de opdrachten in het dossier staan. Zodra de klant start met de opleiding, past de regionale collega het dossier aan."], ["Wat is de doelgroep?", "Het project richt zich tot jongeren die op het moment van de aanwerving minstens 18 jaar maar nog geen 26 jaar zijn technische interesse hebben bij aanvang van de opleiding werkzoekend zijn bereid zijn in ploegendienst te werken slagen in de selectieproeven over geen diploma beschikken waarmee ze rechtstreeks zouden beantwoorden aan de diplomavereisten voor de functie van productie-arbeider."], ["Waar kan een jongere zich kandidaat stellen voor het project?", "De jongere kan zich kandidaat stellen voor het SIRA traject kan via de website www.sira-opleiding.be . Daar kan je ook alle verdere informatie en voorwaarden om te starten als SIRA student terugvinden."], ["Hoe moet de jongere ingeschreven zijn?", "Een jongere ingeschreven als cat. 02, zet VDAB op cat. 82. cat. 00, zet VDAB op cat. 80. cat. 03, zet VDAB op cat. 93. De controle en/of aanpassing van de dossiers van de jongeren wordt steeds in Antwerpen zelf gedaan door de klantenconsulent of medewerker van de Talentenfabriek. Dispatch is niet nodig, de regionale bemiddelaar neemt de klant op dit moment in begeleiding."], ["Wat is het SIRA project?", "Het SIRA project is een opleiding voor jongeren tussen 18 en 25 jaar zonder een diploma hoger onderwijs, TSO chemie of TSO elektromechanica. Zij krijgen naast een doorgedreven technische opleiding ook de kans om een jaar praktische kennis op te doen binnen een chemisch bedrijf. SIRA is ook een tewerkstelling. Er is een Dimona-aangifte van de werkgever die zorgt voor een uitschrijving cat. 78. Dit is een initiatief van de vzw Scheikundige Industrie Regio Antwerpen (SIRA) in samenwerking met de sociale gesprekspartners (ABVV, BBTK, ACV, LBC-NVK)."], ["Wat is het opleidingsprogramma?", "Het opleidingsprogramma bestaat uit theoretische opleiding:  2 dagen per week, op maandag & dinsdag. Dit wordt gegeven in schoolverband.   bedrijfspraktijk:  3 dagen per week, op woensdag, donderdag & vrijdag. De praktische opleiding gebeurt door het uitvoeren van opdrachten en het uitoefenen van werkzaamheden in een productie-eenheid."], ["Wat is de duur van de opleiding?", "De opleiding duurt 1 schooljaar, van september tot juni."], ["Heeft de SIRA student kosten aan de opleiding?", "Nee De bedrijven betalen het inschrijvingsgeld, boeken, materiaal, werkkledij, enz. De bedrijven verwachten inzet en motivatie en een goede leerinhoud van de SIRA student. De SIRA student wordt betaald voor de 3 stagedagen/week."], ["Waar kan je terecht met vragen?", "Margo Carvers, coordinator SIRA bij Talentenfabriek info@sira-opleiding.be 03 202 14 34"]], "title_translation": "SIRA project", "field_trefwoorden_name_translation": ["education"], "domain_name_translation": ["cluster industry"], "category_name_translation": "Service line", "field_faq_summary_translation": "Here you will find more information about SIRA projects.", "content_translation": [["Role of the Service Line", "Procedure Service line Explain the training when customers request it. Redirect to website www.sira-opleiding.be . Note in a Note that the customer will start the SIRA training in September. Do not change the wz category and leave the commands in the file. As soon as the customer starts the training, the regional colleague adjusts the file."], ["What is the target group?", "The project is aimed at young people who, at the time of recruitment, have at least 18 years of age but not yet 26 years of age, are technically interested at the start of the training, are willing to work in shifts, pass the selection tests, do not have a diploma that would directly meet the qualification requirements for the position of production worker."], ["Where can a young person apply for the project?", "The young person can apply for the SIRA trajectory via the website www.sira-opleiding.be . There you can also find all further information and conditions to start as a SIRA student."], ["How should the young person be registered?", "A young person registered as cat. 02, puts VDAB on cat. 82. Cat. 00, put VDAB on cat. 80. Cat. 03, put VDAB on cat. 93. The checking and/or adjustment of the files of the young people is always done in Antwerp itself by the customer consultant or employee of the Talent Factory. Dispatch is not necessary, the regional mediator is currently guiding the customer."], ["What is the SIRA project?", "The SIRA project is a training for young people between 18 and 25 years old without a higher education diploma, TSO chemistry or TSO electromechanics. In addition to a thorough technical education, they also get the opportunity to gain practical knowledge within a chemical company for a year. SIRA is also an employment. There is a Dimona declaration from the employer that provides a deregistration cat. 78. This is an initiative of the non-profit organisation Chemical Industry Region Antwerp (SIRA) in collaboration with the social interlocutors (ABVV, BBTK, ACV, LBC-NVK)."], ["What is the training program?", "The training program consists of theoretical training: 2 days a week, on Monday & Tuesday. This is given in a school context.   Business practice: 3 days a week, on Wednesday, Thursday & Friday. The practical training takes place by carrying out assignments and performing work in a production unit."], ["What is the duration of the training?", "The training lasts 1 school year, from September to June."], ["Does the SIRA student have costs for the course? No The companies", "pay the registration fee, books, material, work clothes, etc. The companies expect commitment and motivation and good learning content from the SIRA student. The SIRA student is paid for the 3 internship days/week."], ["Where can you go with questions?", "Margo Carvers, coordinator SIRA at Talentenfabriek info@sira-opleiding.be 03 202 14 34"]], "document": "SIRA project \n\n Hier vind je meer info over SIRA projecten. \n\n Vraag aan de VDAB consulent: Rol van de Servicelijn? \n Antwoord of Actie: Procedure Servicelijn Geef uitleg over de opleiding wanneer klanten er om vragen. Verwijs door naar de website www.sira-opleiding.be . Noteer in een Notitie dat de klant in september start met de SIRA opleiding. Wijzig de categorie wz niet en laat de opdrachten in het dossier staan. Zodra de klant start met de opleiding, past de regionale collega het dossier aan. \n\n Vraag aan de VDAB consulent: Wat is de doelgroep?? \n Antwoord of Actie: Het project richt zich tot jongeren die op het moment van de aanwerving minstens 18 jaar maar nog geen 26 jaar zijn technische interesse hebben bij aanvang van de opleiding werkzoekend zijn bereid zijn in ploegendienst te werken slagen in de selectieproeven over geen diploma beschikken waarmee ze rechtstreeks zouden beantwoorden aan de diplomavereisten voor de functie van productie-arbeider. \n\n Vraag aan de VDAB consulent: Waar kan een jongere zich kandidaat stellen voor het project?? \n Antwoord of Actie: De jongere kan zich kandidaat stellen voor het SIRA traject kan via de website www.sira-opleiding.be . Daar kan je ook alle verdere informatie en voorwaarden om te starten als SIRA student terugvinden. \n\n Vraag aan de VDAB consulent: Hoe moet de jongere ingeschreven zijn?? \n Antwoord of Actie: Een jongere ingeschreven als cat. 02, zet VDAB op cat. 82. cat. 00, zet VDAB op cat. 80. cat. 03, zet VDAB op cat. 93. De controle en/of aanpassing van de dossiers van de jongeren wordt steeds in Antwerpen zelf gedaan door de klantenconsulent of medewerker van de Talentenfabriek. Dispatch is niet nodig, de regionale bemiddelaar neemt de klant op dit moment in begeleiding. \n\n Vraag aan de VDAB consulent: Wat is het SIRA project?? \n Antwoord of Actie: Het SIRA project is een opleiding voor jongeren tussen 18 en 25 jaar zonder een diploma hoger onderwijs, TSO chemie of TSO elektromechanica. Zij krijgen naast een doorgedreven technische opleiding ook de kans om een jaar praktische kennis op te doen binnen een chemisch bedrijf. SIRA is ook een tewerkstelling. Er is een Dimona-aangifte van de werkgever die zorgt voor een uitschrijving cat. 78. Dit is een initiatief van de vzw Scheikundige Industrie Regio Antwerpen (SIRA) in samenwerking met de sociale gesprekspartners (ABVV, BBTK, ACV, LBC-NVK). \n\n Vraag aan de VDAB consulent: Wat is het opleidingsprogramma?? \n Antwoord of Actie: Het opleidingsprogramma bestaat uit theoretische opleiding:  2 dagen per week, op maandag & dinsdag. Dit wordt gegeven in schoolverband.   bedrijfspraktijk:  3 dagen per week, op woensdag, donderdag & vrijdag. De praktische opleiding gebeurt door het uitvoeren van opdrachten en het uitoefenen van werkzaamheden in een productie-eenheid. \n\n Vraag aan de VDAB consulent: Wat is de duur van de opleiding?? \n Antwoord of Actie: De opleiding duurt 1 schooljaar, van september tot juni. \n\n Vraag aan de VDAB consulent: Heeft de SIRA student kosten aan de opleiding?? \n Antwoord of Actie: Nee De bedrijven betalen het inschrijvingsgeld, boeken, materiaal, werkkledij, enz. De bedrijven verwachten inzet en motivatie en een goede leerinhoud van de SIRA student. De SIRA student wordt betaald voor de 3 stagedagen/week. \n\n Vraag aan de VDAB consulent: Waar kan je terecht met vragen?? \n Antwoord of Actie: Margo Carvers, coordinator SIRA bij Talentenfabriek info@sira-opleiding.be 03 202 14 34 \n\n Categorie: Servicelijn \n\n Domein: cluster industrie \n\n Tags: opleiding \n\n Url: https://intranet-rel1ldv.ops.vdab.be/faq/servicelijn/sira-project \n\n Type: intranet", "document_translation": "SIRA project \n\n Here you will find more information about SIRA projects. \n\n Question for the VDAB counselor: Role of the Service Line? \n Answer or Action: Procedure Service line Explain the training when customers request it. Redirect to website www.sira-opleiding.be . Note in a Note that the customer will start the SIRA training in September. Do not change the wz category and leave the commands in the file. As soon as the customer starts the training, the regional colleague adjusts the file. \n\n Question for the VDAB counselor: What is the target group?? \n Answer or Action: The project is aimed at young people who, at the time of recruitment, have at least 18 years of age but not yet 26 years of age, are technically interested at the start of the training, are willing to work in shifts, pass the selection tests, do not have a diploma that would directly meet the qualification requirements for the position of production worker. \n\n Question for the VDAB counselor: Where can a young person apply for the project?? \n Answer or Action: The young person can apply for the SIRA trajectory via the website www.sira-opleiding.be . There you can also find all further information and conditions to start as a SIRA student. \n\n Question for the VDAB counselor: How should the young person be registered?? \n Answer or Action: A young person registered as cat. 02, puts VDAB on cat. 82. Cat. 00, put VDAB on cat. 80. Cat. 03, put VDAB on cat. 93. The checking and/or adjustment of the files of the young people is always done in Antwerp itself by the customer consultant or employee of the Talent Factory. Dispatch is not necessary, the regional mediator is currently guiding the customer. \n\n Question for the VDAB counselor: What is the SIRA project?? \n Answer or Action: The SIRA project is a training for young people between 18 and 25 years old without a higher education diploma, TSO chemistry or TSO electromechanics. In addition to a thorough technical education, they also get the opportunity to gain practical knowledge within a chemical company for a year. SIRA is also an employment. There is a Dimona declaration from the employer that provides a deregistration cat. 78. This is an initiative of the non-profit organisation Chemical Industry Region Antwerp (SIRA) in collaboration with the social interlocutors (ABVV, BBTK, ACV, LBC-NVK). \n\n Question for the VDAB counselor: What is the training program?? \n Answer or Action: The training program consists of theoretical training: 2 days a week, on Monday & Tuesday. This is given in a school context.   Business practice: 3 days a week, on Wednesday, Thursday & Friday. The practical training takes place by carrying out assignments and performing work in a production unit. \n\n Question for the VDAB counselor: What is the duration of the training?? \n Answer or Action: The training lasts 1 school year, from September to June. \n\n Question for the VDAB counselor: Does the SIRA student have costs for the course? No The companies? \n Answer or Action: pay the registration fee, books, material, work clothes, etc. The companies expect commitment and motivation and good learning content from the SIRA student. The SIRA student is paid for the 3 internship days/week. \n\n Question for the VDAB counselor: Where can you go with questions?? \n Answer or Action: Margo Carvers, coordinator SIRA at Talentenfabriek info@sira-opleiding.be 03 202 14 34 \n\n Category: Service line \n\n Domain: cluster industry \n\n Tags: education \n\n Url: https://intranet-rel1ldv.ops.vdab.be/faq/servicelijn/sira-project \n\n Type: intranet"}