{"title": "Externe standaardmails - kwaliteitsrichtlijn", "type": "intranet", "field_trefwoorden_name": ["standaardmails"], "domain_name": ["standaardmails"], "category_name": "Servicelijn", "field_faq_summary": "Standaardmails vacaturewerking", "url": "https://intranet-rel1ldv.ops.vdab.be/faq/servicelijn/externe-standaardmails-kwaliteitsrichtlijn", "content": [["Geen echte vacature - stage (niet voor VDAB)", "Beste [VOORNAAM]   VDAB kan je vacature helaas niet publiceren omdat wij niet de geschikte dienst zijn om jou te helpen. Onze databank bevat enkel vacatures voor betaalde jobs, geen stages.   Waar kan ik mijn stageplaats wel publiceren? Via de website van je beroepsorganisatie Via andere jobsites (vb: Indeed ) Neem contact op met hogescholen en universiteiten uit je buurt. Zij hebben misschien studenten die op zoek zijn naar een stageplaats. We hopen dat je langs deze weg een goede kandidaat vindt.   Nog vragen? Welke vacatures publiceert VDAB? Antwoord op deze mail of bel ons.   Met vriendelijke groeten   VDAB   Als klant van VDAB verwacht je de beste dienstverlening. Toch kan het ook eens fout gaan. Heb je een klacht of een probleem? Meer info over de werking van VDAB en onze privacyvoorschriften vind je in onze disclaimer ."], ["Geen echte vacature - vastgoed", "Beste [VOORNAAM]   VDAB kan je vacature niet publiceren omdat wij niet de geschikte dienst zijn om jou te helpen. Onze databank bevat enkel vacatures voor bepaalde functies, niet voor openstaande praktijkruimtes. Om het juiste doelpubliek te bereiken voor jouw aanbod, neem je best contact op met een immobilienkantoor.   Nog vragen? Welke vacatures publiceert VDAB? Antwoord op deze mail of bel ons.   Met vriendelijke groeten   VDAB   Als klant van VDAB verwacht je de beste dienstverlening. Toch kan het ook eens fout gaan. Heb je een klacht of een probleem? Meer info over de werking van VDAB en onze privacyvoorschriften vind je in onze disclaimer ."], ["Geen echte vacature - vrijwilligerswerk", "Beste [VOORNAAM]   VDAB kan je vacature niet publiceren omdat wij niet de geschikte dienst zijn om jou te helpen. Onze databank bevat enkel vacatures voor betaalde jobs, geen vrijwilligerswerk. Om vrijwilligers te bereiken voor jouw aanbod surf je naar vrijwilligerswerk.be waar je je organisatie kan laten registreren .   Nog vragen? Welke vacatures publiceert VDAB? Antwoord op deze mail of bel ons.   Met vriendelijke groeten   VDAB     Als klant van VDAB verwacht je de beste dienstverlening. Toch kan het ook eens fout gaan. Heb je een klacht of een probleem? Meer info over de werking van VDAB en onze privacyvoorschriften vind je in onze disclaimer ."], ["Kwaliteitsrichtlijnen - specifieke linken", "Zie:  FAQ's over kwaliteitsrichtlijnen"], ["Piramideverkoop", "Beste [VOORNAAM] Vanwege het zorgvuldigheidsbeginsel heeft VDAB je vacature voorlopig offline gehaald [OF] kan VDAB je vacature voorlopig niet plaatsen. Want we vermoeden dat het hier gaat om piramideverkoop.  In de wettelijke definitie staat dat wie piramideverkoop mee promoot, ook strafbaar is. Als VDAB vacatures toelaat die over piramideverkoop kunnen gaan, bestaat de kans dat we piramideverkoop mee promoten. Dat risico neemt VDAB niet.  Wat nu? Met deze vragen we je meer informatie te geven, zodanig dat we overtuigd zijn dat het hier niet over piramideverkoop gaat. Stuur deze informatie via mail naar linda.bonne@vdab.be . .  Meer info Welke vacatures publiceert VDAB?   Met vriendelijke groeten   VDAB       Als klant van VDAB verwacht je de beste dienstverlening. Toch kan het ook eens fout gaan. Heb je een klacht of een probleem? Meer info over de werking van VDAB en onze privacyvoorschriften vind je in onze disclaimer .        "], ["Vacature afsluiten en opnieuw publiceren", "Beste [VOORNAAM]   Je vacature voor [FUNCTIETITEL] (vacaturenummer XXX) werd afgesloten en direct hierna opnieuw werd gepubliceerd. Heb je een kandidaat aangeworven?   Ja, ik wierf iemand aan Dan mag je dit verdere bericht negeren.  Wens je hulp bij de zoektocht naar je volgende kandidaat? Maak gebruik van onze dienstverlening .   Nee, ik wierf niemand aan Volgens onze kwaliteitsrichtlijn mag je geen vacature afsluiten zonder aanwerving en daarna onmiddellijk een identieke vacature publiceren. Zo blijft onze databank overzichtelijk voor wie zoekt naar werk. Uiteraard wil je dat geschikte kandidaten je vacature gemakkelijk vinden. Dit krijg je vooral door alle velden van je vacature in te vullen, met in het bijzonder: plaats tewerkstelling, soort job, werkervaring, studies en beroepsprofiel (competentiesjabloon). Ontdek onze tips voor een goede vacature.    Waarom dit bericht? Als je je vacature publiceert op vdab.be, verklaar je dat je akkoord gaat met onze kwaliteitsrichtlijnen . Doe je dit niet, dan kan VDAB maatregelen nemen.   Nog vragen? Antwoord op deze mail of bel ons.   Met vriendelijke groeten   VDAB     Als klant van VDAB verwacht je de beste dienstverlening. Toch kan het ook eens fout gaan. Heb je een klacht of een probleem? Meer info over de werking van VDAB en onze privacyvoorschriften vind je in onze disclaimer ."], ["Vacature voldoet niet", "Beste [VOORNAAM]   In je vacature staat: \"[VUL AAN]\".  Volgens onze kwaliteitsrichtlijnen mag je [VUL AAN MET DE KWALITEITSRICHTLIJN ]. [VOEG LINK TOE NAAR SPECIFIEKE KWALITEITSRICHTLIJN ] Daarom hebben we je vacature offline gehaald.    Wat nu? Pas je vacature aan volgens de richtlijnen. Dit kan je zelf via Mijn VDAB . Zet je vacature opnieuw online.   Waarom dit bericht? Als je je vacature publiceert op vdab.be, verklaar je dat je akkoord gaat met onze kwaliteitsrichtlijnen . Doe je dit niet, dan kan VDAB maatregelen nemen.   Nog vragen? Antwoord op deze mail of bel ons.   Met vriendelijke groeten   VDAB     Als klant van VDAB verwacht je de beste dienstverlening. Toch kan het ook eens fout gaan. Heb je een klacht of een probleem? Meer info over de werking van VDAB en onze privacyvoorschriften vind je in onze disclaimer ."]], "title_translation": "External standard emails - quality guideline", "field_trefwoorden_name_translation": ["standard emails"], "domain_name_translation": ["standard emails"], "category_name_translation": "Service line", "field_faq_summary_translation": "Standard e-mails for vacancies", "content_translation": [["No real vacancy - internship (not for VDAB)", "Dear [FIRST NAME] Unfortunately, VDAB cannot publish your vacancy because we are not the right service to help you. Our database only contains vacancies for paid jobs, not internships.   Where can I publish my internship? Via the website of your professional organization Via other job boards (eg: Indeed ) Contact colleges and universities in your area. They may have students looking for an internship. We hope you find a good candidate this way.   Any questions? Which vacancies does VDAB publish? Reply to this email or call us.   With kind regards VDAB As a customer of VDAB you expect the best service. However, things can also go wrong. Do you have a complaint or a problem? More information about the operation of VDAB and our privacy regulations can be found in our disclaimer."], ["No real vacancy - real estate", "Dear [FIRST NAME] VDAB cannot publish your vacancy because we are not the right service to help you. Our database only contains vacancies for certain positions, not for open practice spaces. To reach the right target audience for your offer, it is best to contact a real estate agency.   Any questions? Which vacancies does VDAB publish? Reply to this email or call us.   With kind regards VDAB As a customer of VDAB you expect the best service. However, things can also go wrong. Do you have a complaint or a problem? More information about the operation of VDAB and our privacy regulations can be found in our disclaimer."], ["No real vacancy - volunteering", "Dear [FIRST NAME] VDAB cannot publish your vacancy because we are not the right service to help you. Our database only contains vacancies for paid jobs, not volunteer work. To reach volunteers for your offer, surf to vrijwilligerswerk.be where you can register your organization.   Any questions? Which vacancies does VDAB publish? Reply to this email or call us.   With kind regards VDAB As a customer of VDAB you expect the best service. However, things can also go wrong. Do you have a complaint or a problem? More information about the operation of VDAB and our privacy regulations can be found in our disclaimer."], ["Quality guidelines - specific links", "See: FAQs about quality guidelines"], ["Pyramid sale", "Best [FIRST NAME] Due to the principle of due diligence, VDAB has taken your vacancy offline for the time being [OR] VDAB cannot post your vacancy for the time being. Because we suspect that this is about pyramid sales.  The legal definition states that anyone who promotes pyramid sales is also punishable. If VDAB allows vacancies that can be about pyramid sales, there is a chance that we will help promote pyramid sales. VDAB does not take that risk.  What's next? With this we ask you to give more information, so that we are convinced that this is not about pyramid sales. Send this information by mail to linda.bonne@vdab.be. .  More info Which vacancies does VDAB publish?   With kind regards VDAB As a customer of VDAB you expect the best service. However, things can also go wrong. Do you have a complaint or a problem? More information about the operation of VDAB and our privacy regulations can be found in our disclaimer."], ["Close and republish vacancy", "Dear [FIRST NAME] Your vacancy for [JOB TITLE] (vacancy number XXX) was closed and republished immediately afterwards. Have you recruited a candidate?   Yes, I recruited someone Then you may ignore this further message.  Would you like help in the search for your next candidate? Make use of our services.   No, I didn't hire anyone According to our quality guideline, you can't close a vacancy without hiring and then immediately publish an identical vacancy. This keeps our database clear for those looking for work. Of course you want suitable candidates to find your vacancy easily. You get this mainly by filling in all the fields of your vacancy, with in particular: place of employment, type of job, work experience, studies and professional profile (competence template). Discover our tips for a good vacancy.    Why this post? If you publish your vacancy on vdab.be, you declare that you agree with our quality guidelines. If you do not do this, VDAB can take measures.   Any questions? Reply to this email or call us.   With kind regards VDAB As a customer of VDAB you expect the best service. However, things can also go wrong. Do you have a complaint or a problem? More information about the operation of VDAB and our privacy regulations can be found in our disclaimer."], ["Vacancy does not meet", "Best [FIRST NAME] Your vacancy will say: \"[COMPLETE]\".  According to our quality guidelines, you may [SUPPLEMENT WITH THE QUALITY GUIDELINE ]. [ADD LINK TO SPECIFIC QUALITY GUIDELINE ] That is why we have taken your vacancy offline.    What's next? Adjust your vacancy according to the guidelines. You can do this yourself via My VDAB. Put your vacancy online again.   Why this post? If you publish your vacancy on vdab.be, you declare that you agree with our quality guidelines. If you do not do this, VDAB can take measures.   Any questions? Reply to this email or call us.   With kind regards VDAB As a customer of VDAB you expect the best service. However, things can also go wrong. Do you have a complaint or a problem? More information about the operation of VDAB and our privacy regulations can be found in our disclaimer."]], "document": "Externe standaardmails - kwaliteitsrichtlijn \n\n Standaardmails vacaturewerking \n\n Vraag aan de VDAB consulent: Geen echte vacature - stage (niet voor VDAB)? \n Antwoord of Actie: Beste [VOORNAAM]   VDAB kan je vacature helaas niet publiceren omdat wij niet de geschikte dienst zijn om jou te helpen. Onze databank bevat enkel vacatures voor betaalde jobs, geen stages.   Waar kan ik mijn stageplaats wel publiceren? Via de website van je beroepsorganisatie Via andere jobsites (vb: Indeed ) Neem contact op met hogescholen en universiteiten uit je buurt. Zij hebben misschien studenten die op zoek zijn naar een stageplaats. We hopen dat je langs deze weg een goede kandidaat vindt.   Nog vragen? Welke vacatures publiceert VDAB? Antwoord op deze mail of bel ons.   Met vriendelijke groeten   VDAB   Als klant van VDAB verwacht je de beste dienstverlening. Toch kan het ook eens fout gaan. Heb je een klacht of een probleem? Meer info over de werking van VDAB en onze privacyvoorschriften vind je in onze disclaimer . \n\n Vraag aan de VDAB consulent: Geen echte vacature - vastgoed? \n Antwoord of Actie: Beste [VOORNAAM]   VDAB kan je vacature niet publiceren omdat wij niet de geschikte dienst zijn om jou te helpen. Onze databank bevat enkel vacatures voor bepaalde functies, niet voor openstaande praktijkruimtes. Om het juiste doelpubliek te bereiken voor jouw aanbod, neem je best contact op met een immobilienkantoor.   Nog vragen? Welke vacatures publiceert VDAB? Antwoord op deze mail of bel ons.   Met vriendelijke groeten   VDAB   Als klant van VDAB verwacht je de beste dienstverlening. Toch kan het ook eens fout gaan. Heb je een klacht of een probleem? Meer info over de werking van VDAB en onze privacyvoorschriften vind je in onze disclaimer . \n\n Vraag aan de VDAB consulent: Geen echte vacature - vrijwilligerswerk? \n Antwoord of Actie: Beste [VOORNAAM]   VDAB kan je vacature niet publiceren omdat wij niet de geschikte dienst zijn om jou te helpen. Onze databank bevat enkel vacatures voor betaalde jobs, geen vrijwilligerswerk. Om vrijwilligers te bereiken voor jouw aanbod surf je naar vrijwilligerswerk.be waar je je organisatie kan laten registreren .   Nog vragen? Welke vacatures publiceert VDAB? Antwoord op deze mail of bel ons.   Met vriendelijke groeten   VDAB     Als klant van VDAB verwacht je de beste dienstverlening. Toch kan het ook eens fout gaan. Heb je een klacht of een probleem? Meer info over de werking van VDAB en onze privacyvoorschriften vind je in onze disclaimer . \n\n Vraag aan de VDAB consulent: Kwaliteitsrichtlijnen - specifieke linken? \n Antwoord of Actie: Zie:  FAQ's over kwaliteitsrichtlijnen \n\n Vraag aan de VDAB consulent: Piramideverkoop? \n Antwoord of Actie: Beste [VOORNAAM] Vanwege het zorgvuldigheidsbeginsel heeft VDAB je vacature voorlopig offline gehaald [OF] kan VDAB je vacature voorlopig niet plaatsen. Want we vermoeden dat het hier gaat om piramideverkoop.  In de wettelijke definitie staat dat wie piramideverkoop mee promoot, ook strafbaar is. Als VDAB vacatures toelaat die over piramideverkoop kunnen gaan, bestaat de kans dat we piramideverkoop mee promoten. Dat risico neemt VDAB niet.  Wat nu? Met deze vragen we je meer informatie te geven, zodanig dat we overtuigd zijn dat het hier niet over piramideverkoop gaat. Stuur deze informatie via mail naar linda.bonne@vdab.be . .  Meer info Welke vacatures publiceert VDAB?   Met vriendelijke groeten   VDAB       Als klant van VDAB verwacht je de beste dienstverlening. Toch kan het ook eens fout gaan. Heb je een klacht of een probleem? Meer info over de werking van VDAB en onze privacyvoorschriften vind je in onze disclaimer .         \n\n Vraag aan de VDAB consulent: Vacature afsluiten en opnieuw publiceren? \n Antwoord of Actie: Beste [VOORNAAM]   Je vacature voor [FUNCTIETITEL] (vacaturenummer XXX) werd afgesloten en direct hierna opnieuw werd gepubliceerd. Heb je een kandidaat aangeworven?   Ja, ik wierf iemand aan Dan mag je dit verdere bericht negeren.  Wens je hulp bij de zoektocht naar je volgende kandidaat? Maak gebruik van onze dienstverlening .   Nee, ik wierf niemand aan Volgens onze kwaliteitsrichtlijn mag je geen vacature afsluiten zonder aanwerving en daarna onmiddellijk een identieke vacature publiceren. Zo blijft onze databank overzichtelijk voor wie zoekt naar werk. Uiteraard wil je dat geschikte kandidaten je vacature gemakkelijk vinden. Dit krijg je vooral door alle velden van je vacature in te vullen, met in het bijzonder: plaats tewerkstelling, soort job, werkervaring, studies en beroepsprofiel (competentiesjabloon). Ontdek onze tips voor een goede vacature.    Waarom dit bericht? Als je je vacature publiceert op vdab.be, verklaar je dat je akkoord gaat met onze kwaliteitsrichtlijnen . Doe je dit niet, dan kan VDAB maatregelen nemen.   Nog vragen? Antwoord op deze mail of bel ons.   Met vriendelijke groeten   VDAB     Als klant van VDAB verwacht je de beste dienstverlening. Toch kan het ook eens fout gaan. Heb je een klacht of een probleem? Meer info over de werking van VDAB en onze privacyvoorschriften vind je in onze disclaimer . \n\n Vraag aan de VDAB consulent: Vacature voldoet niet? \n Antwoord of Actie: Beste [VOORNAAM]   In je vacature staat: \"[VUL AAN]\".  Volgens onze kwaliteitsrichtlijnen mag je [VUL AAN MET DE KWALITEITSRICHTLIJN ]. [VOEG LINK TOE NAAR SPECIFIEKE KWALITEITSRICHTLIJN ] Daarom hebben we je vacature offline gehaald.    Wat nu? Pas je vacature aan volgens de richtlijnen. Dit kan je zelf via Mijn VDAB . Zet je vacature opnieuw online.   Waarom dit bericht? Als je je vacature publiceert op vdab.be, verklaar je dat je akkoord gaat met onze kwaliteitsrichtlijnen . Doe je dit niet, dan kan VDAB maatregelen nemen.   Nog vragen? Antwoord op deze mail of bel ons.   Met vriendelijke groeten   VDAB     Als klant van VDAB verwacht je de beste dienstverlening. Toch kan het ook eens fout gaan. Heb je een klacht of een probleem? Meer info over de werking van VDAB en onze privacyvoorschriften vind je in onze disclaimer . \n\n Categorie: Servicelijn \n\n Domein: standaardmails \n\n Tags: standaardmails \n\n Url: https://intranet-rel1ldv.ops.vdab.be/faq/servicelijn/externe-standaardmails-kwaliteitsrichtlijn \n\n Type: intranet", "document_translation": "External standard emails - quality guideline \n\n Standard e-mails for vacancies \n\n Question for the VDAB counselor: No real vacancy - internship (not for VDAB)? \n Answer or Action: Dear [FIRST NAME] Unfortunately, VDAB cannot publish your vacancy because we are not the right service to help you. Our database only contains vacancies for paid jobs, not internships.   Where can I publish my internship? Via the website of your professional organization Via other job boards (eg: Indeed ) Contact colleges and universities in your area. They may have students looking for an internship. We hope you find a good candidate this way.   Any questions? Which vacancies does VDAB publish? Reply to this email or call us.   With kind regards VDAB As a customer of VDAB you expect the best service. However, things can also go wrong. Do you have a complaint or a problem? More information about the operation of VDAB and our privacy regulations can be found in our disclaimer. \n\n Question for the VDAB counselor: No real vacancy - real estate? \n Answer or Action: Dear [FIRST NAME] VDAB cannot publish your vacancy because we are not the right service to help you. Our database only contains vacancies for certain positions, not for open practice spaces. To reach the right target audience for your offer, it is best to contact a real estate agency.   Any questions? Which vacancies does VDAB publish? Reply to this email or call us.   With kind regards VDAB As a customer of VDAB you expect the best service. However, things can also go wrong. Do you have a complaint or a problem? More information about the operation of VDAB and our privacy regulations can be found in our disclaimer. \n\n Question for the VDAB counselor: No real vacancy - volunteering? \n Answer or Action: Dear [FIRST NAME] VDAB cannot publish your vacancy because we are not the right service to help you. Our database only contains vacancies for paid jobs, not volunteer work. To reach volunteers for your offer, surf to vrijwilligerswerk.be where you can register your organization.   Any questions? Which vacancies does VDAB publish? Reply to this email or call us.   With kind regards VDAB As a customer of VDAB you expect the best service. However, things can also go wrong. Do you have a complaint or a problem? More information about the operation of VDAB and our privacy regulations can be found in our disclaimer. \n\n Question for the VDAB counselor: Quality guidelines - specific links? \n Answer or Action: See: FAQs about quality guidelines \n\n Question for the VDAB counselor: Pyramid sale? \n Answer or Action: Best [FIRST NAME] Due to the principle of due diligence, VDAB has taken your vacancy offline for the time being [OR] VDAB cannot post your vacancy for the time being. Because we suspect that this is about pyramid sales.  The legal definition states that anyone who promotes pyramid sales is also punishable. If VDAB allows vacancies that can be about pyramid sales, there is a chance that we will help promote pyramid sales. VDAB does not take that risk.  What's next? With this we ask you to give more information, so that we are convinced that this is not about pyramid sales. Send this information by mail to linda.bonne@vdab.be. .  More info Which vacancies does VDAB publish?   With kind regards VDAB As a customer of VDAB you expect the best service. However, things can also go wrong. Do you have a complaint or a problem? More information about the operation of VDAB and our privacy regulations can be found in our disclaimer. \n\n Question for the VDAB counselor: Close and republish vacancy? \n Answer or Action: Dear [FIRST NAME] Your vacancy for [JOB TITLE] (vacancy number XXX) was closed and republished immediately afterwards. Have you recruited a candidate?   Yes, I recruited someone Then you may ignore this further message.  Would you like help in the search for your next candidate? Make use of our services.   No, I didn't hire anyone According to our quality guideline, you can't close a vacancy without hiring and then immediately publish an identical vacancy. This keeps our database clear for those looking for work. Of course you want suitable candidates to find your vacancy easily. You get this mainly by filling in all the fields of your vacancy, with in particular: place of employment, type of job, work experience, studies and professional profile (competence template). Discover our tips for a good vacancy.    Why this post? If you publish your vacancy on vdab.be, you declare that you agree with our quality guidelines. If you do not do this, VDAB can take measures.   Any questions? Reply to this email or call us.   With kind regards VDAB As a customer of VDAB you expect the best service. However, things can also go wrong. Do you have a complaint or a problem? More information about the operation of VDAB and our privacy regulations can be found in our disclaimer. \n\n Question for the VDAB counselor: Vacancy does not meet? \n Answer or Action: Best [FIRST NAME] Your vacancy will say: \"[COMPLETE]\".  According to our quality guidelines, you may [SUPPLEMENT WITH THE QUALITY GUIDELINE ]. [ADD LINK TO SPECIFIC QUALITY GUIDELINE ] That is why we have taken your vacancy offline.    What's next? Adjust your vacancy according to the guidelines. You can do this yourself via My VDAB. Put your vacancy online again.   Why this post? If you publish your vacancy on vdab.be, you declare that you agree with our quality guidelines. If you do not do this, VDAB can take measures.   Any questions? Reply to this email or call us.   With kind regards VDAB As a customer of VDAB you expect the best service. However, things can also go wrong. Do you have a complaint or a problem? More information about the operation of VDAB and our privacy regulations can be found in our disclaimer. \n\n Category: Service line \n\n Domain: standard emails \n\n Tags: standard emails \n\n Url: https://intranet-rel1ldv.ops.vdab.be/faq/servicelijn/externe-standaardmails-kwaliteitsrichtlijn \n\n Type: intranet"}