{"title": "Beroepsinlevingsstage: info over BIS voor werkgevers", "type": "intranet", "domain_name": ["stages"], "category_name": "Servicelijn", "url": "https://intranet-rel1ldv.ops.vdab.be/faq/servicelijn/beroepsinlevingsstage-info-over-bis-voor-werkgevers", "content": [["Wie kan BIS afsluiten", "Elke werkgever gevestigd in het Vlaams of Brussels Hoofdstedelijk Gewest uit de profit- en nonprofitsector (incl. publieke bedrijven)."], ["Welke werkgevers kunnen een BIS afsluiten?", "Dat kan. Het bedrijf moet het opleidingsplan en het contract in het Nederlands opstellen. Beide partijen moeten de inhoud hiervan uiteraard ook begrijpen. Op de werkvloer zelf hoeft geen Nederlands gehanteerd worden. zie BIS - Werkgever is in een ander gewest gevestigd  (intranet) Tip Wil de Brusselse werkgever een Franstalige BIS? Dan kan hij terecht bij Bruxelles Formation voor een CIP (Convention d'Immersion Professionelle)  (website Bruxelles Formation)."], ["BIS in een Brussels bedrijf", "Dat kan niet. Achtergrondinfo Werkplekleervormen van VDAB (BVS, WES, BIS, IBO) kunnen enkel bij wg die gevestigd zijn in Vlaanderen of het Brussels Hoofdstedelijk Gewest. Stage volgen bij een buitenlandse onderneming kan dus niet via VDAB. Werkplekleren is voor een buitenlandse onderneming slechts mogelijk als het bedrijf een officiele vestiging in Vlaanderen of in het Brussels Hoofdstedelijk Gewest heeft."], ["BIS in een buitenlands bedrijf", "zie Hoe vraag ik een BIS aan? op de website. Wg maakt een opleidingsplan. Wg laat het opleidingsplan goedkeuren door VDAB. Wg maakt een BIS-contract op. Wg regelt de praktische zaken voor de start van de BIS. Opgelet De wg volgt een andere procedure voor een BIS korter dan 4 weken ."], ["Aanvragen BIS", "Minstens 3 weken voor de gewenste startdatum moet het opleidingsplan goedgekeurd worden door VDAB. vb. wg vraagt BIS aan op 1/03. De BIS kan starten vanaf 22/03. Achtergrondinfo Tijdens deze 3 weken keurt VDAB niet enkel het opleidingsplan goed maar brengt, indien nodig, ook de vrijstelling voor de wz in orde. VDAB hanteert standaard de verwerkingstijd van 3 weken omdat de wg niet hoeft te weten of de kandidaat uitkering ontvangt (privacy kandidaat) en om discriminatie te vermijden. Een kandidaat zonder uitkering kan sneller starten dan een kandidaat met uitkering omdat die geen vrijstelling nodig heeft."], ["Hoe BIS aanvragen", "Stelt een opleidingsplan  (sjabloon) op en bezorgt dit aan VDAB via het invulformulier  (vdab.be). BO WPL/Tewerkstelling evalueert het plan en keurt het al dan niet goed. Stelt een beroepsinlevingsstagecontract op. Doet een Dimona-aangifte  (intranet). Voor alle lopende BIS contracten waarvan de einddatum na 01/01/2020 valt, moet de werkgever een Dimona OUT (type DWD) moeten doen op 31/12/2019 en een nieuwe verrijkte Dimona (type STG) registreren vanaf 01/01/2020. Regelt het medisch onderzoek (indien verplicht binnen de bedrijfssector). Stelt een stagementor beschikbaar voor de uitvoering van het opleidingsstageplan. Moet een verzekering burgerlijke aansprakelijkheid en een verzekering arbeidsongevallen afsluiten (intranet). Betaalt maandelijks de stagepremie aan de stagiair (het minimumbedrag is wettelijk vastgesteld). Heeft geen aanwervingsplicht na de stage. Kan zelf een kandidaat voorstellen."], ["Wanneer aanvragen?", "Nee De werkgever mag geen vacature plaatsen voor een stageplaats. Hij kan zich via de Servicelijn wel kenbaar maken als stagebedrijf ."], ["Waartoe engageert de wg zich bij een BIS?", "Voor: Een sjabloon voor het opleidingsplan  (drive) - zie databank opleidingsplannen  Opleidingsplan maken  (vdab.be) en  Handleiding opleidingsplan maken  (Word-document) Goedkeuring van het opleidingsplan  (vdab.be) Meer informatie over de wetgeving rond BIS Verwijs de werkgever daarvoor naar de website Veelgestelde vragen beroepsinlevingsstage (BIS) . Het evalueren en al dan niet goedkeuren van het ingediende opleidingsplan + de duur van de opleiding Opgelet Geef duidelijk aan de werkgever mee dat veel BIS-stagiairs niet de dag na de goedkeuring kunnen starten omdat ze nog een vrijstelling bij VDAB moeten aanvragen! Achtergrondinfo Op 01/09/2018 trad het Vlaams Besluit in werking waarin bij wet is vastgelegd dat de maximumduur (met eventuele verlengingen) 6 maanden is. VDAB kan niet tussenkomen in hetgeen tussen de partijen overeengekomen is (bv. wat de partijen hebben afgesproken over het beeindigen van het contract). De overeenkomst wordt gesloten tussen werkgever en stagiair, VDAB kan zich er niet over uitspreken."], ["Plaatst de wg een vacature voor een BIS?", "De wg vult het formulier op de website in en voegt zijn opleidingsplan toe via de knop  Maak een opleidingsplan en laat het goedkeuren  (vdab.be) Een blanco opleidingsplan vindt de wg op de VDAB website - via navigatie: vdab.be > kiezen voor 'werkgevers' > opleidingen > BIS"], ["Rol VDAB", "VDAB streeft ernaar om het opleidingsplan binnen de 5 werkdagen goed te keuren. Deze maken deel uit van de 3 weken verwerkingstijd van de BIS aanvraag. Een snelle goedkeuring van het opleidingsplan verkort de 3 weken verwerkingstijd niet. Procedure Servicelijn Kreeg de werkgever nog geen signaal over de goedkeuring van het opleidingsplan? Verwijs naar de collega's van BO WPL (wpl@vdab.be). Hou er rekening mee dat zij enkel via mail werken."], ["Waarvoor kan de wg bij VDAB terecht?", "Nee VDAB voorziet geen modelovereenkomst voor een BIS-contract omdat VDAB niet betrokken is in het contract. Het is een contract tussen de wg en de stagiair. Wat moet er allemaal in de overeenkomst opgenomen worden? Op de pagina  Onderdelen van een BIS-contract  (vdab.be) vindt de wg zijn basismodaliteiten die in het contract moeten staan. Andere modaliteiten mogen per BIS toegevoegd worden, maar dat beslist VDAB niet."], ["Wg vraagt VDAB om opleidingsplan goed te keuren", "Voor een voltijdse BIS bedraagt de BIS-vergoeding of stagepremie 50% van het GGMMI, ongeacht het gewest waar de BIS doorgaat. In principe is er geen bovengrens. Maar dit kan een invloed de RVA-uitkering van de stagiair . Vanaf 1 september 2022 is een volledige cumulatie met een werkloosheidsuitkering mogelijk, op voorwaarde dat de uitkeringsgerechtigde stagiair een vrijstelling of toelating heeft ontvangen van VDAB, zie  Beroepsinlevingsstage: info over BIS voor kandidaten . Voor een deeltijdse stage herbereken je de vergoeding pro rata de opleidingsbreuk. Procedure Servicelijn Verwijs voor concrete bedragen naar het sociaal secretariaat van de wg de FOD WASO Databank minimumlonen  (werk.belgie.be) Vul \"PC 300\" in De BIS premie is gebaseerd op de categorie '0 maanden ancieniteit' voor 18- tot 20-jarigen. Contactcenter  (werk.belgie.be) Achtergrondinfo Sinds 1 september 2018 staat de BIS ingeschreven in het VDAB-besluit: \"Artikel 111/0/26 (01/09/2018-...): Voor iedere beroepsinlevingsstage betaalt de werkgever een vergoeding die minimaal de helft van het GGMMI bedraagt. Die vergoeding wordt toegepast in verhouding tot de tewerkstellingsbreuk.\""], ["Hoe snel keurt VDAB het opleidingsplan goed?", "Nee. Op de vergoeding wordt wel bedrijfsvoorheffing (BV) ingehouden. Hoeveel de bedrijfsvoorheffing bedraagt, kan de werkgever aan zijn sociaal secretariaat vragen. De uitbetaling van de stagevergoeding gebeurt nl. steeds via (het sociaal secretariaat van) de werkgever. Procedure Servicelijn Verwijs naar het sociaal secretariaat van de werkgever of de FOD Financien. Achtergrondinfo Bedrijfsvoorheffing is een belasting, VDAB is niet bevoegd hier uitspraken over te doen. Een BIS-stagiair is geen werknemer en de BIS-vergoeding is geen loon."], ["Heeft VDAB een modelovereenkomst voor de wg?", "De wg moet geen stagevergoeding betalen voor dagen waarop er geen prestaties verricht zijn vb. ziekte, feestdagen, verlof, enz."], ["Kostprijs BIS", "Volgde de wg de procedure zoals hij terugvindt op de Beroepsinlevingsstage (BIS) voor werkgevers  (vdab.be) en kreeg hij nog geen signaal van VDAB? Procedure Servicelijn Stuur dan de vraag door naar de BO WPL (wpl@vdab.be) voor verdere opvolging & gebruik hiervoor onderstaande mail. Kwam de vraag via mail, stuur deze dan door naar BO WPL. Hou er rekening mee dat zij enkel via mail werken. Onderwerp:  Werkgever deed een aanvraag BIS (dringend) Inhoud: Beste collega Mevrouw/De heer ... van de firma ...  uit ... verstuurde op datum ... een aanvraag voor een BIS, maar kreeg daarop nog geen antwoord. Kunnen jullie dit nakijken en de klant contacteren? Hij is bereikbaar op: ... (e-mailadres en/of telefoonnummer). Dankjewel en met vriendelijke groeten Jouw naam Bemiddelaar Servicelijn"], ["Wat moet de wg maandelijks betalen?", "Nee, de wg betaalt de BIS vergoeding maandelijks rechtstreeks aan de stagiair. Achtergrondinfo Er is een verschil tussen de wettelijk vastgelegde minimumvergoeding en de uiteindelijke BIS vergoeding of stagepremie. De wg beslist zelf hoeveel hij geeft aan zijn stagiair. Meer mag, maar minder niet! Een hogere stagepremie kan gevolgen hebben voor de wg: de overeenkomst wordt door de FOD Werk dan aanschouwd als een volwaardig arbeidscontract. De wg kan zich bevragen bij zijn sociaal secretariaat, FOD Werk of RSZ. Het blijft een contract tussen de wg en de stagiair, per contract kan de wg beslissen om een vervoersvergoeding toe te kennen of een hogere stagepremie."], ["Moet de wg RSZ-bijdrage betalen?", "Nee Er is een opleidingscontract (schriftelijke overeenkomst) en een door VDAB goedgekeurd opleidingsplan (= verplichte bijlage aan de BIS-overeenkomst) nodig."], ["BIS vergoeding bij afwezigheid stagiair", "Dat kan. De wg doet eerst een aanvraag voor een deeltijdse BIS en doet vervolgens een nieuwe aanvraag voor een (aansluitende) voltijdse BIS."], ["FAQ", "Dat kan niet. Een nieuwe aanvraag is noodzakelijk om de wijziging aan te brengen."], ["De wg kreeg geen antwoord op zijn BIS-aanvraag.", "De wg moet een nieuwe aanvraag indienen. De uitkeringsgerechtigde wz moet opnieuw een vrijstelling aanvragen. Procedure Servicelijn Informeer de wg dat een nieuwe aanvraag BIS noodzakelijk is. zie FAQ  Hoe BIS aanvragen dat hij in de aanvraag noteert waarom hij de BIS wil hervatten/verlengen. dat hij het opleidingsplan moet aanpassen met welke competenties al behaald zijn en welke nog niet. Ook op het opleidingsplan noteert hij dat het om een hervatting/verlenging gaat. dat de verwerkingstijd van de aanvraag is 3 weken. Hou hier rekening mee."], ["Komt VDAB tussen bij de betaling van de BIS vergoeding of stagepremie?", "Dit kan niet . Extralegale voordelen zijn extra tegemoetkomingen bovenop het loon van een werknemer. Een BIS- stagiair is geen werknemer, dus komt hiervoor niet in aanmerking.   "]], "link_ankers": [["https://intranet-rel1ldv.ops.vdab.be/faq/servicelijn/beroepsinlevingsstage-wat-bis-en-rol-servicelijn", "Beroepsinlevingsstage: wat is BIS en rol Servicelijn"], ["https://intranet-rel1ldv.ops.vdab.be/faq/servicelijn/stages-terugvinden-en-melden-als-stagebedrijf", "kenbaar maken als stagebedrijf"], ["https://intranet-rel1ldv.ops.vdab.be/faq/servicelijn/beroepsinlevingsstage-info-over-de-bis-4-weken", "BIS korter dan 4 weken"], ["https://intranet-rel1ldv.ops.vdab.be/faq/servicelijn/beroepsinlevingsstage-wat-bis-en-rol-servicelijn", "Tijdens deze 3 weken"], ["https://intranet-rel1ldv.ops.vdab.be/faq/beroepsinlevingsstage-info-over-bis-voor-kandidaten", "Beroepsinlevingsstage: info over BIS voor kandidaten"]], "title_translation": "Professional empathy internship: information about BIS for employers", "domain_name_translation": ["internships"], "category_name_translation": "Service line", "content_translation": [["Who can take out BIS", "Any employer established in the Flemish or Brussels-Capital Region from the profit and non-profit sector (incl. public companies)."], ["Which employers can take out a BIS?", "That's possible. The company must draw up the training plan and the contract in Dutch. Both parties must of course also understand the content of this. There is no need to use Dutch on the work floor itself. see BIS - Employer is located in another region (intranet) Tip Does the Brussels employer want a French-speaking BIS? Then he can contact Bruxelles Formation for a CIP (Convention d'Immersion Professionelle) (website Bruxelles Formation)."], ["BIS in a Brussels company", "That is not possible. Background information VDAB workplace learning forms (bvs, wes, bis, ibo) are only possible at WG that are located in Flanders or the Brussels-Capital Region. It is therefore not possible to do an internship at a foreign company via VDAB. Work-based learning is only possible for a foreign company if the company has an official establishment in Flanders or in the Brussels-Capital Region."], ["BIS in a foreign company", "see How do I apply for a BIS? on the website. Wg makes a training plan. Wg has the training plan approved by VDAB. Wg draws up a BIS contract. Wg takes care of the practical matters for the start of the BIS. Attention: The wg follows a different procedure for a BIS shorter than 4 weeks."], ["At", "least 3 weeks before the desired start date, the training plan must be approved by VDAB.vb. wg applies for BIS on 1/03. The BIS can start from 22/03. Background information During these 3 weeks, VDAB not only approves the training plan but, if necessary, also arranges the exemption for the WZ. VDAB uses the standard processing time of 3 weeks because the WG does not need to know whether the candidate receives benefits (privacy candidate) and to avoid discrimination. A candidate without benefits can start faster than a candidate with benefits because they do not need an exemption."], ["How to apply for BIS", "Draws up a training plan (template) and sends it to VDAB via the form (vdab.be). BO WPL/Employment evaluates the plan and approves or not. Draws up a professional empathy internship contract. Makes a Dimona declaration (intranet). For all current BIS contracts whose end date is after 01/01/2020, the employer must do a Dimona OUT (type DWD) on 31/12/2019 and register a new enriched Dimona (type STG) from 01/01/2020. Arranges the medical examination (if mandatory within the business sector). Makes an internship mentor available for the implementation of the training internship plan. Must take out civil liability insurance and occupational accident insurance (intranet). Pays the internship premium to the intern every month (the minimum amount is set by law). Has no recruitment obligation after the internship. Can suggest a candidate himself."], ["When to apply?", "No: The employer may not post a vacancy for an internship. He can, however, make himself known as an internship company via the Service line."], ["What does the WG commit to in a BIS?", "For: A template for the training plan (drive) - see database training plans Create training plan (vdab.be) and Create training plan manual (Word document) Approval of the training plan (vdab.be) More information about the legislation on BIS Refer the employer to the website Frequently Asked Questions Professional Empathy Internship (BIS). Evaluating and whether or not to approve the submitted training plan + the duration of the training Attention: Clearly inform the employer that many BIS trainees cannot start the day after the approval because they still have to apply for an exemption from VDAB! Background information On 01/09/2018, the Flemish Decree came into force, which stipulates by law that the maximum duration (with possible extensions) is 6 months. VDAB cannot intervene in what has been agreed between the parties (e.g. what the parties have agreed about terminating the contract). The agreement is concluded between employer and trainee, VDAB cannot comment on it."], ["Does the WG post a vacancy for a BIS?", "The wg fills in the form on the website and adds its training plan via the button Create a training plan and have it approved (vdab.be) A blank training plan can be found on the VDAB website - via navigation: vdab.be > choose 'employers' > training courses > BIS"], ["Role", "VDAB VDAB strives to approve the training plan within 5 working days. These are part of the 3 weeks processing time of the BIS application. A quick approval of the training plan does not reduce the 3 weeks of processing time. Procedure Service line Has the employer not yet received a signal about the approval of the training plan? Refer to the colleagues of BO WPL (wpl@vdab.be). Keep in mind that they only work via e-mail."], ["What can the WG contact VDAB for? No, VDAB", "does not provide a model agreement for a BIS contract, because VDAB is not involved in the contract. It is a contract between the wg and the trainee. What should be included in the agreement? On the Components of a BIS contract (vdab.be) page, the wg will find its basic modalities that must be included in the contract. Other modalities may be added per BIS, but VDAB does not decide that."], ["Wg asks VDAB to approve training plan", "For a full-time BIS, the BIS allowance or internship premium is 50% of the GGMMI, regardless of the region where the BIS takes place. In principle, there is no upper limit. But this can have an impact on the RVA benefit of the trainee. From 1 September 2022, a full cumulation with an unemployment benefit is possible, provided that the trainee entitled to benefit has received an exemption or admission from VDAB, see Professional empathy internship: info about BIS for candidates. For a part-time internship, you recalculate the compensation pro rata of the training break. Procedure Service line Refer for concrete amounts to the social secretariat of the WG the FPS WASO Minimum Wage Database (werk.belgie.be) Enter \"PC 300\" The BIS premium is based on the category '0 months seniority' for 18 to 20-year-olds. Contact Center (werk.belgie.be) Background information Since 1 September 2018, the BIS has been registered in the VDAB decision: \"Article 111/0/26 (01/09/2018-...): For each professional empathy internship, the employer pays a fee that amounts to at least half of the GMMMI. That compensation shall be applied in proportion to the breach of employment.\""], ["How quickly does VDAB approve the training plan?", "No. Withholding tax (BV) is deducted from the fee. The employer can ask his social secretariat how much the withholding tax is. The payment of the internship allowance is always made via (the social secretariat of) the employer. Procedure Service line Refer to the social secretariat of the employer or the FPS Finance. Background information Withholding tax is a tax, VDAB is not authorized to make statements about this. A BIS trainee is not an employee and the BIS allowance is not a paycheck."], ["Does VDAB have a model agreement for the wg?", "The WG does not have to pay an internship allowance for days on which no services have been performed, e.g. illness, public holidays, leave, etc."], ["Cost BIS", "Did the WG follow the procedure as it appears on the Professional Empathy Internship (BIS) for employers (vdab.be) and did it not yet receive a signal from VDAB? Procedure Service line Then forward the question to the BO WPL (wpl@vdab.be) for further follow-up & use the email below. If the question came by e-mail, please forward it to BO WPL. Keep in mind that they only work via e-mail. Subject: Employer made an application BIS (urgent) Content: Dear colleague Madam/Mr ... of the company ...  from... sent on date ... a request for a BIS, but has not yet received a response. Can you check this and contact the customer? He can be reached at: ... (e-mail address and/or telephone number). Thank you and with kind regards Your name Mediator Service line"], ["What does the wg have to pay monthly?", "No, the WG pays the BIS fee directly to the intern on a monthly basis. Background information There is a difference between the statutory minimum remuneration and the final BIS remuneration or internship premium. The wg decides for himself how much he gives to his intern. More is allowed, but less is not! A higher internship premium can have consequences for the WG: the agreement is then regarded by the FPS Work as a full employment contract. The WG can ask his social secretariat, FPS Work or NSSO. It remains a contract between the WG and the trainee, per contract the WG can decide to grant a transport allowance or a higher internship premium."], ["Does the wg have to pay the NSSO contribution?", "No: A training contract (written agreement) and a training plan approved by VDAB (= mandatory annex to the BIS agreement) are required."], ["BIS compensation in case of absence of intern", "That is possible. The WG first applies for a part-time BIS and then makes a new application for a (subsequent) full-time BIS."], ["FAQ", "You can't. A new request is necessary to make the change."], ["The WG did not receive a response to its BIS request.", "The WG must submit a new application. The beneficiary must apply for an exemption again. Procedure Service line Inform the wg that a new application BIS is necessary. see FAQ How to request BIS that he writes in the application why he wants to resume/extend the BIS. that he must adjust the training plan with which competencies have already been achieved and which have not yet been achieved. He also notes on the training plan that it is a resumption/extension. that the processing time of the application is 3 weeks. Keep this in mind."], ["Does VDAB intervene in the payment of the BIS fee or internship premium?", "This can't be . Fringe benefits are additional benefits on top of an employee's wages. A BIS intern is not an employee, so is not eligible for this."]], "document": "Beroepsinlevingsstage: info over BIS voor werkgevers \n\n Vraag aan de VDAB consulent: Wie kan BIS afsluiten? \n Antwoord of Actie: Elke werkgever gevestigd in het Vlaams of Brussels Hoofdstedelijk Gewest uit de profit- en nonprofitsector (incl. publieke bedrijven). \n\n Vraag aan de VDAB consulent: Welke werkgevers kunnen een BIS afsluiten?? \n Antwoord of Actie: Dat kan. Het bedrijf moet het opleidingsplan en het contract in het Nederlands opstellen. Beide partijen moeten de inhoud hiervan uiteraard ook begrijpen. Op de werkvloer zelf hoeft geen Nederlands gehanteerd worden. zie BIS - Werkgever is in een ander gewest gevestigd  (intranet) Tip Wil de Brusselse werkgever een Franstalige BIS? Dan kan hij terecht bij Bruxelles Formation voor een CIP (Convention d'Immersion Professionelle)  (website Bruxelles Formation). \n\n Vraag aan de VDAB consulent: BIS in een Brussels bedrijf? \n Antwoord of Actie: Dat kan niet. Achtergrondinfo Werkplekleervormen van VDAB (BVS, WES, BIS, IBO) kunnen enkel bij wg die gevestigd zijn in Vlaanderen of het Brussels Hoofdstedelijk Gewest. Stage volgen bij een buitenlandse onderneming kan dus niet via VDAB. Werkplekleren is voor een buitenlandse onderneming slechts mogelijk als het bedrijf een officiele vestiging in Vlaanderen of in het Brussels Hoofdstedelijk Gewest heeft. \n\n Vraag aan de VDAB consulent: BIS in een buitenlands bedrijf? \n Antwoord of Actie: zie Hoe vraag ik een BIS aan? op de website. Wg maakt een opleidingsplan. Wg laat het opleidingsplan goedkeuren door VDAB. Wg maakt een BIS-contract op. Wg regelt de praktische zaken voor de start van de BIS. Opgelet De wg volgt een andere procedure voor een BIS korter dan 4 weken . \n\n Vraag aan de VDAB consulent: Aanvragen BIS? \n Antwoord of Actie: Minstens 3 weken voor de gewenste startdatum moet het opleidingsplan goedgekeurd worden door VDAB. vb. wg vraagt BIS aan op 1/03. De BIS kan starten vanaf 22/03. Achtergrondinfo Tijdens deze 3 weken keurt VDAB niet enkel het opleidingsplan goed maar brengt, indien nodig, ook de vrijstelling voor de wz in orde. VDAB hanteert standaard de verwerkingstijd van 3 weken omdat de wg niet hoeft te weten of de kandidaat uitkering ontvangt (privacy kandidaat) en om discriminatie te vermijden. Een kandidaat zonder uitkering kan sneller starten dan een kandidaat met uitkering omdat die geen vrijstelling nodig heeft. \n\n Vraag aan de VDAB consulent: Hoe BIS aanvragen? \n Antwoord of Actie: Stelt een opleidingsplan  (sjabloon) op en bezorgt dit aan VDAB via het invulformulier  (vdab.be). BO WPL/Tewerkstelling evalueert het plan en keurt het al dan niet goed. Stelt een beroepsinlevingsstagecontract op. Doet een Dimona-aangifte  (intranet). Voor alle lopende BIS contracten waarvan de einddatum na 01/01/2020 valt, moet de werkgever een Dimona OUT (type DWD) moeten doen op 31/12/2019 en een nieuwe verrijkte Dimona (type STG) registreren vanaf 01/01/2020. Regelt het medisch onderzoek (indien verplicht binnen de bedrijfssector). Stelt een stagementor beschikbaar voor de uitvoering van het opleidingsstageplan. Moet een verzekering burgerlijke aansprakelijkheid en een verzekering arbeidsongevallen afsluiten (intranet). Betaalt maandelijks de stagepremie aan de stagiair (het minimumbedrag is wettelijk vastgesteld). Heeft geen aanwervingsplicht na de stage. Kan zelf een kandidaat voorstellen. \n\n Vraag aan de VDAB consulent: Wanneer aanvragen?? \n Antwoord of Actie: Nee De werkgever mag geen vacature plaatsen voor een stageplaats. Hij kan zich via de Servicelijn wel kenbaar maken als stagebedrijf . \n\n Vraag aan de VDAB consulent: Waartoe engageert de wg zich bij een BIS?? \n Antwoord of Actie: Voor: Een sjabloon voor het opleidingsplan  (drive) - zie databank opleidingsplannen  Opleidingsplan maken  (vdab.be) en  Handleiding opleidingsplan maken  (Word-document) Goedkeuring van het opleidingsplan  (vdab.be) Meer informatie over de wetgeving rond BIS Verwijs de werkgever daarvoor naar de website Veelgestelde vragen beroepsinlevingsstage (BIS) . Het evalueren en al dan niet goedkeuren van het ingediende opleidingsplan + de duur van de opleiding Opgelet Geef duidelijk aan de werkgever mee dat veel BIS-stagiairs niet de dag na de goedkeuring kunnen starten omdat ze nog een vrijstelling bij VDAB moeten aanvragen! Achtergrondinfo Op 01/09/2018 trad het Vlaams Besluit in werking waarin bij wet is vastgelegd dat de maximumduur (met eventuele verlengingen) 6 maanden is. VDAB kan niet tussenkomen in hetgeen tussen de partijen overeengekomen is (bv. wat de partijen hebben afgesproken over het beeindigen van het contract). De overeenkomst wordt gesloten tussen werkgever en stagiair, VDAB kan zich er niet over uitspreken. \n\n Vraag aan de VDAB consulent: Plaatst de wg een vacature voor een BIS?? \n Antwoord of Actie: De wg vult het formulier op de website in en voegt zijn opleidingsplan toe via de knop  Maak een opleidingsplan en laat het goedkeuren  (vdab.be) Een blanco opleidingsplan vindt de wg op de VDAB website - via navigatie: vdab.be > kiezen voor 'werkgevers' > opleidingen > BIS \n\n Vraag aan de VDAB consulent: Rol VDAB? \n Antwoord of Actie: VDAB streeft ernaar om het opleidingsplan binnen de 5 werkdagen goed te keuren. Deze maken deel uit van de 3 weken verwerkingstijd van de BIS aanvraag. Een snelle goedkeuring van het opleidingsplan verkort de 3 weken verwerkingstijd niet. Procedure Servicelijn Kreeg de werkgever nog geen signaal over de goedkeuring van het opleidingsplan? Verwijs naar de collega's van BO WPL (wpl@vdab.be). Hou er rekening mee dat zij enkel via mail werken. \n\n Vraag aan de VDAB consulent: Waarvoor kan de wg bij VDAB terecht?? \n Antwoord of Actie: Nee VDAB voorziet geen modelovereenkomst voor een BIS-contract omdat VDAB niet betrokken is in het contract. Het is een contract tussen de wg en de stagiair. Wat moet er allemaal in de overeenkomst opgenomen worden? Op de pagina  Onderdelen van een BIS-contract  (vdab.be) vindt de wg zijn basismodaliteiten die in het contract moeten staan. Andere modaliteiten mogen per BIS toegevoegd worden, maar dat beslist VDAB niet. \n\n Vraag aan de VDAB consulent: Wg vraagt VDAB om opleidingsplan goed te keuren? \n Antwoord of Actie: Voor een voltijdse BIS bedraagt de BIS-vergoeding of stagepremie 50% van het GGMMI, ongeacht het gewest waar de BIS doorgaat. In principe is er geen bovengrens. Maar dit kan een invloed de RVA-uitkering van de stagiair . Vanaf 1 september 2022 is een volledige cumulatie met een werkloosheidsuitkering mogelijk, op voorwaarde dat de uitkeringsgerechtigde stagiair een vrijstelling of toelating heeft ontvangen van VDAB, zie  Beroepsinlevingsstage: info over BIS voor kandidaten . Voor een deeltijdse stage herbereken je de vergoeding pro rata de opleidingsbreuk. Procedure Servicelijn Verwijs voor concrete bedragen naar het sociaal secretariaat van de wg de FOD WASO Databank minimumlonen  (werk.belgie.be) Vul \"PC 300\" in De BIS premie is gebaseerd op de categorie '0 maanden ancieniteit' voor 18- tot 20-jarigen. Contactcenter  (werk.belgie.be) Achtergrondinfo Sinds 1 september 2018 staat de BIS ingeschreven in het VDAB-besluit: \"Artikel 111/0/26 (01/09/2018-...): Voor iedere beroepsinlevingsstage betaalt de werkgever een vergoeding die minimaal de helft van het GGMMI bedraagt. Die vergoeding wordt toegepast in verhouding tot de tewerkstellingsbreuk.\" \n\n Vraag aan de VDAB consulent: Hoe snel keurt VDAB het opleidingsplan goed?? \n Antwoord of Actie: Nee. Op de vergoeding wordt wel bedrijfsvoorheffing (BV) ingehouden. Hoeveel de bedrijfsvoorheffing bedraagt, kan de werkgever aan zijn sociaal secretariaat vragen. De uitbetaling van de stagevergoeding gebeurt nl. steeds via (het sociaal secretariaat van) de werkgever. Procedure Servicelijn Verwijs naar het sociaal secretariaat van de werkgever of de FOD Financien. Achtergrondinfo Bedrijfsvoorheffing is een belasting, VDAB is niet bevoegd hier uitspraken over te doen. Een BIS-stagiair is geen werknemer en de BIS-vergoeding is geen loon. \n\n Vraag aan de VDAB consulent: Heeft VDAB een modelovereenkomst voor de wg?? \n Antwoord of Actie: De wg moet geen stagevergoeding betalen voor dagen waarop er geen prestaties verricht zijn vb. ziekte, feestdagen, verlof, enz. \n\n Vraag aan de VDAB consulent: Kostprijs BIS? \n Antwoord of Actie: Volgde de wg de procedure zoals hij terugvindt op de Beroepsinlevingsstage (BIS) voor werkgevers  (vdab.be) en kreeg hij nog geen signaal van VDAB? Procedure Servicelijn Stuur dan de vraag door naar de BO WPL (wpl@vdab.be) voor verdere opvolging & gebruik hiervoor onderstaande mail. Kwam de vraag via mail, stuur deze dan door naar BO WPL. Hou er rekening mee dat zij enkel via mail werken. Onderwerp:  Werkgever deed een aanvraag BIS (dringend) Inhoud: Beste collega Mevrouw/De heer ... van de firma ...  uit ... verstuurde op datum ... een aanvraag voor een BIS, maar kreeg daarop nog geen antwoord. Kunnen jullie dit nakijken en de klant contacteren? Hij is bereikbaar op: ... (e-mailadres en/of telefoonnummer). Dankjewel en met vriendelijke groeten Jouw naam Bemiddelaar Servicelijn \n\n Vraag aan de VDAB consulent: Wat moet de wg maandelijks betalen?? \n Antwoord of Actie: Nee, de wg betaalt de BIS vergoeding maandelijks rechtstreeks aan de stagiair. Achtergrondinfo Er is een verschil tussen de wettelijk vastgelegde minimumvergoeding en de uiteindelijke BIS vergoeding of stagepremie. De wg beslist zelf hoeveel hij geeft aan zijn stagiair. Meer mag, maar minder niet! Een hogere stagepremie kan gevolgen hebben voor de wg: de overeenkomst wordt door de FOD Werk dan aanschouwd als een volwaardig arbeidscontract. De wg kan zich bevragen bij zijn sociaal secretariaat, FOD Werk of RSZ. Het blijft een contract tussen de wg en de stagiair, per contract kan de wg beslissen om een vervoersvergoeding toe te kennen of een hogere stagepremie. \n\n Vraag aan de VDAB consulent: Moet de wg RSZ-bijdrage betalen?? \n Antwoord of Actie: Nee Er is een opleidingscontract (schriftelijke overeenkomst) en een door VDAB goedgekeurd opleidingsplan (= verplichte bijlage aan de BIS-overeenkomst) nodig. \n\n Vraag aan de VDAB consulent: BIS vergoeding bij afwezigheid stagiair? \n Antwoord of Actie: Dat kan. De wg doet eerst een aanvraag voor een deeltijdse BIS en doet vervolgens een nieuwe aanvraag voor een (aansluitende) voltijdse BIS. \n\n Vraag aan de VDAB consulent: FAQ? \n Antwoord of Actie: Dat kan niet. Een nieuwe aanvraag is noodzakelijk om de wijziging aan te brengen. \n\n Vraag aan de VDAB consulent: De wg kreeg geen antwoord op zijn BIS-aanvraag.? \n Antwoord of Actie: De wg moet een nieuwe aanvraag indienen. De uitkeringsgerechtigde wz moet opnieuw een vrijstelling aanvragen. Procedure Servicelijn Informeer de wg dat een nieuwe aanvraag BIS noodzakelijk is. zie FAQ  Hoe BIS aanvragen dat hij in de aanvraag noteert waarom hij de BIS wil hervatten/verlengen. dat hij het opleidingsplan moet aanpassen met welke competenties al behaald zijn en welke nog niet. Ook op het opleidingsplan noteert hij dat het om een hervatting/verlenging gaat. dat de verwerkingstijd van de aanvraag is 3 weken. Hou hier rekening mee. \n\n Vraag aan de VDAB consulent: Komt VDAB tussen bij de betaling van de BIS vergoeding of stagepremie?? \n Antwoord of Actie: Dit kan niet . Extralegale voordelen zijn extra tegemoetkomingen bovenop het loon van een werknemer. Een BIS- stagiair is geen werknemer, dus komt hiervoor niet in aanmerking. \n\n Categorie: Servicelijn \n\n Domein: stages \n\n Url: https://intranet-rel1ldv.ops.vdab.be/faq/servicelijn/beroepsinlevingsstage-info-over-bis-voor-werkgevers \n\n Volgende paginas: Beroepsinlevingsstage: wat is BIS en rol Servicelijn, via https://intranet-rel1ldv.ops.vdab.be/faq/servicelijn/beroepsinlevingsstage-wat-bis-en-rol-servicelijn - kenbaar maken als stagebedrijf, via https://intranet-rel1ldv.ops.vdab.be/faq/servicelijn/stages-terugvinden-en-melden-als-stagebedrijf - BIS korter dan 4 weken, via https://intranet-rel1ldv.ops.vdab.be/faq/servicelijn/beroepsinlevingsstage-info-over-de-bis-4-weken - Tijdens deze 3 weken, via https://intranet-rel1ldv.ops.vdab.be/faq/servicelijn/beroepsinlevingsstage-wat-bis-en-rol-servicelijn - Beroepsinlevingsstage: info over BIS voor kandidaten, via https://intranet-rel1ldv.ops.vdab.be/faq/beroepsinlevingsstage-info-over-bis-voor-kandidaten \n\n Type: intranet", "document_translation": "Professional empathy internship: information about BIS for employers \n\n Question for the VDAB counselor: Who can take out BIS? \n Answer or Action: Any employer established in the Flemish or Brussels-Capital Region from the profit and non-profit sector (incl. public companies). \n\n Question for the VDAB counselor: Which employers can take out a BIS?? \n Answer or Action: That's possible. The company must draw up the training plan and the contract in Dutch. Both parties must of course also understand the content of this. There is no need to use Dutch on the work floor itself. see BIS - Employer is located in another region (intranet) Tip Does the Brussels employer want a French-speaking BIS? Then he can contact Bruxelles Formation for a CIP (Convention d'Immersion Professionelle) (website Bruxelles Formation). \n\n Question for the VDAB counselor: BIS in a Brussels company? \n Answer or Action: That is not possible. Background information VDAB workplace learning forms (bvs, wes, bis, ibo) are only possible at WG that are located in Flanders or the Brussels-Capital Region. It is therefore not possible to do an internship at a foreign company via VDAB. Work-based learning is only possible for a foreign company if the company has an official establishment in Flanders or in the Brussels-Capital Region. \n\n Question for the VDAB counselor: BIS in a foreign company? \n Answer or Action: see How do I apply for a BIS? on the website. Wg makes a training plan. Wg has the training plan approved by VDAB. Wg draws up a BIS contract. Wg takes care of the practical matters for the start of the BIS. Attention: The wg follows a different procedure for a BIS shorter than 4 weeks. \n\n Question for the VDAB counselor: At? \n Answer or Action: least 3 weeks before the desired start date, the training plan must be approved by VDAB.vb. wg applies for BIS on 1/03. The BIS can start from 22/03. Background information During these 3 weeks, VDAB not only approves the training plan but, if necessary, also arranges the exemption for the WZ. VDAB uses the standard processing time of 3 weeks because the WG does not need to know whether the candidate receives benefits (privacy candidate) and to avoid discrimination. A candidate without benefits can start faster than a candidate with benefits because they do not need an exemption. \n\n Question for the VDAB counselor: How to apply for BIS? \n Answer or Action: Draws up a training plan (template) and sends it to VDAB via the form (vdab.be). BO WPL/Employment evaluates the plan and approves or not. Draws up a professional empathy internship contract. Makes a Dimona declaration (intranet). For all current BIS contracts whose end date is after 01/01/2020, the employer must do a Dimona OUT (type DWD) on 31/12/2019 and register a new enriched Dimona (type STG) from 01/01/2020. Arranges the medical examination (if mandatory within the business sector). Makes an internship mentor available for the implementation of the training internship plan. Must take out civil liability insurance and occupational accident insurance (intranet). Pays the internship premium to the intern every month (the minimum amount is set by law). Has no recruitment obligation after the internship. Can suggest a candidate himself. \n\n Question for the VDAB counselor: When to apply?? \n Answer or Action: No: The employer may not post a vacancy for an internship. He can, however, make himself known as an internship company via the Service line. \n\n Question for the VDAB counselor: What does the WG commit to in a BIS?? \n Answer or Action: For: A template for the training plan (drive) - see database training plans Create training plan (vdab.be) and Create training plan manual (Word document) Approval of the training plan (vdab.be) More information about the legislation on BIS Refer the employer to the website Frequently Asked Questions Professional Empathy Internship (BIS). Evaluating and whether or not to approve the submitted training plan + the duration of the training Attention: Clearly inform the employer that many BIS trainees cannot start the day after the approval because they still have to apply for an exemption from VDAB! Background information On 01/09/2018, the Flemish Decree came into force, which stipulates by law that the maximum duration (with possible extensions) is 6 months. VDAB cannot intervene in what has been agreed between the parties (e.g. what the parties have agreed about terminating the contract). The agreement is concluded between employer and trainee, VDAB cannot comment on it. \n\n Question for the VDAB counselor: Does the WG post a vacancy for a BIS?? \n Answer or Action: The wg fills in the form on the website and adds its training plan via the button Create a training plan and have it approved (vdab.be) A blank training plan can be found on the VDAB website - via navigation: vdab.be > choose 'employers' > training courses > BIS \n\n Question for the VDAB counselor: Role? \n Answer or Action: VDAB VDAB strives to approve the training plan within 5 working days. These are part of the 3 weeks processing time of the BIS application. A quick approval of the training plan does not reduce the 3 weeks of processing time. Procedure Service line Has the employer not yet received a signal about the approval of the training plan? Refer to the colleagues of BO WPL (wpl@vdab.be). Keep in mind that they only work via e-mail. \n\n Question for the VDAB counselor: What can the WG contact VDAB for? No, VDAB? \n Answer or Action: does not provide a model agreement for a BIS contract, because VDAB is not involved in the contract. It is a contract between the wg and the trainee. What should be included in the agreement? On the Components of a BIS contract (vdab.be) page, the wg will find its basic modalities that must be included in the contract. Other modalities may be added per BIS, but VDAB does not decide that. \n\n Question for the VDAB counselor: Wg asks VDAB to approve training plan? \n Answer or Action: For a full-time BIS, the BIS allowance or internship premium is 50% of the GGMMI, regardless of the region where the BIS takes place. In principle, there is no upper limit. But this can have an impact on the RVA benefit of the trainee. From 1 September 2022, a full cumulation with an unemployment benefit is possible, provided that the trainee entitled to benefit has received an exemption or admission from VDAB, see Professional empathy internship: info about BIS for candidates. For a part-time internship, you recalculate the compensation pro rata of the training break. Procedure Service line Refer for concrete amounts to the social secretariat of the WG the FPS WASO Minimum Wage Database (werk.belgie.be) Enter \"PC 300\" The BIS premium is based on the category '0 months seniority' for 18 to 20-year-olds. Contact Center (werk.belgie.be) Background information Since 1 September 2018, the BIS has been registered in the VDAB decision: \"Article 111/0/26 (01/09/2018-...): For each professional empathy internship, the employer pays a fee that amounts to at least half of the GMMMI. That compensation shall be applied in proportion to the breach of employment.\" \n\n Question for the VDAB counselor: How quickly does VDAB approve the training plan?? \n Answer or Action: No. Withholding tax (BV) is deducted from the fee. The employer can ask his social secretariat how much the withholding tax is. The payment of the internship allowance is always made via (the social secretariat of) the employer. Procedure Service line Refer to the social secretariat of the employer or the FPS Finance. Background information Withholding tax is a tax, VDAB is not authorized to make statements about this. A BIS trainee is not an employee and the BIS allowance is not a paycheck. \n\n Question for the VDAB counselor: Does VDAB have a model agreement for the wg?? \n Answer or Action: The WG does not have to pay an internship allowance for days on which no services have been performed, e.g. illness, public holidays, leave, etc. \n\n Question for the VDAB counselor: Cost BIS? \n Answer or Action: Did the WG follow the procedure as it appears on the Professional Empathy Internship (BIS) for employers (vdab.be) and did it not yet receive a signal from VDAB? Procedure Service line Then forward the question to the BO WPL (wpl@vdab.be) for further follow-up & use the email below. If the question came by e-mail, please forward it to BO WPL. Keep in mind that they only work via e-mail. Subject: Employer made an application BIS (urgent) Content: Dear colleague Madam/Mr ... of the company ...  from... sent on date ... a request for a BIS, but has not yet received a response. Can you check this and contact the customer? He can be reached at: ... (e-mail address and/or telephone number). Thank you and with kind regards Your name Mediator Service line \n\n Question for the VDAB counselor: What does the wg have to pay monthly?? \n Answer or Action: No, the WG pays the BIS fee directly to the intern on a monthly basis. Background information There is a difference between the statutory minimum remuneration and the final BIS remuneration or internship premium. The wg decides for himself how much he gives to his intern. More is allowed, but less is not! A higher internship premium can have consequences for the WG: the agreement is then regarded by the FPS Work as a full employment contract. The WG can ask his social secretariat, FPS Work or NSSO. It remains a contract between the WG and the trainee, per contract the WG can decide to grant a transport allowance or a higher internship premium. \n\n Question for the VDAB counselor: Does the wg have to pay the NSSO contribution?? \n Answer or Action: No: A training contract (written agreement) and a training plan approved by VDAB (= mandatory annex to the BIS agreement) are required. \n\n Question for the VDAB counselor: BIS compensation in case of absence of intern? \n Answer or Action: That is possible. The WG first applies for a part-time BIS and then makes a new application for a (subsequent) full-time BIS. \n\n Question for the VDAB counselor: FAQ? \n Answer or Action: You can't. A new request is necessary to make the change. \n\n Question for the VDAB counselor: The WG did not receive a response to its BIS request.? \n Answer or Action: The WG must submit a new application. The beneficiary must apply for an exemption again. Procedure Service line Inform the wg that a new application BIS is necessary. see FAQ How to request BIS that he writes in the application why he wants to resume/extend the BIS. that he must adjust the training plan with which competencies have already been achieved and which have not yet been achieved. He also notes on the training plan that it is a resumption/extension. that the processing time of the application is 3 weeks. Keep this in mind. \n\n Question for the VDAB counselor: Does VDAB intervene in the payment of the BIS fee or internship premium?? \n Answer or Action: This can't be . Fringe benefits are additional benefits on top of an employee's wages. A BIS intern is not an employee, so is not eligible for this. \n\n Category: Service line \n\n Domain: internships \n\n Url: https://intranet-rel1ldv.ops.vdab.be/faq/servicelijn/beroepsinlevingsstage-info-over-bis-voor-werkgevers \n\n Next pages: Beroepsinlevingsstage: wat is BIS en rol Servicelijn, via https://intranet-rel1ldv.ops.vdab.be/faq/servicelijn/beroepsinlevingsstage-wat-bis-en-rol-servicelijn - kenbaar maken als stagebedrijf, via https://intranet-rel1ldv.ops.vdab.be/faq/servicelijn/stages-terugvinden-en-melden-als-stagebedrijf - BIS korter dan 4 weken, via https://intranet-rel1ldv.ops.vdab.be/faq/servicelijn/beroepsinlevingsstage-info-over-de-bis-4-weken - Tijdens deze 3 weken, via https://intranet-rel1ldv.ops.vdab.be/faq/servicelijn/beroepsinlevingsstage-wat-bis-en-rol-servicelijn - Beroepsinlevingsstage: info over BIS voor kandidaten, via https://intranet-rel1ldv.ops.vdab.be/faq/beroepsinlevingsstage-info-over-bis-voor-kandidaten \n\n Type: intranet"}