{"title": "Filosofie bij het omgaan met klachten", "type": "intranet", "field_trefwoorden_name": ["klachten"], "domain_name": ["kadering"], "category_name": "Servicelijn", "field_faq_summary": "achtergrondinfo over de filosofie achter het klachtenmanagement van VDAB", "url": "https://intranet-rel1ldv.ops.vdab.be/faq/servicelijn/filosofie-bij-het-omgaan-met-klachten", "content": [["Waarom doet VDAB aan klachtenmanagement?", "VDAB doet aan klachtenmanagement om aan ontevreden klanten een oplossing te kunnen bieden op een correcte en klantvriendelijke wijze. na te gaan waar wat mis gaat. tot verbeteracties te komen en een betere kwaliteit te kunnen leveren. Het is dus belangrijk dat klanten hun ongenoegen of klacht over de werking van VDAB durven uiten. Het is niet de bedoeling om de eigen medewerkers te viseren, wel om de dienstverlening te verbeteren."], ["De voorwaarden tot een goed klachtenmanagement", "Een goed klachtenmanagement rust op een gestandaardiseerde procedure, die bij VDAB aanwezig is. De klant moet op een eenvoudige en toegankelijke manier zijn klacht of ongenoegen kunnen neerleggen en beseffen dat deze niet wordt opzij gelegd. De klachten moeten objectief en neutraal* behandeld worden, met de nodige interactie tussen VDAB en de klant. Ook moet er \"nazorg\" zijn waarbij nagegaan wordt of de klacht met de nodige zorg werd behandeld. VDAB streeft ernaar om aan al deze voorwaarden te voldoen. Achtergrondinformatie * Objectieve en neutrale behandeling betekent o.m. dat een inkomende klacht nooit behandeld wordt door: een persoon die betrokken was bij de feiten waarop de klacht betrekking heeft de persoon die de schriftelijke correspondentie i.v.m. de feiten waarop de klacht betrekking heeft, heeft gevoerd."], ["Beroepsgeheim in de klachtenbehandeling", "Volgens het klachtendecreet is de klachtenbehandelaar verplicht het beroepsgeheim te respecteren en een strikte neutraliteit in acht te nemen. Interne info Een (logisch) organisatorisch gevolg daarvan is dat klachten geregistreerd en afgehandeld worden binnen een afgesloten systeem en er geen connectie is met andere toepassingen. We doen geen vermeldingen van, verwijzingen naar klachten in Mijn loopbaan, WDE, ..."], ["Waarom schakelt VDAB de Servicelijn in voor klachten?", "Klanten voelen zich vaak minder geremd in hun verhaal indien zij dit kunnen vertellen tegen een bemiddelaar die neutraal staat. \"VDAB Servicelijn zal uw klacht objectief aanhoren en neutraal noteren. Wij spreken ons niet uit over goed of fout, zelfs niet indien de klacht over onze eigen werking gaat. Hiernaast hebt u het voordeel van onze openingsuren en staan wij bekend voor onze vriendelijkheid.\""], ["Kwaliteitsopvolging bij klachten", "Op regelmatige basis wordt de kwaliteit van de geregistreerde klachten opgevolgd door de Centrale Klantendienst. De inhoudelijke gegevens (type verzoeker, datum ontvangst, toestemming privacy,...) en de volledigheid en klantgerichtheid van de antwoordbrief worden nagekeken. Eventuele opmerkingen worden persoonlijk opgenomen met de betreffende klantendienst of worden geagendeerd voor het overlegmoment tussen de provinciale klantendiensten."], ["Klachtenmanager", "Ann Otte "]], "title_translation": "Philosophy when dealing with complaints", "field_trefwoorden_name_translation": ["complaints"], "domain_name_translation": ["framing"], "category_name_translation": "Service line", "field_faq_summary_translation": "background information about the philosophy behind VDAB's complaints management", "content_translation": [["Why does VDAB do complaint management?", "VDAB does complaint management in order to be able to offer a solution to dissatisfied customers in a correct and customer-friendly manner. to check where things go wrong. to come to improvement actions and to be able to deliver better quality. It is therefore important that customers dare to express their dissatisfaction or complaint about the operation of VDAB. The intention is not to target our own employees, but to improve the service."], ["The conditions for good complaint management", "Good complaint management is based on a standardized procedure, which is present at VDAB. The customer must be able to submit his complaint or dissatisfaction in a simple and accessible way and realize that it will not be set aside. The complaints must be handled objectively and neutrally*, with the necessary interaction between VDAB and the customer. There must also be \"aftercare\" in which it is checked whether the complaint has been handled with the necessary care. VDAB strives to meet all these conditions. Background information * Objective and neutral treatment means, among other things.dat an incoming complaint is never handled by: a person who was involved in the facts to which the complaint relates the person who conducted the written correspondence regarding the facts to which the complaint relates."], ["Professional secrecy in the handling of complaints", "According to the complaints decree, the complaint handler is obliged to respect professional secrecy and to observe strict neutrality. Internal info A (logical) organizational consequence of this is that complaints are registered and handled within a closed system and there is no connection with other applications. We do not make mentions of, references to complaints in My career, WDE, ..."], ["Why does VDAB call in the Service Line for complaints?", "Clients often feel less inhibited in their story if they can tell this to a mediator who is neutral. \"VDAB Servicelijn will listen to your complaint objectively and record it neutrally. We do not rule on right or wrong, even if the complaint is about our own operation. In addition, you have the advantage of our opening hours and we are known for our friendliness.\""], ["Quality follow-up in case of complaints", "On a regular basis, the quality of the registered complaints is monitored by the Central Customer Service. The substantive data (type of requester, date of receipt, consent privacy,...) and the completeness and customer focus of the response letter are checked. Any comments will be taken personally with the relevant customer service or will be put on the agenda for the consultation moment between the provincial customer services."], ["Complaints Manager", "Ann Otte"]], "document": "Filosofie bij het omgaan met klachten \n\n achtergrondinfo over de filosofie achter het klachtenmanagement van VDAB \n\n Vraag aan de VDAB consulent: Waarom doet VDAB aan klachtenmanagement?? \n Antwoord of Actie: VDAB doet aan klachtenmanagement om aan ontevreden klanten een oplossing te kunnen bieden op een correcte en klantvriendelijke wijze. na te gaan waar wat mis gaat. tot verbeteracties te komen en een betere kwaliteit te kunnen leveren. Het is dus belangrijk dat klanten hun ongenoegen of klacht over de werking van VDAB durven uiten. Het is niet de bedoeling om de eigen medewerkers te viseren, wel om de dienstverlening te verbeteren. \n\n Vraag aan de VDAB consulent: De voorwaarden tot een goed klachtenmanagement? \n Antwoord of Actie: Een goed klachtenmanagement rust op een gestandaardiseerde procedure, die bij VDAB aanwezig is. De klant moet op een eenvoudige en toegankelijke manier zijn klacht of ongenoegen kunnen neerleggen en beseffen dat deze niet wordt opzij gelegd. De klachten moeten objectief en neutraal* behandeld worden, met de nodige interactie tussen VDAB en de klant. Ook moet er \"nazorg\" zijn waarbij nagegaan wordt of de klacht met de nodige zorg werd behandeld. VDAB streeft ernaar om aan al deze voorwaarden te voldoen. Achtergrondinformatie * Objectieve en neutrale behandeling betekent o.m. dat een inkomende klacht nooit behandeld wordt door: een persoon die betrokken was bij de feiten waarop de klacht betrekking heeft de persoon die de schriftelijke correspondentie i.v.m. de feiten waarop de klacht betrekking heeft, heeft gevoerd. \n\n Vraag aan de VDAB consulent: Beroepsgeheim in de klachtenbehandeling? \n Antwoord of Actie: Volgens het klachtendecreet is de klachtenbehandelaar verplicht het beroepsgeheim te respecteren en een strikte neutraliteit in acht te nemen. Interne info Een (logisch) organisatorisch gevolg daarvan is dat klachten geregistreerd en afgehandeld worden binnen een afgesloten systeem en er geen connectie is met andere toepassingen. We doen geen vermeldingen van, verwijzingen naar klachten in Mijn loopbaan, WDE, ... \n\n Vraag aan de VDAB consulent: Waarom schakelt VDAB de Servicelijn in voor klachten?? \n Antwoord of Actie: Klanten voelen zich vaak minder geremd in hun verhaal indien zij dit kunnen vertellen tegen een bemiddelaar die neutraal staat. \"VDAB Servicelijn zal uw klacht objectief aanhoren en neutraal noteren. Wij spreken ons niet uit over goed of fout, zelfs niet indien de klacht over onze eigen werking gaat. Hiernaast hebt u het voordeel van onze openingsuren en staan wij bekend voor onze vriendelijkheid.\" \n\n Vraag aan de VDAB consulent: Kwaliteitsopvolging bij klachten? \n Antwoord of Actie: Op regelmatige basis wordt de kwaliteit van de geregistreerde klachten opgevolgd door de Centrale Klantendienst. De inhoudelijke gegevens (type verzoeker, datum ontvangst, toestemming privacy,...) en de volledigheid en klantgerichtheid van de antwoordbrief worden nagekeken. Eventuele opmerkingen worden persoonlijk opgenomen met de betreffende klantendienst of worden geagendeerd voor het overlegmoment tussen de provinciale klantendiensten. \n\n Vraag aan de VDAB consulent: Klachtenmanager? \n Antwoord of Actie: Ann Otte \n\n Categorie: Servicelijn \n\n Domein: kadering \n\n Tags: klachten \n\n Url: https://intranet-rel1ldv.ops.vdab.be/faq/servicelijn/filosofie-bij-het-omgaan-met-klachten \n\n Type: intranet", "document_translation": "Philosophy when dealing with complaints \n\n background information about the philosophy behind VDAB's complaints management \n\n Question for the VDAB counselor: Why does VDAB do complaint management?? \n Answer or Action: VDAB does complaint management in order to be able to offer a solution to dissatisfied customers in a correct and customer-friendly manner. to check where things go wrong. to come to improvement actions and to be able to deliver better quality. It is therefore important that customers dare to express their dissatisfaction or complaint about the operation of VDAB. The intention is not to target our own employees, but to improve the service. \n\n Question for the VDAB counselor: The conditions for good complaint management? \n Answer or Action: Good complaint management is based on a standardized procedure, which is present at VDAB. The customer must be able to submit his complaint or dissatisfaction in a simple and accessible way and realize that it will not be set aside. The complaints must be handled objectively and neutrally*, with the necessary interaction between VDAB and the customer. There must also be \"aftercare\" in which it is checked whether the complaint has been handled with the necessary care. VDAB strives to meet all these conditions. Background information * Objective and neutral treatment means, among other things.dat an incoming complaint is never handled by: a person who was involved in the facts to which the complaint relates the person who conducted the written correspondence regarding the facts to which the complaint relates. \n\n Question for the VDAB counselor: Professional secrecy in the handling of complaints? \n Answer or Action: According to the complaints decree, the complaint handler is obliged to respect professional secrecy and to observe strict neutrality. Internal info A (logical) organizational consequence of this is that complaints are registered and handled within a closed system and there is no connection with other applications. We do not make mentions of, references to complaints in My career, WDE, ... \n\n Question for the VDAB counselor: Why does VDAB call in the Service Line for complaints?? \n Answer or Action: Clients often feel less inhibited in their story if they can tell this to a mediator who is neutral. \"VDAB Servicelijn will listen to your complaint objectively and record it neutrally. We do not rule on right or wrong, even if the complaint is about our own operation. In addition, you have the advantage of our opening hours and we are known for our friendliness.\" \n\n Question for the VDAB counselor: Quality follow-up in case of complaints? \n Answer or Action: On a regular basis, the quality of the registered complaints is monitored by the Central Customer Service. The substantive data (type of requester, date of receipt, consent privacy,...) and the completeness and customer focus of the response letter are checked. Any comments will be taken personally with the relevant customer service or will be put on the agenda for the consultation moment between the provincial customer services. \n\n Question for the VDAB counselor: Complaints Manager? \n Answer or Action: Ann Otte \n\n Category: Service line \n\n Domain: framing \n\n Tags: complaints \n\n Url: https://intranet-rel1ldv.ops.vdab.be/faq/servicelijn/filosofie-bij-het-omgaan-met-klachten \n\n Type: intranet"}