{"title": "Aan de slag met vdab.be (vroeger: sessies werken met VDAB-tools bij de vakbonden)", "type": "intranet", "field_trefwoorden_name": ["werken met de vdab-tools", "workshop", "vdab-tools", "vakbonden"], "domain_name": ["digitale geletterdheid"], "category_name": "Servicelijn", "field_faq_summary": "Informatie voor consulenten van de Servicelijn over de sessies 'werken met vdab.be' bij de vakbonden.", "url": "https://intranet-rel1ldv.ops.vdab.be/faq/servicelijn/werken-met-vdab-tools-info-en-doe-sessies-bij-de-vakbonden", "content": [["Voor wie?", "Voor elke burger die beter wil leren werken met vdab.be. De sessies zijn voor iedereen een interessante manier om alle mogelijkheden van de vdab-website te leren kennen.  De klant moet: een e-mailadres hebben een wachtwoord en logingegevens hebben voor zijn account voldoende mondeling en schriftelijke taalvaardig zijn (in staat zijn om te navigeren op de website) Achtergrondinfo: GTB meldt ook klanten aan die op mutualiteit staan. Het gaat daarbij om klanten die gemotiveerd zijn om terug aan het werk te gaan en die stappen naar werk aan het ondernemen zijn. Het volgen van de sessies 'Aan de slag met vdab.be' maakt deel uit van de afgesproken stappen binnen het GTB-traject. Digitaal laaggeletterden, verwijzen we naar het ' Aanbod digitaal laaggeletterden' .  "], ["Voor wie niet?", "digitaal laaggeletterden  voor hen is er het Aanbod digitaal laaggeletterden werkzoekenden zonder e-mailadres  de klant heeft een account nodig om in te schrijven"], ["Wat?", "Het programma bestaat uit 2 delen, een informatief gedeelte + een deel waarin de klant zelf aan de slag gaat met zijn eigen account. De klant leert: zijn weg vinden op de VDAB-website en in zijn account wat er verwacht wordt als je werkzoekende bent hoe zijn account gelinkt is aan de VDAB-begeleiding hoe de online tools van VDAB de zoektocht naar werk kunnen vergemakkelijken hoe hij zijn account van VDAB vervolledigt  hoe hij vlotter kan solliciteren via zijn account hoe hij zijn afspraken met VDAB kan opvolgen"], ["Hoe aanvragen?", "Procedure Servicelijn Stap 1 - Inschrijven in de workshop    De klant schrijf zich zelf in de klant moet inloggen of een account aanmaken op vdab.be (een e-mailadres is verplicht) in de opleidingengids kiest hij de workshop van zijn keuze (hoe? zie achtergrondinfo) daar klikt hij op 'Schrijf in' bij de sessie van zijn keuze    VDAB schrijft in (let op dat hij wel voldoende basiskennis heeft, anders verwijs naar Basis ICT) zorg ervoor dat de klant een VDAB-account heeft, met een e-mailadres zoek in de opleidingengids de workshop die de klant wil volgen:  https://www.vdab.be/opleidingen/workshops opgelet: je kan de klant via deze weg aanmelden tot 1 volledige dag voor de sessie, dus voor een sessie op de 30ste, is de uiterste aanmeldingsdatum de 28ste vul onderstaande mail aan en stuur naar digidoe@vdab.be vraag de klant om al een keer in te loggen op leren.vdab.be  om zijn account te activeren  de klant krijgt na inschrijving de bevestigingsmail in zijn mailbox  Dag collega   Kan je onderstaande klant inschrijven voor de vermelde sessie 'werken met vdab.be'?   IKL-nummer en naam: workshop:  datum:   startuur van de sessie: bij vakbond:  Dankjewel.  Met vriendelijke groetenJe naam/ Servicelijn Stap 2 dossier aanvullen vul het verslag aan maak de opdracht Volg de workshop 'Aan de slag met vdab.be' aan zodat in het dossier zichtbaar is dat de klant zich engageerde om zich in te schrijven Je hebt de klant ingeschreven voor de workshop?  Vul dan de opdracht bij 'extra info' aan:  \"Je bent al ingeschreven voor de workshop? Log alvast een keer in op leren.vdab.be, dan ben je klaar om de workshop te volgen. Veel succes' De klant zal automatisch  de afsprakenbundel krijgen   Achtergrondinfo Help hem op weg www.vdab.be > 'Alles over opleidingen' > Workshops Rechtstreeks:  https://www.vdab.be/opleidingen/workshops   >Trefwoord 'vdab.be > kies Workshop ' Aan de slag met vdab.be ' - Hulp nodig: online tutorial * E-mailadres is verplicht, anders kan hij nog niet zelf inschrijven."], ["Waarom kan jij als bemiddelaar de klant niet inschrijven?", "Omdat het systeem dat niet toelaat. Je kan als bemiddelaar geen workshop of online opleiding aanvragen voor een klant. "], ["Waarom staat er bij de sessie 'Telefoon'/ 'Videogesprek'/ 'Webinar'/...?", "De vakbonden pasten hun manier van werken aan omwille van Corona. Ze werken meer digitaal. In de omschrijving bij de workshop lees je of de sessies online zijn of op een locatie."], ["Zichtbaar in MLB of de klant de sessie volgde? (ifv gesprek 6-weken/ 4,5 maand)", "Ja, de vakbonden hebben (beperkte) toegang tot MLP. Zie Tab Begeleiding > Stappen naar werk: DIGINF > de klant volgde de infosessie (de eerste sessie): DIGIDO > de klant volgde de doesessie (de tweede sessie). Achtergrondinfo: De codes achter DIGINF of DIGIDO: Z = klant heeft matchbaar dossier en kan zelfstandig met MLB werken Y = klant kan zelfstandig werken , maar dossier kon niet matchbaar gezet worden X = klant heeft matchbaar dossier, maar kan niet zelfstandig werken W = klant heeft geen matchbaar dossier en kan niet zelfstandig werken   A = klant stroomt door naar doe-sessie B = klant stroomt niet door / is zelfredzaam C = klant  stroomt niet door / moet basis ICT-volgen D = klant  stroomt niet door /te weinig kennis Nederlands E =  klant  stroomt niet door /, nood aan kennis Nederlands en basis ICT F =  klant  stroomt niet door  /  andere reden   !  of  1 : VDAB dient in functie van warme overdracht contact op te nemen met de loopbaan of bijblijfconsulent 0 : geen warme overdracht nodig   "], ["Klant meldt dat hij niet aanwezig kan zijn op de sessie.", "Dan moet hij zich zelf uitschrijven: In de bevestigingsmail die hij kreeg van zijn inschrijving staat hoe hij dat doet. Hij kan ook inloggen in zijn account en daar uitschrijven (bij 'Mijn opleidingen'). "], ["Meer info?", "Lees de uitgebreide informatie in de documenten: Info- en doesessies bij de vakbond \"Aan de slag met vdab.be FAQ's 'Aan de slag met vdab.be': doorverwijzing naar vakbond"]], "link_ankers": [["https://intranet-rel1ldv.ops.vdab.be/faq/servicelijn/digitaal-laaggeletterde-klanten-inschatten-en-aanbod", "Aanbod digitaal laaggeletterden"], ["https://intranet-rel1ldv.ops.vdab.be/faq/servicelijn/digitaal-laaggeletterde-klanten-inschatten-en-aanbod", "Aanbod digitaal laaggeletterden'"]], "title_translation": "Getting started with vdab.be (formerly: sessions working with VDAB tools at the trade unions)", "field_trefwoorden_name_translation": ["workshop", "working with the vdab tools", "vdab tools", "trade unions"], "domain_name_translation": ["digital literacy"], "category_name_translation": "Service line", "field_faq_summary_translation": "Information for service line consultants about the 'working with vdab.be' sessions at the trade unions.", "content_translation": [["For whom?", "For every citizen who wants to learn to work better with vdab.be. The sessions are an interesting way for everyone to get to know all the possibilities of the vdab website.  The customer must: have an e-mail address have a password and login details for his account have sufficient oral and written language skills (be able to navigate on the website) Background info: GTB also registers customers who are on health insurance. These are customers who are motivated to return to work and who are taking steps towards work. Following the sessions 'Getting started with vdab.be' is part of the agreed steps within the GTB process. Digitally illiterate people, we refer to the 'Offer digitally illiterate'."], ["For whom not?", "digitally illiterate for them there is the Offer digitally illiterate job seekers without an e-mail address the customer needs an account to register"], ["What?", "The program consists of 2 parts, an informative part + a part in which the customer gets started with his own account. The customer learns: finding his way on the VDAB website and in his account what is expected when you are a job seeker how his account is linked to the VDAB guidance how VDAB's online tools can facilitate the search for work how he completes his VDAB account how he can apply more easily via his account how he can follow up his appointments with VDAB"], ["How to apply?", "Procedure Service Line Step 1 - Register in the workshop The customer registers himself the customer must log in or create an account on vdab.be (an e-mail address is required) in the training guide he chooses the workshop of his choice (how? see background info) there he clicks on 'Register' at the session of his choice VDAB registers (note that he does have sufficient basic knowledge,  otherwise refer to Basic ICT) make sure the customer has a VDAB account, with an e-mail address find the workshop that the customer wants to follow in the training guide: https://www.vdab.be/opleidingen/workshops attention: you can register the customer up to 1 full day before the session, so for a session on the 30th, the deadline is the 28th fill in the email below and send to digidoe@vdab.be ask the customer to log in once on leren.vdab.be to activate his account the customer receives the confirmation email in his mailbox after registration Hello colleague Can you register the customer below for the mentioned session 'working with vdab.be'?   IKL number and name: workshop: date: start time of the session: at union: Thank you.  With kind regardsYour name/ Service line Step 2 complete the file complete the report create the assignment Follow the workshop 'Getting started with vdab.be' so that it is visible in the file that the customer committed to register You have registered the customer for the workshop?  Then complete the assignment under 'extra info': \"You are already registered for the workshop? Log in to leren.vdab.be once, then you are ready to follow the workshop. Good luck' The customer will automatically receive the appointment bundle Background info Help him on his way www.vdab.be > 'All about training' > Workshops Direct: https://www.vdab.be/opleidingen/workshops >Keyword 'vdab.be > choose Workshop ' Getting started with vdab.be' - Help needed: online tutorial * E-mail address is required, otherwise he cannot register himself yet."], ["Why can't you, as an intermediary, register the customer?", "Because the system does not allow it. As a mediator, you cannot request a workshop or online training for a client."], ["Why does the session say 'Phone'/ 'Video call'/ 'Webinar'/...?", "The trade unions adjusted their way of working because of Corona. They work more digitally. In the description of the workshop you can read whether the sessions are online or at a location."], ["Visible in MLB whether the customer was following the session? (ifv conversation 6-weeks/ 4.5 months)", "Yes, the unions have (limited) access to MLP. See Tab Guidance > Steps to work: DIGINF > the customer followed the info session (the first session): DIGIDO > the customer followed the activity session (the second session). Background info: The codes behind DIGINF or DIGIDO: Z = customer has matchable file and can work independently with MLB Y = customer can work independently, but file could not be matched X = customer has matchable file, but cannot work independently W = customer has no matchable file and cannot work independently A = customer flows through to do-session B = customer does not flow through / is self-reliant C = customer does not flow through / must follow basic ICT D = customer flows not due to /too little knowledge Dutch E = customer does not flow through /, need for knowledge Dutch and basic ICT F = customer does not flow through / other reason !  or 1 : VDAB must contact the career or staying consultant in function of warm transfer 0 : no warm transfer required"], ["Customer reports that he cannot be present at the session.", "Then he has to unsubscribe himself: The confirmation email he received from his registration states how he does this. He can also log in to his account and unsubscribe there (under 'My courses')."], ["More info?", "Read the detailed information in the documents: Info and activity sessions at the union \"Getting started with vdab.be FAQs 'Getting started with vdab.be': referral to trade union"]], "document": "Aan de slag met vdab.be (vroeger: sessies werken met VDAB-tools bij de vakbonden) \n\n Informatie voor consulenten van de Servicelijn over de sessies 'werken met vdab.be' bij de vakbonden. \n\n Vraag aan de VDAB consulent: Voor wie?? \n Antwoord of Actie: Voor elke burger die beter wil leren werken met vdab.be. De sessies zijn voor iedereen een interessante manier om alle mogelijkheden van de vdab-website te leren kennen.  De klant moet: een e-mailadres hebben een wachtwoord en logingegevens hebben voor zijn account voldoende mondeling en schriftelijke taalvaardig zijn (in staat zijn om te navigeren op de website) Achtergrondinfo: GTB meldt ook klanten aan die op mutualiteit staan. Het gaat daarbij om klanten die gemotiveerd zijn om terug aan het werk te gaan en die stappen naar werk aan het ondernemen zijn. Het volgen van de sessies 'Aan de slag met vdab.be' maakt deel uit van de afgesproken stappen binnen het GTB-traject. Digitaal laaggeletterden, verwijzen we naar het ' Aanbod digitaal laaggeletterden' .   \n\n Vraag aan de VDAB consulent: Voor wie niet?? \n Antwoord of Actie: digitaal laaggeletterden  voor hen is er het Aanbod digitaal laaggeletterden werkzoekenden zonder e-mailadres  de klant heeft een account nodig om in te schrijven \n\n Vraag aan de VDAB consulent: Wat?? \n Antwoord of Actie: Het programma bestaat uit 2 delen, een informatief gedeelte + een deel waarin de klant zelf aan de slag gaat met zijn eigen account. De klant leert: zijn weg vinden op de VDAB-website en in zijn account wat er verwacht wordt als je werkzoekende bent hoe zijn account gelinkt is aan de VDAB-begeleiding hoe de online tools van VDAB de zoektocht naar werk kunnen vergemakkelijken hoe hij zijn account van VDAB vervolledigt  hoe hij vlotter kan solliciteren via zijn account hoe hij zijn afspraken met VDAB kan opvolgen \n\n Vraag aan de VDAB consulent: Hoe aanvragen?? \n Antwoord of Actie: Procedure Servicelijn Stap 1 - Inschrijven in de workshop    De klant schrijf zich zelf in de klant moet inloggen of een account aanmaken op vdab.be (een e-mailadres is verplicht) in de opleidingengids kiest hij de workshop van zijn keuze (hoe? zie achtergrondinfo) daar klikt hij op 'Schrijf in' bij de sessie van zijn keuze    VDAB schrijft in (let op dat hij wel voldoende basiskennis heeft, anders verwijs naar Basis ICT) zorg ervoor dat de klant een VDAB-account heeft, met een e-mailadres zoek in de opleidingengids de workshop die de klant wil volgen:  https://www.vdab.be/opleidingen/workshops opgelet: je kan de klant via deze weg aanmelden tot 1 volledige dag voor de sessie, dus voor een sessie op de 30ste, is de uiterste aanmeldingsdatum de 28ste vul onderstaande mail aan en stuur naar digidoe@vdab.be vraag de klant om al een keer in te loggen op leren.vdab.be  om zijn account te activeren  de klant krijgt na inschrijving de bevestigingsmail in zijn mailbox  Dag collega   Kan je onderstaande klant inschrijven voor de vermelde sessie 'werken met vdab.be'?   IKL-nummer en naam: workshop:  datum:   startuur van de sessie: bij vakbond:  Dankjewel.  Met vriendelijke groetenJe naam/ Servicelijn Stap 2 dossier aanvullen vul het verslag aan maak de opdracht Volg de workshop 'Aan de slag met vdab.be' aan zodat in het dossier zichtbaar is dat de klant zich engageerde om zich in te schrijven Je hebt de klant ingeschreven voor de workshop?  Vul dan de opdracht bij 'extra info' aan:  \"Je bent al ingeschreven voor de workshop? Log alvast een keer in op leren.vdab.be, dan ben je klaar om de workshop te volgen. Veel succes' De klant zal automatisch  de afsprakenbundel krijgen   Achtergrondinfo Help hem op weg www.vdab.be > 'Alles over opleidingen' > Workshops Rechtstreeks:  https://www.vdab.be/opleidingen/workshops   >Trefwoord 'vdab.be > kies Workshop ' Aan de slag met vdab.be ' - Hulp nodig: online tutorial * E-mailadres is verplicht, anders kan hij nog niet zelf inschrijven. \n\n Vraag aan de VDAB consulent: Waarom kan jij als bemiddelaar de klant niet inschrijven?? \n Antwoord of Actie: Omdat het systeem dat niet toelaat. Je kan als bemiddelaar geen workshop of online opleiding aanvragen voor een klant.  \n\n Vraag aan de VDAB consulent: Waarom staat er bij de sessie 'Telefoon'/ 'Videogesprek'/ 'Webinar'/...?? \n Antwoord of Actie: De vakbonden pasten hun manier van werken aan omwille van Corona. Ze werken meer digitaal. In de omschrijving bij de workshop lees je of de sessies online zijn of op een locatie. \n\n Vraag aan de VDAB consulent: Zichtbaar in MLB of de klant de sessie volgde? (ifv gesprek 6-weken/ 4,5 maand)? \n Antwoord of Actie: Ja, de vakbonden hebben (beperkte) toegang tot MLP. Zie Tab Begeleiding > Stappen naar werk: DIGINF > de klant volgde de infosessie (de eerste sessie): DIGIDO > de klant volgde de doesessie (de tweede sessie). Achtergrondinfo: De codes achter DIGINF of DIGIDO: Z = klant heeft matchbaar dossier en kan zelfstandig met MLB werken Y = klant kan zelfstandig werken , maar dossier kon niet matchbaar gezet worden X = klant heeft matchbaar dossier, maar kan niet zelfstandig werken W = klant heeft geen matchbaar dossier en kan niet zelfstandig werken   A = klant stroomt door naar doe-sessie B = klant stroomt niet door / is zelfredzaam C = klant  stroomt niet door / moet basis ICT-volgen D = klant  stroomt niet door /te weinig kennis Nederlands E =  klant  stroomt niet door /, nood aan kennis Nederlands en basis ICT F =  klant  stroomt niet door  /  andere reden   !  of  1 : VDAB dient in functie van warme overdracht contact op te nemen met de loopbaan of bijblijfconsulent 0 : geen warme overdracht nodig    \n\n Vraag aan de VDAB consulent: Klant meldt dat hij niet aanwezig kan zijn op de sessie.? \n Antwoord of Actie: Dan moet hij zich zelf uitschrijven: In de bevestigingsmail die hij kreeg van zijn inschrijving staat hoe hij dat doet. Hij kan ook inloggen in zijn account en daar uitschrijven (bij 'Mijn opleidingen').  \n\n Vraag aan de VDAB consulent: Meer info?? \n Antwoord of Actie: Lees de uitgebreide informatie in de documenten: Info- en doesessies bij de vakbond \"Aan de slag met vdab.be FAQ's 'Aan de slag met vdab.be': doorverwijzing naar vakbond \n\n Categorie: Servicelijn \n\n Domein: digitale geletterdheid \n\n Tags: werken met de vdab-tools, workshop, vdab-tools, vakbonden \n\n Url: https://intranet-rel1ldv.ops.vdab.be/faq/servicelijn/werken-met-vdab-tools-info-en-doe-sessies-bij-de-vakbonden \n\n Volgende paginas: Aanbod digitaal laaggeletterden, via https://intranet-rel1ldv.ops.vdab.be/faq/servicelijn/digitaal-laaggeletterde-klanten-inschatten-en-aanbod - Aanbod digitaal laaggeletterden', via https://intranet-rel1ldv.ops.vdab.be/faq/servicelijn/digitaal-laaggeletterde-klanten-inschatten-en-aanbod \n\n Type: intranet", "document_translation": "Getting started with vdab.be (formerly: sessions working with VDAB tools at the trade unions) \n\n Information for service line consultants about the 'working with vdab.be' sessions at the trade unions. \n\n Question for the VDAB counselor: For whom?? \n Answer or Action: For every citizen who wants to learn to work better with vdab.be. The sessions are an interesting way for everyone to get to know all the possibilities of the vdab website.  The customer must: have an e-mail address have a password and login details for his account have sufficient oral and written language skills (be able to navigate on the website) Background info: GTB also registers customers who are on health insurance. These are customers who are motivated to return to work and who are taking steps towards work. Following the sessions 'Getting started with vdab.be' is part of the agreed steps within the GTB process. Digitally illiterate people, we refer to the 'Offer digitally illiterate'. \n\n Question for the VDAB counselor: For whom not?? \n Answer or Action: digitally illiterate for them there is the Offer digitally illiterate job seekers without an e-mail address the customer needs an account to register \n\n Question for the VDAB counselor: What?? \n Answer or Action: The program consists of 2 parts, an informative part + a part in which the customer gets started with his own account. The customer learns: finding his way on the VDAB website and in his account what is expected when you are a job seeker how his account is linked to the VDAB guidance how VDAB's online tools can facilitate the search for work how he completes his VDAB account how he can apply more easily via his account how he can follow up his appointments with VDAB \n\n Question for the VDAB counselor: How to apply?? \n Answer or Action: Procedure Service Line Step 1 - Register in the workshop The customer registers himself the customer must log in or create an account on vdab.be (an e-mail address is required) in the training guide he chooses the workshop of his choice (how? see background info) there he clicks on 'Register' at the session of his choice VDAB registers (note that he does have sufficient basic knowledge,  otherwise refer to Basic ICT) make sure the customer has a VDAB account, with an e-mail address find the workshop that the customer wants to follow in the training guide: https://www.vdab.be/opleidingen/workshops attention: you can register the customer up to 1 full day before the session, so for a session on the 30th, the deadline is the 28th fill in the email below and send to digidoe@vdab.be ask the customer to log in once on leren.vdab.be to activate his account the customer receives the confirmation email in his mailbox after registration Hello colleague Can you register the customer below for the mentioned session 'working with vdab.be'?   IKL number and name: workshop: date: start time of the session: at union: Thank you.  With kind regardsYour name/ Service line Step 2 complete the file complete the report create the assignment Follow the workshop 'Getting started with vdab.be' so that it is visible in the file that the customer committed to register You have registered the customer for the workshop?  Then complete the assignment under 'extra info': \"You are already registered for the workshop? Log in to leren.vdab.be once, then you are ready to follow the workshop. Good luck' The customer will automatically receive the appointment bundle Background info Help him on his way www.vdab.be > 'All about training' > Workshops Direct: https://www.vdab.be/opleidingen/workshops >Keyword 'vdab.be > choose Workshop ' Getting started with vdab.be' - Help needed: online tutorial * E-mail address is required, otherwise he cannot register himself yet. \n\n Question for the VDAB counselor: Why can't you, as an intermediary, register the customer?? \n Answer or Action: Because the system does not allow it. As a mediator, you cannot request a workshop or online training for a client. \n\n Question for the VDAB counselor: Why does the session say 'Phone'/ 'Video call'/ 'Webinar'/...?? \n Answer or Action: The trade unions adjusted their way of working because of Corona. They work more digitally. In the description of the workshop you can read whether the sessions are online or at a location. \n\n Question for the VDAB counselor: Visible in MLB whether the customer was following the session? (ifv conversation 6-weeks/ 4.5 months)? \n Answer or Action: Yes, the unions have (limited) access to MLP. See Tab Guidance > Steps to work: DIGINF > the customer followed the info session (the first session): DIGIDO > the customer followed the activity session (the second session). Background info: The codes behind DIGINF or DIGIDO: Z = customer has matchable file and can work independently with MLB Y = customer can work independently, but file could not be matched X = customer has matchable file, but cannot work independently W = customer has no matchable file and cannot work independently A = customer flows through to do-session B = customer does not flow through / is self-reliant C = customer does not flow through / must follow basic ICT D = customer flows not due to /too little knowledge Dutch E = customer does not flow through /, need for knowledge Dutch and basic ICT F = customer does not flow through / other reason !  or 1 : VDAB must contact the career or staying consultant in function of warm transfer 0 : no warm transfer required \n\n Question for the VDAB counselor: Customer reports that he cannot be present at the session.? \n Answer or Action: Then he has to unsubscribe himself: The confirmation email he received from his registration states how he does this. He can also log in to his account and unsubscribe there (under 'My courses'). \n\n Question for the VDAB counselor: More info?? \n Answer or Action: Read the detailed information in the documents: Info and activity sessions at the union \"Getting started with vdab.be FAQs 'Getting started with vdab.be': referral to trade union \n\n Category: Service line \n\n Domain: digital literacy \n\n Tags: vdab tools, workshop, working with the vdab tools, trade unions \n\n Url: https://intranet-rel1ldv.ops.vdab.be/faq/servicelijn/werken-met-vdab-tools-info-en-doe-sessies-bij-de-vakbonden \n\n Next pages: Aanbod digitaal laaggeletterden, via https://intranet-rel1ldv.ops.vdab.be/faq/servicelijn/digitaal-laaggeletterde-klanten-inschatten-en-aanbod - Aanbod digitaal laaggeletterden', via https://intranet-rel1ldv.ops.vdab.be/faq/servicelijn/digitaal-laaggeletterde-klanten-inschatten-en-aanbod \n\n Type: intranet"}