{"title": "Chat: vragen van klanten en dossierinformatie", "type": "intranet", "field_trefwoorden_name": ["chatten", "chat"], "domain_name": ["chat"], "category_name": "Servicelijn", "field_faq_summary": "Document voor Servicelijnbemiddelaars die de chat bemannen. ", "url": "https://intranet-rel1ldv.ops.vdab.be/faq/servicelijn/chat-vragen-van-klanten-en-dossierinformatie", "content": [["Bellen met een klant naar aanleiding van een chat", "Dat kan.  Lukt het moeilijk om de klant via chat te helpen, bv. omdat de vraag te ingewikkeld is of de klant informatie uit het dossier nodig heeft, dan kan je voorstellen om hem op te bellen.    Procedure Servicelijn:   Probeer de klant zoveel mogelijk via de chat te helpen en digitaal zelfredzaam te maken. Lukt dat niet, stel dan voor om de klant op te bellen: Je hebt  geen andere chat: Vraag de contactgegevens van de klant en bel met hem. Je  chat nog met een andere klant : Zeg dat je nog iets moet afwerken en daarna belt. Je bent ook aan een  mail  bezig:  Je zegt dat je eerst iets moet afwerken en daarna belt.  Je zet de mail even in je workbin en belt met de klant (of laat de mail open staan als je vermoedt dat het een kort telefoongesprek zal zijn). Zie ook alinea:  Hoe schakel je tussen chat en voice? Kan bellen niet tijdens je chatperiode, geef dan het 0800-nummer mee. "], ["Chat en meegeven van dossierinformatie", "We geven geen dossierinformatie mee via chat omwille van privacy en veiligheid van de gegevens van de klant.    Achtergrondinfo: Wat wel kan is de werkzoekende bv uitleggen hoe hij kan inloggen in MLB en hem via chat te helpen bij de verschillende stappen of de werkgever uitleggen waar hij op zoek moet gaan naar gegevens in Mijn VDAB.  Op die manier kan je hem begeleiden zonder zelf in te loggen of hem dossierinfo mee te geven. "], ["Anderstalige klant op de chat", "Procedure Servicelijn Kan je de klant helpen, doe dat dan gerust. Lukt dat niet en spreekt de klant Frans of Engels? Zet op de outbound Frans / Engels via SOS > Campagnes > Frans / Engels  Vul naam, voornaam, adres en telefoonnummer in. RRN/IKL mag je niet bevragen omwille van privacy. Vermeld dat de vraag via chat kwam. Of vraag de klant om te bellen naar ons gratis nummer samen met iemand die Nederlands en de taal van de klant spreekt. Maak eventueel de standaardteksten Standaardantwoorden in WDE - Franstalige versie Standaardantwoorden in WDE - Engelstalige versie"], ["Een dove klant vraagt dossierinformatie via de chat.", "Procedure Servicelijn Laat de klant weten dat we geen dossierinformatie kunnen meegeven via chat omwille van privacy. Dat we dus jammer genoeg niet kunnen helpen via het medium chat voor dossierinformatie. Verwijs naar  www.vdab.be/arbeidshandicap/doventolken.shtml ."], ["Klant meldt technische problemen via de chat", "Vraag hem om te bellen naar 0800 30 700 om het probleem door te geven.  Achtergrondinfo Het is niet evident om een helpdeskmelding te maken via chat of e-mail en daarbij voldoende informatie door te geven. "], ["Er staat geen chat-knop op de website?", "Dat kan. En er kunnen verschillende redenen voor zijn: De chat is alleen zichtbaar op de website als er bij de Servicelijn chatters beschikbaar zijn. De chat staat niet op elke pagina van de website. Wil de klant zeker zijn, verwijs hem dan naar de homepagina. Daar verschijnt hij zeker als er een chatter beschikbaar is. "]], "link_ankers": [["https://intranet-rel1ldv.ops.vdab.be/faq/servicelijn/chat-praktisch-wde", "Hoe schakel je tussen chat en voice?"]], "title_translation": "Chat: customer questions and file information", "field_trefwoorden_name_translation": ["chat"], "domain_name_translation": ["chat"], "category_name_translation": "Service line", "field_faq_summary_translation": "Document for Service line mediators manning the chat. ", "content_translation": [["Calling a customer in response to a chat", "That's possible.  If it is difficult to help the customer via chat, e.g. because the question is too complicated or the customer needs information from the file, you can suggest calling him.    Procedure Service line: Try to help the customer as much as possible via chat and make them digitally self-reliant. If that doesn't work, suggest calling the customer: You don't have another chat: Ask for the customer's contact information and call them. You chat with another customer : Say you have something to finish and then call. You are also working on an email: You say that you have to finish something first and then call.  You put the mail in your workbin and call the customer (or leave the mail open if you suspect it will be a short phone call). See also paragraph: How do you switch between chat and voice? If you cannot call during your chat period, please provide the 0800 number."], ["Chat and provision of file information", "We do not provide file information via chat for the sake of privacy and security of the customer's data.    Background information: What is possible is to explain to the job seeker, for example, how he can log in to MLB and help him via chat with the various steps or explain to the employer where to look for data in My VDAB.  That way you can guide him without having to log in yourself or give him file information."], ["Foreign-speaking customer on the chat", "Procedure Service line If you can help the customer, feel free to do so. Is that not possible and does the customer speak French or English? Put on the outbound French / English via SOS > Campaigns > French / English Enter name, first name, address and telephone number. RRN/IKL may not be questioned for privacy reasons. Mention that the question came via chat. Or ask the customer to call our toll-free number together with someone who speaks Dutch and the customer's language. Optionally, create the default texts Default answers in WDE - French version Default answers in WDE - English version"], ["A deaf customer requests file information via chat.", "Procedure Service line Let the customer know that we cannot provide file information via chat for privacy reasons. That unfortunately we cannot help via the medium chat for file information. Refer to www.vdab.be/arbeidshandicap/doventolken.shtml ."], ["Customer reports technical problems via chat", "Ask him to call 0800 30 700 to report the problem.  Background information It is not easy to make a helpdesk report via chat or e-mail and to pass on sufficient information."], ["There is no chat button on the website?", "That's possible. And there can be several reasons for this: The chat is only visible on the website if chatters are available at the Service line. The chat is not on every page of the website. If the customer wants to be sure, refer him to the homepage. There it will certainly appear if a chatter is available."]], "document": "Chat: vragen van klanten en dossierinformatie \n\n Document voor Servicelijnbemiddelaars die de chat bemannen. \n\n Vraag aan de VDAB consulent: Bellen met een klant naar aanleiding van een chat? \n Antwoord of Actie: Dat kan.  Lukt het moeilijk om de klant via chat te helpen, bv. omdat de vraag te ingewikkeld is of de klant informatie uit het dossier nodig heeft, dan kan je voorstellen om hem op te bellen.    Procedure Servicelijn:   Probeer de klant zoveel mogelijk via de chat te helpen en digitaal zelfredzaam te maken. Lukt dat niet, stel dan voor om de klant op te bellen: Je hebt  geen andere chat: Vraag de contactgegevens van de klant en bel met hem. Je  chat nog met een andere klant : Zeg dat je nog iets moet afwerken en daarna belt. Je bent ook aan een  mail  bezig:  Je zegt dat je eerst iets moet afwerken en daarna belt.  Je zet de mail even in je workbin en belt met de klant (of laat de mail open staan als je vermoedt dat het een kort telefoongesprek zal zijn). Zie ook alinea:  Hoe schakel je tussen chat en voice? Kan bellen niet tijdens je chatperiode, geef dan het 0800-nummer mee.  \n\n Vraag aan de VDAB consulent: Chat en meegeven van dossierinformatie? \n Antwoord of Actie: We geven geen dossierinformatie mee via chat omwille van privacy en veiligheid van de gegevens van de klant.    Achtergrondinfo: Wat wel kan is de werkzoekende bv uitleggen hoe hij kan inloggen in MLB en hem via chat te helpen bij de verschillende stappen of de werkgever uitleggen waar hij op zoek moet gaan naar gegevens in Mijn VDAB.  Op die manier kan je hem begeleiden zonder zelf in te loggen of hem dossierinfo mee te geven.  \n\n Vraag aan de VDAB consulent: Anderstalige klant op de chat? \n Antwoord of Actie: Procedure Servicelijn Kan je de klant helpen, doe dat dan gerust. Lukt dat niet en spreekt de klant Frans of Engels? Zet op de outbound Frans / Engels via SOS > Campagnes > Frans / Engels  Vul naam, voornaam, adres en telefoonnummer in. RRN/IKL mag je niet bevragen omwille van privacy. Vermeld dat de vraag via chat kwam. Of vraag de klant om te bellen naar ons gratis nummer samen met iemand die Nederlands en de taal van de klant spreekt. Maak eventueel de standaardteksten Standaardantwoorden in WDE - Franstalige versie Standaardantwoorden in WDE - Engelstalige versie \n\n Vraag aan de VDAB consulent: Een dove klant vraagt dossierinformatie via de chat.? \n Antwoord of Actie: Procedure Servicelijn Laat de klant weten dat we geen dossierinformatie kunnen meegeven via chat omwille van privacy. Dat we dus jammer genoeg niet kunnen helpen via het medium chat voor dossierinformatie. Verwijs naar  www.vdab.be/arbeidshandicap/doventolken.shtml . \n\n Vraag aan de VDAB consulent: Klant meldt technische problemen via de chat? \n Antwoord of Actie: Vraag hem om te bellen naar 0800 30 700 om het probleem door te geven.  Achtergrondinfo Het is niet evident om een helpdeskmelding te maken via chat of e-mail en daarbij voldoende informatie door te geven.  \n\n Vraag aan de VDAB consulent: Er staat geen chat-knop op de website?? \n Antwoord of Actie: Dat kan. En er kunnen verschillende redenen voor zijn: De chat is alleen zichtbaar op de website als er bij de Servicelijn chatters beschikbaar zijn. De chat staat niet op elke pagina van de website. Wil de klant zeker zijn, verwijs hem dan naar de homepagina. Daar verschijnt hij zeker als er een chatter beschikbaar is. \n\n Categorie: Servicelijn \n\n Domein: chat \n\n Tags: chatten, chat \n\n Url: https://intranet-rel1ldv.ops.vdab.be/faq/servicelijn/chat-vragen-van-klanten-en-dossierinformatie \n\n Volgende paginas: Hoe schakel je tussen chat en voice?, via https://intranet-rel1ldv.ops.vdab.be/faq/servicelijn/chat-praktisch-wde \n\n Type: intranet", "document_translation": "Chat: customer questions and file information \n\n Document for Service line mediators manning the chat. \n\n Question for the VDAB counselor: Calling a customer in response to a chat? \n Answer or Action: That's possible.  If it is difficult to help the customer via chat, e.g. because the question is too complicated or the customer needs information from the file, you can suggest calling him.    Procedure Service line: Try to help the customer as much as possible via chat and make them digitally self-reliant. If that doesn't work, suggest calling the customer: You don't have another chat: Ask for the customer's contact information and call them. You chat with another customer : Say you have something to finish and then call. You are also working on an email: You say that you have to finish something first and then call.  You put the mail in your workbin and call the customer (or leave the mail open if you suspect it will be a short phone call). See also paragraph: How do you switch between chat and voice? If you cannot call during your chat period, please provide the 0800 number. \n\n Question for the VDAB counselor: Chat and provision of file information? \n Answer or Action: We do not provide file information via chat for the sake of privacy and security of the customer's data.    Background information: What is possible is to explain to the job seeker, for example, how he can log in to MLB and help him via chat with the various steps or explain to the employer where to look for data in My VDAB.  That way you can guide him without having to log in yourself or give him file information. \n\n Question for the VDAB counselor: Foreign-speaking customer on the chat? \n Answer or Action: Procedure Service line If you can help the customer, feel free to do so. Is that not possible and does the customer speak French or English? Put on the outbound French / English via SOS > Campaigns > French / English Enter name, first name, address and telephone number. RRN/IKL may not be questioned for privacy reasons. Mention that the question came via chat. Or ask the customer to call our toll-free number together with someone who speaks Dutch and the customer's language. Optionally, create the default texts Default answers in WDE - French version Default answers in WDE - English version \n\n Question for the VDAB counselor: A deaf customer requests file information via chat.? \n Answer or Action: Procedure Service line Let the customer know that we cannot provide file information via chat for privacy reasons. That unfortunately we cannot help via the medium chat for file information. Refer to www.vdab.be/arbeidshandicap/doventolken.shtml . \n\n Question for the VDAB counselor: Customer reports technical problems via chat? \n Answer or Action: Ask him to call 0800 30 700 to report the problem.  Background information It is not easy to make a helpdesk report via chat or e-mail and to pass on sufficient information. \n\n Question for the VDAB counselor: There is no chat button on the website?? \n Answer or Action: That's possible. And there can be several reasons for this: The chat is only visible on the website if chatters are available at the Service line. The chat is not on every page of the website. If the customer wants to be sure, refer him to the homepage. There it will certainly appear if a chatter is available. \n\n Category: Service line \n\n Domain: chat \n\n Tags: chat \n\n Url: https://intranet-rel1ldv.ops.vdab.be/faq/servicelijn/chat-vragen-van-klanten-en-dossierinformatie \n\n Next pages: Hoe schakel je tussen chat en voice?, via https://intranet-rel1ldv.ops.vdab.be/faq/servicelijn/chat-praktisch-wde \n\n Type: intranet"}