{"title": "Schoolverlaters (Engelse mails)", "type": "intranet", "domain_name": ["standaardmails engels"], "category_name": "Servicelijn", "url": "https://intranet-rel1ldv.ops.vdab.be/faq/servicelijn/schoolverlaters-engelse-mails", "content": [["Aanvraag inschakelingsuitkering/ einde BIT - Application for integration allowance/end of the BIT", "Dear Sir/Madam You asked us what to do if your professional integration period has ended and how to apply for your integration allowance.  What does the VDAB do at the end of the BIT? If we suspect that your BIT has ended, we will send you a letter with an integration certificate. This certificate proves that you were registered as a jobseeker with VDAB during the professional integration period.  The registration in your file will automatically change from 'school-leaver in the professional integration period' to 'jobseeker entitled to benefits'. We recommend that you call us if this does not happen. What should you do at the end of the BIT? To apply for your integration allowance, go to your payout institution (union or auxiliary fund) with the following documents: integration certificate from VDAB new registration certificate (A23) RVA form C 109/36 application evidence of your studies any C4 documents optional: a letter from VDAB stating 2 positive evaluations You can read detailed information about applying for your integration allowance on our website.  Do you have any questions? Reply to this email or call us . Best regards VDAB"], ["Campusinschrijving/student al op zoek naar werk - Campus registration/student already looking for work", "Dear Sir/Madam There are several options for students looking for work.  Are you in your final year and would you like to look for work after your studies?  From 1 January to 30 June, you can register with 'a campus registration'.  You can publish your CV in our database so that employers can start contacting you.  After registration, you will also automatically receive job offers by e-mail.  VDAB automatically converts this registration into a registration as a jobseeker in professional integration period (BIT). Read more about registering as a final-year student at vdab.be. Would you like to combine your studies with a job (not a student job)?  You can register as a free jobseeker if you want to (and are able to) combine your studies and work.  One condition is that you are available on the labour market and can accept invitations from VDAB. By registering, you can publish your CV, receive job offers by e-mail and get help with your job search.  If you would prefer not to receive VDAB assistance, you can register without registering as a jobseeker. You will, however, be given the option of publishing your CV in the CV database for employers. What about the professional integration period or BIT? Normally, your professional integration period (BIT) cannot start if you have the status of 'student'.  Registration to start your professional integration period is therefore only necessary once you have completed your studies. We do, however, recommend that you contact the RVA as this is their competence.  Read more about the professional integration period at vdab.be. Do you have any questions? Reply to this email or call us . Best regards VDAB"], ["Doctoreren tijdens BIT/ Doing a PhD during the professional integration period (BIT)", "Dear Sir/Madam You asked whether you have to register with VDAB as a jobseeker in the professional integration period (BIT) during your PhD.  After all, this topic is not within the competence of VDAB. The National Employment Service (RVA) decides on the duration, the start and the end of the BIT. We recommend that you contact RVA as soon as possible.  We can, however, provide you with the following general information: Are you registered as an employee at a university (regular employment contract)?  You don't need to register.  Your BIT starts upon employment.  At the end of your employment you should immediately register with VDAB.  Do you not have a regular employment contract?  Your BIT only starts by registering with VDAB. Please note, if you register, we expect you to accept invitations and job offers from VDAB. Do you have any questions? Reply to this email or call us . Best regards VDAB"], ["Duur beroepsinschakelingstijd/ Duration of the professional integration period", "Dear Sir/Madam The professional integration period (BIT) lasts approximately 1 year. During this year, the VDAB will evaluate your job search behaviour. Your BIT will continue through employment and/or registration as a jobseeker at VDAB.  Are you unemployed? Register as soon as possible as 'I am unemployed in the professional integration period' to get your BIT running. Do you work part-time? Register as 'I'm working part-time and am in the professional integration period'. This way your BIT will continue full-time. Do you have a job with an interim contract? You must be registered on days when you are not working. Are you ill or on holiday?  Then you must deregister at VDAB. Your BIT will last longer because you are not available on the labour market.  If at the end of your BIT you have received 2 positive evaluations from VDAB and you meet the conditions, you will be able to apply for an integration allowance. More information about this and the conditions for an integration allowance can be found on vdab.be/inschakelingsuitkering . Do you have any questions? Reply to this email or call us . Best regards VDAB"], ["Inschrijving als schoolverlater/ Registration as a school leaver", "Dear Sir/Madam It is important that you register with VDAB in time for your professional integration period (BIT) to start after your studies.   Did you finish your studies in June or July? Register as soon as possible as 'I am a jobseeker in the professional integration period' prior to 9 August. Your BIT will then start on 1 August. If you do not register until 10 August or later, it will start the moment you register.  Visit vdab.be for more information about registration and how to do this .  Did you finish your studies in September or during the school year? Register as soon as possible as 'I am a jobseeker and in the professional integration period'. This will start your BIT the moment you register.  Visit vdab.be for more information about registration and how to do this . We will help you with your job search from the moment you are registered. In this step-by-step plan you can read about our approach, what we expect from you and what you can expect from us. We recommend that you also read the frequently asked questions about the BIT.  The following tips can help you in your search: Search for suitable vacancies in our job database . Questions about your CV and cover letter? Have them read by a job application coach and find out how to highlight your strengths. Be sure to read our job application tips . You can find everything about searching for a job, job application coaching, web learning and job info on our youth page .  Computers are available for you in our job shops and training centres. Do you have any questions? Reply to this email or call us . Best regards VDAB"], ["Inschrijving als schoolverlater indien meteen werk/ Registration as a school leaver in the event of immediate employment", "Dear Sir/Madam If you start working immediately, your professional integration period (BIT) starts automatically from your first working day. Do you work full-time? If you work full-time you do not have to register. You may register as a 'employed person still looking for another job'. Do you work part-time but are you looking for a full-time job? Register part-time work from day one as 'I am working part-time during the professional integration period.' We expect you to make continued efforts to seek full-time employment. VDAB will support you with this. By registering, your BIT will continue full-time.  Are you working part-time and not looking for a full-time job?  You don't need to register. Your BIT will then run part-time and will therefore last longer.  Looking for a job again? If you subsequently become a jobseeker again, you must immediately update your work situation to 'I am unemployed/still in the professional integration period'. This way your BIT will continue after your employment. For more information, read ' How to register with VDAB as a jobseeker ' on vdab.be. Do you have any questions? Reply to this email or call us . Best regards VDAB"], ["Jeugdvakantie/ Youth holiday", "Dear Sir/Madam If you are younger than 25 years old and have worked for at least 1 month in the private sector in the year that you graduated, you may be entitled to a youth holiday. However, this is not a VDAB competence. For more information, you can contact your trade union, the Hulpkas [Auxiliary fund] or the RVA . Do you have any questions? Reply to this email or call us . Best regards VDAB"], ["Jongere wil opnieuw studeren/ Young person looking to return to studies", "Dear Sir/Madam Please call us for a chat on toll-free number 0800 30 700. If you intend to resume your studies, and you are in the professional integration period (BIT), it is important that you are properly deregistered. If you are registered with VDAB and you resume your studies in mainstream education, the BIY you have already completed will expire. However, there are also courses where the BIT is put 'on hold'.  That is why we want to review your situation with you and adjust your file correctly according to your BIT. Do you have any questions? Reply to this email or call us . Best regards VDAB"], ["Langdurig verblijf in buitenland tijdens BIT/ Long-term stay abroad during the BIT", "Dear Sir/Madam If you are registered as a jobseeker during the professional integration period (BIT), you have a number of obligations . We expect you to be available on the labour market. If you are abroad, you are therefore not available on the Belgian/Flemish labour market. You must therefore deregister at VDAB. As soon as you are back in Belgium, you must immediately register again. Your BIT will then continue further.  In some situations, the RVA gives you permission to do a job placement/volunteer work/employment (delete as appropriate) abroad. You will then receive an exemption from availability on the labour market, so that the period of your stay abroad does qualify for the BIT. For more information, please contact the RVA . Do you have any questions? Reply to this email or call us . Best regards VDAB"], ["Stage/ Work placement", "Dear Sir/Madam For more information about work placement, we refer you to the following websites: vdab.be/leren-op-de-werkvloer vlaanderen.be (enter 'stage' as search query)  BECI - work placement in Brussels Education Flanders You can also contact the Flemish Info Line on toll-free number 1700, every working day from 9:00 am to 7:00 pm If you are entitled to benefits and would like to combine that with a work placement, you can request an exemption from availability at VDAB.  Do you have any questions? Reply to this email or call us . Best regards VDAB"], ["Studentenarbeid versus inschrijving/ Student work versus registration", "Dear Sir/Madam If you have just graduated and you do not have a job yet, it is best to register with VDAB as soon as possible. This way, the professional integration period (BIT) can start and you make it clear that you are searching for work. Read more about registration and the BIT on vdab.be. Can you still do student work?  Did you complete your studies in June? You can still do student work in the summer months until September 30 after your studies. This may be combined with your registration as a jobseeker during the professional integration period. Read more about student jobs .   Are you finishing your studies in the course of the school or academic year? You are deregistered from school, so you are no longer a student. You can therefore no longer do student work. Register with VDAB immediately so that your BIT will start running and you can look for a job.  Information about how much you are allowed to work, the reduced social security contribution, your salary, the consequences for child benefit/growth package and taxes, etc. can be found on the website Student@Work . Do you have any questions? Reply to this email or call us . Best regards VDAB"], ["Vakantie tijdens de beroepsinschakelingstijd (onvoldoende gegevens)/ Holiday during the professional integration period (insufficient data)", "Dear Sir/Madam If you are registered as a jobseeker during the professional integration period (BIT), we expect you to be available on the labour market. You have rights and obligations .  You are not available when you are on [on holiday/incapacitated for work/ill/etc.] . You must deregister during this period. Please note! When your holiday/incapacity for work is over, you must re-register immediately. This way your BIT will continue.  Would you like to deregister online? Log in to your account .  Go via 'Menu' tot 'Profiel en gewenste jobs'. Here you can click on 'Wijzig' under 'Werksituatie'.  Would you like to deregister by phone? Call us on toll-free number 0800 30 700. Would you like to deregister by email? We would ask you to provide us with the following information, so that we can deregister you. national register number: address: email address: telephone and/or mobile number: highest diploma or educational qualification achieved: holidays start date: Do you have any questions? Reply to this email or call us . Best regards VDAB"], ["Vakantie tijdens beroepsinschakelingstijd (voldoende gegevens)/ Holiday during the professional integration period (sufficient data)", "Dear Sir/Madam   We have deregistered you as a jobseeker. If you are registered as a jobseeker during the professional integration period (BIT), we expect you to be available on the labour market. You have rights and obligations . You are not available when you are on [on holiday/incapacitated for work/ill/etc.] . That's why we deregistered you.  Please note! When your holiday/incapacity for work is over, you must re-register immediately. This way your BIT will continue.  Would you like to register online? Log in to your account .  Go via 'Menu' tot 'Profiel en gewenste jobs'. Here you can click on 'Wijzig' under 'Werksituatie'. Then select 'Ik ben werkloos in beroepsinschakelingstijd'.  Would you like to register by phone? Call us on toll-free number 0800 30 700. Do you have any questions? Reply to this email or call us . Best regards VDAB"], ["Verplichtingen tijdens beroepsinschakelingstijd/ Obligations during the professional integration period", "Dear Sir/Madam You have a number of rights and obligations during your professional integration period (BIT). We expect you to actively look for work and cooperate with VDAB. If you do this, you will receive two positive evaluations from VDAB. You will need this to apply for benefits. You can find your most important rights and obligations as a jobseeker at vdab.be/rechtenenplichten . It is also important that your VDAB file remains up to date in order for your BIT to function correctly.  Do you work full-time? VDAB will automatically deregister you as soon as you have been under contract for at least 4 weeks. Your professional integration period will continue if you have full-time work. Do you work part-time? VDAB will also deregister you in the event of a 4-week contract, unless you adjust your registration to 'Ik werk deeltijds in beroepsinschakelingstijd'.  This is the only way to continue your professional integration period full-time.   Are you looking for a job again? Register immediately after leaving your job as 'Ik ben werkzoekende in beroepsinschakelingstijd' if you have not yet completed the BIT. If your BIT has already ended, select 'Ik ben werkloos'. More information about the BIT can be found on vdab.be/jongeren and on rva.be (under 'Burgers' - 'Werkloosheid' - 'Beroepsinschakeingstijd'). Do you have any questions? Reply to this email or call us . Best regards VDAB"]], "title_translation": "School leavers (English mails)", "domain_name_translation": ["standard emails english"], "category_name_translation": "Service line", "content_translation": [["Application for integration allowance/end of the BIT", "Dear Sir/Madam You asked us what to do if your professional integration period has ended and how to apply for your integration allowance.  What does the VDAB do at the end of the BIT? If we suspect that your BIT has ended, we will send you a letter with an integration certificate. This certificate proves that you were registered as a jobseeker with VDAB during the professional integration period.  The registration in your file will automatically change from 'school-leaver in the professional integration period' to 'jobseeker entitled to benefits'. We recommend that you call us if this does not happen. What should you do at the end of the BIT? To apply for your integration allowance, go to your payout institution (union or auxiliary fund) with the following documents: integration certificate from VDAB new registration certificate (A23) RVA form C 109/36 application evidence of your studies any C4 documents optional: a letter from VDAB stating 2 positive evaluations You can read detailed information about applying for your integration allowance on our website.  Do you have any questions? Reply to this email or call us . Best regards VDAB"], ["Campus registration/student already looking for work", "Dear Sir/Madam There are several options for students looking for work.  Are you in your final year and would you like to look for work after your studies?  From 1 January to 30 June, you can register with 'a campus registration'.  You can publish your CV in our database so that employers can start contacting you.  After registration, you will also automatically receive job offers by e-mail.  VDAB automatically converts this registration into a registration as a jobseeker in professional integration period (BIT). Read more about registering as a final-year student at vdab.be. Would you like to combine your studies with a job (not a student job)?  You can register as a free jobseeker if you want to (and are able to) combine your studies and work.  One condition is that you are available on the labour market and can accept invitations from VDAB. By registering, you can publish your CV, receive job offers by e-mail and get help with your job search.  If you would prefer not to receive VDAB assistance, you can register without registering as a jobseeker. You will, however, be given the option of publishing your CV in the CV database for employers. What about the professional integration period or BIT? Normally, your professional integration period (BIT) cannot start if you have the status of 'student'.  Registration to start your professional integration period is therefore only necessary once you have completed your studies. We do, however, recommend that you contact the RVA as this is their competence.  Read more about the professional integration period at vdab.be. Do you have any questions? Reply to this email or call us . Best regards VDAB"], ["Doctoreren tijdens BIT/ Doing a PhD during the professional integration period (BIT)", "Dear Sir/Madam You asked whether you have to register with VDAB as a jobseeker in the professional integration period (BIT) during your PhD.  After all, this topic is not within the competence of VDAB. The National Employment Service (RVA) decides on the duration, the start and the end of the BIT. We recommend that you contact RVA as soon as possible.  We can, however, provide you with the following general information: Are you registered as an employee at a university (regular employment contract)?  You don't need to register.  Your BIT starts upon employment.  At the end of your employment you should immediately register with VDAB.  Do you not have a regular employment contract?  Your BIT only starts by registering with VDAB. Please note, if you register, we expect you to accept invitations and job offers from VDAB. Do you have any questions? Reply to this email or call us . Best regards VDAB"], ["Duration of the professional integration period", "Dear Sir/Madam The professional integration period (BIT) lasts approximately 1 year. During this year, the VDAB will evaluate your job search behaviour. Your BIT will continue through employment and/or registration as a jobseeker at VDAB.  Are you unemployed? Register as soon as possible as 'I am unemployed in the professional integration period' to get your BIT running. Do you work part-time? Register as 'I'm working part-time and am in the professional integration period'. This way your BIT will continue full-time. Do you have a job with an interim contract? You must be registered on days when you are not working. Are you ill or on holiday?  Then you must deregister at VDAB. Your BIT will last longer because you are not available on the labour market.  If at the end of your BIT you have received 2 positive evaluations from VDAB and you meet the conditions, you will be able to apply for an integration allowance. More information about this and the conditions for an integration allowance can be found on vdab.be/inschakelingsuitkering . Do you have any questions? Reply to this email or call us . Best regards VDAB"], ["Registration as a school leaver", "Dear Sir/Madam It is important that you register with VDAB in time for your professional integration period (BIT) to start after your studies.   Did you finish your studies in June or July? Register as soon as possible as 'I am a jobseeker in the professional integration period' prior to 9 August. Your BIT will then start on 1 August. If you do not register until 10 August or later, it will start the moment you register.  Visit vdab.be for more information about registration and how to do this .  Did you finish your studies in September or during the school year? Register as soon as possible as 'I am a jobseeker and in the professional integration period'. This will start your BIT the moment you register.  Visit vdab.be for more information about registration and how to do this . We will help you with your job search from the moment you are registered. In this step-by-step plan you can read about our approach, what we expect from you and what you can expect from us. We recommend that you also read the frequently asked questions about the BIT.  The following tips can help you in your search: Search for suitable vacancies in our job database . Questions about your CV and cover letter? Have them read by a job application coach and find out how to highlight your strengths. Be sure to read our job application tips . You can find everything about searching for a job, job application coaching, web learning and job info on our youth page .  Computers are available for you in our job shops and training centres. Do you have any questions? Reply to this email or call us . Best regards VDAB"], ["Registration as a school leaver in the event of immediate employment", "Dear Sir/Madam If you start working immediately, your professional integration period (BIT) starts automatically from your first working day. Do you work full-time? If you work full-time you do not have to register. You may register as a 'employed person still looking for another job'. Do you work part-time but are you looking for a full-time job? Register part-time work from day one as 'I am working part-time during the professional integration period.' We expect you to make continued efforts to seek full-time employment. VDAB will support you with this. By registering, your BIT will continue full-time.  Are you working part-time and not looking for a full-time job?  You don't need to register. Your BIT will then run part-time and will therefore last longer.  Looking for a job again? If you subsequently become a jobseeker again, you must immediately update your work situation to 'I am unemployed/still in the professional integration period'. This way your BIT will continue after your employment. For more information, read ' How to register with VDAB as a jobseeker ' on vdab.be. Do you have any questions? Reply to this email or call us . Best regards VDAB"], ["Jeugdvakantie/ Youth holiday", "Dear Sir/Madam If you are younger than 25 years old and have worked for at least 1 month in the private sector in the year that you graduated, you may be entitled to a youth holiday. However, this is not a VDAB competence. For more information, you can contact your trade union, the Hulpkas [Auxiliary fund] or the RVA . Do you have any questions? Reply to this email or call us . Best regards VDAB"], ["Young person looking to return to studies", "Dear Sir/Madam Please call us for a chat on toll-free number 0800 30 700. If you intend to resume your studies, and you are in the professional integration period (BIT), it is important that you are properly deregistered. If you are registered with VDAB and you resume your studies in mainstream education, the BIY you have already completed will expire. However, there are also courses where the BIT is put 'on hold'.  That is why we want to review your situation with you and adjust your file correctly according to your BIT. Do you have any questions? Reply to this email or call us . Best regards VDAB"], ["Long-term stay abroad during the BIT", "Dear Sir/Madam If you are registered as a jobseeker during the professional integration period (BIT), you have a number of obligations . We expect you to be available on the labour market. If you are abroad, you are therefore not available on the Belgian/Flemish labour market. You must therefore deregister at VDAB. As soon as you are back in Belgium, you must immediately register again. Your BIT will then continue further.  In some situations, the RVA gives you permission to do a job placement/volunteer work/employment (delete as appropriate) abroad. You will then receive an exemption from availability on the labour market, so that the period of your stay abroad does qualify for the BIT. For more information, please contact the RVA . Do you have any questions? Reply to this email or call us . Best regards VDAB"], ["Stage/ Work placement", "Dear Sir/Madam For more information about work placement, we refer you to the following websites: vdab.be/leren-op-de-werkvloer vlaanderen.be (enter 'stage' as search query) BECI - work placement in Brussels Education Flanders You can also contact the Flemish Info Line on toll-free number 1700, every working day from 9:00 am to 7:00 pm If you are entitled to benefits and would like to combine that with a work placement,  you can request an exemption from availability at VDAB.  Do you have any questions? Reply to this email or call us . Best regards VDAB"], ["Student work versus registration", "Dear Sir/Madam If you have just graduated and you do not have a job yet, it is best to register with VDAB as soon as possible. This way, the professional integration period (BIT) can start and you make it clear that you are searching for work. Read more about registration and the BIT on vdab.be. Can you still do student work?  Did you complete your studies in June? You can still do student work in the summer months until September 30 after your studies. This may be combined with your registration as a jobseeker during the professional integration period. Read more about student jobs.   Are you finishing your studies in the course of the school or academic year? You are deregistered from school, so you are no longer a student. You can therefore no longer do student work. Register with VDAB immediately so that your BIT will start running and you can look for a job.  Information about how much you are allowed to work, the reduced social security contribution, your salary, the consequences for child benefit/growth package and taxes, etc. can be found on the website Student@Work . Do you have any questions? Reply to this email or call us . Best regards VDAB"], ["Holiday during the professional integration period (insufficient data)", "Dear Sir/Madam If you are registered as a jobseeker during the professional integration period (BIT), we expect you to be available on the labour market. You have rights and obligations .  You are not available when you are on [on holiday/incapacitated for work/ill/etc.] . You must deregister during this period. Please note! When your holiday/incapacity for work is over, you must re-register immediately. This way your BIT will continue.  Would you like to deregister online? Log in to your account .  Go via 'Menu' to 'Profile and desired jobs'. Here you can click on 'Change' under 'Work situation'.  Would you like to deregister by phone? Call us on toll-free number 0800 30 700. Would you like to deregister by email? We would ask you to provide us with the following information, so that we can deregister you. national register number: address: email address: telephone and/or mobile number: highest diploma or educational qualification achieved: holidays start date: Do you have any questions? Reply to this email or call us . Best regards VDAB"], ["Holiday during the professional integration period (sufficient data)", "Dear Sir/Madam We have deregistered you as a jobseeker. If you are registered as a jobseeker during the professional integration period (BIT), we expect you to be available on the labour market. You have rights and obligations . You are not available when you are on [on holiday/incapacitated for work/ill/etc.] . That's why we deregistered you.  Please note! When your holiday/incapacity for work is over, you must re-register immediately. This way your BIT will continue.  Would you like to register online? Log in to your account .  Go via 'Menu' to 'Profile and desired jobs'. Here you can click on 'Change' under 'Work situation'. Then select 'I am unemployed in occupational integration time'.  Would you like to register by phone? Call us on toll-free number 0800 30 700. Do you have any questions? Reply to this email or call us . Best regards VDAB"], ["Obligations during the professional integration period", "Dear Sir/Madam You have a number of rights and obligations during your professional integration period (BIT). We expect you to actively look for work and cooperate with VDAB. If you do this, you will receive two positive evaluations from VDAB. You will need this to apply for benefits. You can find your most important rights and obligations as a jobseeker at vdab.be/rechtenenplichten . It is also important that your VDAB file remains up to date in order for your BIT to function correctly.  Do you work full-time? VDAB will automatically deregister you as soon as you have been under contract for at least 4 weeks. Your professional integration period will continue if you have full-time work. Do you work part-time? VDAB will also deregister you in the event of a 4-week contract, unless you adjust your registration to 'I work part-time in vocational integration time'.  This is the only way to continue your professional integration period full-time.   Are you looking for a job again? Register immediately after leaving your job as 'I am a job seeker in vocational integration time' if you have not yet completed the BIT. If your BIT has already ended, select 'I'm unemployed'. More information about the BIT can be found on vdab.be/jongeren and on rva.be (under 'Burgers' - 'Werkloosheid' - 'Beroepsinschakeingstijd'). Do you have any questions? Reply to this email or call us . Best regards VDAB"]], "document": "Schoolverlaters (Engelse mails) \n\n Vraag aan de VDAB consulent: Aanvraag inschakelingsuitkering/ einde BIT - Application for integration allowance/end of the BIT? \n Antwoord of Actie: Dear Sir/Madam You asked us what to do if your professional integration period has ended and how to apply for your integration allowance.  What does the VDAB do at the end of the BIT? If we suspect that your BIT has ended, we will send you a letter with an integration certificate. This certificate proves that you were registered as a jobseeker with VDAB during the professional integration period.  The registration in your file will automatically change from 'school-leaver in the professional integration period' to 'jobseeker entitled to benefits'. We recommend that you call us if this does not happen. What should you do at the end of the BIT? To apply for your integration allowance, go to your payout institution (union or auxiliary fund) with the following documents: integration certificate from VDAB new registration certificate (A23) RVA form C 109/36 application evidence of your studies any C4 documents optional: a letter from VDAB stating 2 positive evaluations You can read detailed information about applying for your integration allowance on our website.  Do you have any questions? Reply to this email or call us . Best regards VDAB \n\n Vraag aan de VDAB consulent: Campusinschrijving/student al op zoek naar werk - Campus registration/student already looking for work? \n Antwoord of Actie: Dear Sir/Madam There are several options for students looking for work.  Are you in your final year and would you like to look for work after your studies?  From 1 January to 30 June, you can register with 'a campus registration'.  You can publish your CV in our database so that employers can start contacting you.  After registration, you will also automatically receive job offers by e-mail.  VDAB automatically converts this registration into a registration as a jobseeker in professional integration period (BIT). Read more about registering as a final-year student at vdab.be. Would you like to combine your studies with a job (not a student job)?  You can register as a free jobseeker if you want to (and are able to) combine your studies and work.  One condition is that you are available on the labour market and can accept invitations from VDAB. By registering, you can publish your CV, receive job offers by e-mail and get help with your job search.  If you would prefer not to receive VDAB assistance, you can register without registering as a jobseeker. You will, however, be given the option of publishing your CV in the CV database for employers. What about the professional integration period or BIT? Normally, your professional integration period (BIT) cannot start if you have the status of 'student'.  Registration to start your professional integration period is therefore only necessary once you have completed your studies. We do, however, recommend that you contact the RVA as this is their competence.  Read more about the professional integration period at vdab.be. Do you have any questions? Reply to this email or call us . Best regards VDAB \n\n Vraag aan de VDAB consulent: Doctoreren tijdens BIT/ Doing a PhD during the professional integration period (BIT)? \n Antwoord of Actie: Dear Sir/Madam You asked whether you have to register with VDAB as a jobseeker in the professional integration period (BIT) during your PhD.  After all, this topic is not within the competence of VDAB. The National Employment Service (RVA) decides on the duration, the start and the end of the BIT. We recommend that you contact RVA as soon as possible.  We can, however, provide you with the following general information: Are you registered as an employee at a university (regular employment contract)?  You don't need to register.  Your BIT starts upon employment.  At the end of your employment you should immediately register with VDAB.  Do you not have a regular employment contract?  Your BIT only starts by registering with VDAB. Please note, if you register, we expect you to accept invitations and job offers from VDAB. Do you have any questions? Reply to this email or call us . Best regards VDAB \n\n Vraag aan de VDAB consulent: Duur beroepsinschakelingstijd/ Duration of the professional integration period? \n Antwoord of Actie: Dear Sir/Madam The professional integration period (BIT) lasts approximately 1 year. During this year, the VDAB will evaluate your job search behaviour. Your BIT will continue through employment and/or registration as a jobseeker at VDAB.  Are you unemployed? Register as soon as possible as 'I am unemployed in the professional integration period' to get your BIT running. Do you work part-time? Register as 'I'm working part-time and am in the professional integration period'. This way your BIT will continue full-time. Do you have a job with an interim contract? You must be registered on days when you are not working. Are you ill or on holiday?  Then you must deregister at VDAB. Your BIT will last longer because you are not available on the labour market.  If at the end of your BIT you have received 2 positive evaluations from VDAB and you meet the conditions, you will be able to apply for an integration allowance. More information about this and the conditions for an integration allowance can be found on vdab.be/inschakelingsuitkering . Do you have any questions? Reply to this email or call us . Best regards VDAB \n\n Vraag aan de VDAB consulent: Inschrijving als schoolverlater/ Registration as a school leaver? \n Antwoord of Actie: Dear Sir/Madam It is important that you register with VDAB in time for your professional integration period (BIT) to start after your studies.   Did you finish your studies in June or July? Register as soon as possible as 'I am a jobseeker in the professional integration period' prior to 9 August. Your BIT will then start on 1 August. If you do not register until 10 August or later, it will start the moment you register.  Visit vdab.be for more information about registration and how to do this .  Did you finish your studies in September or during the school year? Register as soon as possible as 'I am a jobseeker and in the professional integration period'. This will start your BIT the moment you register.  Visit vdab.be for more information about registration and how to do this . We will help you with your job search from the moment you are registered. In this step-by-step plan you can read about our approach, what we expect from you and what you can expect from us. We recommend that you also read the frequently asked questions about the BIT.  The following tips can help you in your search: Search for suitable vacancies in our job database . Questions about your CV and cover letter? Have them read by a job application coach and find out how to highlight your strengths. Be sure to read our job application tips . You can find everything about searching for a job, job application coaching, web learning and job info on our youth page .  Computers are available for you in our job shops and training centres. Do you have any questions? Reply to this email or call us . Best regards VDAB \n\n Vraag aan de VDAB consulent: Inschrijving als schoolverlater indien meteen werk/ Registration as a school leaver in the event of immediate employment? \n Antwoord of Actie: Dear Sir/Madam If you start working immediately, your professional integration period (BIT) starts automatically from your first working day. Do you work full-time? If you work full-time you do not have to register. You may register as a 'employed person still looking for another job'. Do you work part-time but are you looking for a full-time job? Register part-time work from day one as 'I am working part-time during the professional integration period.' We expect you to make continued efforts to seek full-time employment. VDAB will support you with this. By registering, your BIT will continue full-time.  Are you working part-time and not looking for a full-time job?  You don't need to register. Your BIT will then run part-time and will therefore last longer.  Looking for a job again? If you subsequently become a jobseeker again, you must immediately update your work situation to 'I am unemployed/still in the professional integration period'. This way your BIT will continue after your employment. For more information, read ' How to register with VDAB as a jobseeker ' on vdab.be. Do you have any questions? Reply to this email or call us . Best regards VDAB \n\n Vraag aan de VDAB consulent: Jeugdvakantie/ Youth holiday? \n Antwoord of Actie: Dear Sir/Madam If you are younger than 25 years old and have worked for at least 1 month in the private sector in the year that you graduated, you may be entitled to a youth holiday. However, this is not a VDAB competence. For more information, you can contact your trade union, the Hulpkas [Auxiliary fund] or the RVA . Do you have any questions? Reply to this email or call us . Best regards VDAB \n\n Vraag aan de VDAB consulent: Jongere wil opnieuw studeren/ Young person looking to return to studies? \n Antwoord of Actie: Dear Sir/Madam Please call us for a chat on toll-free number 0800 30 700. If you intend to resume your studies, and you are in the professional integration period (BIT), it is important that you are properly deregistered. If you are registered with VDAB and you resume your studies in mainstream education, the BIY you have already completed will expire. However, there are also courses where the BIT is put 'on hold'.  That is why we want to review your situation with you and adjust your file correctly according to your BIT. Do you have any questions? Reply to this email or call us . Best regards VDAB \n\n Vraag aan de VDAB consulent: Langdurig verblijf in buitenland tijdens BIT/ Long-term stay abroad during the BIT? \n Antwoord of Actie: Dear Sir/Madam If you are registered as a jobseeker during the professional integration period (BIT), you have a number of obligations . We expect you to be available on the labour market. If you are abroad, you are therefore not available on the Belgian/Flemish labour market. You must therefore deregister at VDAB. As soon as you are back in Belgium, you must immediately register again. Your BIT will then continue further.  In some situations, the RVA gives you permission to do a job placement/volunteer work/employment (delete as appropriate) abroad. You will then receive an exemption from availability on the labour market, so that the period of your stay abroad does qualify for the BIT. For more information, please contact the RVA . Do you have any questions? Reply to this email or call us . Best regards VDAB \n\n Vraag aan de VDAB consulent: Stage/ Work placement? \n Antwoord of Actie: Dear Sir/Madam For more information about work placement, we refer you to the following websites: vdab.be/leren-op-de-werkvloer vlaanderen.be (enter 'stage' as search query)  BECI - work placement in Brussels Education Flanders You can also contact the Flemish Info Line on toll-free number 1700, every working day from 9:00 am to 7:00 pm If you are entitled to benefits and would like to combine that with a work placement, you can request an exemption from availability at VDAB.  Do you have any questions? Reply to this email or call us . Best regards VDAB \n\n Vraag aan de VDAB consulent: Studentenarbeid versus inschrijving/ Student work versus registration? \n Antwoord of Actie: Dear Sir/Madam If you have just graduated and you do not have a job yet, it is best to register with VDAB as soon as possible. This way, the professional integration period (BIT) can start and you make it clear that you are searching for work. Read more about registration and the BIT on vdab.be. Can you still do student work?  Did you complete your studies in June? You can still do student work in the summer months until September 30 after your studies. This may be combined with your registration as a jobseeker during the professional integration period. Read more about student jobs .   Are you finishing your studies in the course of the school or academic year? You are deregistered from school, so you are no longer a student. You can therefore no longer do student work. Register with VDAB immediately so that your BIT will start running and you can look for a job.  Information about how much you are allowed to work, the reduced social security contribution, your salary, the consequences for child benefit/growth package and taxes, etc. can be found on the website Student@Work . Do you have any questions? Reply to this email or call us . Best regards VDAB \n\n Vraag aan de VDAB consulent: Vakantie tijdens de beroepsinschakelingstijd (onvoldoende gegevens)/ Holiday during the professional integration period (insufficient data)? \n Antwoord of Actie: Dear Sir/Madam If you are registered as a jobseeker during the professional integration period (BIT), we expect you to be available on the labour market. You have rights and obligations .  You are not available when you are on [on holiday/incapacitated for work/ill/etc.] . You must deregister during this period. Please note! When your holiday/incapacity for work is over, you must re-register immediately. This way your BIT will continue.  Would you like to deregister online? Log in to your account .  Go via 'Menu' tot 'Profiel en gewenste jobs'. Here you can click on 'Wijzig' under 'Werksituatie'.  Would you like to deregister by phone? Call us on toll-free number 0800 30 700. Would you like to deregister by email? We would ask you to provide us with the following information, so that we can deregister you. national register number: address: email address: telephone and/or mobile number: highest diploma or educational qualification achieved: holidays start date: Do you have any questions? Reply to this email or call us . Best regards VDAB \n\n Vraag aan de VDAB consulent: Vakantie tijdens beroepsinschakelingstijd (voldoende gegevens)/ Holiday during the professional integration period (sufficient data)? \n Antwoord of Actie: Dear Sir/Madam   We have deregistered you as a jobseeker. If you are registered as a jobseeker during the professional integration period (BIT), we expect you to be available on the labour market. You have rights and obligations . You are not available when you are on [on holiday/incapacitated for work/ill/etc.] . That's why we deregistered you.  Please note! When your holiday/incapacity for work is over, you must re-register immediately. This way your BIT will continue.  Would you like to register online? Log in to your account .  Go via 'Menu' tot 'Profiel en gewenste jobs'. Here you can click on 'Wijzig' under 'Werksituatie'. Then select 'Ik ben werkloos in beroepsinschakelingstijd'.  Would you like to register by phone? Call us on toll-free number 0800 30 700. Do you have any questions? Reply to this email or call us . Best regards VDAB \n\n Vraag aan de VDAB consulent: Verplichtingen tijdens beroepsinschakelingstijd/ Obligations during the professional integration period? \n Antwoord of Actie: Dear Sir/Madam You have a number of rights and obligations during your professional integration period (BIT). We expect you to actively look for work and cooperate with VDAB. If you do this, you will receive two positive evaluations from VDAB. You will need this to apply for benefits. You can find your most important rights and obligations as a jobseeker at vdab.be/rechtenenplichten . It is also important that your VDAB file remains up to date in order for your BIT to function correctly.  Do you work full-time? VDAB will automatically deregister you as soon as you have been under contract for at least 4 weeks. Your professional integration period will continue if you have full-time work. Do you work part-time? VDAB will also deregister you in the event of a 4-week contract, unless you adjust your registration to 'Ik werk deeltijds in beroepsinschakelingstijd'.  This is the only way to continue your professional integration period full-time.   Are you looking for a job again? Register immediately after leaving your job as 'Ik ben werkzoekende in beroepsinschakelingstijd' if you have not yet completed the BIT. If your BIT has already ended, select 'Ik ben werkloos'. More information about the BIT can be found on vdab.be/jongeren and on rva.be (under 'Burgers' - 'Werkloosheid' - 'Beroepsinschakeingstijd'). Do you have any questions? Reply to this email or call us . Best regards VDAB \n\n Categorie: Servicelijn \n\n Domein: standaardmails engels \n\n Url: https://intranet-rel1ldv.ops.vdab.be/faq/servicelijn/schoolverlaters-engelse-mails \n\n Type: intranet", "document_translation": "School leavers (English mails) \n\n Question for the VDAB counselor: Application for integration allowance/end of the BIT? \n Answer or Action: Dear Sir/Madam You asked us what to do if your professional integration period has ended and how to apply for your integration allowance.  What does the VDAB do at the end of the BIT? If we suspect that your BIT has ended, we will send you a letter with an integration certificate. This certificate proves that you were registered as a jobseeker with VDAB during the professional integration period.  The registration in your file will automatically change from 'school-leaver in the professional integration period' to 'jobseeker entitled to benefits'. We recommend that you call us if this does not happen. What should you do at the end of the BIT? To apply for your integration allowance, go to your payout institution (union or auxiliary fund) with the following documents: integration certificate from VDAB new registration certificate (A23) RVA form C 109/36 application evidence of your studies any C4 documents optional: a letter from VDAB stating 2 positive evaluations You can read detailed information about applying for your integration allowance on our website.  Do you have any questions? Reply to this email or call us . Best regards VDAB \n\n Question for the VDAB counselor: Campus registration/student already looking for work? \n Answer or Action: Dear Sir/Madam There are several options for students looking for work.  Are you in your final year and would you like to look for work after your studies?  From 1 January to 30 June, you can register with 'a campus registration'.  You can publish your CV in our database so that employers can start contacting you.  After registration, you will also automatically receive job offers by e-mail.  VDAB automatically converts this registration into a registration as a jobseeker in professional integration period (BIT). Read more about registering as a final-year student at vdab.be. Would you like to combine your studies with a job (not a student job)?  You can register as a free jobseeker if you want to (and are able to) combine your studies and work.  One condition is that you are available on the labour market and can accept invitations from VDAB. By registering, you can publish your CV, receive job offers by e-mail and get help with your job search.  If you would prefer not to receive VDAB assistance, you can register without registering as a jobseeker. You will, however, be given the option of publishing your CV in the CV database for employers. What about the professional integration period or BIT? Normally, your professional integration period (BIT) cannot start if you have the status of 'student'.  Registration to start your professional integration period is therefore only necessary once you have completed your studies. We do, however, recommend that you contact the RVA as this is their competence.  Read more about the professional integration period at vdab.be. Do you have any questions? Reply to this email or call us . Best regards VDAB \n\n Question for the VDAB counselor: Doctoreren tijdens BIT/ Doing a PhD during the professional integration period (BIT)? \n Answer or Action: Dear Sir/Madam You asked whether you have to register with VDAB as a jobseeker in the professional integration period (BIT) during your PhD.  After all, this topic is not within the competence of VDAB. The National Employment Service (RVA) decides on the duration, the start and the end of the BIT. We recommend that you contact RVA as soon as possible.  We can, however, provide you with the following general information: Are you registered as an employee at a university (regular employment contract)?  You don't need to register.  Your BIT starts upon employment.  At the end of your employment you should immediately register with VDAB.  Do you not have a regular employment contract?  Your BIT only starts by registering with VDAB. Please note, if you register, we expect you to accept invitations and job offers from VDAB. Do you have any questions? Reply to this email or call us . Best regards VDAB \n\n Question for the VDAB counselor: Duration of the professional integration period? \n Answer or Action: Dear Sir/Madam The professional integration period (BIT) lasts approximately 1 year. During this year, the VDAB will evaluate your job search behaviour. Your BIT will continue through employment and/or registration as a jobseeker at VDAB.  Are you unemployed? Register as soon as possible as 'I am unemployed in the professional integration period' to get your BIT running. Do you work part-time? Register as 'I'm working part-time and am in the professional integration period'. This way your BIT will continue full-time. Do you have a job with an interim contract? You must be registered on days when you are not working. Are you ill or on holiday?  Then you must deregister at VDAB. Your BIT will last longer because you are not available on the labour market.  If at the end of your BIT you have received 2 positive evaluations from VDAB and you meet the conditions, you will be able to apply for an integration allowance. More information about this and the conditions for an integration allowance can be found on vdab.be/inschakelingsuitkering . Do you have any questions? Reply to this email or call us . Best regards VDAB \n\n Question for the VDAB counselor: Registration as a school leaver? \n Answer or Action: Dear Sir/Madam It is important that you register with VDAB in time for your professional integration period (BIT) to start after your studies.   Did you finish your studies in June or July? Register as soon as possible as 'I am a jobseeker in the professional integration period' prior to 9 August. Your BIT will then start on 1 August. If you do not register until 10 August or later, it will start the moment you register.  Visit vdab.be for more information about registration and how to do this .  Did you finish your studies in September or during the school year? Register as soon as possible as 'I am a jobseeker and in the professional integration period'. This will start your BIT the moment you register.  Visit vdab.be for more information about registration and how to do this . We will help you with your job search from the moment you are registered. In this step-by-step plan you can read about our approach, what we expect from you and what you can expect from us. We recommend that you also read the frequently asked questions about the BIT.  The following tips can help you in your search: Search for suitable vacancies in our job database . Questions about your CV and cover letter? Have them read by a job application coach and find out how to highlight your strengths. Be sure to read our job application tips . You can find everything about searching for a job, job application coaching, web learning and job info on our youth page .  Computers are available for you in our job shops and training centres. Do you have any questions? Reply to this email or call us . Best regards VDAB \n\n Question for the VDAB counselor: Registration as a school leaver in the event of immediate employment? \n Answer or Action: Dear Sir/Madam If you start working immediately, your professional integration period (BIT) starts automatically from your first working day. Do you work full-time? If you work full-time you do not have to register. You may register as a 'employed person still looking for another job'. Do you work part-time but are you looking for a full-time job? Register part-time work from day one as 'I am working part-time during the professional integration period.' We expect you to make continued efforts to seek full-time employment. VDAB will support you with this. By registering, your BIT will continue full-time.  Are you working part-time and not looking for a full-time job?  You don't need to register. Your BIT will then run part-time and will therefore last longer.  Looking for a job again? If you subsequently become a jobseeker again, you must immediately update your work situation to 'I am unemployed/still in the professional integration period'. This way your BIT will continue after your employment. For more information, read ' How to register with VDAB as a jobseeker ' on vdab.be. Do you have any questions? Reply to this email or call us . Best regards VDAB \n\n Question for the VDAB counselor: Jeugdvakantie/ Youth holiday? \n Answer or Action: Dear Sir/Madam If you are younger than 25 years old and have worked for at least 1 month in the private sector in the year that you graduated, you may be entitled to a youth holiday. However, this is not a VDAB competence. For more information, you can contact your trade union, the Hulpkas [Auxiliary fund] or the RVA . Do you have any questions? Reply to this email or call us . Best regards VDAB \n\n Question for the VDAB counselor: Young person looking to return to studies? \n Answer or Action: Dear Sir/Madam Please call us for a chat on toll-free number 0800 30 700. If you intend to resume your studies, and you are in the professional integration period (BIT), it is important that you are properly deregistered. If you are registered with VDAB and you resume your studies in mainstream education, the BIY you have already completed will expire. However, there are also courses where the BIT is put 'on hold'.  That is why we want to review your situation with you and adjust your file correctly according to your BIT. Do you have any questions? Reply to this email or call us . Best regards VDAB \n\n Question for the VDAB counselor: Long-term stay abroad during the BIT? \n Answer or Action: Dear Sir/Madam If you are registered as a jobseeker during the professional integration period (BIT), you have a number of obligations . We expect you to be available on the labour market. If you are abroad, you are therefore not available on the Belgian/Flemish labour market. You must therefore deregister at VDAB. As soon as you are back in Belgium, you must immediately register again. Your BIT will then continue further.  In some situations, the RVA gives you permission to do a job placement/volunteer work/employment (delete as appropriate) abroad. You will then receive an exemption from availability on the labour market, so that the period of your stay abroad does qualify for the BIT. For more information, please contact the RVA . Do you have any questions? Reply to this email or call us . Best regards VDAB \n\n Question for the VDAB counselor: Stage/ Work placement? \n Answer or Action: Dear Sir/Madam For more information about work placement, we refer you to the following websites: vdab.be/leren-op-de-werkvloer vlaanderen.be (enter 'stage' as search query) BECI - work placement in Brussels Education Flanders You can also contact the Flemish Info Line on toll-free number 1700, every working day from 9:00 am to 7:00 pm If you are entitled to benefits and would like to combine that with a work placement,  you can request an exemption from availability at VDAB.  Do you have any questions? Reply to this email or call us . Best regards VDAB \n\n Question for the VDAB counselor: Student work versus registration? \n Answer or Action: Dear Sir/Madam If you have just graduated and you do not have a job yet, it is best to register with VDAB as soon as possible. This way, the professional integration period (BIT) can start and you make it clear that you are searching for work. Read more about registration and the BIT on vdab.be. Can you still do student work?  Did you complete your studies in June? You can still do student work in the summer months until September 30 after your studies. This may be combined with your registration as a jobseeker during the professional integration period. Read more about student jobs.   Are you finishing your studies in the course of the school or academic year? You are deregistered from school, so you are no longer a student. You can therefore no longer do student work. Register with VDAB immediately so that your BIT will start running and you can look for a job.  Information about how much you are allowed to work, the reduced social security contribution, your salary, the consequences for child benefit/growth package and taxes, etc. can be found on the website Student@Work . Do you have any questions? Reply to this email or call us . Best regards VDAB \n\n Question for the VDAB counselor: Holiday during the professional integration period (insufficient data)? \n Answer or Action: Dear Sir/Madam If you are registered as a jobseeker during the professional integration period (BIT), we expect you to be available on the labour market. You have rights and obligations .  You are not available when you are on [on holiday/incapacitated for work/ill/etc.] . You must deregister during this period. Please note! When your holiday/incapacity for work is over, you must re-register immediately. This way your BIT will continue.  Would you like to deregister online? Log in to your account .  Go via 'Menu' to 'Profile and desired jobs'. Here you can click on 'Change' under 'Work situation'.  Would you like to deregister by phone? Call us on toll-free number 0800 30 700. Would you like to deregister by email? We would ask you to provide us with the following information, so that we can deregister you. national register number: address: email address: telephone and/or mobile number: highest diploma or educational qualification achieved: holidays start date: Do you have any questions? Reply to this email or call us . Best regards VDAB \n\n Question for the VDAB counselor: Holiday during the professional integration period (sufficient data)? \n Answer or Action: Dear Sir/Madam We have deregistered you as a jobseeker. If you are registered as a jobseeker during the professional integration period (BIT), we expect you to be available on the labour market. You have rights and obligations . You are not available when you are on [on holiday/incapacitated for work/ill/etc.] . That's why we deregistered you.  Please note! When your holiday/incapacity for work is over, you must re-register immediately. This way your BIT will continue.  Would you like to register online? Log in to your account .  Go via 'Menu' to 'Profile and desired jobs'. Here you can click on 'Change' under 'Work situation'. Then select 'I am unemployed in occupational integration time'.  Would you like to register by phone? Call us on toll-free number 0800 30 700. Do you have any questions? Reply to this email or call us . Best regards VDAB \n\n Question for the VDAB counselor: Obligations during the professional integration period? \n Answer or Action: Dear Sir/Madam You have a number of rights and obligations during your professional integration period (BIT). We expect you to actively look for work and cooperate with VDAB. If you do this, you will receive two positive evaluations from VDAB. You will need this to apply for benefits. You can find your most important rights and obligations as a jobseeker at vdab.be/rechtenenplichten . It is also important that your VDAB file remains up to date in order for your BIT to function correctly.  Do you work full-time? VDAB will automatically deregister you as soon as you have been under contract for at least 4 weeks. Your professional integration period will continue if you have full-time work. Do you work part-time? VDAB will also deregister you in the event of a 4-week contract, unless you adjust your registration to 'I work part-time in vocational integration time'.  This is the only way to continue your professional integration period full-time.   Are you looking for a job again? Register immediately after leaving your job as 'I am a job seeker in vocational integration time' if you have not yet completed the BIT. If your BIT has already ended, select 'I'm unemployed'. More information about the BIT can be found on vdab.be/jongeren and on rva.be (under 'Burgers' - 'Werkloosheid' - 'Beroepsinschakeingstijd'). Do you have any questions? Reply to this email or call us . Best regards VDAB \n\n Category: Service line \n\n Domain: standard emails english \n\n Url: https://intranet-rel1ldv.ops.vdab.be/faq/servicelijn/schoolverlaters-engelse-mails \n\n Type: intranet"}