{"title": "Stelsel werkloosheid met bedrijfstoeslag: SWT", "type": "intranet", "field_trefwoorden_name": ["55+", "specifieke klantenwerking", "swt"], "domain_name": ["55-plussers"], "category_name": "Servicelijn", "field_faq_summary": "Info voor de SL-bemiddelaar over het Stelsel Werkloosheid met Bedrijfstoeslag (SWT).", "url": "https://intranet-rel1ldv.ops.vdab.be/faq/servicelijn/stelsel-werkloosheid-met-bedrijfstoeslag-swt", "content": [["Wat is SWT", "Een regeling waarbij oudere werknemers uit de privesector bij ontslag, naast een werkloosheidsuitkering ook een bedrijfstoeslag krijgen. SWT is geen  vervroegd pensioen, vroeger noemde deze regeling 'brugpensioen'."], ["Welke vorm van beschikbaarheid heeft een SWT'er", "Aangepaste beschikbaarheid Zie \" Aangepaste beschikbaarheid \" voor meer info."], ["Kan een SWT'er vrijstelling van beschikbaarheid aanvragen", "Zie \" 55+: Vrijstelling van beschikbaarheid voor oudere werkzoekenden > Voor wie? \""], ["In welke categorie wz staat een SWT'er", "Cat. 00"], ["In welke categorie wz bij ziekte", "Dat hangt er van af.  SWT'er behoudt uitkering van RVA Zet dossier op Actiegericht inschatten (AGI) en dispatch naar de regio. Zie:  CS: Actiegericht (her)inschatten (AGI) met DiWi Laat klant ingeschreven staan met cat. 00. Klant is aangepast beschikbaar SWT'er vraagt een ziekte-uitkering aan bij de mutualiteit Schrijf uit met cat.76. "], ["Kan combinatie met ontslagcompensatievergoeding", "Nee. De ontslagcompensatievergoeding is gelijkgesteld aan een opzegvergoeding. Dat betekent: dat de werknemer geen recht heeft op werkloosheidsuitkering tijdens de periode die gedekt is door de ontslagcompensatievergoeding. dat het SWT pas na de periode met ontslagcompensatievergoeding aanvangt. Procedure Servicelijn Schrijf klant in met cat. 10. Informeer de klant: dat de inschrijving als uitkeringsgerechtigd wz, cat. 00 automatisch gebeurt op basis van de ingegeven einddatum. "], ["Valt 'pseudo-brugpensioen' of 'Canada Dry-pensioen' onder SWT", "Nee. Werkzoekenden in pseudo-brugpensioen vallen onder de voorwaarden van volledig actieve beschikbaarheid, tenzij: aangepaste beschikbaarheid omwille van leeftijd. of vrijstelling van beschikbaarheid omwille van leeftijd of beroepsverleden."]], "link_ankers": [["https://intranet-rel1ldv.ops.vdab.be/faq/servicelijn/55-vrijstelling-van-beschikbaarheid-voor-oudere-werkzoekenden", "55+: Vrijstelling van beschikbaarheid voor oudere werkzoekenden &gt; Voor wie?"], ["https://intranet-rel1ldv.ops.vdab.be/faq/servicelijn/hoe-dispatchen-procedures", "CS: Actiegericht (her)inschatten (AGI) met DiWi"], ["https://intranet-rel1ldv.ops.vdab.be/faq/servicelijn/55-aangepaste-beschikbaarheid", "Aangepaste beschikbaarheid"]], "title_translation": "Unemployment scheme with single payment: SWT", "field_trefwoorden_name_translation": ["specific customer operations", "55+", "swt"], "domain_name_translation": ["over-55s"], "category_name_translation": "Service line", "field_faq_summary_translation": "Information for the SL mediator about the Unemployment with Company Allowance (SWT) system.", "content_translation": [["What is SWT", "A scheme whereby older employees from the private sector receive a company allowance in addition to unemployment benefit in the event of dismissal. SWT is not an early pension, it used to be called 'early retirement'."], ["What form of availability does a SWT employee have", "Custom availability See \"Custom availability\" for more info."], ["Can a SWT employee apply for exemption from availability", "See \" 55+: Exemption from availability for older job seekers > For whom? \""], ["In which category wz is a SWT'er", "Cat. 00"], ["In which category wz in disease", "That depends.  SWT employee retains payment from RVA Put file on Action-oriented assessment (AGI) and dispatch to the region. See: CS: Action-oriented (re)assessment (AGI) with DiWi Let customer be registered with cat. 00. Customer is available adapted SWT employee applies for sickness benefit from the health insurance fund Unsubscribe with cat.76."], ["Can combine with severance compensation", "No. The severance compensation payment is equivalent to a termination payment. This means that the employee is not entitled to unemployment benefit during the period covered by the severance compensation. that the SWT only starts after the period with severance compensation. Procedure Service line Register customer with cat. 10. Inform the customer: that the registration as beneficiary wz, cat. 00 is done automatically based on the entered end date."], ["Does 'pseudo-early retirement' or 'Canada Dry pension' fall under SWT", "No. Jobseekers in pseudo-early retirement are subject to the conditions of fully active availability, unless: adjusted availability due to age. or exemption from availability due to age or professional history."]], "document": "Stelsel werkloosheid met bedrijfstoeslag: SWT \n\n Info voor de SL-bemiddelaar over het Stelsel Werkloosheid met Bedrijfstoeslag (SWT). \n\n Vraag aan de VDAB consulent: Wat is SWT? \n Antwoord of Actie: Een regeling waarbij oudere werknemers uit de privesector bij ontslag, naast een werkloosheidsuitkering ook een bedrijfstoeslag krijgen. SWT is geen  vervroegd pensioen, vroeger noemde deze regeling 'brugpensioen'. \n\n Vraag aan de VDAB consulent: Welke vorm van beschikbaarheid heeft een SWT'er? \n Antwoord of Actie: Aangepaste beschikbaarheid Zie \" Aangepaste beschikbaarheid \" voor meer info. \n\n Vraag aan de VDAB consulent: Kan een SWT'er vrijstelling van beschikbaarheid aanvragen? \n Antwoord of Actie: Zie \" 55+: Vrijstelling van beschikbaarheid voor oudere werkzoekenden > Voor wie? \" \n\n Vraag aan de VDAB consulent: In welke categorie wz staat een SWT'er? \n Antwoord of Actie: Cat. 00 \n\n Vraag aan de VDAB consulent: In welke categorie wz bij ziekte? \n Antwoord of Actie: Dat hangt er van af.  SWT'er behoudt uitkering van RVA Zet dossier op Actiegericht inschatten (AGI) en dispatch naar de regio. Zie:  CS: Actiegericht (her)inschatten (AGI) met DiWi Laat klant ingeschreven staan met cat. 00. Klant is aangepast beschikbaar SWT'er vraagt een ziekte-uitkering aan bij de mutualiteit Schrijf uit met cat.76.  \n\n Vraag aan de VDAB consulent: Kan combinatie met ontslagcompensatievergoeding? \n Antwoord of Actie: Nee. De ontslagcompensatievergoeding is gelijkgesteld aan een opzegvergoeding. Dat betekent: dat de werknemer geen recht heeft op werkloosheidsuitkering tijdens de periode die gedekt is door de ontslagcompensatievergoeding. dat het SWT pas na de periode met ontslagcompensatievergoeding aanvangt. Procedure Servicelijn Schrijf klant in met cat. 10. Informeer de klant: dat de inschrijving als uitkeringsgerechtigd wz, cat. 00 automatisch gebeurt op basis van de ingegeven einddatum.  \n\n Vraag aan de VDAB consulent: Valt 'pseudo-brugpensioen' of 'Canada Dry-pensioen' onder SWT? \n Antwoord of Actie: Nee. Werkzoekenden in pseudo-brugpensioen vallen onder de voorwaarden van volledig actieve beschikbaarheid, tenzij: aangepaste beschikbaarheid omwille van leeftijd. of vrijstelling van beschikbaarheid omwille van leeftijd of beroepsverleden. \n\n Categorie: Servicelijn \n\n Domein: 55-plussers \n\n Tags: 55+, specifieke klantenwerking, swt \n\n Url: https://intranet-rel1ldv.ops.vdab.be/faq/servicelijn/stelsel-werkloosheid-met-bedrijfstoeslag-swt \n\n Volgende paginas: 55+: Vrijstelling van beschikbaarheid voor oudere werkzoekenden &gt; Voor wie?, via https://intranet-rel1ldv.ops.vdab.be/faq/servicelijn/55-vrijstelling-van-beschikbaarheid-voor-oudere-werkzoekenden - CS: Actiegericht (her)inschatten (AGI) met DiWi, via https://intranet-rel1ldv.ops.vdab.be/faq/servicelijn/hoe-dispatchen-procedures - Aangepaste beschikbaarheid, via https://intranet-rel1ldv.ops.vdab.be/faq/servicelijn/55-aangepaste-beschikbaarheid \n\n Type: intranet", "document_translation": "Unemployment scheme with single payment: SWT \n\n Information for the SL mediator about the Unemployment with Company Allowance (SWT) system. \n\n Question for the VDAB counselor: What is SWT? \n Answer or Action: A scheme whereby older employees from the private sector receive a company allowance in addition to unemployment benefit in the event of dismissal. SWT is not an early pension, it used to be called 'early retirement'. \n\n Question for the VDAB counselor: What form of availability does a SWT employee have? \n Answer or Action: Custom availability See \"Custom availability\" for more info. \n\n Question for the VDAB counselor: Can a SWT employee apply for exemption from availability? \n Answer or Action: See \" 55+: Exemption from availability for older job seekers > For whom? \" \n\n Question for the VDAB counselor: In which category wz is a SWT'er? \n Answer or Action: Cat. 00 \n\n Question for the VDAB counselor: In which category wz in disease? \n Answer or Action: That depends.  SWT employee retains payment from RVA Put file on Action-oriented assessment (AGI) and dispatch to the region. See: CS: Action-oriented (re)assessment (AGI) with DiWi Let customer be registered with cat. 00. Customer is available adapted SWT employee applies for sickness benefit from the health insurance fund Unsubscribe with cat.76. \n\n Question for the VDAB counselor: Can combine with severance compensation? \n Answer or Action: No. The severance compensation payment is equivalent to a termination payment. This means that the employee is not entitled to unemployment benefit during the period covered by the severance compensation. that the SWT only starts after the period with severance compensation. Procedure Service line Register customer with cat. 10. Inform the customer: that the registration as beneficiary wz, cat. 00 is done automatically based on the entered end date. \n\n Question for the VDAB counselor: Does 'pseudo-early retirement' or 'Canada Dry pension' fall under SWT? \n Answer or Action: No. Jobseekers in pseudo-early retirement are subject to the conditions of fully active availability, unless: adjusted availability due to age. or exemption from availability due to age or professional history. \n\n Category: Service line \n\n Domain: over-55s \n\n Tags: specific customer operations, 55+, swt \n\n Url: https://intranet-rel1ldv.ops.vdab.be/faq/servicelijn/stelsel-werkloosheid-met-bedrijfstoeslag-swt \n\n Next pages: 55+: Vrijstelling van beschikbaarheid voor oudere werkzoekenden &gt; Voor wie?, via https://intranet-rel1ldv.ops.vdab.be/faq/servicelijn/55-vrijstelling-van-beschikbaarheid-voor-oudere-werkzoekenden - CS: Actiegericht (her)inschatten (AGI) met DiWi, via https://intranet-rel1ldv.ops.vdab.be/faq/servicelijn/hoe-dispatchen-procedures - Aangepaste beschikbaarheid, via https://intranet-rel1ldv.ops.vdab.be/faq/servicelijn/55-aangepaste-beschikbaarheid \n\n Type: intranet"}