{"title": "Vacatures en solliciteren (Externe mails)", "type": "intranet", "field_trefwoorden_name": ["standaardmails"], "domain_name": ["standaardmails extern"], "category_name": "Servicelijn", "field_faq_summary": "Standaardmails info@vdab.be", "url": "https://intranet-rel1ldv.ops.vdab.be/faq/servicelijn/vacatures-en-solliciteren", "content": [["AM - Mismatch", "Beste VDAB stuurt vacatures naar alle werkzoekenden. Die vacatures worden automatisch gekozen op basis van de gegevens die je hebt ingegeven in je VDAB-dossier. Als de ontvangen vacatures niet bij je passen, dan raden we je aan om de gegevens in je VDAB-dossier aan te passen aan jouw voorkeuren. Pas je gegevens online aan Log in op je account . Ga via 'Menu' naar 'Profiel en gewenste jobs'. Pas gegevens aan waar nodig. Volg hierbij onze tips over jobsuggesties . Om ongewenste jobs uit je profiel te verwijderen kan je deze stappen volgen: Bij 'Gewenste jobs': verwijder de job via het rode kruisje. Bij 'Competenties' > 'Jobgerelateerde competenties': controleer of de verwijderde job hier nog wordt vermeld. Zo ja, dan moet je alle competenties voor deze job uitschakelen (het balkje naar links schuiven tot je \"nog niet gescoord\" ziet staan).  Pas je gegevens telefonisch aan Bel naar het gratis nummer 0800 30 700. Nog vragen? Antwoord op deze mail of bel ons. Met vriendelijke groeten VDAB  Als klant van VDAB verwacht je de beste dienstverlening. Toch kan het ook eens fout gaan. Heb je een klacht of een probleem ? Meer info over de werking van VDAB en onze privacyvoorschriften vind je in onze disclaimer ."], ["AM - Frans", "Madame/Monsieur    Nous vous remercions de votre interet en notre service.    Nous vous informons que le VDAB (Office Flamand de la Formation Professionnelle et de l'Emploi) est une organisation neerlandophone. Nous sommes tenus a respecter la loi concernant l'utilisation de la langue vehiculaire.    Si vous voulez postuler pour une offre d'emploi vous devez contacter l'employeur directement. Vous trouvez les details de contact en l'offre d'emploi.    Si on demande de postuler chez VDAB il-y-a le texte:    \"Voor meer informatie over deze vacature, kan je steeds terecht bij je plaatselijk VDAB-kantoor. Het adres van een  consulent in je buurt, vind je hier.\"    Dans ce cas nous vous conseillons d'aller au bureau local du VDAB, vous trouvez les donnees sur www.vdab.be/contact.   Salutations distinguees  VDAB   "], ["AM - Interimwerk + inschrijving", "Kiezen! Beste    Alvast bedankt voor je reactie. Wij wensen je veel succes met je job.   Volgens onze gegevens ben je aan het werk via interim. Omdat opdrachten via interim vaak kortlopende opdrachten zijn en je niet elke keer zou moeten in- en uitschrijven bij VDAB blijf je ingeschreven staan als werkzoekende. Om deze reden blijf je ook deze vrijblijvende vacatures ontvangen. Zodra je 28 kalenderdagen onafgebroken werkt via interim wordt je inschrijving bij VDAB volledig automatisch afgesloten en ontvang je geen vacatures meer.    Ter info: indien je na een lange interimperiode (meer dan 28 kalenderdagen) een werkloosheidsuitkering wil aanvragen dan moet je je binnen de 8 kalenderdagen opnieuw inschrijven.    De vacatures verzonden vanuit het e-mailadres am@vdab.be (Automatische Matching) zijn vacatures die automatisch worden geselecteerd op basis van de gegevens in je VDAB-dossier en de gepubliceerde vacatures. Bij een hoge overeenkomst kan je een vacature ontvangen.    Met vriendelijke groeten  VDAB  -------------------------------------------- Beste    Alvast bedankt voor je reactie.    Je bent bij VDAB uitgeschreven als werkzoekende en wij wensen je veel succes met je job.    Ter informatie: wij merken op dat je momenteel aan het werk bent via interim. Wanneer je werkzoekend zou worden dan moet je je onmiddellijk opnieuw inschrijven bij VDAB om je beroepsinschakelingstijd correct te laten doorlopen / een werkloosheidsuitkering te kunnen ontvangen.  Als je hierover nog vragen of opmerkingen hebt en via e-mail wilt reageren, voeg je best je oorspronkelijke bericht en ons antwoord toe aan je nieuwe mail.  Bedankt voor je interesse in onze diensten. Met vriendelijke groeten VDAB  Als klant van VDAB verwacht je de beste dienstverlening. Toch kan het ook eens fout gaan. Heb je  een klacht of een probleem ? Meer info over de werking van VDAB en onze privacyvoorschriften vind je in onze  disclaimer ."], ["AM - Melding sollicitatie", "Beste Veel succes met je sollicitatie.  Het is niet nodig om VDAB via mail op de hoogte te houden van je sollicitaties. We verwachten wel dat je jouw sollicitaties bijhoudt in je VDAB-profiel, op de pagina 'Bewaarde vacatures en sollicitaties'. Hoe bewaar je vacatures en sollicitaties in je account? Log in op je account .  Via het 'Menu' rechtsboven, kun je kiezen voor 'Bewaarde vacatures en sollicitaties'. Bekijk ons instructiefilmpje (80 seconden). Nog vragen? Antwoord op deze mail of bel ons. Met vriendelijke groeten VDAB  Als klant van VDAB verwacht je de beste dienstverlening. Toch kan het ook eens fout gaan. Heb je een klacht of een probleem ? Meer info over de werking van VDAB en onze privacyvoorschriften vind je in onze disclaimer ."], ["AM - Reactie Cat. 80", "Beste We vermoeden dat je bent ingeschreven als deeltijds werkzoekende bij VDAB en bovenop je loon een inkomensgarantieuitkering krijgt van RVA. Wie zich inschrijft als werkzoekende, geeft aan dat hij extra uren of een nieuwe job zoekt. Daarom stuurt VDAB automatisch vacaturesuggesties door, ook naar deeltijds werkzoekenden. Op onze website kan je nalezen welke rechten en plichten je als werkzoekende hebt.  Heb je nog vragen over je werkloosheidsuitkering?  Neem contact op met je uitbetalingsinstelling (vakbond of Hulpkas voor Werkloosheidsuitkeringen).  Nog vragen? Antwoord op deze mail of bel ons. Met vriendelijke groeten VDAB  Als klant van VDAB verwacht je de beste dienstverlening. Toch kan het ook eens fout gaan. Heb je een klacht of een probleem ? Meer info over de werking van VDAB en onze privacyvoorschriften vind je in onze disclaimer ."], ["Informatie over gesloten vacature", "Hier staan 4 mogelijk reacties. Zorg dat je er slechts eentje kiest! Informeren beheerder gesloten vacature Beste collega    Onderstaande e-mail bereikte ons via de mailbox van VDAB ( info@vdab.be ). Deze persoon heeft interesse in de gesloten vacature XXXXXXXX waar jouw naam vermeld staat als beheerder.    Kan je deze persoon zo snel mogelijk contacteren?    Het e-mailadres is XXXXXXXXXX    Alvast bedankt.    Met vriendelijke groeten Naam Bemiddelaar VDAB    ------------------------------------  Solliciteren op gesloten vacature Beste    We vermoeden dat je wenst te solliciteren op de vacature 'XXXXXXXX' in XXXX met vacaturenummer XXXXXXXX.    Voor deze vacature verloopt de eerste selectie via VDAB. We hebben je sollicitatie doorgestuurd naar onze collega die de vacature opvolgt. Hij/Zij zal binnenkort contact met je opnemen.    Ter informatie    Bij sommige vacatures staat onder 'Solliciteren:' volgende tekst:    Voor meer informatie over deze vacature, kan je steeds terecht bij NAAM, +32-xxx of via e-mail  NAAM@vdab.be Je kan rechtstreeks contact opnemen met deze VDAB consulent die de vacature opvolgt. Indien je op dergelijke vacatures via  info@vdab.be  wenst te solliciteren dan hebben wij steeds het VDAB-vacaturenummer van de vacature nodig om de juiste vacature te kunnen opvragen. Dit nummer bestaat steeds uit 8 cijfers.    Na het ontvangen van je cv, motivatie en referentie sturen wij je e-mail door naar de juiste vacaturebeheerder binnen VDAB. Je kan hiervoor ook contact opnemen met VDAB op het gratis nummer 0800 30 700. Vanuit het buitenland kan je ons bereiken op het betalende nummer +32 2 508 38 11.   Met vriendelijke groeten  VDAB  Als klant van VDAB verwacht je de beste dienstverlening. Toch kan het ook eens fout gaan. Heb je  een klacht of een probleem ? Meer info over de werking van VDAB en onze privacyvoorschriften vind je in onze  disclaimer . -------------------------- Informeren klant procedure gesloten vacature Beste    Voor deze vacature verloopt de eerste selectie via VDAB. We hebben je vraag/sollicitatie doorgestuurd naar onze collega die de vacature opvolgt. Hij/Zij zal binnenkort contact met je opnemen.    De selectie kan om verschillende redenen via VDAB verlopen:  - de werkgever vraagt een discrete behandeling voor de vacature  - de kandidaat moet aan bepaalde voorwaarden voldoen omwille van een aanwerving via een bepaalde  tewerkstellingsmaatregel  Als je hierover nog vragen of opmerkingen hebt en via e-mail wilt reageren, voeg je best je oorspronkelijke bericht en ons antwoord toe aan je nieuwe mail.  Bedankt voor je interesse in onze diensten. Met vriendelijke groeten VDAB  Als klant van VDAB verwacht je de beste dienstverlening. Toch kan het ook eens fout gaan. Heb je  een klacht of een probleem ? Meer info over de werking van VDAB en onze privacyvoorschriften vind je in onze  disclaimer . -------------------------- Informatie over gesloten vacature Beste    Voor deze vacature verloopt de eerste selectie via VDAB.  De selectie kan om verschillende redenen via VDAB verlopen:  - de werkgever vraagt een discrete behandeling voor de vacature  - de kandidaat moet aan bepaalde voorwaarden voldoen omwille van een aanwerving via een bepaalde tewerkstellingsmaatregel. Je kan rechtstreeks contact opnemen met deze VDAB-consulent die de vacature opvolgt. Op de vacature staat onder 'Solliciteren:' volgende tekst:    Voor meer informatie over deze vacature, kan je steeds terecht bij NAAM, +32-xxx of via e-mail  NAAM@vdab.be Als je hierover nog vragen of opmerkingen hebt en via e-mail wilt reageren, voeg je best je oorspronkelijke bericht en ons antwoord toe aan je nieuwe mail.  Bedankt voor je interesse in onze diensten. Met vriendelijke groeten VDAB  Als klant van VDAB verwacht je de beste dienstverlening. Toch kan het ook eens fout gaan. Heb je  een klacht of een probleem ? Meer info over de werking van VDAB en onze privacyvoorschriften vind je in onze  disclaimer ."], ["Online sollicitatiecoaching", "Beste Onze online sollicitatiecoaches zijn gespecialiseerd in alles wat te maken heeft met solliciteren. Dit is wat onze coaches voor jou kunnen doen:   Ze geven tips over het opstellen van een cv en motivatiebrief. Ze lezen jouw cv of motivatiebrief na. Je kan een sollicitatiegesprek bij hen oefenen.  Ze beantwoorden al jouw vragen over solliciteren.  Hoe een sollicitatiecoach contacteren? Via het contactformulier . Via chat (uiterst rechts op de pagina) Via telefoon - of videogesprek: maak een afspraak Nog vragen? Antwoord op deze mail of bel ons. Met vriendelijke groeten VDAB  Als klant van VDAB verwacht je de beste dienstverlening. Toch kan het ook eens fout gaan. Heb je een klacht of een probleem ? Meer info over de werking van VDAB en onze privacyvoorschriften vind je in onze disclaimer ."], ["Reactie op uitnodiging door werkgever via KISS", "Beste Je hebt een uitnodiging ontvangen van een werkgever via onze online sollicitantendatabank. Als je hierop een antwoord stuurt via reply, dan komt je antwoord terecht in de mailbox van info@vdab.be en niet bij de werkgever. Je vindt de gegevens om contact op te nemen met de werkgever in de mail die naar je werd gestuurd. Met vriendelijke groeten VDAB  Als klant van VDAB verwacht je de beste dienstverlening. Toch kan het ook eens fout gaan. Heb je  een klacht of een probleem ? Meer info over de werking van VDAB en onze privacyvoorschriften vind je in onze  disclaimer ."], ["Reactie op vacature ontvangen via AM", "Beste Als werkzoekende moet je voldoende solliciteren, maar je kiest zelf voor welke vacatures je dit doet. Je bent dus niet verplicht om te solliciteren op vacatures die VDAB je automatisch bezorgt. Opgelet: sollicitatie-opdrachten die je krijgt van je VDAB-bemiddelaar zijn wel verplicht. Nog vragen? Antwoord op deze mail of bel ons. Met vriendelijke groeten VDAB  Als klant van VDAB verwacht je de beste dienstverlening. Toch kan het ook eens fout gaan. Heb je een klacht of een probleem ? Meer info over de werking van VDAB en onze privacyvoorschriften vind je in onze disclaimer ."], ["Sollicitatie bij VDAB", "Beste Je wil graag bij VDAB werken. We helpen je graag op weg met volgende tips:   Hou onze vacatures in het oog. Meld je aan op de vacaturenieuwsbrief van vlaanderen.be.  Spontaan solliciteren is helaas niet mogelijk.  Met vriendelijke groeten VDAB    Als klant van VDAB verwacht je de beste dienstverlening. Toch kan het ook eens fout gaan. Heb je  een klacht of een probleem ? Meer info over de werking van VDAB en onze privacyvoorschriften vind je in onze  disclaimer ."], ["Sollicitatie via info@vdab.be", "Achtergrondinfo: Deze e-mail niet gebruiken voor sollicitaties op een gesloten vacature. Die stuur je door naar de vacaturebeheerder. Beste Je solliciteerde via info@vdab.be . Dit e-mailadres is enkel beschikbaar voor algemene informatieve vragen over VDAB. Solliciteren moet je rechtstreeks bij de werkgever of het interimkantoor doen. In de vacature vind je terug bij wie en hoe je kan solliciteren. Met het VDAB-vacaturenummer vind je de vacature gemakkelijk terug op vdab.be via ' Zoek een job '. Vind je niet terug bij wie je kan solliciteren of hoe? Reply op deze mail (liefst met het VDAB-vacaturenummer).   Bel naar het gratis nummer 0800 30 700. Met vriendelijke groeten VDAB  Als klant van VDAB verwacht je de beste dienstverlening. Toch kan het ook eens fout gaan. Heb je  een klacht of een probleem ? Meer info over de werking van VDAB en onze privacyvoorschriften vind je in onze  disclaimer ."], ["Telewerk / thuiswerk", "Beste We helpen je graag verder.  Tips om thuiswerk te zoeken Om jobs te vinden die je van thuis kunt uitoefenen, raden we je aan om dit zo als zoekterm in te geven op jobsites. Surf naar www.vdab.be/vindeenjob of andere jobsites en zoek bijvoorbeeld op volgende trefwoorden:  \"werken van thuis\": resultaat van deze zoekopdracht in onze vacaturedatabank. \"thuiswerk\": resultaat van deze zoekopdracht in onze vacaturedatabank. Heb je nog vragen over telewerk? Surf naar de webpagina van FOD WASO over telewerk . Nog vragen? Antwoord op deze mail of bel ons. Met vriendelijke groeten VDAB  Als klant van VDAB verwacht je de beste dienstverlening. Toch kan het ook eens fout gaan. Heb je een klacht of een probleem ? Meer info over de werking van VDAB en onze privacyvoorschriften vind je in onze disclaimer ."], ["Vacatures vinden", "Beste Je kan op verschillende manieren op zoek naar interessante vacatures. Via VDAB: Zoek vacatures in onze vacaturebank . Log in op je account om je persoonlijke jobsuggesties te bekijken. Bewaar een of meer bewaarde zoekopdrachten . Via andere kanalen: Vacatures vind je ook via andere kanalen zoals jobsites, interimkantoren, je netwerk of websites van bedrijven. Op onze website staan verschillende manieren om vacatures te zoeken gebundeld.  Nog vragen? Antwoord op deze mail of bel ons. Met vriendelijke groeten VDAB  Als klant van VDAB verwacht je de beste dienstverlening. Toch kan het ook eens fout gaan. Heb je een klacht of een probleem ? Meer info over de werking van VDAB en onze privacyvoorschriften vind je in onze disclaimer ."], ["Werken in het buitenland", "Beste Wie wil werken in het buitenland moet rekening houden met verschillende aspecten. We raden je aan om onze internationale webpagina te raadplegen. Je vindt er informatie (over belastingen, sociale zekerheid, werk zoeken, formaliteiten) en doorverwijzingen aangepast aan jouw situatie. Heb je nog vragen over werken binnen de EER? Mail dan naar international@vdab.be . Heb je nog vragen over werken buiten de EER? Contacteer dan de ambassade van het land waar je wil werken. Contactgegevens vind je via de webpagina van FOD Buitenlandse Zaken .  Nog vragen? Antwoord op deze mail of bel ons. Met vriendelijke groeten VDAB  Als klant van VDAB verwacht je de beste dienstverlening. Toch kan het ook eens fout gaan. Heb je een klacht of een probleem ? Meer info over de werking van VDAB en onze privacyvoorschriften vind je in onze disclaimer ."], ["Gratis treinticket om te solliciteren", "Beste Je wil graag een gratis treinticket gebruiken om te solliciteren. Op  vdab.be/mobiliteit  kan je lezen of je recht hebt op een gratis treinticket en hoe je dit kan aanvragen. Nog vragen? Antwoord op deze mail of  bel  ons. Met vriendelijke groeten VDAB  Als klant van VDAB verwacht je de beste dienstverlening. Toch kan het ook eens fout gaan. Heb je een klacht of een probleem? Meer info over de werking van VDAB en onze privacyvoorschriften vind je in onze  disclaimer ."], ["Terugbetaling aangekocht treinticket", "Beste Als bijlage vind je het aanvraagformulier voor terugbetaling van je aangekochte treinticket. Wat nu? Vervolledig het formulier. Verzamel: het aanvraagformulier het gebruikte treinticket of kopie, een bewijs van aanwezigheid op de sollicitatie, en het bewijs van uitnodiging voor de sollicitatie. Stuur alle bewijzen naar: vergoedingen@vdab.be of VDAB Centrale Diensten t.a.v. Centraal Team Cursistenadministratie, Keizerslaan 11, 1000 Brussel. Nog vragen? Antwoord op deze mail of  bel  ons. Met vriendelijke groeten VDAB Als klant van VDAB verwacht je de beste dienstverlening. Toch kan het ook eens fout gaan.  Heb je een klacht of een probleem?  Meer info over de werking van VDAB en onze privacyvoorschriften vind je in onze  disclaimer ."], ["Annulatie besteld treinticket", "Beste Wij bestelden voor onze klant [Voornaam Naam] met het E-ticketing platform een treinticket voor een reis die niet kan doorgaan. De gegevens van de reis: ticketnummer: datum van afreis: vertrekstation: aankomststation:  Is het mogelijk om dit ticket te annuleren, a.u.b.? Met vriendelijke groeten VDAB"]], "link_ankers": [["https://intranet-rel1ldv.ops.vdab.be/faq/servicelijn/externe-standaardmails-report", "Externe standaardmails - report"]], "title_translation": "Vacancies and applications (External mails)", "field_trefwoorden_name_translation": ["standard emails"], "domain_name_translation": ["standard emails external"], "category_name_translation": "Service line", "field_faq_summary_translation": "Standard emails info@vdab.be", "content_translation": [["AM - Mismatch", "Best VDAB sends vacancies to all job seekers. These vacancies are automatically chosen based on the data you have entered in your VDAB file. If the vacancies received do not suit you, we advise you to adjust the data in your VDAB file to your preferences. Customize your details online Log in to your account. Go to 'Profile and desired jobs' via 'Menu'. Adjust data as needed. Follow our tips on job suggestions. To remove unwanted jobs from your profile, you can follow these steps: Under 'Desired jobs': delete the job via the red cross. Under 'Competencies' > 'Job-related competencies': check whether the deleted job is still listed here. If so, you must disable all competencies for this job (slide the bar to the left until you see \"not yet scored\").  Change your details by phone Call the free number 0800 30 700. Any questions? Reply to this email or call us. With kind regards VDAB As a customer of VDAB you expect the best service. However, things can also go wrong. Do you have a complaint or a problem? More information about the operation of VDAB and our privacy regulations can be found in our disclaimer."], ["AM - French", "Madame/Monsieur Nous vous remercions de votre interet en notre service.    Nous vous informons que le VDAB (Office Flamand de la Formation Professionnelle et de l'Emploi) est une organisation neerlandophone. Nous sommes tenus a respecter la loi concernant l'utilisation de la langue vehicular.    Si vous voulez postuler pour une offre d'emploi vous devez contacter l'employeur directement. Vous trouvez les details de contact en l'offre d'emploi.    Si on demande de postuler chez VDAB il-y-a le texte: \"For more information about this vacancy, you can always contact your local VDAB office. The address of a consultant in your area can be found here.\"    Dans ce cas nous vous conseillons d'aller au bureau local du VDAB, vous trouvez les donn\u00e9es sur www.vdab.be/contact.   Salutations distinguees VDAB"], ["AM - Interim work + registration", "Choose! Dear Thank you in advance for your comment. We wish you the best of luck with your job.   According to our data, you are working through interim. Because assignments via interim are often short-term assignments and you should not have to register and deregister with VDAB every time, you remain registered as a job seeker. For this reason, you will continue to receive these non-binding vacancies. As soon as you work continuously for 28 calendar days via interim, your registration with VDAB will be closed fully automatically and you will no longer receive any vacancies.    FYI: if you want to apply for unemployment benefit after a long interim period (more than 28 calendar days), you must register again within 8 calendar days.    The vacancies sent from the e-mail address am@vdab.be (Automatic Matching) are vacancies that are automatically selected based on the data in your VDAB file and the published vacancies. With a high agreement you can receive a vacancy.    With kind regards VDAB -------------------------------------------- Dear Thank you in advance for your comment.    You have been deregistered as a job seeker at VDAB and we wish you every success with your job.    For your information: we note that you are currently working through interim. If you were to become a job seeker, you must immediately re-register with VDAB in order to have your vocational integration period completed correctly / to be able to receive unemployment benefit.  If you have any questions or comments about this and would like to respond via email, please add your original message and our reply to your new email.  Thank you for your interest in our services. With kind regards VDAB As a customer of VDAB you expect the best service. However, things can also go wrong. Do you have a complaint or a problem? More information about the operation of VDAB and our privacy regulations can be found in our disclaimer."], ["AM - Notification application", "Dear Good luck with your application.  It is not necessary to keep VDAB informed of your applications by e-mail. We do expect you to keep track of your applications in your VDAB profile, on the page 'Saved vacancies and applications'. How do you save jobs and applications in your account? Log in to your account.  Via the 'Menu' at the top right, you can choose 'Saved vacancies and applications'. Watch our instruction video (80 seconds). Any questions? Reply to this email or call us. With kind regards VDAB As a customer of VDAB you expect the best service. However, things can also go wrong. Do you have a complaint or a problem? More information about the operation of VDAB and our privacy regulations can be found in our disclaimer."], ["AM - Comment Cat. 80", "Dear We suspect that you are registered as a part-time jobseeker with VDAB and receive an income guarantee benefit from the RVA on top of your salary. Those who register as job seekers indicate that they are looking for extra hours or a new job. That is why VDAB automatically sends job suggestions, also to part-time job seekers. On our website you can read what rights and obligations you have as a job seeker.  Do you have any questions about your unemployment benefit?  Contact your payment institution (trade union or Auxiliary Fund for Unemployment Benefits).  Any questions? Reply to this email or call us. With kind regards VDAB As a customer of VDAB you expect the best service. However, things can also go wrong. Do you have a complaint or a problem? More information about the operation of VDAB and our privacy regulations can be found in our disclaimer."], ["Information about closed vacancy", "Here are 4 possible responses. Make sure you choose just one! Inform administrator closed vacancy Dear colleague The e-mail below reached us via the mailbox of VDAB ( info@vdab.be ). This person is interested in the closed vacancy XXXXXXXX where your name is listed as an administrator.    Can you contact this person as soon as possible?    The email address is XXXXXXXXXX Thanks in advance.    With kind regards Name Mediator VDAB ------------------------------------ Apply for closed vacancy Dear We suspect that you wish to apply for the vacancy 'XXXXXXXX' in XXXX with vacancy number XXXXXXXX.    The first selection for this vacancy is made via VDAB. We have forwarded your application to our colleague who will follow up the vacancy. He/She will contact you shortly.    For your information, for some vacancies there is the following text under 'Apply:': For more information about this vacancy, you can always contact NAME, +32-xxx or via e-mail NAAM@vdab.be You can contact this VDAB consultant directly who will follow up the vacancy. If you wish to apply for such vacancies via info@vdab.be, we always need the VDAB vacancy number of the vacancy to be able to request the correct vacancy. This number always consists of 8 digits.    After receiving your CV, motivation and reference, we will forward your e-mail to the right vacancy manager within VDAB. You can also contact VDAB on the free number 0800 30 700. From abroad you can reach us on the paying number +32 2 508 38 11.   With kind regards VDAB As a customer of VDAB you expect the best service. However, things can also go wrong. Do you have a complaint or a problem? More information about the operation of VDAB and our privacy regulations can be found in our disclaimer. -------------------------- Informing customer procedure closed vacancy Best For this vacancy, the first selection is made via VDAB. We have forwarded your question/application to our colleague who will follow up the vacancy. He/She will contact you shortly.    The selection can be made via VDAB for various reasons: - the employer asks for discreet treatment for the vacancy - the candidate must meet certain conditions because of a recruitment via a certain employment measure If you have any questions or comments about this and want to respond via e-mail, it is best to add your original message and our reply to your new e-mail.  Thank you for your interest in our services. With kind regards VDAB As a customer of VDAB you expect the best service. However, things can also go wrong. Do you have a complaint or a problem? More information about the operation of VDAB and our privacy regulations can be found in our disclaimer. -------------------------- Information about closed vacancy Best For this vacancy, the first selection is made via VDAB.  The selection can take place via VDAB for various reasons: - the employer asks for discreet treatment for the vacancy - the candidate must meet certain conditions because of a recruitment via a certain employment measure. You can contact this VDAB consultant directly who will follow up the vacancy. On the vacancy under 'Apply:' is the following text: For more information about this vacancy, you can always contact NAME, +32-xxx or via e-mail NAAM@vdab.be If you have any questions or comments about this and would like to respond via e-mail, it is best to add your original message and our reply to your new e-mail.  Thank you for your interest in our services. With kind regards VDAB As a customer of VDAB you expect the best service. However, things can also go wrong. Do you have a complaint or a problem? More information about the operation of VDAB and our privacy regulations can be found in our disclaimer."], ["Online application coaching", "Best Our online application coaches are specialized in everything related to applying for a job. Here's what our coaches can do for you: They give tips on how to prepare a resume and cover letter. They will read your CV or motivation letter. You can practice a job interview with them.  They answer all your questions about applying for a job.  How to contact an application coach? Via the contact form. Via chat (far right of the page) By phone or video call: make an appointment Any questions? Reply to this email or call us. With kind regards VDAB As a customer of VDAB you expect the best service. However, things can also go wrong. Do you have a complaint or a problem? More information about the operation of VDAB and our privacy regulations can be found in our disclaimer."], ["Response to invitation by employer via KISS", "Dear You have received an invitation from an employer via our online applicant database. If you send an answer to this via reply, your answer will end up in the mailbox of info@vdab.be and not with the employer. You will find the details to contact the employer in the email that was sent to you. With kind regards VDAB As a customer of VDAB you expect the best service. However, things can also go wrong. Do you have a complaint or a problem? More information about the operation of VDAB and our privacy regulations can be found in our disclaimer."], ["Respond to vacancy received via AM", "Best As a job seeker you have to apply sufficiently, but you choose for which vacancies you do this. You are therefore not obliged to apply for vacancies that VDAB automatically provides you. Please note: application assignments that you receive from your VDAB mediator are mandatory. Any questions? Reply to this email or call us. With kind regards VDAB As a customer of VDAB you expect the best service. However, things can also go wrong. Do you have a complaint or a problem? More information about the operation of VDAB and our privacy regulations can be found in our disclaimer."], ["Application at VDAB", "Dear You would like to work at VDAB. We are happy to help you on your way with the following tips: Keep an eye on our vacancies. Subscribe to the vlaanderen.be vacancy newsletter.  Unfortunately, it is not possible to apply spontaneously.  With kind regards VDAB As a customer of VDAB you expect the best service. However, things can also go wrong. Do you have a complaint or a problem? More information about the operation of VDAB and our privacy regulations can be found in our disclaimer."], ["Application via info@vdab.be", "Background info: Do not use this e-mail for applications for a closed vacancy. You send it to the vacancy manager. Dear You applied through info@vdab.be . This e-mail address is only available for general informational questions about VDAB. You must apply directly to the employer or the interim agency. In the vacancy you will find who and how you can apply. With the VDAB vacancy number you can easily find the vacancy on vdab.be via 'Search a job'. Can't find who you can apply to or how? Reply to this email (preferably with the VDAB vacancy number).   Call the free number 0800 30 700. With kind regards VDAB As a customer of VDAB you expect the best service. However, things can also go wrong. Do you have a complaint or a problem? More information about the operation of VDAB and our privacy regulations can be found in our disclaimer."], ["Telework / homework", "Dear We are happy to help you.  Tips for looking for work from home To find jobs that you can do from home, we recommend that you enter this as a search term on job boards. Surf to www.vdab.be/vindeenjob or other job boards and search for the following keywords, for example: \"working from home\": result of this search in our job database. \"work from home\": result of this search in our job database. Do you have any questions about teleworking? Surf to the FPS WASO webpage on teleworking. Any questions? Reply to this email or call us. With kind regards VDAB As a customer of VDAB you expect the best service. However, things can also go wrong. Do you have a complaint or a problem? More information about the operation of VDAB and our privacy regulations can be found in our disclaimer."], ["Find vacancies", "Best You can search for interesting vacancies in different ways. Via VDAB: Search vacancies in our job board. Log in to your account to view your personal job suggestions. Save one or more saved searches. Via other channels: You can also find vacancies through other channels such as job boards, interim offices, your network or company websites. On our website there are different ways to search for vacancies.  Any questions? Reply to this email or call us. With kind regards VDAB As a customer of VDAB you expect the best service. However, things can also go wrong. Do you have a complaint or a problem? More information about the operation of VDAB and our privacy regulations can be found in our disclaimer."], ["Working abroad", "Best Those who want to work abroad must take into account various aspects. We recommend that you consult our international webpage. You will find information (about taxes, social security, job search, formalities) and referrals adapted to your situation. Do you have any questions about working within the EEA? Mail to international@vdab.be. Do you have any questions about working outside the EEA? Then contact the embassy of the country where you want to work. Contact details can be found via the webpage of FPS Foreign Affairs.  Any questions? Reply to this email or call us. With kind regards VDAB As a customer of VDAB you expect the best service. However, things can also go wrong. Do you have a complaint or a problem? More information about the operation of VDAB and our privacy regulations can be found in our disclaimer."], ["Free train ticket to apply", "Dear You would like to use a free train ticket to apply. On vdab.be/mobiliteit you can read whether you are entitled to a free train ticket and how you can request it. Any questions? Reply to this email or call us. With kind regards VDAB As a customer of VDAB you expect the best service. However, things can also go wrong. Do you have a complaint or a problem? More information about the operation of VDAB and our privacy regulations can be found in our disclaimer."], ["Refund purchased train ticket", "Best As an attachment you will find the request form for a refund of your purchased train ticket. What's next? Complete the form. Collect: the application form, the train ticket or copy used, proof of attendance on the application, and proof of invitation to the application. Send all proofs to: vergoedingen@vdab.be or VDAB Centrale Diensten attn. Central Team Student Administration, Keizerslaan 11, 1000 Brussels. Any questions? Reply to this email or call us. With kind regards VDAB As a customer of VDAB you expect the best service. However, things can also go wrong.  Do you have a complaint or a problem?  More information about the operation of VDAB and our privacy regulations can be found in our disclaimer."], ["Cancellation ordered train ticket", "Dear We ordered for our customer [First Name Name] with the E-ticketing platform a train ticket for a trip that cannot take place. Travel details: ticket number: date of departure: departure station: arrival station: Is it possible to cancel this ticket, please? With kind regards VDAB"]], "document": "Vacatures en solliciteren (Externe mails) \n\n Standaardmails info@vdab.be \n\n Vraag aan de VDAB consulent: AM - Mismatch? \n Antwoord of Actie: Beste VDAB stuurt vacatures naar alle werkzoekenden. Die vacatures worden automatisch gekozen op basis van de gegevens die je hebt ingegeven in je VDAB-dossier. Als de ontvangen vacatures niet bij je passen, dan raden we je aan om de gegevens in je VDAB-dossier aan te passen aan jouw voorkeuren. Pas je gegevens online aan Log in op je account . Ga via 'Menu' naar 'Profiel en gewenste jobs'. Pas gegevens aan waar nodig. Volg hierbij onze tips over jobsuggesties . Om ongewenste jobs uit je profiel te verwijderen kan je deze stappen volgen: Bij 'Gewenste jobs': verwijder de job via het rode kruisje. Bij 'Competenties' > 'Jobgerelateerde competenties': controleer of de verwijderde job hier nog wordt vermeld. Zo ja, dan moet je alle competenties voor deze job uitschakelen (het balkje naar links schuiven tot je \"nog niet gescoord\" ziet staan).  Pas je gegevens telefonisch aan Bel naar het gratis nummer 0800 30 700. Nog vragen? Antwoord op deze mail of bel ons. Met vriendelijke groeten VDAB  Als klant van VDAB verwacht je de beste dienstverlening. Toch kan het ook eens fout gaan. Heb je een klacht of een probleem ? Meer info over de werking van VDAB en onze privacyvoorschriften vind je in onze disclaimer . \n\n Vraag aan de VDAB consulent: AM - Frans? \n Antwoord of Actie: Madame/Monsieur    Nous vous remercions de votre interet en notre service.    Nous vous informons que le VDAB (Office Flamand de la Formation Professionnelle et de l'Emploi) est une organisation neerlandophone. Nous sommes tenus a respecter la loi concernant l'utilisation de la langue vehiculaire.    Si vous voulez postuler pour une offre d'emploi vous devez contacter l'employeur directement. Vous trouvez les details de contact en l'offre d'emploi.    Si on demande de postuler chez VDAB il-y-a le texte:    \"Voor meer informatie over deze vacature, kan je steeds terecht bij je plaatselijk VDAB-kantoor. Het adres van een  consulent in je buurt, vind je hier.\"    Dans ce cas nous vous conseillons d'aller au bureau local du VDAB, vous trouvez les donnees sur www.vdab.be/contact.   Salutations distinguees  VDAB    \n\n Vraag aan de VDAB consulent: AM - Interimwerk + inschrijving? \n Antwoord of Actie: Kiezen! Beste    Alvast bedankt voor je reactie. Wij wensen je veel succes met je job.   Volgens onze gegevens ben je aan het werk via interim. Omdat opdrachten via interim vaak kortlopende opdrachten zijn en je niet elke keer zou moeten in- en uitschrijven bij VDAB blijf je ingeschreven staan als werkzoekende. Om deze reden blijf je ook deze vrijblijvende vacatures ontvangen. Zodra je 28 kalenderdagen onafgebroken werkt via interim wordt je inschrijving bij VDAB volledig automatisch afgesloten en ontvang je geen vacatures meer.    Ter info: indien je na een lange interimperiode (meer dan 28 kalenderdagen) een werkloosheidsuitkering wil aanvragen dan moet je je binnen de 8 kalenderdagen opnieuw inschrijven.    De vacatures verzonden vanuit het e-mailadres am@vdab.be (Automatische Matching) zijn vacatures die automatisch worden geselecteerd op basis van de gegevens in je VDAB-dossier en de gepubliceerde vacatures. Bij een hoge overeenkomst kan je een vacature ontvangen.    Met vriendelijke groeten  VDAB  -------------------------------------------- Beste    Alvast bedankt voor je reactie.    Je bent bij VDAB uitgeschreven als werkzoekende en wij wensen je veel succes met je job.    Ter informatie: wij merken op dat je momenteel aan het werk bent via interim. Wanneer je werkzoekend zou worden dan moet je je onmiddellijk opnieuw inschrijven bij VDAB om je beroepsinschakelingstijd correct te laten doorlopen / een werkloosheidsuitkering te kunnen ontvangen.  Als je hierover nog vragen of opmerkingen hebt en via e-mail wilt reageren, voeg je best je oorspronkelijke bericht en ons antwoord toe aan je nieuwe mail.  Bedankt voor je interesse in onze diensten. Met vriendelijke groeten VDAB  Als klant van VDAB verwacht je de beste dienstverlening. Toch kan het ook eens fout gaan. Heb je  een klacht of een probleem ? Meer info over de werking van VDAB en onze privacyvoorschriften vind je in onze  disclaimer . \n\n Vraag aan de VDAB consulent: AM - Melding sollicitatie? \n Antwoord of Actie: Beste Veel succes met je sollicitatie.  Het is niet nodig om VDAB via mail op de hoogte te houden van je sollicitaties. We verwachten wel dat je jouw sollicitaties bijhoudt in je VDAB-profiel, op de pagina 'Bewaarde vacatures en sollicitaties'. Hoe bewaar je vacatures en sollicitaties in je account? Log in op je account .  Via het 'Menu' rechtsboven, kun je kiezen voor 'Bewaarde vacatures en sollicitaties'. Bekijk ons instructiefilmpje (80 seconden). Nog vragen? Antwoord op deze mail of bel ons. Met vriendelijke groeten VDAB  Als klant van VDAB verwacht je de beste dienstverlening. Toch kan het ook eens fout gaan. Heb je een klacht of een probleem ? Meer info over de werking van VDAB en onze privacyvoorschriften vind je in onze disclaimer . \n\n Vraag aan de VDAB consulent: AM - Reactie Cat. 80? \n Antwoord of Actie: Beste We vermoeden dat je bent ingeschreven als deeltijds werkzoekende bij VDAB en bovenop je loon een inkomensgarantieuitkering krijgt van RVA. Wie zich inschrijft als werkzoekende, geeft aan dat hij extra uren of een nieuwe job zoekt. Daarom stuurt VDAB automatisch vacaturesuggesties door, ook naar deeltijds werkzoekenden. Op onze website kan je nalezen welke rechten en plichten je als werkzoekende hebt.  Heb je nog vragen over je werkloosheidsuitkering?  Neem contact op met je uitbetalingsinstelling (vakbond of Hulpkas voor Werkloosheidsuitkeringen).  Nog vragen? Antwoord op deze mail of bel ons. Met vriendelijke groeten VDAB  Als klant van VDAB verwacht je de beste dienstverlening. Toch kan het ook eens fout gaan. Heb je een klacht of een probleem ? Meer info over de werking van VDAB en onze privacyvoorschriften vind je in onze disclaimer . \n\n Vraag aan de VDAB consulent: Informatie over gesloten vacature? \n Antwoord of Actie: Hier staan 4 mogelijk reacties. Zorg dat je er slechts eentje kiest! Informeren beheerder gesloten vacature Beste collega    Onderstaande e-mail bereikte ons via de mailbox van VDAB ( info@vdab.be ). Deze persoon heeft interesse in de gesloten vacature XXXXXXXX waar jouw naam vermeld staat als beheerder.    Kan je deze persoon zo snel mogelijk contacteren?    Het e-mailadres is XXXXXXXXXX    Alvast bedankt.    Met vriendelijke groeten Naam Bemiddelaar VDAB    ------------------------------------  Solliciteren op gesloten vacature Beste    We vermoeden dat je wenst te solliciteren op de vacature 'XXXXXXXX' in XXXX met vacaturenummer XXXXXXXX.    Voor deze vacature verloopt de eerste selectie via VDAB. We hebben je sollicitatie doorgestuurd naar onze collega die de vacature opvolgt. Hij/Zij zal binnenkort contact met je opnemen.    Ter informatie    Bij sommige vacatures staat onder 'Solliciteren:' volgende tekst:    Voor meer informatie over deze vacature, kan je steeds terecht bij NAAM, +32-xxx of via e-mail  NAAM@vdab.be Je kan rechtstreeks contact opnemen met deze VDAB consulent die de vacature opvolgt. Indien je op dergelijke vacatures via  info@vdab.be  wenst te solliciteren dan hebben wij steeds het VDAB-vacaturenummer van de vacature nodig om de juiste vacature te kunnen opvragen. Dit nummer bestaat steeds uit 8 cijfers.    Na het ontvangen van je cv, motivatie en referentie sturen wij je e-mail door naar de juiste vacaturebeheerder binnen VDAB. Je kan hiervoor ook contact opnemen met VDAB op het gratis nummer 0800 30 700. Vanuit het buitenland kan je ons bereiken op het betalende nummer +32 2 508 38 11.   Met vriendelijke groeten  VDAB  Als klant van VDAB verwacht je de beste dienstverlening. Toch kan het ook eens fout gaan. Heb je  een klacht of een probleem ? Meer info over de werking van VDAB en onze privacyvoorschriften vind je in onze  disclaimer . -------------------------- Informeren klant procedure gesloten vacature Beste    Voor deze vacature verloopt de eerste selectie via VDAB. We hebben je vraag/sollicitatie doorgestuurd naar onze collega die de vacature opvolgt. Hij/Zij zal binnenkort contact met je opnemen.    De selectie kan om verschillende redenen via VDAB verlopen:  - de werkgever vraagt een discrete behandeling voor de vacature  - de kandidaat moet aan bepaalde voorwaarden voldoen omwille van een aanwerving via een bepaalde  tewerkstellingsmaatregel  Als je hierover nog vragen of opmerkingen hebt en via e-mail wilt reageren, voeg je best je oorspronkelijke bericht en ons antwoord toe aan je nieuwe mail.  Bedankt voor je interesse in onze diensten. Met vriendelijke groeten VDAB  Als klant van VDAB verwacht je de beste dienstverlening. Toch kan het ook eens fout gaan. Heb je  een klacht of een probleem ? Meer info over de werking van VDAB en onze privacyvoorschriften vind je in onze  disclaimer . -------------------------- Informatie over gesloten vacature Beste    Voor deze vacature verloopt de eerste selectie via VDAB.  De selectie kan om verschillende redenen via VDAB verlopen:  - de werkgever vraagt een discrete behandeling voor de vacature  - de kandidaat moet aan bepaalde voorwaarden voldoen omwille van een aanwerving via een bepaalde tewerkstellingsmaatregel. Je kan rechtstreeks contact opnemen met deze VDAB-consulent die de vacature opvolgt. Op de vacature staat onder 'Solliciteren:' volgende tekst:    Voor meer informatie over deze vacature, kan je steeds terecht bij NAAM, +32-xxx of via e-mail  NAAM@vdab.be Als je hierover nog vragen of opmerkingen hebt en via e-mail wilt reageren, voeg je best je oorspronkelijke bericht en ons antwoord toe aan je nieuwe mail.  Bedankt voor je interesse in onze diensten. Met vriendelijke groeten VDAB  Als klant van VDAB verwacht je de beste dienstverlening. Toch kan het ook eens fout gaan. Heb je  een klacht of een probleem ? Meer info over de werking van VDAB en onze privacyvoorschriften vind je in onze  disclaimer . \n\n Vraag aan de VDAB consulent: Online sollicitatiecoaching? \n Antwoord of Actie: Beste Onze online sollicitatiecoaches zijn gespecialiseerd in alles wat te maken heeft met solliciteren. Dit is wat onze coaches voor jou kunnen doen:   Ze geven tips over het opstellen van een cv en motivatiebrief. Ze lezen jouw cv of motivatiebrief na. Je kan een sollicitatiegesprek bij hen oefenen.  Ze beantwoorden al jouw vragen over solliciteren.  Hoe een sollicitatiecoach contacteren? Via het contactformulier . Via chat (uiterst rechts op de pagina) Via telefoon - of videogesprek: maak een afspraak Nog vragen? Antwoord op deze mail of bel ons. Met vriendelijke groeten VDAB  Als klant van VDAB verwacht je de beste dienstverlening. Toch kan het ook eens fout gaan. Heb je een klacht of een probleem ? Meer info over de werking van VDAB en onze privacyvoorschriften vind je in onze disclaimer . \n\n Vraag aan de VDAB consulent: Reactie op uitnodiging door werkgever via KISS? \n Antwoord of Actie: Beste Je hebt een uitnodiging ontvangen van een werkgever via onze online sollicitantendatabank. Als je hierop een antwoord stuurt via reply, dan komt je antwoord terecht in de mailbox van info@vdab.be en niet bij de werkgever. Je vindt de gegevens om contact op te nemen met de werkgever in de mail die naar je werd gestuurd. Met vriendelijke groeten VDAB  Als klant van VDAB verwacht je de beste dienstverlening. Toch kan het ook eens fout gaan. Heb je  een klacht of een probleem ? Meer info over de werking van VDAB en onze privacyvoorschriften vind je in onze  disclaimer . \n\n Vraag aan de VDAB consulent: Reactie op vacature ontvangen via AM? \n Antwoord of Actie: Beste Als werkzoekende moet je voldoende solliciteren, maar je kiest zelf voor welke vacatures je dit doet. Je bent dus niet verplicht om te solliciteren op vacatures die VDAB je automatisch bezorgt. Opgelet: sollicitatie-opdrachten die je krijgt van je VDAB-bemiddelaar zijn wel verplicht. Nog vragen? Antwoord op deze mail of bel ons. Met vriendelijke groeten VDAB  Als klant van VDAB verwacht je de beste dienstverlening. Toch kan het ook eens fout gaan. Heb je een klacht of een probleem ? Meer info over de werking van VDAB en onze privacyvoorschriften vind je in onze disclaimer . \n\n Vraag aan de VDAB consulent: Sollicitatie bij VDAB? \n Antwoord of Actie: Beste Je wil graag bij VDAB werken. We helpen je graag op weg met volgende tips:   Hou onze vacatures in het oog. Meld je aan op de vacaturenieuwsbrief van vlaanderen.be.  Spontaan solliciteren is helaas niet mogelijk.  Met vriendelijke groeten VDAB    Als klant van VDAB verwacht je de beste dienstverlening. Toch kan het ook eens fout gaan. Heb je  een klacht of een probleem ? Meer info over de werking van VDAB en onze privacyvoorschriften vind je in onze  disclaimer . \n\n Vraag aan de VDAB consulent: Sollicitatie via info@vdab.be? \n Antwoord of Actie: Achtergrondinfo: Deze e-mail niet gebruiken voor sollicitaties op een gesloten vacature. Die stuur je door naar de vacaturebeheerder. Beste Je solliciteerde via info@vdab.be . Dit e-mailadres is enkel beschikbaar voor algemene informatieve vragen over VDAB. Solliciteren moet je rechtstreeks bij de werkgever of het interimkantoor doen. In de vacature vind je terug bij wie en hoe je kan solliciteren. Met het VDAB-vacaturenummer vind je de vacature gemakkelijk terug op vdab.be via ' Zoek een job '. Vind je niet terug bij wie je kan solliciteren of hoe? Reply op deze mail (liefst met het VDAB-vacaturenummer).   Bel naar het gratis nummer 0800 30 700. Met vriendelijke groeten VDAB  Als klant van VDAB verwacht je de beste dienstverlening. Toch kan het ook eens fout gaan. Heb je  een klacht of een probleem ? Meer info over de werking van VDAB en onze privacyvoorschriften vind je in onze  disclaimer . \n\n Vraag aan de VDAB consulent: Telewerk / thuiswerk? \n Antwoord of Actie: Beste We helpen je graag verder.  Tips om thuiswerk te zoeken Om jobs te vinden die je van thuis kunt uitoefenen, raden we je aan om dit zo als zoekterm in te geven op jobsites. Surf naar www.vdab.be/vindeenjob of andere jobsites en zoek bijvoorbeeld op volgende trefwoorden:  \"werken van thuis\": resultaat van deze zoekopdracht in onze vacaturedatabank. \"thuiswerk\": resultaat van deze zoekopdracht in onze vacaturedatabank. Heb je nog vragen over telewerk? Surf naar de webpagina van FOD WASO over telewerk . Nog vragen? Antwoord op deze mail of bel ons. Met vriendelijke groeten VDAB  Als klant van VDAB verwacht je de beste dienstverlening. Toch kan het ook eens fout gaan. Heb je een klacht of een probleem ? Meer info over de werking van VDAB en onze privacyvoorschriften vind je in onze disclaimer . \n\n Vraag aan de VDAB consulent: Vacatures vinden? \n Antwoord of Actie: Beste Je kan op verschillende manieren op zoek naar interessante vacatures. Via VDAB: Zoek vacatures in onze vacaturebank . Log in op je account om je persoonlijke jobsuggesties te bekijken. Bewaar een of meer bewaarde zoekopdrachten . Via andere kanalen: Vacatures vind je ook via andere kanalen zoals jobsites, interimkantoren, je netwerk of websites van bedrijven. Op onze website staan verschillende manieren om vacatures te zoeken gebundeld.  Nog vragen? Antwoord op deze mail of bel ons. Met vriendelijke groeten VDAB  Als klant van VDAB verwacht je de beste dienstverlening. Toch kan het ook eens fout gaan. Heb je een klacht of een probleem ? Meer info over de werking van VDAB en onze privacyvoorschriften vind je in onze disclaimer . \n\n Vraag aan de VDAB consulent: Werken in het buitenland? \n Antwoord of Actie: Beste Wie wil werken in het buitenland moet rekening houden met verschillende aspecten. We raden je aan om onze internationale webpagina te raadplegen. Je vindt er informatie (over belastingen, sociale zekerheid, werk zoeken, formaliteiten) en doorverwijzingen aangepast aan jouw situatie. Heb je nog vragen over werken binnen de EER? Mail dan naar international@vdab.be . Heb je nog vragen over werken buiten de EER? Contacteer dan de ambassade van het land waar je wil werken. Contactgegevens vind je via de webpagina van FOD Buitenlandse Zaken .  Nog vragen? Antwoord op deze mail of bel ons. Met vriendelijke groeten VDAB  Als klant van VDAB verwacht je de beste dienstverlening. Toch kan het ook eens fout gaan. Heb je een klacht of een probleem ? Meer info over de werking van VDAB en onze privacyvoorschriften vind je in onze disclaimer . \n\n Vraag aan de VDAB consulent: Gratis treinticket om te solliciteren? \n Antwoord of Actie: Beste Je wil graag een gratis treinticket gebruiken om te solliciteren. Op  vdab.be/mobiliteit  kan je lezen of je recht hebt op een gratis treinticket en hoe je dit kan aanvragen. Nog vragen? Antwoord op deze mail of  bel  ons. Met vriendelijke groeten VDAB  Als klant van VDAB verwacht je de beste dienstverlening. Toch kan het ook eens fout gaan. Heb je een klacht of een probleem? Meer info over de werking van VDAB en onze privacyvoorschriften vind je in onze  disclaimer . \n\n Vraag aan de VDAB consulent: Terugbetaling aangekocht treinticket? \n Antwoord of Actie: Beste Als bijlage vind je het aanvraagformulier voor terugbetaling van je aangekochte treinticket. Wat nu? Vervolledig het formulier. Verzamel: het aanvraagformulier het gebruikte treinticket of kopie, een bewijs van aanwezigheid op de sollicitatie, en het bewijs van uitnodiging voor de sollicitatie. Stuur alle bewijzen naar: vergoedingen@vdab.be of VDAB Centrale Diensten t.a.v. Centraal Team Cursistenadministratie, Keizerslaan 11, 1000 Brussel. Nog vragen? Antwoord op deze mail of  bel  ons. Met vriendelijke groeten VDAB Als klant van VDAB verwacht je de beste dienstverlening. Toch kan het ook eens fout gaan.  Heb je een klacht of een probleem?  Meer info over de werking van VDAB en onze privacyvoorschriften vind je in onze  disclaimer . \n\n Vraag aan de VDAB consulent: Annulatie besteld treinticket? \n Antwoord of Actie: Beste Wij bestelden voor onze klant [Voornaam Naam] met het E-ticketing platform een treinticket voor een reis die niet kan doorgaan. De gegevens van de reis: ticketnummer: datum van afreis: vertrekstation: aankomststation:  Is het mogelijk om dit ticket te annuleren, a.u.b.? Met vriendelijke groeten VDAB \n\n Categorie: Servicelijn \n\n Domein: standaardmails extern \n\n Tags: standaardmails \n\n Url: https://intranet-rel1ldv.ops.vdab.be/faq/servicelijn/vacatures-en-solliciteren \n\n Volgende paginas: Externe standaardmails - report, via https://intranet-rel1ldv.ops.vdab.be/faq/servicelijn/externe-standaardmails-report \n\n Type: intranet", "document_translation": "Vacancies and applications (External mails) \n\n Standard emails info@vdab.be \n\n Question for the VDAB counselor: AM - Mismatch? \n Answer or Action: Best VDAB sends vacancies to all job seekers. These vacancies are automatically chosen based on the data you have entered in your VDAB file. If the vacancies received do not suit you, we advise you to adjust the data in your VDAB file to your preferences. Customize your details online Log in to your account. Go to 'Profile and desired jobs' via 'Menu'. Adjust data as needed. Follow our tips on job suggestions. To remove unwanted jobs from your profile, you can follow these steps: Under 'Desired jobs': delete the job via the red cross. Under 'Competencies' > 'Job-related competencies': check whether the deleted job is still listed here. If so, you must disable all competencies for this job (slide the bar to the left until you see \"not yet scored\").  Change your details by phone Call the free number 0800 30 700. Any questions? Reply to this email or call us. With kind regards VDAB As a customer of VDAB you expect the best service. However, things can also go wrong. Do you have a complaint or a problem? More information about the operation of VDAB and our privacy regulations can be found in our disclaimer. \n\n Question for the VDAB counselor: AM - French? \n Answer or Action: Madame/Monsieur Nous vous remercions de votre interet en notre service.    Nous vous informons que le VDAB (Office Flamand de la Formation Professionnelle et de l'Emploi) est une organisation neerlandophone. Nous sommes tenus a respecter la loi concernant l'utilisation de la langue vehicular.    Si vous voulez postuler pour une offre d'emploi vous devez contacter l'employeur directement. Vous trouvez les details de contact en l'offre d'emploi.    Si on demande de postuler chez VDAB il-y-a le texte: \"For more information about this vacancy, you can always contact your local VDAB office. The address of a consultant in your area can be found here.\"    Dans ce cas nous vous conseillons d'aller au bureau local du VDAB, vous trouvez les donn\u00e9es sur www.vdab.be/contact.   Salutations distinguees VDAB \n\n Question for the VDAB counselor: AM - Interim work + registration? \n Answer or Action: Choose! Dear Thank you in advance for your comment. We wish you the best of luck with your job.   According to our data, you are working through interim. Because assignments via interim are often short-term assignments and you should not have to register and deregister with VDAB every time, you remain registered as a job seeker. For this reason, you will continue to receive these non-binding vacancies. As soon as you work continuously for 28 calendar days via interim, your registration with VDAB will be closed fully automatically and you will no longer receive any vacancies.    FYI: if you want to apply for unemployment benefit after a long interim period (more than 28 calendar days), you must register again within 8 calendar days.    The vacancies sent from the e-mail address am@vdab.be (Automatic Matching) are vacancies that are automatically selected based on the data in your VDAB file and the published vacancies. With a high agreement you can receive a vacancy.    With kind regards VDAB -------------------------------------------- Dear Thank you in advance for your comment.    You have been deregistered as a job seeker at VDAB and we wish you every success with your job.    For your information: we note that you are currently working through interim. If you were to become a job seeker, you must immediately re-register with VDAB in order to have your vocational integration period completed correctly / to be able to receive unemployment benefit.  If you have any questions or comments about this and would like to respond via email, please add your original message and our reply to your new email.  Thank you for your interest in our services. With kind regards VDAB As a customer of VDAB you expect the best service. However, things can also go wrong. Do you have a complaint or a problem? More information about the operation of VDAB and our privacy regulations can be found in our disclaimer. \n\n Question for the VDAB counselor: AM - Notification application? \n Answer or Action: Dear Good luck with your application.  It is not necessary to keep VDAB informed of your applications by e-mail. We do expect you to keep track of your applications in your VDAB profile, on the page 'Saved vacancies and applications'. How do you save jobs and applications in your account? Log in to your account.  Via the 'Menu' at the top right, you can choose 'Saved vacancies and applications'. Watch our instruction video (80 seconds). Any questions? Reply to this email or call us. With kind regards VDAB As a customer of VDAB you expect the best service. However, things can also go wrong. Do you have a complaint or a problem? More information about the operation of VDAB and our privacy regulations can be found in our disclaimer. \n\n Question for the VDAB counselor: AM - Comment Cat. 80? \n Answer or Action: Dear We suspect that you are registered as a part-time jobseeker with VDAB and receive an income guarantee benefit from the RVA on top of your salary. Those who register as job seekers indicate that they are looking for extra hours or a new job. That is why VDAB automatically sends job suggestions, also to part-time job seekers. On our website you can read what rights and obligations you have as a job seeker.  Do you have any questions about your unemployment benefit?  Contact your payment institution (trade union or Auxiliary Fund for Unemployment Benefits).  Any questions? Reply to this email or call us. With kind regards VDAB As a customer of VDAB you expect the best service. However, things can also go wrong. Do you have a complaint or a problem? More information about the operation of VDAB and our privacy regulations can be found in our disclaimer. \n\n Question for the VDAB counselor: Information about closed vacancy? \n Answer or Action: Here are 4 possible responses. Make sure you choose just one! Inform administrator closed vacancy Dear colleague The e-mail below reached us via the mailbox of VDAB ( info@vdab.be ). This person is interested in the closed vacancy XXXXXXXX where your name is listed as an administrator.    Can you contact this person as soon as possible?    The email address is XXXXXXXXXX Thanks in advance.    With kind regards Name Mediator VDAB ------------------------------------ Apply for closed vacancy Dear We suspect that you wish to apply for the vacancy 'XXXXXXXX' in XXXX with vacancy number XXXXXXXX.    The first selection for this vacancy is made via VDAB. We have forwarded your application to our colleague who will follow up the vacancy. He/She will contact you shortly.    For your information, for some vacancies there is the following text under 'Apply:': For more information about this vacancy, you can always contact NAME, +32-xxx or via e-mail NAAM@vdab.be You can contact this VDAB consultant directly who will follow up the vacancy. If you wish to apply for such vacancies via info@vdab.be, we always need the VDAB vacancy number of the vacancy to be able to request the correct vacancy. This number always consists of 8 digits.    After receiving your CV, motivation and reference, we will forward your e-mail to the right vacancy manager within VDAB. You can also contact VDAB on the free number 0800 30 700. From abroad you can reach us on the paying number +32 2 508 38 11.   With kind regards VDAB As a customer of VDAB you expect the best service. However, things can also go wrong. Do you have a complaint or a problem? More information about the operation of VDAB and our privacy regulations can be found in our disclaimer. -------------------------- Informing customer procedure closed vacancy Best For this vacancy, the first selection is made via VDAB. We have forwarded your question/application to our colleague who will follow up the vacancy. He/She will contact you shortly.    The selection can be made via VDAB for various reasons: - the employer asks for discreet treatment for the vacancy - the candidate must meet certain conditions because of a recruitment via a certain employment measure If you have any questions or comments about this and want to respond via e-mail, it is best to add your original message and our reply to your new e-mail.  Thank you for your interest in our services. With kind regards VDAB As a customer of VDAB you expect the best service. However, things can also go wrong. Do you have a complaint or a problem? More information about the operation of VDAB and our privacy regulations can be found in our disclaimer. -------------------------- Information about closed vacancy Best For this vacancy, the first selection is made via VDAB.  The selection can take place via VDAB for various reasons: - the employer asks for discreet treatment for the vacancy - the candidate must meet certain conditions because of a recruitment via a certain employment measure. You can contact this VDAB consultant directly who will follow up the vacancy. On the vacancy under 'Apply:' is the following text: For more information about this vacancy, you can always contact NAME, +32-xxx or via e-mail NAAM@vdab.be If you have any questions or comments about this and would like to respond via e-mail, it is best to add your original message and our reply to your new e-mail.  Thank you for your interest in our services. With kind regards VDAB As a customer of VDAB you expect the best service. However, things can also go wrong. Do you have a complaint or a problem? More information about the operation of VDAB and our privacy regulations can be found in our disclaimer. \n\n Question for the VDAB counselor: Online application coaching? \n Answer or Action: Best Our online application coaches are specialized in everything related to applying for a job. Here's what our coaches can do for you: They give tips on how to prepare a resume and cover letter. They will read your CV or motivation letter. You can practice a job interview with them.  They answer all your questions about applying for a job.  How to contact an application coach? Via the contact form. Via chat (far right of the page) By phone or video call: make an appointment Any questions? Reply to this email or call us. With kind regards VDAB As a customer of VDAB you expect the best service. However, things can also go wrong. Do you have a complaint or a problem? More information about the operation of VDAB and our privacy regulations can be found in our disclaimer. \n\n Question for the VDAB counselor: Response to invitation by employer via KISS? \n Answer or Action: Dear You have received an invitation from an employer via our online applicant database. If you send an answer to this via reply, your answer will end up in the mailbox of info@vdab.be and not with the employer. You will find the details to contact the employer in the email that was sent to you. With kind regards VDAB As a customer of VDAB you expect the best service. However, things can also go wrong. Do you have a complaint or a problem? More information about the operation of VDAB and our privacy regulations can be found in our disclaimer. \n\n Question for the VDAB counselor: Respond to vacancy received via AM? \n Answer or Action: Best As a job seeker you have to apply sufficiently, but you choose for which vacancies you do this. You are therefore not obliged to apply for vacancies that VDAB automatically provides you. Please note: application assignments that you receive from your VDAB mediator are mandatory. Any questions? Reply to this email or call us. With kind regards VDAB As a customer of VDAB you expect the best service. However, things can also go wrong. Do you have a complaint or a problem? More information about the operation of VDAB and our privacy regulations can be found in our disclaimer. \n\n Question for the VDAB counselor: Application at VDAB? \n Answer or Action: Dear You would like to work at VDAB. We are happy to help you on your way with the following tips: Keep an eye on our vacancies. Subscribe to the vlaanderen.be vacancy newsletter.  Unfortunately, it is not possible to apply spontaneously.  With kind regards VDAB As a customer of VDAB you expect the best service. However, things can also go wrong. Do you have a complaint or a problem? More information about the operation of VDAB and our privacy regulations can be found in our disclaimer. \n\n Question for the VDAB counselor: Application via info@vdab.be? \n Answer or Action: Background info: Do not use this e-mail for applications for a closed vacancy. You send it to the vacancy manager. Dear You applied through info@vdab.be . This e-mail address is only available for general informational questions about VDAB. You must apply directly to the employer or the interim agency. In the vacancy you will find who and how you can apply. With the VDAB vacancy number you can easily find the vacancy on vdab.be via 'Search a job'. Can't find who you can apply to or how? Reply to this email (preferably with the VDAB vacancy number).   Call the free number 0800 30 700. With kind regards VDAB As a customer of VDAB you expect the best service. However, things can also go wrong. Do you have a complaint or a problem? More information about the operation of VDAB and our privacy regulations can be found in our disclaimer. \n\n Question for the VDAB counselor: Telework / homework? \n Answer or Action: Dear We are happy to help you.  Tips for looking for work from home To find jobs that you can do from home, we recommend that you enter this as a search term on job boards. Surf to www.vdab.be/vindeenjob or other job boards and search for the following keywords, for example: \"working from home\": result of this search in our job database. \"work from home\": result of this search in our job database. Do you have any questions about teleworking? Surf to the FPS WASO webpage on teleworking. Any questions? Reply to this email or call us. With kind regards VDAB As a customer of VDAB you expect the best service. However, things can also go wrong. Do you have a complaint or a problem? More information about the operation of VDAB and our privacy regulations can be found in our disclaimer. \n\n Question for the VDAB counselor: Find vacancies? \n Answer or Action: Best You can search for interesting vacancies in different ways. Via VDAB: Search vacancies in our job board. Log in to your account to view your personal job suggestions. Save one or more saved searches. Via other channels: You can also find vacancies through other channels such as job boards, interim offices, your network or company websites. On our website there are different ways to search for vacancies.  Any questions? Reply to this email or call us. With kind regards VDAB As a customer of VDAB you expect the best service. However, things can also go wrong. Do you have a complaint or a problem? More information about the operation of VDAB and our privacy regulations can be found in our disclaimer. \n\n Question for the VDAB counselor: Working abroad? \n Answer or Action: Best Those who want to work abroad must take into account various aspects. We recommend that you consult our international webpage. You will find information (about taxes, social security, job search, formalities) and referrals adapted to your situation. Do you have any questions about working within the EEA? Mail to international@vdab.be. Do you have any questions about working outside the EEA? Then contact the embassy of the country where you want to work. Contact details can be found via the webpage of FPS Foreign Affairs.  Any questions? Reply to this email or call us. With kind regards VDAB As a customer of VDAB you expect the best service. However, things can also go wrong. Do you have a complaint or a problem? More information about the operation of VDAB and our privacy regulations can be found in our disclaimer. \n\n Question for the VDAB counselor: Free train ticket to apply? \n Answer or Action: Dear You would like to use a free train ticket to apply. On vdab.be/mobiliteit you can read whether you are entitled to a free train ticket and how you can request it. Any questions? Reply to this email or call us. With kind regards VDAB As a customer of VDAB you expect the best service. However, things can also go wrong. Do you have a complaint or a problem? More information about the operation of VDAB and our privacy regulations can be found in our disclaimer. \n\n Question for the VDAB counselor: Refund purchased train ticket? \n Answer or Action: Best As an attachment you will find the request form for a refund of your purchased train ticket. What's next? Complete the form. Collect: the application form, the train ticket or copy used, proof of attendance on the application, and proof of invitation to the application. Send all proofs to: vergoedingen@vdab.be or VDAB Centrale Diensten attn. Central Team Student Administration, Keizerslaan 11, 1000 Brussels. Any questions? Reply to this email or call us. With kind regards VDAB As a customer of VDAB you expect the best service. However, things can also go wrong.  Do you have a complaint or a problem?  More information about the operation of VDAB and our privacy regulations can be found in our disclaimer. \n\n Question for the VDAB counselor: Cancellation ordered train ticket? \n Answer or Action: Dear We ordered for our customer [First Name Name] with the E-ticketing platform a train ticket for a trip that cannot take place. Travel details: ticket number: date of departure: departure station: arrival station: Is it possible to cancel this ticket, please? With kind regards VDAB \n\n Category: Service line \n\n Domain: standard emails external \n\n Tags: standard emails \n\n Url: https://intranet-rel1ldv.ops.vdab.be/faq/servicelijn/vacatures-en-solliciteren \n\n Next pages: Externe standaardmails - report, via https://intranet-rel1ldv.ops.vdab.be/faq/servicelijn/externe-standaardmails-report \n\n Type: intranet"}