{"title": "Digital First: de inschrijvingstelefoon", "type": "intranet", "field_trefwoorden_name": ["inschrijven", "digital first", "telefoon"], "domain_name": ["in- en uitschrijven"], "category_name": "Servicelijn", "field_faq_summary": "Extra informatie over de werking en afspraken omtrent doorverwijzing naar de inschrijvingstelefoon in de werkwinkel. ", "url": "https://intranet-rel1ldv.ops.vdab.be/faq/digital-first-de-inschrijvingstelefoon", "content": [["Betekenis Digital First", "Digital First combineert de verschillende kanalen en zet ze op de juiste manier in met een betere en efficientere dienstverlening als resultaat. Inschrijven gebeurt in 1ste instantie online of telefonisch: VDAB rekent op een leereffect bij de klanten waardoor ze in de toekomst bewuster gaan nadenken over het VDAB-kanaal dat ze kiezen."], ["Werkwijze inschrijvingstelefoon", "Als de klant aan het onthaal komt, dan verwijst de bediende hem naar de telefoon(cel). Inschrijven gebeurt niet langer aan het onthaal, maar kan enkel via de inschrijvingstelefoon (of online). Uitzonderingen: Klant beschikt niet over de juiste verblijfsdocumenten . Verwijs de klant door naar het onthaal voor de controle van de verblijfsdocumenten en de inschrijving. Klant spreekt onvoldoende Nederlands. *De telefoons in de faciliteitengemeenten beschikken over een  taalkeuzemenu. De medewerkers van de Franstalige pool beantwoorden deze calls. Momenteel beschikken de werkwinkels van Ronse, Asse en Halle over zo'n taalkeuzemenu ."], ["Hoe een oproep Digital First herkennen", "IVR: ''Digital First'."], ["Welke diensten via Digital First", "Nieuwe inschrijving. Verlenging inschrijving. (duplicaat) inschrijvingsbewijs. Chronologisch overzicht. Procedure Servicelijn Doe de privacy-check. Schrijf de klant in. Overloop het dossier en cv. Stuur het inschrijvingsbewijs op. Of verwijs de klant door naar z'n account en geef een paswoord mee. Geef de klant mee dat hij/zij in de toekomst rechtstreeks contact kan opnemen met 0800 30 700."], ["Welke klanten kunnen zich niet via de Servicelijn (her)inschrijven?", "Klanten met onvoldoende kennis Nederlands (uitgezonderd klanten uit een faciliteitengemeenten ) Klanten die niet beschikken over de juiste verblijfsdocumenten. Is de klant toch naar ons doorverwezen, volg dan onderstaande procedure. Procedure Servicelijn Maak een notitie aan met de reden van niet-inschrijving en waarom je doorverwijst naar de werkwinkel (bv. de klant kan zich onvoldoende uitdrukken in het Nederlands). Zeg de klant dat hij/zij zich meteen na het telefoongesprek aanmeldt bij de consulent in de werkwinkel. Verontschuldig je (de klant is misschien al door de consulent in de werkwinkel naar ons doorverwezen)."], ["Inschrijvingsbewijs", "Ontvangt de klant: per mail per post via z'n account  Achtergrondinfo Het is niet de bedoeling dat de klant in de WW aan een bemiddelaar een print vraagt. Enkel in uitzonderlijke of dringende gevallen bezorgt een werkwinkelconsulent de print. bv. de klant kan niet met een computer werken, hij heeft het inschrijvingsbewijs heel dringend nodig,..  "], ["Klant onterecht doorverwezen naar de telefooncel?", "Voorbeelden: een doorverwijzing van klanten die we volgens de afspraken niet kunnen inschrijven een doorverwijzing van klanten voor een inschattings- of opvolggesprek. Procedure Servicelijn Bespreek de case met je teamleider of stuur een mail naar je teamleider met als titel: Onterechte doorverwijzing Digital First (IKL). Noteer in je mail: waarom de doorverwijzing volgens jou onterecht is vanuit welke werkwinkel de doorverwijzing gebeurde IKL nummer of naam indien klant geen dossier heeft datum contact  Je teamleider bekijkt de case en schat in of tussenkomst van X-DDV vereist is. "], ["Inschrijven van Franstalige klanten uit de faciliteitengemeente", "Klanten krijgen bij het opnemen van de telefoon een taalkeuze - Nederlands of Frans. Bij optie Frans volgt een doorschakeling naar een medewerker van de Franstalige pool. Geen aparte werkwijze: dossier en cv worden zo goed mogelijk aangevuld. Van bepaalde documenten zijn vertalingen beschikbaar op vraag van de klant.  Voor meer informatie: Welke documenten in het Frans levert Servicelijn af ."]], "link_ankers": [["https://intranet-rel1ldv.ops.vdab.be/faq/klant-spreekt-frans", "Voor meer informatie: Welke documenten in het Frans levert Servicelijn af"], ["https://intranet-rel1ldv.ops.vdab.be/faq/servicelijn/dienstverlening-aan-derdelanders", "Klant beschikt niet over de juiste verblijfsdocumenten"]], "title_translation": "Digital First: the enrollment phone", "field_trefwoorden_name_translation": ["register", "digital first", "telephone"], "domain_name_translation": ["subscribe and unsubscribe"], "category_name_translation": "Service line", "field_faq_summary_translation": "Additional information about the operation and agreements regarding referral to the registration telephone in the work shop. ", "content_translation": [["Meaning Digital First", "Digital First combines the different channels and uses them in the right way, resulting in a better and more efficient service. Registration is done online or by telephone in 1st instance: VDAB counts on a learning effect among the customers so that in the future they will think more consciously about the VDAB channel they choose."], ["When the", "customer arrives at the reception, the clerk refers him to the telephone (cell). Registration is no longer done at the reception, but can only be done via the registration telephone (or online). Exceptions: Customer does not have the correct residence documents. Refer the customer to the reception for the verification of the residence documents and registration. Customer does not speak enough Dutch. *The telephones in the municipalities with facilities have a language selection menu. The employees of the French-speaking pool answer these calls. Currently, the workshops of Ronse, Asse and Halle have such a language selection menu."], ["How to recognize a Digital First call", "IVR: ''Digital First'."], ["Which services via Digital First", "New registration. Renewal of registration. (duplicate) registration certificate. Chronology. Procedure Service line Do the privacy check. Enroll the customer. Go over the file and resume. Send the registration certificate. Or refer the customer to his account and provide a password. Inform the customer that he/she can contact 0800 30 700 directly in the future."], ["Which customers cannot (re)register via the Service Line? Customers with", "insufficient knowledge of Dutch (except customers from municipalities with facilities) Customers who do not have the correct residence documents. If the customer has been referred to us, please follow the procedure below. Procedure Service line Create a note with the reason for non-registration and why you refer to the work shop (e.g. the customer cannot express himself sufficiently in Dutch). Tell the customer that he/she will report to the consultant in the work shop immediately after the phone call. Apologize (the customer may have already been referred to us by the consultant in the work shop)."], ["Registration certificate Receives the customer", ": by e-mail by post via his account Background information It is not the intention that the customer asks a mediator for a print in the WW. Only in exceptional or urgent cases will a work shop consultant deliver the print. e.g. the customer cannot work with a computer, he needs the registration certificate very urgently,.."], ["Customer wrongly referred to the phone booth? Examples: a referral of customers", "that we cannot register according to the agreements, a referral of customers for an assessment or follow-up interview. Procedure Service line Discuss the case with your team leader or send an email to your team leader with the title: Unjustified referral Digital First (IKL). Write down in your email: why you think the referral is unjustified from which work shop the referral happened IKL number or name if customer does not have a file date contact Your team leader looks at the case and estimates whether intervention from X-DDV is required."], ["Registration of French-speaking customers from the municipality of facilities", "Customers are given a language choice - Dutch or French - when answering the phone. In the case of the French option, a transfer to an employee of the French-speaking pool follows. No separate working method: file and CV are supplemented as well as possible. Translations of certain documents are available at the request of the customer.  For more information: Which documents in French service line delivers."]], "document": "Digital First: de inschrijvingstelefoon \n\n Extra informatie over de werking en afspraken omtrent doorverwijzing naar de inschrijvingstelefoon in de werkwinkel. \n\n Vraag aan de VDAB consulent: Betekenis Digital First? \n Antwoord of Actie: Digital First combineert de verschillende kanalen en zet ze op de juiste manier in met een betere en efficientere dienstverlening als resultaat. Inschrijven gebeurt in 1ste instantie online of telefonisch: VDAB rekent op een leereffect bij de klanten waardoor ze in de toekomst bewuster gaan nadenken over het VDAB-kanaal dat ze kiezen. \n\n Vraag aan de VDAB consulent: Werkwijze inschrijvingstelefoon? \n Antwoord of Actie: Als de klant aan het onthaal komt, dan verwijst de bediende hem naar de telefoon(cel). Inschrijven gebeurt niet langer aan het onthaal, maar kan enkel via de inschrijvingstelefoon (of online). Uitzonderingen: Klant beschikt niet over de juiste verblijfsdocumenten . Verwijs de klant door naar het onthaal voor de controle van de verblijfsdocumenten en de inschrijving. Klant spreekt onvoldoende Nederlands. *De telefoons in de faciliteitengemeenten beschikken over een  taalkeuzemenu. De medewerkers van de Franstalige pool beantwoorden deze calls. Momenteel beschikken de werkwinkels van Ronse, Asse en Halle over zo'n taalkeuzemenu . \n\n Vraag aan de VDAB consulent: Hoe een oproep Digital First herkennen? \n Antwoord of Actie: IVR: ''Digital First'. \n\n Vraag aan de VDAB consulent: Welke diensten via Digital First? \n Antwoord of Actie: Nieuwe inschrijving. Verlenging inschrijving. (duplicaat) inschrijvingsbewijs. Chronologisch overzicht. Procedure Servicelijn Doe de privacy-check. Schrijf de klant in. Overloop het dossier en cv. Stuur het inschrijvingsbewijs op. Of verwijs de klant door naar z'n account en geef een paswoord mee. Geef de klant mee dat hij/zij in de toekomst rechtstreeks contact kan opnemen met 0800 30 700. \n\n Vraag aan de VDAB consulent: Welke klanten kunnen zich niet via de Servicelijn (her)inschrijven?? \n Antwoord of Actie: Klanten met onvoldoende kennis Nederlands (uitgezonderd klanten uit een faciliteitengemeenten ) Klanten die niet beschikken over de juiste verblijfsdocumenten. Is de klant toch naar ons doorverwezen, volg dan onderstaande procedure. Procedure Servicelijn Maak een notitie aan met de reden van niet-inschrijving en waarom je doorverwijst naar de werkwinkel (bv. de klant kan zich onvoldoende uitdrukken in het Nederlands). Zeg de klant dat hij/zij zich meteen na het telefoongesprek aanmeldt bij de consulent in de werkwinkel. Verontschuldig je (de klant is misschien al door de consulent in de werkwinkel naar ons doorverwezen). \n\n Vraag aan de VDAB consulent: Inschrijvingsbewijs? \n Antwoord of Actie: Ontvangt de klant: per mail per post via z'n account  Achtergrondinfo Het is niet de bedoeling dat de klant in de WW aan een bemiddelaar een print vraagt. Enkel in uitzonderlijke of dringende gevallen bezorgt een werkwinkelconsulent de print. bv. de klant kan niet met een computer werken, hij heeft het inschrijvingsbewijs heel dringend nodig,..   \n\n Vraag aan de VDAB consulent: Klant onterecht doorverwezen naar de telefooncel?? \n Antwoord of Actie: Voorbeelden: een doorverwijzing van klanten die we volgens de afspraken niet kunnen inschrijven een doorverwijzing van klanten voor een inschattings- of opvolggesprek. Procedure Servicelijn Bespreek de case met je teamleider of stuur een mail naar je teamleider met als titel: Onterechte doorverwijzing Digital First (IKL). Noteer in je mail: waarom de doorverwijzing volgens jou onterecht is vanuit welke werkwinkel de doorverwijzing gebeurde IKL nummer of naam indien klant geen dossier heeft datum contact  Je teamleider bekijkt de case en schat in of tussenkomst van X-DDV vereist is.  \n\n Vraag aan de VDAB consulent: Inschrijven van Franstalige klanten uit de faciliteitengemeente? \n Antwoord of Actie: Klanten krijgen bij het opnemen van de telefoon een taalkeuze - Nederlands of Frans. Bij optie Frans volgt een doorschakeling naar een medewerker van de Franstalige pool. Geen aparte werkwijze: dossier en cv worden zo goed mogelijk aangevuld. Van bepaalde documenten zijn vertalingen beschikbaar op vraag van de klant.  Voor meer informatie: Welke documenten in het Frans levert Servicelijn af . \n\n Categorie: Servicelijn \n\n Domein: in- en uitschrijven \n\n Tags: inschrijven, telefoon, digital first \n\n Url: https://intranet-rel1ldv.ops.vdab.be/faq/digital-first-de-inschrijvingstelefoon \n\n Volgende paginas: Voor meer informatie: Welke documenten in het Frans levert Servicelijn af, via https://intranet-rel1ldv.ops.vdab.be/faq/klant-spreekt-frans - Klant beschikt niet over de juiste verblijfsdocumenten, via https://intranet-rel1ldv.ops.vdab.be/faq/servicelijn/dienstverlening-aan-derdelanders \n\n Type: intranet", "document_translation": "Digital First: the enrollment phone \n\n Additional information about the operation and agreements regarding referral to the registration telephone in the work shop. \n\n Question for the VDAB counselor: Meaning Digital First? \n Answer or Action: Digital First combines the different channels and uses them in the right way, resulting in a better and more efficient service. Registration is done online or by telephone in 1st instance: VDAB counts on a learning effect among the customers so that in the future they will think more consciously about the VDAB channel they choose. \n\n Question for the VDAB counselor: When the? \n Answer or Action: customer arrives at the reception, the clerk refers him to the telephone (cell). Registration is no longer done at the reception, but can only be done via the registration telephone (or online). Exceptions: Customer does not have the correct residence documents. Refer the customer to the reception for the verification of the residence documents and registration. Customer does not speak enough Dutch. *The telephones in the municipalities with facilities have a language selection menu. The employees of the French-speaking pool answer these calls. Currently, the workshops of Ronse, Asse and Halle have such a language selection menu. \n\n Question for the VDAB counselor: How to recognize a Digital First call? \n Answer or Action: IVR: ''Digital First'. \n\n Question for the VDAB counselor: Which services via Digital First? \n Answer or Action: New registration. Renewal of registration. (duplicate) registration certificate. Chronology. Procedure Service line Do the privacy check. Enroll the customer. Go over the file and resume. Send the registration certificate. Or refer the customer to his account and provide a password. Inform the customer that he/she can contact 0800 30 700 directly in the future. \n\n Question for the VDAB counselor: Which customers cannot (re)register via the Service Line? Customers with? \n Answer or Action: insufficient knowledge of Dutch (except customers from municipalities with facilities) Customers who do not have the correct residence documents. If the customer has been referred to us, please follow the procedure below. Procedure Service line Create a note with the reason for non-registration and why you refer to the work shop (e.g. the customer cannot express himself sufficiently in Dutch). Tell the customer that he/she will report to the consultant in the work shop immediately after the phone call. Apologize (the customer may have already been referred to us by the consultant in the work shop). \n\n Question for the VDAB counselor: Registration certificate Receives the customer? \n Answer or Action: : by e-mail by post via his account Background information It is not the intention that the customer asks a mediator for a print in the WW. Only in exceptional or urgent cases will a work shop consultant deliver the print. e.g. the customer cannot work with a computer, he needs the registration certificate very urgently,.. \n\n Question for the VDAB counselor: Customer wrongly referred to the phone booth? Examples: a referral of customers? \n Answer or Action: that we cannot register according to the agreements, a referral of customers for an assessment or follow-up interview. Procedure Service line Discuss the case with your team leader or send an email to your team leader with the title: Unjustified referral Digital First (IKL). Write down in your email: why you think the referral is unjustified from which work shop the referral happened IKL number or name if customer does not have a file date contact Your team leader looks at the case and estimates whether intervention from X-DDV is required. \n\n Question for the VDAB counselor: Registration of French-speaking customers from the municipality of facilities? \n Answer or Action: Customers are given a language choice - Dutch or French - when answering the phone. In the case of the French option, a transfer to an employee of the French-speaking pool follows. No separate working method: file and CV are supplemented as well as possible. Translations of certain documents are available at the request of the customer.  For more information: Which documents in French service line delivers. \n\n Category: Service line \n\n Domain: subscribe and unsubscribe \n\n Tags: register, telephone, digital first \n\n Url: https://intranet-rel1ldv.ops.vdab.be/faq/digital-first-de-inschrijvingstelefoon \n\n Next pages: Voor meer informatie: Welke documenten in het Frans levert Servicelijn af, via https://intranet-rel1ldv.ops.vdab.be/faq/klant-spreekt-frans - Klant beschikt niet over de juiste verblijfsdocumenten, via https://intranet-rel1ldv.ops.vdab.be/faq/servicelijn/dienstverlening-aan-derdelanders \n\n Type: intranet"}