{"title": "Status: laatste opvolggesprek nodig", "type": "intranet", "field_trefwoorden_name": ["bemiddeling", "automatische opdrachen", "contactstrategie"], "domain_name": ["status inos"], "category_name": "Servicelijn", "url": "https://intranet-rel1ldv.ops.vdab.be/faq/servicelijn/status-laatste-opvolggesprek-nodig", "content": [["AO8 / Bellijst", "Mindset naar klant Voer het laatste opvolggesprek . Afwerken in MLB Inschatting ZR Procedure Servicelijn Ga naar de tab Dienstverlening > Nieuwe dienstverlening> Diensten en contacten Klik op 'Aanwezig afwerken': Vul het verslag aan. Kies als vervolgactie 'Opvolgen als zelfredzame'. Klik op 'Bewaar'. Bespreek de opdrachten en duid eventueel nieuwe opdrachten aan. Vul de Notitie aan indien nodig. Zie alinea: Hoe een notitie wijzigen? Inschatting AGI Procedure Servicelijn Volg de procedure in de alinea:  CS: Actiegericht (her)inschatten (AGI) met DiWi Inschatting BLING Procedure Servicelijn Volg de procedure in de alinea: CS: Blijft ingeschreven, geen dienstverlening door VDAB (BLING) met de Dispatchlijst Tijdlijn Klant heeft AO8 ontvangen  Klant belt Servicelijn Zie 'C' in de flow   "], ["Opdracht AO8: 'Bereid je voor op ons gesprek'", "Mindset naar klant Voer het laatste opvolggesprek . Afwerken in MLB Inschatting ZR Procedure Servicelijn Ga naar de tab Dienstverlening > Nieuwe dienstverlening. Klik op 'Registreer inkomend gesprek'': Laat 'Initiatief door' default op 'klant belt VDAB' staan. Vul het verslag aan.  Kies als vervolgactie 'Opvolgen als zelfredzame'. Klik op 'Bewaar'. Bespreek de opdrachten en duid eventueel nieuwe opdrachten aan. Vul de Notitie aan indien nodig. Zie alinea: Hoe een notitie wijzigen? Inschatting AGI Procedure Servicelijn Volg de procedure in de alinea:  CS: Actiegericht (her)inschatten (AGI) met DiWi Inschatting BLING Procedure Servicelijn Volg de procedure in de alinea: CS: Blijft ingeschreven, geen dienstverlening door VDAB (BLING) met de Dispatchlijst Tijdlijn Klant heeft AO8 ontvangen en staat al op de bellijst Klant belt Servicelijn Zie 'C' in de flow   "], ["Bellijst: Klant belt Servicelijn", "Mindset naar klant Voer het laatste opvolggesprek . Afwerken in MLB en WDE Inschatting ZR Procedure Servicelijn: Ga naar de tab Dienstverlening > Nieuwe dienstverlening. Klik op 'Aanwezig afwerken': Laat 'Initiatief door' default op 'VDAB belt klant' staan. Vul het verslag aan.  Kies als vervolgactie 'Opvolgen als zelfredzame'. Klik op 'Bewaar'. Bespreek de opdrachten en duid eventueel nieuwe opdrachten aan. Vul de Notitie aan indien nodig. Zie alinea: Hoe een notitie wijzigen? WDE:  'Registratie Outbound' 'Contact met klant' Inschatting AGI Procedure Servicelijn Volg de procedure in de alinea:  CS: Actiegericht (her)inschatten (AGI) met DiWi WDE:  'Registratie Outbound' 'Contact met klant' Inschatting BLING Procedure Servicelijn Volg de procedure in de alinea: CS: Blijft ingeschreven, geen dienstverlening door VDAB (BLING) met de Dispatchlijst WDE:  'Registratie Outbound' 'Contact met klant' Tijdlijn Klant heeft AO8 ontvangen en staat op de bellijst. Servicelijn belt klant Zie 'C' in de flow   "], ["Bellijst: Servicelijn belt klant", "Als klant meldt dat hij geen contact kan opnemen: volg doc  Melding afwezigheid afspraak bij Servicelijn Mindset Zie  Klant neemt contact op na een Herinnering? Afwerken in MLB Inschatting ZR Procedure Servicelijn: Ga naar de tab Dienstverlening > Nieuwe dienstverlening. Klik op 'Aanwezig afwerken' of 'Registreer inkomend gesprek': Vul het verslag aan. Kies als vervolgactie 'Opvolgen als zelfredzame'. Klik op 'Bewaar'. Bespreek de opdrachten en duid eventueel nieuwe opdrachten aan. Vul de Notitie aan indien nodig. Zie alinea: Hoe een notitie wijzigen? Inschatting AGI Procedure Servicelijn Volg de procedure in de alinea:  CS: Actiegericht (her)inschatten (AGI) met DiWi Inschatting BLING Procedure Servicelijn Volg de procedure in de alinea: CS: Blijft ingeschreven, geen dienstverlening door VDAB (BLING) met de Dispatchlijst Tijdlijn Klant AO8, kreeg maximaal aantal belpogingen en eventueel een 1ste Herinnering. Klant belt Servicelijn. Zie 'E' in de flow ."], ["Herinnering / Waarschuwing", "Als klant meldt dat hij geen contact kan opnemen: volg doc  Melding afwezigheid afspraak bij Servicelijn Mindset Zie  Klant neemt contact op na een Waarschuwing? Afwerken in MLB Inschatting ZR Procedure Servicelijn: Ga naar de tab Dienstverlening > Nieuwe dienstverlening. Klik op 'Aanwezig afwerken' of 'Registreer inkomend gesprek': Vul het verslag aan. Kies als vervolgactie 'Opvolgen als zelfredzame'. Klik op 'Bewaar'. Bespreek de opdrachten en duid eventueel nieuwe opdrachten aan. Vul de Notitie aan indien nodig. Zie alinea: Hoe een notitie wijzigen? Inschatting AGI Procedure Servicelijn Volg de procedure in de alinea:  CS: Actiegericht (her)inschatten (AGI) met DiWi Inschatting BLING Procedure Servicelijn Volg de procedure in de alinea: CS: Blijft ingeschreven, geen dienstverlening door VDAB (BLING) met de Dispatchlijst Tijdlijn Klant AO8, kreeg maximaal aantal belpogingen en een Herinnering en / of Waarschuwing. Klant belt Servicelijn. Zie 'E' in de flow ."]], "link_ankers": [["https://intranet-rel1ldv.ops.vdab.be/faq/servicelijn/hoe-dispatchen-procedures", "CS: Actiegericht (her)inschatten (AGI) met DiWi"], ["https://intranet-rel1ldv.ops.vdab.be/faq/servicelijn/mindset-bij-het-laatste-opvolggesprek", "Klant neemt contact op na een Herinnering?"], ["https://intranet-rel1ldv.ops.vdab.be/faq/servicelijn/mindset-bij-het-laatste-opvolggesprek", "Klant neemt contact op na een Waarschuwing?"], ["https://intranet-rel1ldv.ops.vdab.be/faq/servicelijn/praktische-afspraken-verslaggeving", "Hoe een notitie wijzigen?"], ["https://intranet-rel1ldv.ops.vdab.be/faq/niaa-overzicht-registraties-bij-herinnering-waarschuwing", "Melding afwezigheid afspraak bij Servicelijn"], ["https://intranet-rel1ldv.ops.vdab.be/faq/servicelijn/mindset-bij-het-laatste-opvolggesprek", "laatste opvolggesprek"], ["https://intranet-rel1ldv.ops.vdab.be/faq/servicelijn/hoe-dispatchen-procedures", "CS: Blijft ingeschreven, geen dienstverlening door VDAB (BLING) met de Dispatchlijst"]], "title_translation": "Status: last follow-up interview needed", "field_trefwoorden_name_translation": ["contact strategy", "automatic ramps", "mediation"], "domain_name_translation": ["status inos"], "category_name_translation": "Service line", "content_translation": [["AO8 /", "Call Drop Mindset to Customer Conduct the last follow-up interview. Finishing in MLB Estimate ZR Procedure Service Line Go to the Service tab > New services> Services and contacts Click on 'Finish present': Complete the report. Choose 'Follow up as self-reliant' as a follow-up action. Click Save. Discuss the assignments and indicate any new assignments. Complete the Note if necessary. See paragraph: How to change a note? Estimation AGI Procedure Service Line Follow the procedure in the paragraph: CS: Action-oriented (re)assessment (AGI) with DiWi Assessment BLING Procedure Service line Follow the procedure in the paragraph: CS: Remains registered, no service provided by VDAB (BLING) with the Dispatch List Timeline Customer has received AO8 Customer calls Service line See 'C' in the flow"], ["Assignment AO8: 'Prepare for our conversation'", "Mindset to customer Conduct the last follow-up interview. Finishing in MLB Estimation ZR Procedure Service Line Go to the Service tab > New service. Click on 'Register incoming call': Leave 'Initiative by' default to 'customer calls VDAB'. Complete the report.  Choose 'Follow up as self-reliant' as a follow-up action. Click Save. Discuss the assignments and indicate any new assignments. Complete the Note if necessary. See paragraph: How to change a note? Estimation AGI Procedure Service Line Follow the procedure in the paragraph: CS: Action-oriented (re)assessment (AGI) with DiWi Assessment BLING Procedure Service line Follow the procedure in the paragraph: CS: Remains registered, no service by VDAB (BLING) with the Dispatch list Timeline Customer has received AO8 and is already on the call list Customer calls Service line See 'C' in the flow"], ["Call List: Customer Calls Service", "Line Mindset to Customer Conduct the last follow-up call. Finishing in MLB and WDE Estimation ZR Procedure Service line: Go to the Service tab > New service. Click on 'Finish present': Leave 'Initiative by' default to 'VDAB calls customer'. Complete the report.  Choose 'Follow up as self-reliant' as a follow-up action. Click Save. Discuss the assignments and indicate any new assignments. Complete the Note if necessary. See paragraph: How to change a note? WDE: 'Registration Outbound' 'Contact with customer' Estimation AGI Procedure Service line Follow the procedure in the paragraph: CS: Action-oriented (re)assessment (AGI) with DiWi WDE: 'Registration Outbound' 'Contact with customer' Estimation BLING Procedure Service line Follow the procedure in the paragraph: CS: Remains registered, no service by VDAB (BLING) with the Dispatch list WDE: 'Registration Outbound' 'Contact with customer' Timeline Customer has received AO8 and is on the call list. Service line calls customer See 'C' in the flow"], ["Call list: Service line calls customer", "If customer reports that he cannot contact: follow doc Notification absence appointment at Service line Mindset See Customer contacts after a Reminder? Finishing in MLB Estimate ZR Procedure Service line: Go to the Service tab > New service. Click on 'Finish present' or 'Register incoming call': Complete the report. Choose 'Follow up as self-reliant' as a follow-up action. Click Save. Discuss the assignments and indicate any new assignments. Complete the Note if necessary. See paragraph: How to change a note? Estimation AGI Procedure Service line Follow the procedure in the paragraph: CS: Action-oriented (re)assessment (AGI) with DiWi Estimation BLING Procedure Service line Follow the procedure in the paragraph: CS: Remains registered, no service by VDAB (BLING) with the Dispatch list Timeline Customer AO8, received maximum number of call attempts and possibly a 1st Reminder. Customer calls Service line. See 'E' in the flow."], ["Reminder / Warning", "If customer reports that he cannot contact: follow doc Notification absence appointment at Service line Mindset See Customer contacts after a Warning? Finishing in MLB Estimate ZR Procedure Service line: Go to the Service tab > New service. Click on 'Finish present' or 'Register incoming call': Complete the report. Choose 'Follow up as self-reliant' as a follow-up action. Click Save. Discuss the assignments and indicate any new assignments. Complete the Note if necessary. See paragraph: How to change a note? Estimation AGI Procedure Service Line Follow the procedure in the paragraph: CS: Action-oriented (re)assessment (AGI) with DiWi Estimation BLING Procedure Service line Follow the procedure in the paragraph: CS: Remains enrolled, no service by VDAB (BLING) with the Dispatch List Timeline Customer AO8, received maximum number of call attempts and a Reminder and / or Warning. Customer calls Service line. See 'E' in the flow."]], "document": "Status: laatste opvolggesprek nodig \n\n Vraag aan de VDAB consulent: AO8 / Bellijst? \n Antwoord of Actie: Mindset naar klant Voer het laatste opvolggesprek . Afwerken in MLB Inschatting ZR Procedure Servicelijn Ga naar de tab Dienstverlening > Nieuwe dienstverlening> Diensten en contacten Klik op 'Aanwezig afwerken': Vul het verslag aan. Kies als vervolgactie 'Opvolgen als zelfredzame'. Klik op 'Bewaar'. Bespreek de opdrachten en duid eventueel nieuwe opdrachten aan. Vul de Notitie aan indien nodig. Zie alinea: Hoe een notitie wijzigen? Inschatting AGI Procedure Servicelijn Volg de procedure in de alinea:  CS: Actiegericht (her)inschatten (AGI) met DiWi Inschatting BLING Procedure Servicelijn Volg de procedure in de alinea: CS: Blijft ingeschreven, geen dienstverlening door VDAB (BLING) met de Dispatchlijst Tijdlijn Klant heeft AO8 ontvangen  Klant belt Servicelijn Zie 'C' in de flow    \n\n Vraag aan de VDAB consulent: Opdracht AO8: 'Bereid je voor op ons gesprek'? \n Antwoord of Actie: Mindset naar klant Voer het laatste opvolggesprek . Afwerken in MLB Inschatting ZR Procedure Servicelijn Ga naar de tab Dienstverlening > Nieuwe dienstverlening. Klik op 'Registreer inkomend gesprek'': Laat 'Initiatief door' default op 'klant belt VDAB' staan. Vul het verslag aan.  Kies als vervolgactie 'Opvolgen als zelfredzame'. Klik op 'Bewaar'. Bespreek de opdrachten en duid eventueel nieuwe opdrachten aan. Vul de Notitie aan indien nodig. Zie alinea: Hoe een notitie wijzigen? Inschatting AGI Procedure Servicelijn Volg de procedure in de alinea:  CS: Actiegericht (her)inschatten (AGI) met DiWi Inschatting BLING Procedure Servicelijn Volg de procedure in de alinea: CS: Blijft ingeschreven, geen dienstverlening door VDAB (BLING) met de Dispatchlijst Tijdlijn Klant heeft AO8 ontvangen en staat al op de bellijst Klant belt Servicelijn Zie 'C' in de flow    \n\n Vraag aan de VDAB consulent: Bellijst: Klant belt Servicelijn? \n Antwoord of Actie: Mindset naar klant Voer het laatste opvolggesprek . Afwerken in MLB en WDE Inschatting ZR Procedure Servicelijn: Ga naar de tab Dienstverlening > Nieuwe dienstverlening. Klik op 'Aanwezig afwerken': Laat 'Initiatief door' default op 'VDAB belt klant' staan. Vul het verslag aan.  Kies als vervolgactie 'Opvolgen als zelfredzame'. Klik op 'Bewaar'. Bespreek de opdrachten en duid eventueel nieuwe opdrachten aan. Vul de Notitie aan indien nodig. Zie alinea: Hoe een notitie wijzigen? WDE:  'Registratie Outbound' 'Contact met klant' Inschatting AGI Procedure Servicelijn Volg de procedure in de alinea:  CS: Actiegericht (her)inschatten (AGI) met DiWi WDE:  'Registratie Outbound' 'Contact met klant' Inschatting BLING Procedure Servicelijn Volg de procedure in de alinea: CS: Blijft ingeschreven, geen dienstverlening door VDAB (BLING) met de Dispatchlijst WDE:  'Registratie Outbound' 'Contact met klant' Tijdlijn Klant heeft AO8 ontvangen en staat op de bellijst. Servicelijn belt klant Zie 'C' in de flow    \n\n Vraag aan de VDAB consulent: Bellijst: Servicelijn belt klant? \n Antwoord of Actie: Als klant meldt dat hij geen contact kan opnemen: volg doc  Melding afwezigheid afspraak bij Servicelijn Mindset Zie  Klant neemt contact op na een Herinnering? Afwerken in MLB Inschatting ZR Procedure Servicelijn: Ga naar de tab Dienstverlening > Nieuwe dienstverlening. Klik op 'Aanwezig afwerken' of 'Registreer inkomend gesprek': Vul het verslag aan. Kies als vervolgactie 'Opvolgen als zelfredzame'. Klik op 'Bewaar'. Bespreek de opdrachten en duid eventueel nieuwe opdrachten aan. Vul de Notitie aan indien nodig. Zie alinea: Hoe een notitie wijzigen? Inschatting AGI Procedure Servicelijn Volg de procedure in de alinea:  CS: Actiegericht (her)inschatten (AGI) met DiWi Inschatting BLING Procedure Servicelijn Volg de procedure in de alinea: CS: Blijft ingeschreven, geen dienstverlening door VDAB (BLING) met de Dispatchlijst Tijdlijn Klant AO8, kreeg maximaal aantal belpogingen en eventueel een 1ste Herinnering. Klant belt Servicelijn. Zie 'E' in de flow . \n\n Vraag aan de VDAB consulent: Herinnering / Waarschuwing? \n Antwoord of Actie: Als klant meldt dat hij geen contact kan opnemen: volg doc  Melding afwezigheid afspraak bij Servicelijn Mindset Zie  Klant neemt contact op na een Waarschuwing? Afwerken in MLB Inschatting ZR Procedure Servicelijn: Ga naar de tab Dienstverlening > Nieuwe dienstverlening. Klik op 'Aanwezig afwerken' of 'Registreer inkomend gesprek': Vul het verslag aan. Kies als vervolgactie 'Opvolgen als zelfredzame'. Klik op 'Bewaar'. Bespreek de opdrachten en duid eventueel nieuwe opdrachten aan. Vul de Notitie aan indien nodig. Zie alinea: Hoe een notitie wijzigen? Inschatting AGI Procedure Servicelijn Volg de procedure in de alinea:  CS: Actiegericht (her)inschatten (AGI) met DiWi Inschatting BLING Procedure Servicelijn Volg de procedure in de alinea: CS: Blijft ingeschreven, geen dienstverlening door VDAB (BLING) met de Dispatchlijst Tijdlijn Klant AO8, kreeg maximaal aantal belpogingen en een Herinnering en / of Waarschuwing. Klant belt Servicelijn. Zie 'E' in de flow . \n\n Categorie: Servicelijn \n\n Domein: status inos \n\n Tags: bemiddeling, automatische opdrachen, contactstrategie \n\n Url: https://intranet-rel1ldv.ops.vdab.be/faq/servicelijn/status-laatste-opvolggesprek-nodig \n\n Volgende paginas: CS: Actiegericht (her)inschatten (AGI) met DiWi, via https://intranet-rel1ldv.ops.vdab.be/faq/servicelijn/hoe-dispatchen-procedures - Klant neemt contact op na een Herinnering?, via https://intranet-rel1ldv.ops.vdab.be/faq/servicelijn/mindset-bij-het-laatste-opvolggesprek - Klant neemt contact op na een Waarschuwing?, via https://intranet-rel1ldv.ops.vdab.be/faq/servicelijn/mindset-bij-het-laatste-opvolggesprek - Hoe een notitie wijzigen?, via https://intranet-rel1ldv.ops.vdab.be/faq/servicelijn/praktische-afspraken-verslaggeving - Melding afwezigheid afspraak bij Servicelijn, via https://intranet-rel1ldv.ops.vdab.be/faq/niaa-overzicht-registraties-bij-herinnering-waarschuwing - laatste opvolggesprek, via https://intranet-rel1ldv.ops.vdab.be/faq/servicelijn/mindset-bij-het-laatste-opvolggesprek - CS: Blijft ingeschreven, geen dienstverlening door VDAB (BLING) met de Dispatchlijst, via https://intranet-rel1ldv.ops.vdab.be/faq/servicelijn/hoe-dispatchen-procedures \n\n Type: intranet", "document_translation": "Status: last follow-up interview needed \n\n Question for the VDAB counselor: AO8 /? \n Answer or Action: Call Drop Mindset to Customer Conduct the last follow-up interview. Finishing in MLB Estimate ZR Procedure Service Line Go to the Service tab > New services> Services and contacts Click on 'Finish present': Complete the report. Choose 'Follow up as self-reliant' as a follow-up action. Click Save. Discuss the assignments and indicate any new assignments. Complete the Note if necessary. See paragraph: How to change a note? Estimation AGI Procedure Service Line Follow the procedure in the paragraph: CS: Action-oriented (re)assessment (AGI) with DiWi Assessment BLING Procedure Service line Follow the procedure in the paragraph: CS: Remains registered, no service provided by VDAB (BLING) with the Dispatch List Timeline Customer has received AO8 Customer calls Service line See 'C' in the flow \n\n Question for the VDAB counselor: Assignment AO8: 'Prepare for our conversation'? \n Answer or Action: Mindset to customer Conduct the last follow-up interview. Finishing in MLB Estimation ZR Procedure Service Line Go to the Service tab > New service. Click on 'Register incoming call': Leave 'Initiative by' default to 'customer calls VDAB'. Complete the report.  Choose 'Follow up as self-reliant' as a follow-up action. Click Save. Discuss the assignments and indicate any new assignments. Complete the Note if necessary. See paragraph: How to change a note? Estimation AGI Procedure Service Line Follow the procedure in the paragraph: CS: Action-oriented (re)assessment (AGI) with DiWi Assessment BLING Procedure Service line Follow the procedure in the paragraph: CS: Remains registered, no service by VDAB (BLING) with the Dispatch list Timeline Customer has received AO8 and is already on the call list Customer calls Service line See 'C' in the flow \n\n Question for the VDAB counselor: Call List: Customer Calls Service? \n Answer or Action: Line Mindset to Customer Conduct the last follow-up call. Finishing in MLB and WDE Estimation ZR Procedure Service line: Go to the Service tab > New service. Click on 'Finish present': Leave 'Initiative by' default to 'VDAB calls customer'. Complete the report.  Choose 'Follow up as self-reliant' as a follow-up action. Click Save. Discuss the assignments and indicate any new assignments. Complete the Note if necessary. See paragraph: How to change a note? WDE: 'Registration Outbound' 'Contact with customer' Estimation AGI Procedure Service line Follow the procedure in the paragraph: CS: Action-oriented (re)assessment (AGI) with DiWi WDE: 'Registration Outbound' 'Contact with customer' Estimation BLING Procedure Service line Follow the procedure in the paragraph: CS: Remains registered, no service by VDAB (BLING) with the Dispatch list WDE: 'Registration Outbound' 'Contact with customer' Timeline Customer has received AO8 and is on the call list. Service line calls customer See 'C' in the flow \n\n Question for the VDAB counselor: Call list: Service line calls customer? \n Answer or Action: If customer reports that he cannot contact: follow doc Notification absence appointment at Service line Mindset See Customer contacts after a Reminder? Finishing in MLB Estimate ZR Procedure Service line: Go to the Service tab > New service. Click on 'Finish present' or 'Register incoming call': Complete the report. Choose 'Follow up as self-reliant' as a follow-up action. Click Save. Discuss the assignments and indicate any new assignments. Complete the Note if necessary. See paragraph: How to change a note? Estimation AGI Procedure Service line Follow the procedure in the paragraph: CS: Action-oriented (re)assessment (AGI) with DiWi Estimation BLING Procedure Service line Follow the procedure in the paragraph: CS: Remains registered, no service by VDAB (BLING) with the Dispatch list Timeline Customer AO8, received maximum number of call attempts and possibly a 1st Reminder. Customer calls Service line. See 'E' in the flow. \n\n Question for the VDAB counselor: Reminder / Warning? \n Answer or Action: If customer reports that he cannot contact: follow doc Notification absence appointment at Service line Mindset See Customer contacts after a Warning? Finishing in MLB Estimate ZR Procedure Service line: Go to the Service tab > New service. Click on 'Finish present' or 'Register incoming call': Complete the report. Choose 'Follow up as self-reliant' as a follow-up action. Click Save. Discuss the assignments and indicate any new assignments. Complete the Note if necessary. See paragraph: How to change a note? Estimation AGI Procedure Service Line Follow the procedure in the paragraph: CS: Action-oriented (re)assessment (AGI) with DiWi Estimation BLING Procedure Service line Follow the procedure in the paragraph: CS: Remains enrolled, no service by VDAB (BLING) with the Dispatch List Timeline Customer AO8, received maximum number of call attempts and a Reminder and / or Warning. Customer calls Service line. See 'E' in the flow. \n\n Category: Service line \n\n Domain: status inos \n\n Tags: contact strategy, mediation, automatic ramps \n\n Url: https://intranet-rel1ldv.ops.vdab.be/faq/servicelijn/status-laatste-opvolggesprek-nodig \n\n Next pages: CS: Actiegericht (her)inschatten (AGI) met DiWi, via https://intranet-rel1ldv.ops.vdab.be/faq/servicelijn/hoe-dispatchen-procedures - Klant neemt contact op na een Herinnering?, via https://intranet-rel1ldv.ops.vdab.be/faq/servicelijn/mindset-bij-het-laatste-opvolggesprek - Klant neemt contact op na een Waarschuwing?, via https://intranet-rel1ldv.ops.vdab.be/faq/servicelijn/mindset-bij-het-laatste-opvolggesprek - Hoe een notitie wijzigen?, via https://intranet-rel1ldv.ops.vdab.be/faq/servicelijn/praktische-afspraken-verslaggeving - Melding afwezigheid afspraak bij Servicelijn, via https://intranet-rel1ldv.ops.vdab.be/faq/niaa-overzicht-registraties-bij-herinnering-waarschuwing - laatste opvolggesprek, via https://intranet-rel1ldv.ops.vdab.be/faq/servicelijn/mindset-bij-het-laatste-opvolggesprek - CS: Blijft ingeschreven, geen dienstverlening door VDAB (BLING) met de Dispatchlijst, via https://intranet-rel1ldv.ops.vdab.be/faq/servicelijn/hoe-dispatchen-procedures \n\n Type: intranet"}