{"title": "Starterjobs - starterslonen", "type": "intranet", "domain_name": ["tewerkstellingsmaatregelen"], "category_name": "Servicelijn", "field_faq_summary": "In dit document staat de eerstelijnsinformatie over starterjobs - starterslonen voor de wz/wn-bemiddelaar van SL. De info voor wg is terug te vinden onder het hoofddomein wg.", "url": "https://intranet-rel1ldv.ops.vdab.be/faq/servicelijn/starterjobs-starterslonen-1", "content": [["Rol VDAB/BO TW", "VDAB is niet bevoegd voor deze materie. BO TW doet  geen eerste triage voor deze maatregel."], ["Wat", "Federale maatregel Bevoegdheid van de federale overheidsdienst Werkgelegenheid, Arbeid en Sociaal Overleg (WASO) Een verlaging van de loonkost voor de wg Een compenserende toeslag aan de jongere Bij de aanwerving van - 21 jarige jongeren met 'weinig of geen beroepservaring' = maximale tewerkstellingsvoorwaarde Procedure Servicelijn Volg de procedure per FAQ. Verwijs voor de basisinfo naar vdab.be >  Tewerkstellingspremies voor wie werk zoekt of werkt > Startersloon meer informatie naar  FOD WASO:  werk.belgie.be > Thema's > Werkgelegenheid en arbeidsmarkt > Werkgelegenheidsmaatregelen > Starterslonen voor jongeren"], ["Voor wie", "Opgelet Geef enkel info over de inschrijving bij VDAB aan de wz. Voorwaarden wn Leeftijd < 21 jaar Die voldoet aan de maximale tewerkstellingsvoorwaarde . Ingeschreven als wz bij VDAB, ACTIRIS of Le Forem onmiddellijk voorafgaand aan de aanwerving. Voorwaarden wg Bijna alle wg uit de privesector Startbaanovereenkomst (arbeidsovereenkomst zonder opleidingsluik) Minstens halftijds Bepaalde of onbepaalde duur Bepaling in de arbeidsovereenkomst: er moet uitdrukkelijk staan dat de wg het toepasselijk minimumloon vermindert in het kader van de wetgeving op de starterjobs en dat hij elke maand waarin hij de vermindering toepast de forfaitaire toeslag zal betalen.  Loon: het brutoloon van de wn (zonder vemindering) is gelijk aan het minimumloon dat toepasselijk is in de sector (= sectoraal minimumloon) OF het GGMMI (Gemiddeld Gewaarborgd Minimum Maand Inkomen)"], ["Hoeveel", "De wg mag het brutoloon verminderen met een percentage dat afhankelijk is van de leeftijd van de jongere op het einde van de maand. Leeftijd van de jongere op het einde van de maand Percentage van de vermindering 18 jaar 18 % 19 jaar 12 % 20 jaar 6 %  "], ["Maximum tewerkstellingsvoorwaarde", "Om te zorgen dat jongeren geen arbeidsovereenkomsten van korte duur weigeren en daardoor niet meer in aanmerking komen voor deze maatregel. Deze maatregel is gericht op jongeren zonder of met een beperkte beroepservaring. Er gebeurt na aanwerving een check op de voorwaarde van maximale tewerkstelling."], ["Waarom", "VDAB kan enkel een inschrijvingsbewijs afleveren. De jongere kan bij de sollicitatie geen bewijs voorleggen dat hij voldoet aan de maximale tewerkstellingsvoorwaarde. Hij kan enkel zijn tewerkstellingen doorgeven. Procedure Servicelijn Check de inschrijving van de jongere. Bezorg de klant een inschrijvingsbewijs. Geef de gegevens van BO TW niet mee. Zij kunnen de maximale tewerkstellingsvoorwaarde niet controleren en doen hier geen uitspraken over. Achtergrondinfo Na de dimona-aangifte (bij indiensttreding) beoordeelt de RSZ het beroepsverleden in functie van de maximale tewerkstellingsvoorwaarde. De wg krijgt nadien hierover een bericht. Zonder dit bericht mag hij het loon niet verminderen."], ["Geen bewijs", "vdab.be >  Tewerkstellingspremies voor wie werk zoekt of werkt > Startersloon FOD WASO:  werk.belgie.be > Thema's > Werkgelegenheid en arbeidsmarkt > Werkgelegenheidsmaatregelen > Starterslonen voor jongeren"]], "title_translation": "Starterjobs - starter wages", "domain_name_translation": ["employment measures"], "category_name_translation": "Service line", "field_faq_summary_translation": "This document contains the first-line information on starter jobs - starter wages for SL's wz/wn mediator. The info for wg can be found under the main domain wg.", "content_translation": [["Role VDAB/BO TW", "VDAB is not competent for this matter. BO TW does not do any initial triage for this measure."], ["What Federal", "measure Competence of the Federal Public Service Employment, Labour and Social Dialogue (WASO) A reduction in the wage cost for the wg A compensatory allowance to the young person When recruiting - 21-year-old young people with 'little or no professional experience' = maximum employment condition Procedure Service line Follow the procedure per FAQ. For the basic information, refer to vdab.be > Employment premiums for those looking for work or working > Starter wage more information to FPS WASO: werk.belgie.be > Themes > Employment and labour market > Employment measures > Starter wages for young people"], ["For whom", "Attention Only provide information about the registration with VDAB to the wz. Conditions wn Age < 21 years Who meets the maximum employment condition. Registered as a WZ with VDAB, ACTIRIS or Le Forem immediately prior to recruitment. Conditions wg Almost all wg from the private sector Starting job contract (employment contract without training component) At least half-time Fixed or indefinite Provision in the employment contract: it must explicitly state that the wg reduces the applicable minimum wage under the legislation on the starter jobs and that he will pay the flat-rate supplement every month in which he applies the reduction.  Wage: the gross wage of the wn (without reduction) is equal to the minimum wage applicable in the sector (= sectoral minimum wage) OR the GGMMI (Average Guaranteed Minimum Monthly Income)"], ["How much", "The wg may reduce the gross salary by a percentage that depends on the age of the young person at the end of the month. Age of young person at the end of the month Percentage of reduction 18 years 18 % 19 years 12 % 20 years 6 %"], ["Maximum employment condition", "To ensure that young people do not refuse short-term employment contracts and are therefore no longer eligible for this measure. This measure is aimed at young people with no or limited professional experience. After recruitment, a check is carried out on the condition of maximum employment."], ["Why", "VDAB can only issue a registration certificate. The young person cannot provide proof that he meets the maximum employment condition when applying. He can only pass on his employment. Procedure Service line Check the registration of the young person. Provide the customer with a registration certificate. Do not provide the data of BO TW. They cannot check the maximum employment condition and do not make any statements about this. Background information After the dimona declaration (upon taking up employment), the NSSO assesses the professional history in function of the maximum employment condition. The wg will receive a message about this afterwards. Without this notice, he may not reduce wages."], ["No proof", "vdab.be > Employment premiums for those looking for work or working > Starters wage FPS WASO: werk.belgie.be > Themes > Employment and labour market > Employment measures > Starter wages for young people"]], "document": "Starterjobs - starterslonen \n\n In dit document staat de eerstelijnsinformatie over starterjobs - starterslonen voor de wz/wn-bemiddelaar van SL. De info voor wg is terug te vinden onder het hoofddomein wg. \n\n Vraag aan de VDAB consulent: Rol VDAB/BO TW? \n Antwoord of Actie: VDAB is niet bevoegd voor deze materie. BO TW doet  geen eerste triage voor deze maatregel. \n\n Vraag aan de VDAB consulent: Wat? \n Antwoord of Actie: Federale maatregel Bevoegdheid van de federale overheidsdienst Werkgelegenheid, Arbeid en Sociaal Overleg (WASO) Een verlaging van de loonkost voor de wg Een compenserende toeslag aan de jongere Bij de aanwerving van - 21 jarige jongeren met 'weinig of geen beroepservaring' = maximale tewerkstellingsvoorwaarde Procedure Servicelijn Volg de procedure per FAQ. Verwijs voor de basisinfo naar vdab.be >  Tewerkstellingspremies voor wie werk zoekt of werkt > Startersloon meer informatie naar  FOD WASO:  werk.belgie.be > Thema's > Werkgelegenheid en arbeidsmarkt > Werkgelegenheidsmaatregelen > Starterslonen voor jongeren \n\n Vraag aan de VDAB consulent: Voor wie? \n Antwoord of Actie: Opgelet Geef enkel info over de inschrijving bij VDAB aan de wz. Voorwaarden wn Leeftijd < 21 jaar Die voldoet aan de maximale tewerkstellingsvoorwaarde . Ingeschreven als wz bij VDAB, ACTIRIS of Le Forem onmiddellijk voorafgaand aan de aanwerving. Voorwaarden wg Bijna alle wg uit de privesector Startbaanovereenkomst (arbeidsovereenkomst zonder opleidingsluik) Minstens halftijds Bepaalde of onbepaalde duur Bepaling in de arbeidsovereenkomst: er moet uitdrukkelijk staan dat de wg het toepasselijk minimumloon vermindert in het kader van de wetgeving op de starterjobs en dat hij elke maand waarin hij de vermindering toepast de forfaitaire toeslag zal betalen.  Loon: het brutoloon van de wn (zonder vemindering) is gelijk aan het minimumloon dat toepasselijk is in de sector (= sectoraal minimumloon) OF het GGMMI (Gemiddeld Gewaarborgd Minimum Maand Inkomen) \n\n Vraag aan de VDAB consulent: Hoeveel? \n Antwoord of Actie: De wg mag het brutoloon verminderen met een percentage dat afhankelijk is van de leeftijd van de jongere op het einde van de maand. Leeftijd van de jongere op het einde van de maand Percentage van de vermindering 18 jaar 18 % 19 jaar 12 % 20 jaar 6 %   \n\n Vraag aan de VDAB consulent: Maximum tewerkstellingsvoorwaarde? \n Antwoord of Actie: Om te zorgen dat jongeren geen arbeidsovereenkomsten van korte duur weigeren en daardoor niet meer in aanmerking komen voor deze maatregel. Deze maatregel is gericht op jongeren zonder of met een beperkte beroepservaring. Er gebeurt na aanwerving een check op de voorwaarde van maximale tewerkstelling. \n\n Vraag aan de VDAB consulent: Waarom? \n Antwoord of Actie: VDAB kan enkel een inschrijvingsbewijs afleveren. De jongere kan bij de sollicitatie geen bewijs voorleggen dat hij voldoet aan de maximale tewerkstellingsvoorwaarde. Hij kan enkel zijn tewerkstellingen doorgeven. Procedure Servicelijn Check de inschrijving van de jongere. Bezorg de klant een inschrijvingsbewijs. Geef de gegevens van BO TW niet mee. Zij kunnen de maximale tewerkstellingsvoorwaarde niet controleren en doen hier geen uitspraken over. Achtergrondinfo Na de dimona-aangifte (bij indiensttreding) beoordeelt de RSZ het beroepsverleden in functie van de maximale tewerkstellingsvoorwaarde. De wg krijgt nadien hierover een bericht. Zonder dit bericht mag hij het loon niet verminderen. \n\n Vraag aan de VDAB consulent: Geen bewijs? \n Antwoord of Actie: vdab.be >  Tewerkstellingspremies voor wie werk zoekt of werkt > Startersloon FOD WASO:  werk.belgie.be > Thema's > Werkgelegenheid en arbeidsmarkt > Werkgelegenheidsmaatregelen > Starterslonen voor jongeren \n\n Categorie: Servicelijn \n\n Domein: tewerkstellingsmaatregelen \n\n Url: https://intranet-rel1ldv.ops.vdab.be/faq/servicelijn/starterjobs-starterslonen-1 \n\n Type: intranet", "document_translation": "Starterjobs - starter wages \n\n This document contains the first-line information on starter jobs - starter wages for SL's wz/wn mediator. The info for wg can be found under the main domain wg. \n\n Question for the VDAB counselor: Role VDAB/BO TW? \n Answer or Action: VDAB is not competent for this matter. BO TW does not do any initial triage for this measure. \n\n Question for the VDAB counselor: What Federal? \n Answer or Action: measure Competence of the Federal Public Service Employment, Labour and Social Dialogue (WASO) A reduction in the wage cost for the wg A compensatory allowance to the young person When recruiting - 21-year-old young people with 'little or no professional experience' = maximum employment condition Procedure Service line Follow the procedure per FAQ. For the basic information, refer to vdab.be > Employment premiums for those looking for work or working > Starter wage more information to FPS WASO: werk.belgie.be > Themes > Employment and labour market > Employment measures > Starter wages for young people \n\n Question for the VDAB counselor: For whom? \n Answer or Action: Attention Only provide information about the registration with VDAB to the wz. Conditions wn Age < 21 years Who meets the maximum employment condition. Registered as a WZ with VDAB, ACTIRIS or Le Forem immediately prior to recruitment. Conditions wg Almost all wg from the private sector Starting job contract (employment contract without training component) At least half-time Fixed or indefinite Provision in the employment contract: it must explicitly state that the wg reduces the applicable minimum wage under the legislation on the starter jobs and that he will pay the flat-rate supplement every month in which he applies the reduction.  Wage: the gross wage of the wn (without reduction) is equal to the minimum wage applicable in the sector (= sectoral minimum wage) OR the GGMMI (Average Guaranteed Minimum Monthly Income) \n\n Question for the VDAB counselor: How much? \n Answer or Action: The wg may reduce the gross salary by a percentage that depends on the age of the young person at the end of the month. Age of young person at the end of the month Percentage of reduction 18 years 18 % 19 years 12 % 20 years 6 % \n\n Question for the VDAB counselor: Maximum employment condition? \n Answer or Action: To ensure that young people do not refuse short-term employment contracts and are therefore no longer eligible for this measure. This measure is aimed at young people with no or limited professional experience. After recruitment, a check is carried out on the condition of maximum employment. \n\n Question for the VDAB counselor: Why? \n Answer or Action: VDAB can only issue a registration certificate. The young person cannot provide proof that he meets the maximum employment condition when applying. He can only pass on his employment. Procedure Service line Check the registration of the young person. Provide the customer with a registration certificate. Do not provide the data of BO TW. They cannot check the maximum employment condition and do not make any statements about this. Background information After the dimona declaration (upon taking up employment), the NSSO assesses the professional history in function of the maximum employment condition. The wg will receive a message about this afterwards. Without this notice, he may not reduce wages. \n\n Question for the VDAB counselor: No proof? \n Answer or Action: vdab.be > Employment premiums for those looking for work or working > Starters wage FPS WASO: werk.belgie.be > Themes > Employment and labour market > Employment measures > Starter wages for young people \n\n Category: Service line \n\n Domain: employment measures \n\n Url: https://intranet-rel1ldv.ops.vdab.be/faq/servicelijn/starterjobs-starterslonen-1 \n\n Type: intranet"}