{"title": "Koppeling AMI-bedrijvenbank met VKBO: Algemene info", "type": "intranet", "field_trefwoorden_name": ["koppeling", "ami", "bedrijvenbank", "vkbo", "kbo"], "domain_name": ["ami, bdb, kbo"], "category_name": "Servicelijn", "field_faq_summary": "Beknopte situering en algemene info over de koppeling van de AMI-bedrijvenbank met de VKBO, specifiek voor de Servicelijn.", "url": "https://intranet-rel1ldv.ops.vdab.be/faq/servicelijn/koppeling-ami-bedrijvenbank-met-vkbo-algemene-info", "content": [["Waarom koppelen?", "VDAB is druk bezig met de lancering van een nieuwe Bedrijvendatabank die gebaseerd is op de Kruispuntbank van Ondernemingen (VKBO). Om die reden doen we nu al voorbereidend werk om AMI zoveel mogelijk in orde te zetten om de huidige AMI-databank meer en meer te koppelen aan de VKBO. Zo kan de synchronisatie tussen AMI en de nieuwe Bedrijvendatabank vlot verlopen. Meer informatie over de (V)KBO-databank, zie gerelateerd document (V)KBO: algemene info + FAQ's ."], ["Hoe zie je of een IKP-fiche in aanmerking komt voor de koppeling?", "Vanaf het ondernemings-/vestigingsnummer is ingevuld en VKBO is aangevinkt, kan er een koppeling met de VKBO gebeuren. Let op: Bij een vestiging is enkel het vestigingsnummer niet genoeg. De hoofdzetel moet ook een ondernemingsnummer bevatten. Hoofdzetel       Vestiging          Tip Staat er geen vinkje. Voeg dan de onderneming of de vestiging toe in BDB , dan komt het vinkje er automatisch te staan."], ["Welke hoofdzetels/vestigingen krijgen een update?", "Alle hoofdzetels/vestigingen in AMI geselecteerd op basis van ' datum laatste wijziging ' en : status 'Actief' KBO-ondernemingsnummer of KBO-vestigingsnummer = ingevuld  (0de-vestiging = ondernemingsnummer, andere vestigingen = vestigingsnummer VKBO) VKBO aangevinkt Achtergrondinfo Per dag krijgen 1000 IKP-nrs een update. De update kan dus wel op zich laten wachten nadat je de fiche hebt aangevuld met het KBO-nummer. Tip Staat er geen vinkje. Voeg dan de onderneming of de vestiging toe in BDB ."], ["Voegt het systeem automatisch nieuwe hoofdzetels/vestigingen toe in AMI?", "Nee Het  kan zijn dat er in de KBO een hoofdzetel/vestiging staat, die nog niet in AMI voorkomt. De synchronisatie zal niet automatisch deze hoofdzetel/vestiging toevoegen in AMI. Waarom? De synchronisatie vertrekt vanuit AMI en zal op basis van de sleutel (ondernemingsnummer of vestigingsnummer) de bijhorende gegevens opzoeken in de KBO en indien nodig, dan overnemen (synchroniseren) in AMI."], ["Komen IKP-fiches (AMI) passief te staan na synchronisatie?", "Ja Dit gebeurt na synchronisatie waarbij de vestiging in de KBO is stopgezet/passief staat. Opgelet! De synchronisatie plaatst geen IKP-fiches in AMI passief als er geen vestiging is in de KBO."]], "link_ankers": [["https://intranet-rel1ldv.ops.vdab.be/faq/servicelijn/vkbo-algemene-info-faqs", "(V)KBO: algemene info + FAQ&#039;s"], ["https://intranet-rel1ldv.ops.vdab.be/faq/servicelijn/koppeling-ami-bedrijvenbank-met-vkbo-proc-faqs", "Koppeling AMI-bedrijvenbank met VKBO: PROC + FAQ&#039;s"], ["https://intranet-rel1ldv.ops.vdab.be/faq/servicelijn/ami-bedrijvenbank", "AMI-bedrijvenbank"], ["https://intranet-rel1ldv.ops.vdab.be/faq/servicelijn/vkbo-algemene-info-faqs", "(V)KBO: algemene info + FAQ's"], ["https://intranet-rel1ldv.ops.vdab.be/faq/servicelijn/de-bedrijvendatabank-bdb-en-ami", "BDB"]], "title_translation": "Link between AMI company bank and VKBO: General info", "field_trefwoorden_name_translation": ["business bank", "cbe", "ami", "cfe", "clutch"], "domain_name_translation": ["ami, bdb, kbo"], "category_name_translation": "Service line", "field_faq_summary_translation": "Brief location and general information about the link between the AMI business bank and the VKBO, specifically for the Service line.", "content_translation": [["Why pair?", "VDAB is busy launching a new Business Database based on the Crossroads Bank for Enterprises (VKBO). For that reason, we are already doing preparatory work to put AMI in order as much as possible in order to link the current AMI database more and more to the VKBO. In this way, the synchronization between AMI and the new Company Database can run smoothly. More information about the (V)CBE database, see related document (V)CBE: general info + FAQs."], ["How do you see if an IKP sheet is eligible for the link?", "As soon as the company/branch number has been filled in and VKBO has been checked, a link with the VKBO can be made. Note: At a branch, just the branch number is not enough. The head office must also contain a company number. Head Office Branch Tip There is no check mark. Then add the company or branch in BDB, then the check mark will automatically appear."], ["Which head offices/branches will receive an update?", "All head offices/branches in AMI selected on the basis of ' date of last modification ' and : status 'Active' CBE company number or CBE branch number = filled in (0th branch = company number, other branches = branch number VKBO) VKBO checked Background info Every day 1000 IKP numbers receive an update. The update can therefore be delayed after you have supplemented the sheet with the CBE number. Tip There is no check mark. Then add the company or branch in BDB."], ["Does the system automatically add new headquarters/branches in AMI?", "No, it is possible that there is a head office/branch in the CBE, which does not yet appear in AMI. The synchronization will not automatically add this headquarters/branch office in AMI. Why? The synchronization starts from AMI and will look up the corresponding data in the CBE based on the key (company number or branch number) and, if necessary, then copy (synchronize) in AMI."], ["Will IKP chips (AMI) become passive after synchronization?", "Yes This happens after synchronization where the branch in the CBE has been discontinued / passively stated. Attention! The synchronization does not place IKP chips in AMI passively if there is no branch in the CBE."]], "document": "Koppeling AMI-bedrijvenbank met VKBO: Algemene info \n\n Beknopte situering en algemene info over de koppeling van de AMI-bedrijvenbank met de VKBO, specifiek voor de Servicelijn. \n\n Vraag aan de VDAB consulent: Waarom koppelen?? \n Antwoord of Actie: VDAB is druk bezig met de lancering van een nieuwe Bedrijvendatabank die gebaseerd is op de Kruispuntbank van Ondernemingen (VKBO). Om die reden doen we nu al voorbereidend werk om AMI zoveel mogelijk in orde te zetten om de huidige AMI-databank meer en meer te koppelen aan de VKBO. Zo kan de synchronisatie tussen AMI en de nieuwe Bedrijvendatabank vlot verlopen. Meer informatie over de (V)KBO-databank, zie gerelateerd document (V)KBO: algemene info + FAQ's . \n\n Vraag aan de VDAB consulent: Hoe zie je of een IKP-fiche in aanmerking komt voor de koppeling?? \n Antwoord of Actie: Vanaf het ondernemings-/vestigingsnummer is ingevuld en VKBO is aangevinkt, kan er een koppeling met de VKBO gebeuren. Let op: Bij een vestiging is enkel het vestigingsnummer niet genoeg. De hoofdzetel moet ook een ondernemingsnummer bevatten. Hoofdzetel       Vestiging          Tip Staat er geen vinkje. Voeg dan de onderneming of de vestiging toe in BDB , dan komt het vinkje er automatisch te staan. \n\n Vraag aan de VDAB consulent: Welke hoofdzetels/vestigingen krijgen een update?? \n Antwoord of Actie: Alle hoofdzetels/vestigingen in AMI geselecteerd op basis van ' datum laatste wijziging ' en : status 'Actief' KBO-ondernemingsnummer of KBO-vestigingsnummer = ingevuld  (0de-vestiging = ondernemingsnummer, andere vestigingen = vestigingsnummer VKBO) VKBO aangevinkt Achtergrondinfo Per dag krijgen 1000 IKP-nrs een update. De update kan dus wel op zich laten wachten nadat je de fiche hebt aangevuld met het KBO-nummer. Tip Staat er geen vinkje. Voeg dan de onderneming of de vestiging toe in BDB . \n\n Vraag aan de VDAB consulent: Voegt het systeem automatisch nieuwe hoofdzetels/vestigingen toe in AMI?? \n Antwoord of Actie: Nee Het  kan zijn dat er in de KBO een hoofdzetel/vestiging staat, die nog niet in AMI voorkomt. De synchronisatie zal niet automatisch deze hoofdzetel/vestiging toevoegen in AMI. Waarom? De synchronisatie vertrekt vanuit AMI en zal op basis van de sleutel (ondernemingsnummer of vestigingsnummer) de bijhorende gegevens opzoeken in de KBO en indien nodig, dan overnemen (synchroniseren) in AMI. \n\n Vraag aan de VDAB consulent: Komen IKP-fiches (AMI) passief te staan na synchronisatie?? \n Antwoord of Actie: Ja Dit gebeurt na synchronisatie waarbij de vestiging in de KBO is stopgezet/passief staat. Opgelet! De synchronisatie plaatst geen IKP-fiches in AMI passief als er geen vestiging is in de KBO. \n\n Categorie: Servicelijn \n\n Domein: ami, bdb, kbo \n\n Tags: koppeling, ami, bedrijvenbank, vkbo, kbo \n\n Url: https://intranet-rel1ldv.ops.vdab.be/faq/servicelijn/koppeling-ami-bedrijvenbank-met-vkbo-algemene-info \n\n Volgende paginas: (V)KBO: algemene info + FAQ&#039;s, via https://intranet-rel1ldv.ops.vdab.be/faq/servicelijn/vkbo-algemene-info-faqs - Koppeling AMI-bedrijvenbank met VKBO: PROC + FAQ&#039;s, via https://intranet-rel1ldv.ops.vdab.be/faq/servicelijn/koppeling-ami-bedrijvenbank-met-vkbo-proc-faqs - AMI-bedrijvenbank, via https://intranet-rel1ldv.ops.vdab.be/faq/servicelijn/ami-bedrijvenbank - (V)KBO: algemene info + FAQ's, via https://intranet-rel1ldv.ops.vdab.be/faq/servicelijn/vkbo-algemene-info-faqs - BDB, via https://intranet-rel1ldv.ops.vdab.be/faq/servicelijn/de-bedrijvendatabank-bdb-en-ami \n\n Type: intranet", "document_translation": "Link between AMI company bank and VKBO: General info \n\n Brief location and general information about the link between the AMI business bank and the VKBO, specifically for the Service line. \n\n Question for the VDAB counselor: Why pair?? \n Answer or Action: VDAB is busy launching a new Business Database based on the Crossroads Bank for Enterprises (VKBO). For that reason, we are already doing preparatory work to put AMI in order as much as possible in order to link the current AMI database more and more to the VKBO. In this way, the synchronization between AMI and the new Company Database can run smoothly. More information about the (V)CBE database, see related document (V)CBE: general info + FAQs. \n\n Question for the VDAB counselor: How do you see if an IKP sheet is eligible for the link?? \n Answer or Action: As soon as the company/branch number has been filled in and VKBO has been checked, a link with the VKBO can be made. Note: At a branch, just the branch number is not enough. The head office must also contain a company number. Head Office Branch Tip There is no check mark. Then add the company or branch in BDB, then the check mark will automatically appear. \n\n Question for the VDAB counselor: Which head offices/branches will receive an update?? \n Answer or Action: All head offices/branches in AMI selected on the basis of ' date of last modification ' and : status 'Active' CBE company number or CBE branch number = filled in (0th branch = company number, other branches = branch number VKBO) VKBO checked Background info Every day 1000 IKP numbers receive an update. The update can therefore be delayed after you have supplemented the sheet with the CBE number. Tip There is no check mark. Then add the company or branch in BDB. \n\n Question for the VDAB counselor: Does the system automatically add new headquarters/branches in AMI?? \n Answer or Action: No, it is possible that there is a head office/branch in the CBE, which does not yet appear in AMI. The synchronization will not automatically add this headquarters/branch office in AMI. Why? The synchronization starts from AMI and will look up the corresponding data in the CBE based on the key (company number or branch number) and, if necessary, then copy (synchronize) in AMI. \n\n Question for the VDAB counselor: Will IKP chips (AMI) become passive after synchronization?? \n Answer or Action: Yes This happens after synchronization where the branch in the CBE has been discontinued / passively stated. Attention! The synchronization does not place IKP chips in AMI passively if there is no branch in the CBE. \n\n Category: Service line \n\n Domain: ami, bdb, kbo \n\n Tags: business bank, cbe, ami, cfe, clutch \n\n Url: https://intranet-rel1ldv.ops.vdab.be/faq/servicelijn/koppeling-ami-bedrijvenbank-met-vkbo-algemene-info \n\n Next pages: (V)KBO: algemene info + FAQ&#039;s, via https://intranet-rel1ldv.ops.vdab.be/faq/servicelijn/vkbo-algemene-info-faqs - Koppeling AMI-bedrijvenbank met VKBO: PROC + FAQ&#039;s, via https://intranet-rel1ldv.ops.vdab.be/faq/servicelijn/koppeling-ami-bedrijvenbank-met-vkbo-proc-faqs - AMI-bedrijvenbank, via https://intranet-rel1ldv.ops.vdab.be/faq/servicelijn/ami-bedrijvenbank - (V)KBO: algemene info + FAQ's, via https://intranet-rel1ldv.ops.vdab.be/faq/servicelijn/vkbo-algemene-info-faqs - BDB, via https://intranet-rel1ldv.ops.vdab.be/faq/servicelijn/de-bedrijvendatabank-bdb-en-ami \n\n Type: intranet"}