{"title": "Werken met Competenties in Mastervac: FAQ's", "type": "intranet", "field_trefwoorden_name": ["vacature registreren", "vacaturemelding", "vacatures"], "domain_name": ["invulvelden in mastervac"], "category_name": "Servicelijn", "field_faq_summary": "FAQ's specifiek voor de Servicelijn omtrent 'werken met competenties' in Master Vac. (invoer vacature).", "url": "https://intranet-rel1ldv.ops.vdab.be/faq/servicelijn/2-werken-met-competenties-wmc-master-vac-faqs", "content": [["Waar de competenties opvragen/bekijken buiten Master Vac?", "Op intranet onder 'Toepassingen' > 'Databanken' > ' Competentiesjabloon zoeken '  "], ["Zijn competenties verplicht toe te voegen?", "Ja en nee. Technisch gezien is het niet verplicht om competenties toe te voegen. De werkgever krijgt geen blokkerende foutmelding. Hij kan zijn vacature publiceren. Inhoudelijk gezien zijn competenties essentieel voor een kwalitatieve en matchbare vacature. Als bemiddelaar voeg je competenties toe aan de vacatures die je plaatst en nakijkt."], ["Competenties noteren in de functieomschrijving/vereisten?", "Ja Het is mogelijk om competenties in de functieomschrijving/vereisten te noteren en om competenties aan te vinken. Zorg er voor dat de competenties omschreven in de functieomschrijving/vereisten een meerwaarde betekenen voor de vacature. Vermijd 'letterlijke' dubbele tekst, indien mogelijk. Waarom? De notering van competenties in de functieomschrijving/vereisten is belangrijk naar publicatie toe omdat deze een meerwaarde kunnen betekenen in het omschrijven van de functie omdat dit vaak specifieker is (geen standaardformulering ).  "], ["Waarom staan er reeds competenties standaard aangevinkt in Master Vac?", "VDAB gaat ervan uit dat bepaalde competenties reeds aanwezig zijn wanneer een werkgever iemand wil aanwerven met een bepaald aantal jaren ervaring. Daarom duidt het systeem standaard enkele competenties aan om het de werkgever gemakkelijker te maken. De werkgever kan deze laten staan of uitvinken. De gebruiker kan de basiscompetenties aanvullen met de extra competenties. Er kunnen nog extra competenties worden aangeduid:   Achtergrondinfo: Wie bepaalt welke competenties het systeem standaard mag aanvinken en wanneer? Een competentie-expert heeft in Comeet voor elke competentie voor elk sjabloon reeds aangeduid welke competentie standaard mag aangevinkt staan en bij welk niet (extra), afhankelijk van het gevraagde ervaringsniveau of van het soort beroep. Bijvoorbeeld: WG zoekt een bakker met 5 jaar ervaring. VDAB gaat er van uit dat een bakker met 5 jaar ervaring deeg kan kneden. Dus de competentie 'deeg kneden' zal standaard aangevinkt staan.  "], ["Wat is de invloed van 'ervaring'/'soort beroep' op de competenties?", "Afhankelijk van de aangeduide ervaring of soort beroep in een vacature, staan er competenties al dan niet standaard aangevinkt: Ervaring vereist: standaard staan een aantal competenties aangevinkt. \"Geen ervaring\" of ervaring \"niet van belang\": standaard staan geen competenties aangevinkt.  * De competentie-expert heeft dit ingesteld in Comeet."], ["Zijn de competenties in Master Vac wijzigbaar?", "Ja De werkgever en de bemiddelaar kunnen ten allen tijde de competenties aanpassen in Master Vac.  "], ["Zijn de gegevens bij 'Kunnen en kennen' wijzigbaar?", "Nee Voorlopig is dit een read-only veld.  "], ["Hoe extra competenties toevoegen via een ander competentiesjabloon?", "Via de link \"Voeg bijkomende competenties toe\" - Zoek eerst een 'competentiesjabloon'. - Voeg de competentie vermeld op het competentiesjabloon toe.  "], ["Kunnen competenties toegevoegd worden bij een onderwijsvacature?", "Ja"], ["Kunnen competenties toegevoegd worden aan HRXML-vacatures?", "Ja Zie gerelateerd doc HR-XML-vacatures: FAQ's, alinea ' FAQ: Competenties ingeven via HR-XML? ' en ' FAQ: Persoonsgebonden competenties via HR-XML? '."], ["Mogelijk om passieve vacature zonder competenties kopieren?", "Ja Bij het kopieren van een passieve vacature komt de gebruiker opnieuw in de wizard terecht en kan hij/zij competenties toevoegen.  "], ["Mogelijk om competenties te kopieren?", "Ja  Bij het kopieren van een vacature is het mogelijk om de competenties te kopieren, onder bepaalde voorwaarden: Vacature kopieren + geen wijziging gevraagde ervaring Master Vac kopieert alle aangevinkte competenties. vacature kopieren + wijzigen aan \"ervaring\" (verlagen of verhogen) Master Vac kopieert niet de aangevinkte competenties. MAAR wel de defaults op de vacature die bij de gekozen ervaring horen. vacature kopieren + het competentiesjabloon wijzigen Master Vac kopieert niet de competenties. Bijkomende competenties op de originele vacature (ongeacht wijziging aan 'ervaring') Master Vac kopieert de bijkomende competenties."], ["Zijn de competenties zichtbaar op de vacature?", "Ja  "], ["Zijn aanvullingen/wijzigingen van competenties zichtbaar in de wijzigingshistoriek?", "Nee   Noteer daarom steeds aanvullingen/wijzigingen in de opvolgingslijn van de vacature."], ["Houdt de matching rekening met de competenties?", "Ja De competenties spelen een grote rol in de matching. VDAB kan dit echter in de toekomst steeds aanpassen. Meer informatie hierover zie alinea ' Houdt de AM rekening met de competenties en de gradaties? '  "]], "link_ankers": [["https://intranet-rel1ldv.ops.vdab.be/faq/servicelijn/1-werken-met-competenties-wmc-algemene-info-en-kadering", "Werken met Competenties: Algemene info en kadering"], ["https://intranet-rel1ldv.ops.vdab.be/faq/servicelijn/hr-xml-vacatures-open-services-faqs", "FAQ: Persoonsgebonden competenties via HR-XML?"], ["https://intranet-rel1ldv.ops.vdab.be/faq/servicelijn/am-automatische-matching-faq", "Houdt de AM rekening met de competenties en de gradaties?"], ["https://intranet-rel1ldv.ops.vdab.be/faq/servicelijn/hr-xml-vacatures-open-services-faqs", "FAQ: Competenties ingeven via HR-XML?"]], "title_translation": "Working with Competencies in Mastervac: FAQs", "field_trefwoorden_name_translation": ["vacancies", "job notification", "register vacancy"], "domain_name_translation": ["input fields in mastervac"], "category_name_translation": "Service line", "field_faq_summary_translation": "FAQs specific to the Service line on 'working with competencies' in Master Vac. (enter vacancy).", "content_translation": [["Where to request/view the competencies outside Master Vac? On intranet, under 'Applications' > '", "Databases', > 'Find competency template'"], ["Are competencies mandatory to add?", "Yes and no. Technically, it is not mandatory to add competencies. The employer does not receive a blocking error message. He can publish his vacancy. In terms of content, competencies are essential for a qualitative and matchable vacancy. As a mediator, you add competencies to the vacancies you post and review."], ["Write down competencies in the job description/requirements?", "Yes It is possible to note competencies in the job description/requirements and to check competencies. Make sure that the competencies described in the job description/requirements add value to the vacancy. Avoid \"literal\" duplicate text, if possible. Why? The listing of competencies in the job description/requirements is important towards publication because they can add value in describing the position because this is often more specific (no standard formulation)."], ["Why are competences already checked by default in Master Vac?", "VDAB assumes that certain competencies are already present when an employer wants to hire someone with a certain number of years of experience. Therefore, the system designates some competencies by default to make it easier for the employer. The employer can leave or uncheck these. The user can supplement the basic competencies with the additional competencies. Additional competencies can be indicated: Background information: Who determines which competencies the system can check by default and when? A competency expert has already indicated in Comeet for each competence for each template which competence may be checked by default and which may not (extra), depending on the requested level of experience or the type of profession. For example: WG is looking for a baker with 5 years of experience. VDAB assumes that a baker with 5 years of experience can knead dough. So the competence 'kneading dough' will be checked by default."], ["What is the influence of 'experience'/'type of profession' on the competencies?", "Depending on the indicated experience or type of profession in a vacancy, competencies may or may not be checked by default: Experience required: a number of competencies are checked by default. \"No experience\" or experience \"not important\": no competencies are checked by default.  * The competency expert has set this up in Comeet."], ["Are the competencies in Master Vac changeable?", "Yes The employer and the mediator can adjust the competencies in Master Vac at any time."], ["Can the data under 'Can and know' be changed?", "No, For now, this is a read-only field."], ["How to add additional competencies through another competency template? Via the link \"Add", "additional competencies\" - First, find a 'competency template'. - Add the competency listed on the competency template."], ["Can competences be added to a teaching vacancy?", "Yes"], ["Can competencies be added to HRXML vacancies?", "Yes See related doc HR-XML vacancies: FAQs, paragraph ' FAQ: Entering competencies via HR-XML? ' and ' FAQ: Personal competencies via HR-XML? '."], ["Possible to copy passive vacancy without competencies?", "Yes When copying a passive vacancy, the user re-enters the wizard and can add competencies."], ["Possible to copy competencies?", "Yes When copying a vacancy, it is possible to copy the competencies, under certain conditions: Copy vacancy + no change requested experience Master Vac copies all checked competencies. copy vacancy + change to \"experience\" (decrease or increase) Master Vac does not copy the checked competencies. BUT the defaults on the vacancy that belong to the chosen experience. Copy job + change the competency template Master Vac does not copy the competencies. Additional competencies on the original vacancy (regardless of change to 'experience') Master Vac copies the additional competencies."], ["Are the competencies visible on the vacancy?", "Yes"], ["Are additions/changes to competencies visible in the change history?", "No, therefore, always note additions/changes in the follow-up line of the vacancy."], ["Does the matching take the competencies into account?", "Yes The competencies play a major role in the matching. However, VDAB can always adjust this in the future. More information about this see paragraph 'Does the AM take into account the competencies and the gradations? '"]], "document": "Werken met Competenties in Mastervac: FAQ's \n\n FAQ's specifiek voor de Servicelijn omtrent 'werken met competenties' in Master Vac. (invoer vacature). \n\n Vraag aan de VDAB consulent: Waar de competenties opvragen/bekijken buiten Master Vac?? \n Antwoord of Actie: Op intranet onder 'Toepassingen' > 'Databanken' > ' Competentiesjabloon zoeken '   \n\n Vraag aan de VDAB consulent: Zijn competenties verplicht toe te voegen?? \n Antwoord of Actie: Ja en nee. Technisch gezien is het niet verplicht om competenties toe te voegen. De werkgever krijgt geen blokkerende foutmelding. Hij kan zijn vacature publiceren. Inhoudelijk gezien zijn competenties essentieel voor een kwalitatieve en matchbare vacature. Als bemiddelaar voeg je competenties toe aan de vacatures die je plaatst en nakijkt. \n\n Vraag aan de VDAB consulent: Competenties noteren in de functieomschrijving/vereisten?? \n Antwoord of Actie: Ja Het is mogelijk om competenties in de functieomschrijving/vereisten te noteren en om competenties aan te vinken. Zorg er voor dat de competenties omschreven in de functieomschrijving/vereisten een meerwaarde betekenen voor de vacature. Vermijd 'letterlijke' dubbele tekst, indien mogelijk. Waarom? De notering van competenties in de functieomschrijving/vereisten is belangrijk naar publicatie toe omdat deze een meerwaarde kunnen betekenen in het omschrijven van de functie omdat dit vaak specifieker is (geen standaardformulering ).   \n\n Vraag aan de VDAB consulent: Waarom staan er reeds competenties standaard aangevinkt in Master Vac?? \n Antwoord of Actie: VDAB gaat ervan uit dat bepaalde competenties reeds aanwezig zijn wanneer een werkgever iemand wil aanwerven met een bepaald aantal jaren ervaring. Daarom duidt het systeem standaard enkele competenties aan om het de werkgever gemakkelijker te maken. De werkgever kan deze laten staan of uitvinken. De gebruiker kan de basiscompetenties aanvullen met de extra competenties. Er kunnen nog extra competenties worden aangeduid:   Achtergrondinfo: Wie bepaalt welke competenties het systeem standaard mag aanvinken en wanneer? Een competentie-expert heeft in Comeet voor elke competentie voor elk sjabloon reeds aangeduid welke competentie standaard mag aangevinkt staan en bij welk niet (extra), afhankelijk van het gevraagde ervaringsniveau of van het soort beroep. Bijvoorbeeld: WG zoekt een bakker met 5 jaar ervaring. VDAB gaat er van uit dat een bakker met 5 jaar ervaring deeg kan kneden. Dus de competentie 'deeg kneden' zal standaard aangevinkt staan.   \n\n Vraag aan de VDAB consulent: Wat is de invloed van 'ervaring'/'soort beroep' op de competenties?? \n Antwoord of Actie: Afhankelijk van de aangeduide ervaring of soort beroep in een vacature, staan er competenties al dan niet standaard aangevinkt: Ervaring vereist: standaard staan een aantal competenties aangevinkt. \"Geen ervaring\" of ervaring \"niet van belang\": standaard staan geen competenties aangevinkt.  * De competentie-expert heeft dit ingesteld in Comeet. \n\n Vraag aan de VDAB consulent: Zijn de competenties in Master Vac wijzigbaar?? \n Antwoord of Actie: Ja De werkgever en de bemiddelaar kunnen ten allen tijde de competenties aanpassen in Master Vac.   \n\n Vraag aan de VDAB consulent: Zijn de gegevens bij 'Kunnen en kennen' wijzigbaar?? \n Antwoord of Actie: Nee Voorlopig is dit een read-only veld.   \n\n Vraag aan de VDAB consulent: Hoe extra competenties toevoegen via een ander competentiesjabloon?? \n Antwoord of Actie: Via de link \"Voeg bijkomende competenties toe\" - Zoek eerst een 'competentiesjabloon'. - Voeg de competentie vermeld op het competentiesjabloon toe.   \n\n Vraag aan de VDAB consulent: Kunnen competenties toegevoegd worden bij een onderwijsvacature?? \n Antwoord of Actie: Ja \n\n Vraag aan de VDAB consulent: Kunnen competenties toegevoegd worden aan HRXML-vacatures?? \n Antwoord of Actie: Ja Zie gerelateerd doc HR-XML-vacatures: FAQ's, alinea ' FAQ: Competenties ingeven via HR-XML? ' en ' FAQ: Persoonsgebonden competenties via HR-XML? '. \n\n Vraag aan de VDAB consulent: Mogelijk om passieve vacature zonder competenties kopieren?? \n Antwoord of Actie: Ja Bij het kopieren van een passieve vacature komt de gebruiker opnieuw in de wizard terecht en kan hij/zij competenties toevoegen.   \n\n Vraag aan de VDAB consulent: Mogelijk om competenties te kopieren?? \n Antwoord of Actie: Ja  Bij het kopieren van een vacature is het mogelijk om de competenties te kopieren, onder bepaalde voorwaarden: Vacature kopieren + geen wijziging gevraagde ervaring Master Vac kopieert alle aangevinkte competenties. vacature kopieren + wijzigen aan \"ervaring\" (verlagen of verhogen) Master Vac kopieert niet de aangevinkte competenties. MAAR wel de defaults op de vacature die bij de gekozen ervaring horen. vacature kopieren + het competentiesjabloon wijzigen Master Vac kopieert niet de competenties. Bijkomende competenties op de originele vacature (ongeacht wijziging aan 'ervaring') Master Vac kopieert de bijkomende competenties. \n\n Vraag aan de VDAB consulent: Zijn de competenties zichtbaar op de vacature?? \n Antwoord of Actie: Ja   \n\n Vraag aan de VDAB consulent: Zijn aanvullingen/wijzigingen van competenties zichtbaar in de wijzigingshistoriek?? \n Antwoord of Actie: Nee   Noteer daarom steeds aanvullingen/wijzigingen in de opvolgingslijn van de vacature. \n\n Vraag aan de VDAB consulent: Houdt de matching rekening met de competenties?? \n Antwoord of Actie: Ja De competenties spelen een grote rol in de matching. VDAB kan dit echter in de toekomst steeds aanpassen. Meer informatie hierover zie alinea ' Houdt de AM rekening met de competenties en de gradaties? ' \n\n Categorie: Servicelijn \n\n Domein: invulvelden in mastervac \n\n Tags: vacaturemelding, vacatures, vacature registreren \n\n Url: https://intranet-rel1ldv.ops.vdab.be/faq/servicelijn/2-werken-met-competenties-wmc-master-vac-faqs \n\n Volgende paginas: Werken met Competenties: Algemene info en kadering, via https://intranet-rel1ldv.ops.vdab.be/faq/servicelijn/1-werken-met-competenties-wmc-algemene-info-en-kadering - FAQ: Persoonsgebonden competenties via HR-XML?, via https://intranet-rel1ldv.ops.vdab.be/faq/servicelijn/hr-xml-vacatures-open-services-faqs - Houdt de AM rekening met de competenties en de gradaties?, via https://intranet-rel1ldv.ops.vdab.be/faq/servicelijn/am-automatische-matching-faq - FAQ: Competenties ingeven via HR-XML?, via https://intranet-rel1ldv.ops.vdab.be/faq/servicelijn/hr-xml-vacatures-open-services-faqs \n\n Type: intranet", "document_translation": "Working with Competencies in Mastervac: FAQs \n\n FAQs specific to the Service line on 'working with competencies' in Master Vac. (enter vacancy). \n\n Question for the VDAB counselor: Where to request/view the competencies outside Master Vac? On intranet, under 'Applications' > '? \n Answer or Action: Databases', > 'Find competency template' \n\n Question for the VDAB counselor: Are competencies mandatory to add?? \n Answer or Action: Yes and no. Technically, it is not mandatory to add competencies. The employer does not receive a blocking error message. He can publish his vacancy. In terms of content, competencies are essential for a qualitative and matchable vacancy. As a mediator, you add competencies to the vacancies you post and review. \n\n Question for the VDAB counselor: Write down competencies in the job description/requirements?? \n Answer or Action: Yes It is possible to note competencies in the job description/requirements and to check competencies. Make sure that the competencies described in the job description/requirements add value to the vacancy. Avoid \"literal\" duplicate text, if possible. Why? The listing of competencies in the job description/requirements is important towards publication because they can add value in describing the position because this is often more specific (no standard formulation). \n\n Question for the VDAB counselor: Why are competences already checked by default in Master Vac?? \n Answer or Action: VDAB assumes that certain competencies are already present when an employer wants to hire someone with a certain number of years of experience. Therefore, the system designates some competencies by default to make it easier for the employer. The employer can leave or uncheck these. The user can supplement the basic competencies with the additional competencies. Additional competencies can be indicated: Background information: Who determines which competencies the system can check by default and when? A competency expert has already indicated in Comeet for each competence for each template which competence may be checked by default and which may not (extra), depending on the requested level of experience or the type of profession. For example: WG is looking for a baker with 5 years of experience. VDAB assumes that a baker with 5 years of experience can knead dough. So the competence 'kneading dough' will be checked by default. \n\n Question for the VDAB counselor: What is the influence of 'experience'/'type of profession' on the competencies?? \n Answer or Action: Depending on the indicated experience or type of profession in a vacancy, competencies may or may not be checked by default: Experience required: a number of competencies are checked by default. \"No experience\" or experience \"not important\": no competencies are checked by default.  * The competency expert has set this up in Comeet. \n\n Question for the VDAB counselor: Are the competencies in Master Vac changeable?? \n Answer or Action: Yes The employer and the mediator can adjust the competencies in Master Vac at any time. \n\n Question for the VDAB counselor: Can the data under 'Can and know' be changed?? \n Answer or Action: No, For now, this is a read-only field. \n\n Question for the VDAB counselor: How to add additional competencies through another competency template? Via the link \"Add? \n Answer or Action: additional competencies\" - First, find a 'competency template'. - Add the competency listed on the competency template. \n\n Question for the VDAB counselor: Can competences be added to a teaching vacancy?? \n Answer or Action: Yes \n\n Question for the VDAB counselor: Can competencies be added to HRXML vacancies?? \n Answer or Action: Yes See related doc HR-XML vacancies: FAQs, paragraph ' FAQ: Entering competencies via HR-XML? ' and ' FAQ: Personal competencies via HR-XML? '. \n\n Question for the VDAB counselor: Possible to copy passive vacancy without competencies?? \n Answer or Action: Yes When copying a passive vacancy, the user re-enters the wizard and can add competencies. \n\n Question for the VDAB counselor: Possible to copy competencies?? \n Answer or Action: Yes When copying a vacancy, it is possible to copy the competencies, under certain conditions: Copy vacancy + no change requested experience Master Vac copies all checked competencies. copy vacancy + change to \"experience\" (decrease or increase) Master Vac does not copy the checked competencies. BUT the defaults on the vacancy that belong to the chosen experience. Copy job + change the competency template Master Vac does not copy the competencies. Additional competencies on the original vacancy (regardless of change to 'experience') Master Vac copies the additional competencies. \n\n Question for the VDAB counselor: Are the competencies visible on the vacancy?? \n Answer or Action: Yes \n\n Question for the VDAB counselor: Are additions/changes to competencies visible in the change history?? \n Answer or Action: No, therefore, always note additions/changes in the follow-up line of the vacancy. \n\n Question for the VDAB counselor: Does the matching take the competencies into account?? \n Answer or Action: Yes The competencies play a major role in the matching. However, VDAB can always adjust this in the future. More information about this see paragraph 'Does the AM take into account the competencies and the gradations? ' \n\n Category: Service line \n\n Domain: input fields in mastervac \n\n Tags: vacancies, job notification, register vacancy \n\n Url: https://intranet-rel1ldv.ops.vdab.be/faq/servicelijn/2-werken-met-competenties-wmc-master-vac-faqs \n\n Next pages: Werken met Competenties: Algemene info en kadering, via https://intranet-rel1ldv.ops.vdab.be/faq/servicelijn/1-werken-met-competenties-wmc-algemene-info-en-kadering - FAQ: Persoonsgebonden competenties via HR-XML?, via https://intranet-rel1ldv.ops.vdab.be/faq/servicelijn/hr-xml-vacatures-open-services-faqs - Houdt de AM rekening met de competenties en de gradaties?, via https://intranet-rel1ldv.ops.vdab.be/faq/servicelijn/am-automatische-matching-faq - FAQ: Competenties ingeven via HR-XML?, via https://intranet-rel1ldv.ops.vdab.be/faq/servicelijn/hr-xml-vacatures-open-services-faqs \n\n Type: intranet"}