{"title": "Cat. 14: inschrijving tijdens de sanctie", "type": "intranet", "field_trefwoorden_name": ["cat. 14", "kinderbijslag", "schorsing", "sanctie", "ibo", "deeltijds", "uitsluiting"], "domain_name": ["in- en uitschrijven", "controle"], "category_name": "Servicelijn", "field_faq_summary": "info voor servicelijnconsulenten over cat. 14", "url": "https://intranet-rel1ldv.ops.vdab.be/faq/servicelijn/controle-cat-14-algemene-info", "content": [["Algemeen", "Dit zijn werkzoekenden die: (tijdelijk) geen uitkering krijgen o.w.v. een sanctie van de Controledienst (VDAB) of van RVA EN willen ingeschreven zijn tijdens de sanctie."], ["Wat betekent cat. 14?", "Een werkzoekende in cat. 14 heeft dezelfde plichten als een werkzoekende in cat. 00. Zie Plichten: overzicht . Hij moet dus ook actief naar werk zoeken en ingaan op het aanbod van VDAB. Doet hij dat niet, dan kan transmissie en een nieuwe sanctie volgen."], ["Wat zijn de plichten van cat. 14?", "Nee. Alleen een bemiddelaar kan deze categorie kiezen in MLB."], ["Kan een klant zichzelf inschrijven met cat. 14?", "als de werkzoekende in beroep gaat tegen de sanctie Wanneer de arbeidsrechtbank n.a.v. het beroep de sanctie opheft, krijgt de werkzoekende zijn uitkering met terugwerkende kracht. Dat kan echter alleen als hij tijdens de sanctie ingeschreven was in cat. 14.  Deze werkzoekenden moeten hun controlekaarten binnen brengen bij de uitbetalingsinstelling. Uitzondering Als RVA de sanctie oplegde, is een inschrijving met cat. 00 voldoende. Zie Een sanctie staat niet in het dossier? als de werkzoekende tijdens de sanctie ingeschreven wil zijn Deze werkzoekenden schrijf je altijd in met cat. 14, niet met cat. 03. Uitzonderingen vind je in Specifieke situaties ."], ["Wanneer inschrijven met cat. 14?", "Als de werkzoekende tijdens de sanctie geen begeleiding van VDAB wil.  Procedure Servicelijn Vraag of de werkzoekende in beroep is of gaat tegen de sanctie. Is of gaat in beroep Raad aan ingeschreven te blijven in cat. 14. Zie  Wanneer inschrijven met cat. 14? . Leg uit wat de gevolgen van de uitschrijving zijn. Noteer in een Notitie dat: je de consequenties besproken hebt de klant bewust koos voor een uitschrijving Gaat niet in beroep Schrijf uit met cat. 79. Geef mee dat een inschrijving altijd terug kan als hij toch begeleiding naar werk wil. Geef mee dat hij zich op het einde van de sanctie terug moet inschrijven als hij opnieuw een uitkering wil aanvragen. Noteer in een Notitie: de klant niet in beroep is of gaat de klant bewust koos voor een uitschrijving. *  Gevolg van uitschrijving tijdens beroep Als de werkzoekende het beroep wint, maar was niet ingeschreven bij VDAB, krijgt hij de uitkeringen niet met terugwerkende kracht. Procedure Servicelijn Voor vragen over deze situatie, verwijs je de werkzoekende naar UI of RVA."], ["Wanneer uitschrijven met cat. 79?", "Procedure Servicelijn Schrijf in met cat. 14 of bevestig cat. 14. Zie In detail . Informeer de werkzoekende over zijn plichten. Zie  Wat zijn de plichten van cat. 14? Dispatch sectoraal of intensief als het dossier geen bemiddelaar heeft. CS: Actiegericht (her)inschatten (AGI) met DiWi Niet CS: Actiegericht (her)inschatten (AGI) met DiWi Geef eventueel opdrachten mee. Leg uit dat hij zich opnieuw moet inschrijven als hij na de sanctie opnieuw een uitkering wil aanvragen. In detail: Het dossier staat op cat. 14 of komt op cat. 14 in de toekomst Procedure Servicelijn Klik op 'Bevestig je huidige situatie'. Het dossier staat niet op cat. 14 en er is geen inschrijving in de toekomst door RVATOEL Procedure Servicelijn: Zoek wanneer de Controledienst de sanctie besliste: tab Transmissie - klik op de transmissie - kijk onderaan. Bereken wanneer de sanctie vermoedelijk start: maandag van de 4e week volgend op de week dat de Controledienst de beslissing nam: De sanctie is gestart: schrijf in met cat. 14 op datum van contact. De sanctie start in de toekomst: schrijf in met cat. 14 in de toekomst, wanneer de sanctie start. Het dossier staat niet op cat. 14, er is geen inschrijving in de toekomst en er staat geen beslissing van CODI in het dossier De werkzoekende kreeg een sanctie van RVA, niet van CODI. Die sanctie staat niet in het dossier, en de RVATOEL past het dossier doorgaans niet aan.  Procedure Servicelijn Wijzig naar cat. 14 als de klant dat vraagt.  Vraag geen rechtzetting, dat is niet nodig. "], ["Wz met sanctie van VDAB wil zich inschrijven met cat. 14?", "Cat. 76 Zie  Wat is het gevolg van arbeidsongeschiktheid of ziekte op de sanctie?  voor meer info over de duur van de sanctie. Procedure Servicelijn Schrijf uit met cat. 76 als dat nog niet in orde is. Raad de werkzoekende aan zich na de ziekte direct in te schrijven met cat. 14 als hij in beroep gaat. Zie Wanneer inschrijven met cat. 14? .   Voor vragen over start en einde van de sanctie  - Verwijs naar de uitbetalingsinstelling of RVA. Voor vragen over de ziekte-uitkering - Verwijs naar de mutualiteit."], ["Specifieke situaties", "Zie doc Werkzoekenden met OCMW-leefloon (cat. 05)  Tijdens een sanctie  "], ["Ziek of arbeidsongeschikt tijdens sanctie", "Cat. 85 Doorgaans zet de IBO-consulent het dossier op cat. 85. Het zou echter kunnen dat RVATOEL of een bemiddelaar de categorie wijzigde naar cat. 14. Procedure Servicelijn De IBO loopt nog en de categorie werd gewijzigd naar cat. 14? Vraag een rechtzetting aan bij  Backoffice Bemiddeling . Wat de IBO-er moet doen als de sanctie tijdens de IBO eindigt en hij opnieuw uitkering wil aanvragen, lees je in  Wat als een werkzoekende tijdens de IBO uitkeringsgerechtigd wordt? ."], ["Ontvangt leefloon tijdens de sanctie", "Een inschrijving in cat. 14 is niet nodig als de werkzoekende in beroep gaat. Cat. 78 als de werkzoekende niet wil ingeschreven zijn. Cat. 93 als de werkzoekende wil ingeschreven zijn om een bijkomende deeltijdse of voltijdse job te vinden. Procedure Servicelijn Categorie: Leg uit dat de Dimonabatch uitschrijft. OF Schrijf uit met cat. 78 als de werkzoekende dat expliciet wil. OF Schrijf in met cat. 93.   Raad de werkzoekende aan zich in te schrijven met cat. 14 als de tewerkstelling stopt tijdens de sanctie en hij in beroep is tegen de sanctie.  Als de deeltijdse tewerkstelling nog loopt na de sanctie, kan hij bij de uitbetalingsinstelling terecht voor info over bijkomende uitkering (IGU)."], ["Doet IBO tijdens de sanctie", "Situatie De werkzoekende moet eerst voldoende dagen gewerkt hebben om opnieuw recht te hebben op een uitkering. Zie ook  Wat is een sanctie tot wedertoelaatbaarheid / uitsluiting voor onbepaalde duur . Als de klant niet in beroep is tegen de sanctie, en geen begeleiding wil, is een inschrijving niet nodig. Een beroep opstarten is mogelijk binnen 3 maanden, te rekenen vanaf het ontvangen van de beslissing via aangetekende brief. Is in beroep tegen de sanctie Procedure Servicelijn Schrijf in met cat. 14. Informeer de klant over zijn plichten, zie Wat zijn de plichten van cat. 14? Wil begeleiding, is niet (meer) in beroep Procedure Servicelijn Schrijf in met cat. 03. Indien nog geen reg. of partnerbemiddelaar op het dossier, schat de klant actiegericht in*. Schat in: IDV of sectoraal team CS: Actiegericht (her)inschatten (AGI) met DiWi Niet CS: Actiegericht (her)inschatten (AGI) met DiWi Noteer de info in een Notitie. Achtergrondinfo *Dispatchen is niet verplicht. Maar gezien de voorgeschiedenis en de vraag naar de begeleiding, aangeraden.  Wil geen begeleiding, is niet in beroep Procedure Servicelijn Check of de klant in beroep is, of wil gaan. Schrijf uit met cat. 79. Noteer de nodige info in een Notitie. Informeer de klant: Als hij toch beroep aantekent, moet hij zich opnieuw inschrijven met cat. 14. Anders krijgt hij geen uitkering met terugwerkende kracht als hij het beroep wint. Inschrijven kan alleen via 0800 30 700 of in de WW. Inschrijving in cat. 14 kan niet online."], ["Werkt deeltijds tijdens de sanctie", "Procedure Servicelijn Wijzig de categorie via Correcties.  Pas de 'datum laatste wijziging huidige situatie' aan naar datum van contact. Zet in Stappen naar werk in de lijn 'Herinschrijving via correcties' waarom je wijziging deed. Stuur de case door naar kennisbeheer.servicelijn@vdab.be.  Twijfel je, of denk je dat een rechtzetting in het verleden nodig is - Stuur de vraag door naar  Backoffice Bemiddeling .   Interne info  X DDV vraagt om de overgang mogelijk te maken (via de helpdesk). "], ["Kreeg sanctie tot wedertoelaatbaarheid / uitsluiting voor onbepaalde duur", "De RVATOEL registreert een cat. 14 in de toekomst als het dossier niet op een passieve categorie staat, op het moment van de registratie. Als de werksituatie van de klant tussen de datum van de registratie en de start van de sanctie wijzigt, kan het dossier onterecht in cat. 14 belanden. Bijvoorbeeld : Op 5 sep. registreert RVATOEL een inschrijving in cat. 14, vanaf 19 sep. Op 6 sep begint de werkzoekende te werken. Dimona schrijft uit met cat. 78. Op 19 sep. wijzigt de categorie automatisch naar cat. 14. Procedure Servicelijn Wijzig het dossier naar de juiste categorie."], ["FAQ's", "Bijvoorbeeld: Op 5 sep registeert de RVATOEL een cat. 14 in de toekomst, vanaf 19 sep. Op 6 sep gaat de werkzoekende aan het werk. Dimona schrijft uit met cat. 78. Op 15 sep. wordt de werkzoekende terug werkloos, en schrijft zich in met cat. 00. Daardoor verdwijnt de toekomstige inschrijving in cat. 14. Procedure Servicelijn Inschrijving is nodig o.w.v. beroep tegen sanctie of i.f.v. gezinsbijslagen? De werkzoekende wil ingeschreven zijn tijdens de sanctie? - Schrijf in met cat. 14 in de toekomst, vanaf de datum dat de RVATOEL inschreef. Werkzoekende wil tijdens de sanctie niet ingeschreven zijn? - Schrijf uit met cat. 79 in de toekomst, vanaf de datum dat de RVATOEL inschreef."]], "link_ankers": [["https://intranet-rel1ldv.ops.vdab.be/faq/servicelijn/ibo-wat-zijn-de-verdiensten-van-een-cursist-tijdens-een-ibo", "Wat als een werkzoekende tijdens de IBO uitkeringsgerechtigd wordt?"], ["https://intranet-rel1ldv.ops.vdab.be/faq/servicelijn/controle-de-sanctie", "Controle: De sanctie"], ["https://intranet-rel1ldv.ops.vdab.be/faq/servicelijn/hoe-dispatchen-procedures", "CS: Actiegericht (her)inschatten (AGI) met DiWi"], ["https://intranet-rel1ldv.ops.vdab.be/faq/servicelijn/plichten-overzicht", "Plichten: overzicht"], ["https://intranet-rel1ldv.ops.vdab.be/faq/servicelijn/controle-de-sanctie", "Wat is het gevolg van arbeidsongeschiktheid of ziekte op de sanctie?"], ["https://intranet-rel1ldv.ops.vdab.be/faq/servicelijn/hoe-dispatchen-procedures", "Niet CS: Actiegericht (her)inschatten (AGI) met DiWi"], ["https://intranet-rel1ldv.ops.vdab.be/faq/servicelijn/controle-cat-14-automatische-inschrijving-door-rvatoel", "Batch naar cat. 14"], ["https://intranet-rel1ldv.ops.vdab.be/faq/servicelijn/controle-de-sanctie", "Een sanctie staat niet in het dossier?"]], "title_translation": "Cat. Art. 14: Registration during the sanction", "field_trefwoorden_name_translation": ["cat. 14", "exclusion", "ibo", "child benefit", "sanction", "part-time", "suspension"], "domain_name_translation": ["check", "subscribe and unsubscribe"], "category_name_translation": "Service line", "field_faq_summary_translation": "Info for service line consultants about cat. 14", "content_translation": [["General", "These are job seekers who: (temporarily) do not receive a benefit based on a sanction from the Inspection Service (VDAB) or from the RVA AND want to be registered during the sanction."], ["What does cat mean. 14? A job seeker in", "cat. 14 has the same duties as a job seeker in cat. 00. See Duties: Overview . He must therefore also actively look for work and accept the offer of VDAB. If he does not, transmission and a new sanction may follow."], ["What are the duties of cat. 14?", "No. Only a mediator can choose this category in MLB."], ["Can a customer register himself with cat. 14? if the jobseeker", "appeals against the sanction If the labour court lifts the sanction following the appeal, the jobseeker receives his benefit retroactively. However, this is only possible if he was registered in cat during the sanction. 14. These jobseekers shall bring their control cards to the disbursement institution. Exception If the RVA imposed the sanction, a registration with cat. 00 sufficient. See A sanction is not in the file? if the job seeker wants to be registered during the sanction You always register these job seekers with cat. 14, not with cat. 03. Exceptions can be found in Specific situations."], ["When to register with cat. 14?", "If the job seeker does not want guidance from VDAB during the sanction.  Procedure Service line Ask whether the job seeker is appealing or going against the sanction. Is or will appeal Council to remain registered in cat. 14. See When to enroll with cat. 14? . Explain the consequences of the deregistration. Note in a Note that: you discussed the consequences the customer deliberately chose to deregister Does not appeal Write out with cat. 79. Indicate that a registration can always be returned if he still wants guidance to work. Indicate that he must re-register at the end of the sanction if he wants to reapply for benefits. Note in a Note: the customer is not appealing or is going the customer deliberately chose to unsubscribe. * Consequence of deregistration during appeal If the jobseeker wins the appeal, but was not registered with VDAB, he will not receive the benefits retroactively. Procedure Service line For questions about this situation, refer the job seeker to UI or RVA."], ["When unsubscribe with cat. 79?", "Procedure Service line Register with cat. 14 or confirm cat. 14. See In Detail . Inform the job seeker of his duties. See What are the duties of cat. 14? Dispatch sectorally or intensively if the file does not have a mediator. CS: Action-oriented (re)assessment (AGI) with DiWi Not CS: Action-oriented (re)assessment (AGI) with DiWi Give assignments if necessary. Explain that he will have to re-register if he wants to reapply for benefits after the sanction. In detail: The file is on cat. 14 or comes on cat. 14 Future Service Line Procedure Click on 'Confirm your current situation'. The file is not on cat. 14 and there is no registration in the future by RVATOEL Procedure Service line: Find when the Control Service decided the sanction: tab Transmission - click on the transmission - look below. Calculate when the sanction is likely to start: Monday of the 4th week following the week that the Audit Service took the decision: The sanction has started: register with cat. 14 on date of contact. The sanction starts in the future: register with cat. 14 in the future, when the sanction starts. The file is not on cat. 14, there is no registration in the future and there is no decision of CODI in the file The jobseeker received a sanction from the RVA, not from CODI. This sanction is not in the file, and the RVATOEL usually does not adjust the file.  Service Line Procedure Change to cat. 14 if the customer so requests.  Don't ask for correction, there's no need to."], ["Wz with sanction from VDAB wants to register with cat. 14?", "Cat. 76 See What is the consequence of disability or illness on the sanction?  for more information about the duration of the sanction. Procedure Service line Unsubscribe with cat. 76 if that's not already. Advise the job seeker to register with cat immediately after the illness. 14 if he appeals. See When to enroll with cat. 14? .   For questions about the start and end of the sanction - Refer to the payment institution or RVA. For questions about sickness benefit - Refer to the health insurance fund."], ["Specific situations", "See doc Jobseekers with OCMW living wage (cat. 05) During a sanction"], ["Sick or incapacitated during sanction", "Cat. 85 Usually, the IBO consultant puts the file on cat. 85. However, RVATOEL or a mediator may have changed the category to cat. 14. Procedure Service line The IBO is still running and the category has been changed to cat. 14? Request a correction from Backoffice Mediation. What the IBO employee must do if the sanction ends during the IBO and he wants to apply for benefits again, you can read in What if a job seeker becomes entitled to benefits during the IBO? ."], ["Receives living wage during the sanction", "An entry in cat. 14 is not necessary if the jobseeker appeals. Cat. 78 if the jobseeker does not want to be registered. Cat. 93 if the jobseeker wishes to be registered to find an additional part-time or full-time job. Procedure Service Line Category: Explain that the Dimonabatch unsubscribes. OR Write out with cat. 78 if the jobseeker explicitly wants to. OR Sign up with cat. 93. Advise the job seeker to register with cat. 14 if the employment stops during the sanction and he is appealing against the sanction.  If the part-time employment is still ongoing after the sanction, he can contact the payment institution for information about additional benefit (IGU)."], ["Does IBO during the sanction", "Situation The job seeker must first have worked enough days to be entitled to benefits again. See also What is a penalty for inadmissibility / exclusion for an indefinite period . If the customer is not appealing against the sanction, and does not want guidance, a registration is not necessary. An appeal can be lodged within 3 months of receiving the decision by registered letter. Is appealing the sanction Procedure Service line Register with cat. 14. Inform the customer of his duties, see What are the duties of cat. 14? Wants guidance, is not (anymore) in appeal Procedure Service line Register with cat. 03. If no reg. or partner mediator on the file yet, the customer assesses in an action-oriented manner*. Estimate: IDV or sectoral team CS: Action-oriented (re)assessment (AGI) with DiWi Not CS: Action-oriented (re)assessment (AGI) with DiWi Write down the info in a Note. Background info *Dispatching is not required. But given the history and the demand for guidance, recommended.  Does not want guidance, is not on appeal Procedure Service line Check if the customer is on appeal, or wants to go. Write out with cat. 79. Write down the necessary info in a Note. Inform the customer: If he does appeal, he must re-register with cat. 14. Otherwise, he will not receive a retroactive benefit if he wins the appeal. You can only register via 0800 30 700 or in the WW. Registration in cat. 14 cannot be online."], ["Works part-time during the Sanction", "Procedure Service Line Change the category via Corrections.  Change the 'date last change current situation' to date of contact. In Steps to work, in the \"Re-enrollment through corrections\" line, explain why you made a change. Send the case to kennisbeheer.servicelijn@vdab.be.  Do you have doubts, or do you think that a correction is needed in the past - Send the question to Backoffice Mediation.   Internal info X DDV asks to make the transition possible (via the helpdesk)."], ["Received sanction for inadmissibility / exclusion for an indefinite period", "The RVATOEL registers a cat. 14 in the future if the file is not in a passive category, at the time of registration. If the customer's work situation changes between the date of registration and the start of the sanction, the file may be incorrectly in cat. 14 end up. For example: On Sep 5. RVATOEL registers an enrollment in cat. 14, from Sep 19. On Sep 6, the job seeker starts working. Dimona writes out with cat. 78. On 19 Sep. automatically changes the category to cat. 14. Procedure Service Line Change the file to the appropriate category."], ["FAQ's", "For example: On 5 Sep, the RVATOEL will register a cat. 14 in the future, from 19 Sep. On 6 Sep, the job seeker goes to work. Dimona writes out with cat. 78. On 15 Sep. the job seeker becomes unemployed again, and registers with cat. 00. As a result, the future registration in cat disappears. 14. Procedure Service line Registration is necessary based on an appeal against sanctions or family benefits? The job seeker wants to be registered during the sanction? - Sign up with cat. 14 in the future, from the date the RVATOEL registered. Job seeker does not want to be registered during the sanction? - Write out with cat. 79 in the future, from the date the RVATOEL registered."]], "document": "Cat. 14: inschrijving tijdens de sanctie \n\n info voor servicelijnconsulenten over cat. 14 \n\n Vraag aan de VDAB consulent: Algemeen? \n Antwoord of Actie: Dit zijn werkzoekenden die: (tijdelijk) geen uitkering krijgen o.w.v. een sanctie van de Controledienst (VDAB) of van RVA EN willen ingeschreven zijn tijdens de sanctie. \n\n Vraag aan de VDAB consulent: Wat betekent cat. 14?? \n Antwoord of Actie: Een werkzoekende in cat. 14 heeft dezelfde plichten als een werkzoekende in cat. 00. Zie Plichten: overzicht . Hij moet dus ook actief naar werk zoeken en ingaan op het aanbod van VDAB. Doet hij dat niet, dan kan transmissie en een nieuwe sanctie volgen. \n\n Vraag aan de VDAB consulent: Wat zijn de plichten van cat. 14?? \n Antwoord of Actie: Nee. Alleen een bemiddelaar kan deze categorie kiezen in MLB. \n\n Vraag aan de VDAB consulent: Kan een klant zichzelf inschrijven met cat. 14?? \n Antwoord of Actie: als de werkzoekende in beroep gaat tegen de sanctie Wanneer de arbeidsrechtbank n.a.v. het beroep de sanctie opheft, krijgt de werkzoekende zijn uitkering met terugwerkende kracht. Dat kan echter alleen als hij tijdens de sanctie ingeschreven was in cat. 14.  Deze werkzoekenden moeten hun controlekaarten binnen brengen bij de uitbetalingsinstelling. Uitzondering Als RVA de sanctie oplegde, is een inschrijving met cat. 00 voldoende. Zie Een sanctie staat niet in het dossier? als de werkzoekende tijdens de sanctie ingeschreven wil zijn Deze werkzoekenden schrijf je altijd in met cat. 14, niet met cat. 03. Uitzonderingen vind je in Specifieke situaties . \n\n Vraag aan de VDAB consulent: Wanneer inschrijven met cat. 14?? \n Antwoord of Actie: Als de werkzoekende tijdens de sanctie geen begeleiding van VDAB wil.  Procedure Servicelijn Vraag of de werkzoekende in beroep is of gaat tegen de sanctie. Is of gaat in beroep Raad aan ingeschreven te blijven in cat. 14. Zie  Wanneer inschrijven met cat. 14? . Leg uit wat de gevolgen van de uitschrijving zijn. Noteer in een Notitie dat: je de consequenties besproken hebt de klant bewust koos voor een uitschrijving Gaat niet in beroep Schrijf uit met cat. 79. Geef mee dat een inschrijving altijd terug kan als hij toch begeleiding naar werk wil. Geef mee dat hij zich op het einde van de sanctie terug moet inschrijven als hij opnieuw een uitkering wil aanvragen. Noteer in een Notitie: de klant niet in beroep is of gaat de klant bewust koos voor een uitschrijving. *  Gevolg van uitschrijving tijdens beroep Als de werkzoekende het beroep wint, maar was niet ingeschreven bij VDAB, krijgt hij de uitkeringen niet met terugwerkende kracht. Procedure Servicelijn Voor vragen over deze situatie, verwijs je de werkzoekende naar UI of RVA. \n\n Vraag aan de VDAB consulent: Wanneer uitschrijven met cat. 79?? \n Antwoord of Actie: Procedure Servicelijn Schrijf in met cat. 14 of bevestig cat. 14. Zie In detail . Informeer de werkzoekende over zijn plichten. Zie  Wat zijn de plichten van cat. 14? Dispatch sectoraal of intensief als het dossier geen bemiddelaar heeft. CS: Actiegericht (her)inschatten (AGI) met DiWi Niet CS: Actiegericht (her)inschatten (AGI) met DiWi Geef eventueel opdrachten mee. Leg uit dat hij zich opnieuw moet inschrijven als hij na de sanctie opnieuw een uitkering wil aanvragen. In detail: Het dossier staat op cat. 14 of komt op cat. 14 in de toekomst Procedure Servicelijn Klik op 'Bevestig je huidige situatie'. Het dossier staat niet op cat. 14 en er is geen inschrijving in de toekomst door RVATOEL Procedure Servicelijn: Zoek wanneer de Controledienst de sanctie besliste: tab Transmissie - klik op de transmissie - kijk onderaan. Bereken wanneer de sanctie vermoedelijk start: maandag van de 4e week volgend op de week dat de Controledienst de beslissing nam: De sanctie is gestart: schrijf in met cat. 14 op datum van contact. De sanctie start in de toekomst: schrijf in met cat. 14 in de toekomst, wanneer de sanctie start. Het dossier staat niet op cat. 14, er is geen inschrijving in de toekomst en er staat geen beslissing van CODI in het dossier De werkzoekende kreeg een sanctie van RVA, niet van CODI. Die sanctie staat niet in het dossier, en de RVATOEL past het dossier doorgaans niet aan.  Procedure Servicelijn Wijzig naar cat. 14 als de klant dat vraagt.  Vraag geen rechtzetting, dat is niet nodig.  \n\n Vraag aan de VDAB consulent: Wz met sanctie van VDAB wil zich inschrijven met cat. 14?? \n Antwoord of Actie: Cat. 76 Zie  Wat is het gevolg van arbeidsongeschiktheid of ziekte op de sanctie?  voor meer info over de duur van de sanctie. Procedure Servicelijn Schrijf uit met cat. 76 als dat nog niet in orde is. Raad de werkzoekende aan zich na de ziekte direct in te schrijven met cat. 14 als hij in beroep gaat. Zie Wanneer inschrijven met cat. 14? .   Voor vragen over start en einde van de sanctie  - Verwijs naar de uitbetalingsinstelling of RVA. Voor vragen over de ziekte-uitkering - Verwijs naar de mutualiteit. \n\n Vraag aan de VDAB consulent: Specifieke situaties? \n Antwoord of Actie: Zie doc Werkzoekenden met OCMW-leefloon (cat. 05)  Tijdens een sanctie   \n\n Vraag aan de VDAB consulent: Ziek of arbeidsongeschikt tijdens sanctie? \n Antwoord of Actie: Cat. 85 Doorgaans zet de IBO-consulent het dossier op cat. 85. Het zou echter kunnen dat RVATOEL of een bemiddelaar de categorie wijzigde naar cat. 14. Procedure Servicelijn De IBO loopt nog en de categorie werd gewijzigd naar cat. 14? Vraag een rechtzetting aan bij  Backoffice Bemiddeling . Wat de IBO-er moet doen als de sanctie tijdens de IBO eindigt en hij opnieuw uitkering wil aanvragen, lees je in  Wat als een werkzoekende tijdens de IBO uitkeringsgerechtigd wordt? . \n\n Vraag aan de VDAB consulent: Ontvangt leefloon tijdens de sanctie? \n Antwoord of Actie: Een inschrijving in cat. 14 is niet nodig als de werkzoekende in beroep gaat. Cat. 78 als de werkzoekende niet wil ingeschreven zijn. Cat. 93 als de werkzoekende wil ingeschreven zijn om een bijkomende deeltijdse of voltijdse job te vinden. Procedure Servicelijn Categorie: Leg uit dat de Dimonabatch uitschrijft. OF Schrijf uit met cat. 78 als de werkzoekende dat expliciet wil. OF Schrijf in met cat. 93.   Raad de werkzoekende aan zich in te schrijven met cat. 14 als de tewerkstelling stopt tijdens de sanctie en hij in beroep is tegen de sanctie.  Als de deeltijdse tewerkstelling nog loopt na de sanctie, kan hij bij de uitbetalingsinstelling terecht voor info over bijkomende uitkering (IGU). \n\n Vraag aan de VDAB consulent: Doet IBO tijdens de sanctie? \n Antwoord of Actie: Situatie De werkzoekende moet eerst voldoende dagen gewerkt hebben om opnieuw recht te hebben op een uitkering. Zie ook  Wat is een sanctie tot wedertoelaatbaarheid / uitsluiting voor onbepaalde duur . Als de klant niet in beroep is tegen de sanctie, en geen begeleiding wil, is een inschrijving niet nodig. Een beroep opstarten is mogelijk binnen 3 maanden, te rekenen vanaf het ontvangen van de beslissing via aangetekende brief. Is in beroep tegen de sanctie Procedure Servicelijn Schrijf in met cat. 14. Informeer de klant over zijn plichten, zie Wat zijn de plichten van cat. 14? Wil begeleiding, is niet (meer) in beroep Procedure Servicelijn Schrijf in met cat. 03. Indien nog geen reg. of partnerbemiddelaar op het dossier, schat de klant actiegericht in*. Schat in: IDV of sectoraal team CS: Actiegericht (her)inschatten (AGI) met DiWi Niet CS: Actiegericht (her)inschatten (AGI) met DiWi Noteer de info in een Notitie. Achtergrondinfo *Dispatchen is niet verplicht. Maar gezien de voorgeschiedenis en de vraag naar de begeleiding, aangeraden.  Wil geen begeleiding, is niet in beroep Procedure Servicelijn Check of de klant in beroep is, of wil gaan. Schrijf uit met cat. 79. Noteer de nodige info in een Notitie. Informeer de klant: Als hij toch beroep aantekent, moet hij zich opnieuw inschrijven met cat. 14. Anders krijgt hij geen uitkering met terugwerkende kracht als hij het beroep wint. Inschrijven kan alleen via 0800 30 700 of in de WW. Inschrijving in cat. 14 kan niet online. \n\n Vraag aan de VDAB consulent: Werkt deeltijds tijdens de sanctie? \n Antwoord of Actie: Procedure Servicelijn Wijzig de categorie via Correcties.  Pas de 'datum laatste wijziging huidige situatie' aan naar datum van contact. Zet in Stappen naar werk in de lijn 'Herinschrijving via correcties' waarom je wijziging deed. Stuur de case door naar kennisbeheer.servicelijn@vdab.be.  Twijfel je, of denk je dat een rechtzetting in het verleden nodig is - Stuur de vraag door naar  Backoffice Bemiddeling .   Interne info  X DDV vraagt om de overgang mogelijk te maken (via de helpdesk).  \n\n Vraag aan de VDAB consulent: Kreeg sanctie tot wedertoelaatbaarheid / uitsluiting voor onbepaalde duur? \n Antwoord of Actie: De RVATOEL registreert een cat. 14 in de toekomst als het dossier niet op een passieve categorie staat, op het moment van de registratie. Als de werksituatie van de klant tussen de datum van de registratie en de start van de sanctie wijzigt, kan het dossier onterecht in cat. 14 belanden. Bijvoorbeeld : Op 5 sep. registreert RVATOEL een inschrijving in cat. 14, vanaf 19 sep. Op 6 sep begint de werkzoekende te werken. Dimona schrijft uit met cat. 78. Op 19 sep. wijzigt de categorie automatisch naar cat. 14. Procedure Servicelijn Wijzig het dossier naar de juiste categorie. \n\n Vraag aan de VDAB consulent: FAQ's? \n Antwoord of Actie: Bijvoorbeeld: Op 5 sep registeert de RVATOEL een cat. 14 in de toekomst, vanaf 19 sep. Op 6 sep gaat de werkzoekende aan het werk. Dimona schrijft uit met cat. 78. Op 15 sep. wordt de werkzoekende terug werkloos, en schrijft zich in met cat. 00. Daardoor verdwijnt de toekomstige inschrijving in cat. 14. Procedure Servicelijn Inschrijving is nodig o.w.v. beroep tegen sanctie of i.f.v. gezinsbijslagen? De werkzoekende wil ingeschreven zijn tijdens de sanctie? - Schrijf in met cat. 14 in de toekomst, vanaf de datum dat de RVATOEL inschreef. Werkzoekende wil tijdens de sanctie niet ingeschreven zijn? - Schrijf uit met cat. 79 in de toekomst, vanaf de datum dat de RVATOEL inschreef. \n\n Categorie: Servicelijn \n\n Domein: in- en uitschrijven - controle \n\n Tags: cat. 14, kinderbijslag, schorsing, sanctie, ibo, deeltijds, uitsluiting \n\n Url: https://intranet-rel1ldv.ops.vdab.be/faq/servicelijn/controle-cat-14-algemene-info \n\n Volgende paginas: Wat als een werkzoekende tijdens de IBO uitkeringsgerechtigd wordt?, via https://intranet-rel1ldv.ops.vdab.be/faq/servicelijn/ibo-wat-zijn-de-verdiensten-van-een-cursist-tijdens-een-ibo - Controle: De sanctie, via https://intranet-rel1ldv.ops.vdab.be/faq/servicelijn/controle-de-sanctie - CS: Actiegericht (her)inschatten (AGI) met DiWi, via https://intranet-rel1ldv.ops.vdab.be/faq/servicelijn/hoe-dispatchen-procedures - Plichten: overzicht, via https://intranet-rel1ldv.ops.vdab.be/faq/servicelijn/plichten-overzicht - Wat is het gevolg van arbeidsongeschiktheid of ziekte op de sanctie?, via https://intranet-rel1ldv.ops.vdab.be/faq/servicelijn/controle-de-sanctie - Niet CS: Actiegericht (her)inschatten (AGI) met DiWi, via https://intranet-rel1ldv.ops.vdab.be/faq/servicelijn/hoe-dispatchen-procedures - Batch naar cat. 14, via https://intranet-rel1ldv.ops.vdab.be/faq/servicelijn/controle-cat-14-automatische-inschrijving-door-rvatoel - Een sanctie staat niet in het dossier?, via https://intranet-rel1ldv.ops.vdab.be/faq/servicelijn/controle-de-sanctie \n\n Type: intranet", "document_translation": "Cat. Art. 14: Registration during the sanction \n\n Info for service line consultants about cat. 14 \n\n Question for the VDAB counselor: General? \n Answer or Action: These are job seekers who: (temporarily) do not receive a benefit based on a sanction from the Inspection Service (VDAB) or from the RVA AND want to be registered during the sanction. \n\n Question for the VDAB counselor: What does cat mean. 14? A job seeker in? \n Answer or Action: cat. 14 has the same duties as a job seeker in cat. 00. See Duties: Overview . He must therefore also actively look for work and accept the offer of VDAB. If he does not, transmission and a new sanction may follow. \n\n Question for the VDAB counselor: What are the duties of cat. 14?? \n Answer or Action: No. Only a mediator can choose this category in MLB. \n\n Question for the VDAB counselor: Can a customer register himself with cat. 14? if the jobseeker? \n Answer or Action: appeals against the sanction If the labour court lifts the sanction following the appeal, the jobseeker receives his benefit retroactively. However, this is only possible if he was registered in cat during the sanction. 14. These jobseekers shall bring their control cards to the disbursement institution. Exception If the RVA imposed the sanction, a registration with cat. 00 sufficient. See A sanction is not in the file? if the job seeker wants to be registered during the sanction You always register these job seekers with cat. 14, not with cat. 03. Exceptions can be found in Specific situations. \n\n Question for the VDAB counselor: When to register with cat. 14?? \n Answer or Action: If the job seeker does not want guidance from VDAB during the sanction.  Procedure Service line Ask whether the job seeker is appealing or going against the sanction. Is or will appeal Council to remain registered in cat. 14. See When to enroll with cat. 14? . Explain the consequences of the deregistration. Note in a Note that: you discussed the consequences the customer deliberately chose to deregister Does not appeal Write out with cat. 79. Indicate that a registration can always be returned if he still wants guidance to work. Indicate that he must re-register at the end of the sanction if he wants to reapply for benefits. Note in a Note: the customer is not appealing or is going the customer deliberately chose to unsubscribe. * Consequence of deregistration during appeal If the jobseeker wins the appeal, but was not registered with VDAB, he will not receive the benefits retroactively. Procedure Service line For questions about this situation, refer the job seeker to UI or RVA. \n\n Question for the VDAB counselor: When unsubscribe with cat. 79?? \n Answer or Action: Procedure Service line Register with cat. 14 or confirm cat. 14. See In Detail . Inform the job seeker of his duties. See What are the duties of cat. 14? Dispatch sectorally or intensively if the file does not have a mediator. CS: Action-oriented (re)assessment (AGI) with DiWi Not CS: Action-oriented (re)assessment (AGI) with DiWi Give assignments if necessary. Explain that he will have to re-register if he wants to reapply for benefits after the sanction. In detail: The file is on cat. 14 or comes on cat. 14 Future Service Line Procedure Click on 'Confirm your current situation'. The file is not on cat. 14 and there is no registration in the future by RVATOEL Procedure Service line: Find when the Control Service decided the sanction: tab Transmission - click on the transmission - look below. Calculate when the sanction is likely to start: Monday of the 4th week following the week that the Audit Service took the decision: The sanction has started: register with cat. 14 on date of contact. The sanction starts in the future: register with cat. 14 in the future, when the sanction starts. The file is not on cat. 14, there is no registration in the future and there is no decision of CODI in the file The jobseeker received a sanction from the RVA, not from CODI. This sanction is not in the file, and the RVATOEL usually does not adjust the file.  Service Line Procedure Change to cat. 14 if the customer so requests.  Don't ask for correction, there's no need to. \n\n Question for the VDAB counselor: Wz with sanction from VDAB wants to register with cat. 14?? \n Answer or Action: Cat. 76 See What is the consequence of disability or illness on the sanction?  for more information about the duration of the sanction. Procedure Service line Unsubscribe with cat. 76 if that's not already. Advise the job seeker to register with cat immediately after the illness. 14 if he appeals. See When to enroll with cat. 14? .   For questions about the start and end of the sanction - Refer to the payment institution or RVA. For questions about sickness benefit - Refer to the health insurance fund. \n\n Question for the VDAB counselor: Specific situations? \n Answer or Action: See doc Jobseekers with OCMW living wage (cat. 05) During a sanction \n\n Question for the VDAB counselor: Sick or incapacitated during sanction? \n Answer or Action: Cat. 85 Usually, the IBO consultant puts the file on cat. 85. However, RVATOEL or a mediator may have changed the category to cat. 14. Procedure Service line The IBO is still running and the category has been changed to cat. 14? Request a correction from Backoffice Mediation. What the IBO employee must do if the sanction ends during the IBO and he wants to apply for benefits again, you can read in What if a job seeker becomes entitled to benefits during the IBO? . \n\n Question for the VDAB counselor: Receives living wage during the sanction? \n Answer or Action: An entry in cat. 14 is not necessary if the jobseeker appeals. Cat. 78 if the jobseeker does not want to be registered. Cat. 93 if the jobseeker wishes to be registered to find an additional part-time or full-time job. Procedure Service Line Category: Explain that the Dimonabatch unsubscribes. OR Write out with cat. 78 if the jobseeker explicitly wants to. OR Sign up with cat. 93. Advise the job seeker to register with cat. 14 if the employment stops during the sanction and he is appealing against the sanction.  If the part-time employment is still ongoing after the sanction, he can contact the payment institution for information about additional benefit (IGU). \n\n Question for the VDAB counselor: Does IBO during the sanction? \n Answer or Action: Situation The job seeker must first have worked enough days to be entitled to benefits again. See also What is a penalty for inadmissibility / exclusion for an indefinite period . If the customer is not appealing against the sanction, and does not want guidance, a registration is not necessary. An appeal can be lodged within 3 months of receiving the decision by registered letter. Is appealing the sanction Procedure Service line Register with cat. 14. Inform the customer of his duties, see What are the duties of cat. 14? Wants guidance, is not (anymore) in appeal Procedure Service line Register with cat. 03. If no reg. or partner mediator on the file yet, the customer assesses in an action-oriented manner*. Estimate: IDV or sectoral team CS: Action-oriented (re)assessment (AGI) with DiWi Not CS: Action-oriented (re)assessment (AGI) with DiWi Write down the info in a Note. Background info *Dispatching is not required. But given the history and the demand for guidance, recommended.  Does not want guidance, is not on appeal Procedure Service line Check if the customer is on appeal, or wants to go. Write out with cat. 79. Write down the necessary info in a Note. Inform the customer: If he does appeal, he must re-register with cat. 14. Otherwise, he will not receive a retroactive benefit if he wins the appeal. You can only register via 0800 30 700 or in the WW. Registration in cat. 14 cannot be online. \n\n Question for the VDAB counselor: Works part-time during the Sanction? \n Answer or Action: Procedure Service Line Change the category via Corrections.  Change the 'date last change current situation' to date of contact. In Steps to work, in the \"Re-enrollment through corrections\" line, explain why you made a change. Send the case to kennisbeheer.servicelijn@vdab.be.  Do you have doubts, or do you think that a correction is needed in the past - Send the question to Backoffice Mediation.   Internal info X DDV asks to make the transition possible (via the helpdesk). \n\n Question for the VDAB counselor: Received sanction for inadmissibility / exclusion for an indefinite period? \n Answer or Action: The RVATOEL registers a cat. 14 in the future if the file is not in a passive category, at the time of registration. If the customer's work situation changes between the date of registration and the start of the sanction, the file may be incorrectly in cat. 14 end up. For example: On Sep 5. RVATOEL registers an enrollment in cat. 14, from Sep 19. On Sep 6, the job seeker starts working. Dimona writes out with cat. 78. On 19 Sep. automatically changes the category to cat. 14. Procedure Service Line Change the file to the appropriate category. \n\n Question for the VDAB counselor: FAQ's? \n Answer or Action: For example: On 5 Sep, the RVATOEL will register a cat. 14 in the future, from 19 Sep. On 6 Sep, the job seeker goes to work. Dimona writes out with cat. 78. On 15 Sep. the job seeker becomes unemployed again, and registers with cat. 00. As a result, the future registration in cat disappears. 14. Procedure Service line Registration is necessary based on an appeal against sanctions or family benefits? The job seeker wants to be registered during the sanction? - Sign up with cat. 14 in the future, from the date the RVATOEL registered. Job seeker does not want to be registered during the sanction? - Write out with cat. 79 in the future, from the date the RVATOEL registered. \n\n Category: Service line \n\n Domain: check - subscribe and unsubscribe \n\n Tags: cat. 14, exclusion, child benefit, ibo, sanction, part-time, suspension \n\n Url: https://intranet-rel1ldv.ops.vdab.be/faq/servicelijn/controle-cat-14-algemene-info \n\n Next pages: Wat als een werkzoekende tijdens de IBO uitkeringsgerechtigd wordt?, via https://intranet-rel1ldv.ops.vdab.be/faq/servicelijn/ibo-wat-zijn-de-verdiensten-van-een-cursist-tijdens-een-ibo - Controle: De sanctie, via https://intranet-rel1ldv.ops.vdab.be/faq/servicelijn/controle-de-sanctie - CS: Actiegericht (her)inschatten (AGI) met DiWi, via https://intranet-rel1ldv.ops.vdab.be/faq/servicelijn/hoe-dispatchen-procedures - Plichten: overzicht, via https://intranet-rel1ldv.ops.vdab.be/faq/servicelijn/plichten-overzicht - Wat is het gevolg van arbeidsongeschiktheid of ziekte op de sanctie?, via https://intranet-rel1ldv.ops.vdab.be/faq/servicelijn/controle-de-sanctie - Niet CS: Actiegericht (her)inschatten (AGI) met DiWi, via https://intranet-rel1ldv.ops.vdab.be/faq/servicelijn/hoe-dispatchen-procedures - Batch naar cat. 14, via https://intranet-rel1ldv.ops.vdab.be/faq/servicelijn/controle-cat-14-automatische-inschrijving-door-rvatoel - Een sanctie staat niet in het dossier?, via https://intranet-rel1ldv.ops.vdab.be/faq/servicelijn/controle-de-sanctie \n\n Type: intranet"}