{"title": "CowForMe project", "type": "intranet", "domain_name": ["specifieke beroepen"], "category_name": "Servicelijn", "field_faq_summary": "project waardoor er vacatureleads worden doorgegeven aan de SL tot december 22 ongeveer", "url": "https://intranet-rel1ldv.ops.vdab.be/faq/servicelijn/cowforme-project", "content": [["Wat doe je als je een mail 'Vacature CowForMe' krijgt?", "Procedure Servicelijn Je belt de werkgever op. (meerdere belpogingen) Je plaatst de vacature.  Functietitel: medewerker melkveebedrijf Competentiesjabloon: vee-en paardenhouder Opgelet Dit is meestal de eerste vacature ooit die ze gaan plaatsen, extra ondersteuning zal dus nodig zijn. "], ["Wat als de werkgever niet bereikbaar is?", "Procedure Servicelijn Je spreekt een voicemail in met de vraag om terug te bellen naar het 0800-nummer."], ["Wat is het CowForMe project?", "Vandaag staan de melkveehouders steeds meer onder druk door de snelle groei van de veestapels en de toegenomen competitiviteit. De stijgende arbeidsbehoefte tast de levenskwaliteit van de veehouders aan. Het Frans-Belgische Interreg-project CowForme wil jobs creeren en de arbeidsefficientie op melkveebedrijven verhogen. Het doel is om de werklast te verminderen en de levenskwaliteit te verhogen. CowForme is gestart op 1 januari 2020 en loopt drie jaar, tot 31 december 2022. Meer info vind je hier.  "], ["Doel en tegelijk probleem van het project?", "Het project heeft als doel om melkveehouders aan personeel te helpen. Maar de projectleiders merken dat vacatures uitblijven, ook al sensibiliseren ze de werkgever. Melkveehouders vinden blijkbaar de weg niet naar het online vacaturemeldingsformulier of de mailbox. Daarom wil men hen op de meest laagdrempelige manier contacteren: de vacature telefonisch doorgeven."], ["Wat is de tijdelijke taak van Servicelijn?", "Lien Leroy, account, gaat tot begin december 2021 langs bij melkveehouders om het project voor te stellen en te kijken waar er vacatures zijn.  Lien Leroy zal ons de contactgegevens van de werkgever doormailen als er een vacature is. Titel van de mail is 'Vacature CowForMe'.  Om de drempel naar VDAB te verlagen, zal SL zelf contact opnemen met de melkveehouder (meerdere belpogingen) om samen de nood om te zetten in een vacature. "]], "title_translation": "CowForMe project", "domain_name_translation": ["specific professions"], "category_name_translation": "Service line", "field_faq_summary_translation": "project through which vacancy leads are passed on to the SL until December 22 approximately", "content_translation": [["What do you do when you receive an email 'Vacature CowForMe'?", "Procedure Service line You call the employer. (multiple call attempts) You post the vacancy.  Job title: dairy farm employee Competence template: livestock and horse farmer Attention This is usually the first vacancy ever that they will post, so extra support will be needed."], ["What if the employer cannot be reached?", "Procedure Service line You leave a voicemail asking you to call back to the 0800 number."], ["What is the CowForMe project?", "Today, dairy farmers are under increasing pressure due to the rapid growth of livestock and increased competitiveness. The increasing need for labour affects the quality of life of livestock farmers. The Franco-Belgian Interreg project CowForme aims to create jobs and increase labour efficiency on dairy farms. The goal is to reduce the workload and increase the quality of life. CowForme started on 1 January 2020 and will run for three years, until 31 December 2022. More info can be found here."], ["Purpose and at the same time problem of the project?", "The project aims to help dairy farmers find staff. But the project leaders notice that vacancies are not available, even though they sensitize the employer. Dairy farmers apparently do not find their way to the online vacancy notification form or the mailbox. That is why they want to contact them in the most accessible way: to pass on the vacancy by telephone."], ["What is the service line temporary task?", "Lien Leroy, account, will visit dairy farmers until the beginning of December 2021 to present the project and see where there are vacancies.  Lien Leroy will email us the contact details of the employer if there is a vacancy. The title of the email is 'Vacature CowForMe'.  In order to lower the threshold to VDAB, SL will contact the dairy farmer itself (several call attempts) to jointly convert the need into a vacancy."]], "document": "CowForMe project \n\n project waardoor er vacatureleads worden doorgegeven aan de SL tot december 22 ongeveer \n\n Vraag aan de VDAB consulent: Wat doe je als je een mail 'Vacature CowForMe' krijgt?? \n Antwoord of Actie: Procedure Servicelijn Je belt de werkgever op. (meerdere belpogingen) Je plaatst de vacature.  Functietitel: medewerker melkveebedrijf Competentiesjabloon: vee-en paardenhouder Opgelet Dit is meestal de eerste vacature ooit die ze gaan plaatsen, extra ondersteuning zal dus nodig zijn.  \n\n Vraag aan de VDAB consulent: Wat als de werkgever niet bereikbaar is?? \n Antwoord of Actie: Procedure Servicelijn Je spreekt een voicemail in met de vraag om terug te bellen naar het 0800-nummer. \n\n Vraag aan de VDAB consulent: Wat is het CowForMe project?? \n Antwoord of Actie: Vandaag staan de melkveehouders steeds meer onder druk door de snelle groei van de veestapels en de toegenomen competitiviteit. De stijgende arbeidsbehoefte tast de levenskwaliteit van de veehouders aan. Het Frans-Belgische Interreg-project CowForme wil jobs creeren en de arbeidsefficientie op melkveebedrijven verhogen. Het doel is om de werklast te verminderen en de levenskwaliteit te verhogen. CowForme is gestart op 1 januari 2020 en loopt drie jaar, tot 31 december 2022. Meer info vind je hier.   \n\n Vraag aan de VDAB consulent: Doel en tegelijk probleem van het project?? \n Antwoord of Actie: Het project heeft als doel om melkveehouders aan personeel te helpen. Maar de projectleiders merken dat vacatures uitblijven, ook al sensibiliseren ze de werkgever. Melkveehouders vinden blijkbaar de weg niet naar het online vacaturemeldingsformulier of de mailbox. Daarom wil men hen op de meest laagdrempelige manier contacteren: de vacature telefonisch doorgeven. \n\n Vraag aan de VDAB consulent: Wat is de tijdelijke taak van Servicelijn?? \n Antwoord of Actie: Lien Leroy, account, gaat tot begin december 2021 langs bij melkveehouders om het project voor te stellen en te kijken waar er vacatures zijn.  Lien Leroy zal ons de contactgegevens van de werkgever doormailen als er een vacature is. Titel van de mail is 'Vacature CowForMe'.  Om de drempel naar VDAB te verlagen, zal SL zelf contact opnemen met de melkveehouder (meerdere belpogingen) om samen de nood om te zetten in een vacature. \n\n Categorie: Servicelijn \n\n Domein: specifieke beroepen \n\n Url: https://intranet-rel1ldv.ops.vdab.be/faq/servicelijn/cowforme-project \n\n Type: intranet", "document_translation": "CowForMe project \n\n project through which vacancy leads are passed on to the SL until December 22 approximately \n\n Question for the VDAB counselor: What do you do when you receive an email 'Vacature CowForMe'?? \n Answer or Action: Procedure Service line You call the employer. (multiple call attempts) You post the vacancy.  Job title: dairy farm employee Competence template: livestock and horse farmer Attention This is usually the first vacancy ever that they will post, so extra support will be needed. \n\n Question for the VDAB counselor: What if the employer cannot be reached?? \n Answer or Action: Procedure Service line You leave a voicemail asking you to call back to the 0800 number. \n\n Question for the VDAB counselor: What is the CowForMe project?? \n Answer or Action: Today, dairy farmers are under increasing pressure due to the rapid growth of livestock and increased competitiveness. The increasing need for labour affects the quality of life of livestock farmers. The Franco-Belgian Interreg project CowForme aims to create jobs and increase labour efficiency on dairy farms. The goal is to reduce the workload and increase the quality of life. CowForme started on 1 January 2020 and will run for three years, until 31 December 2022. More info can be found here. \n\n Question for the VDAB counselor: Purpose and at the same time problem of the project?? \n Answer or Action: The project aims to help dairy farmers find staff. But the project leaders notice that vacancies are not available, even though they sensitize the employer. Dairy farmers apparently do not find their way to the online vacancy notification form or the mailbox. That is why they want to contact them in the most accessible way: to pass on the vacancy by telephone. \n\n Question for the VDAB counselor: What is the service line temporary task?? \n Answer or Action: Lien Leroy, account, will visit dairy farmers until the beginning of December 2021 to present the project and see where there are vacancies.  Lien Leroy will email us the contact details of the employer if there is a vacancy. The title of the email is 'Vacature CowForMe'.  In order to lower the threshold to VDAB, SL will contact the dairy farmer itself (several call attempts) to jointly convert the need into a vacancy. \n\n Category: Service line \n\n Domain: specific professions \n\n Url: https://intranet-rel1ldv.ops.vdab.be/faq/servicelijn/cowforme-project \n\n Type: intranet"}