{"title": "Opleidingsstage", "type": "intranet", "field_trefwoorden_name": ["opleiding", "stage", "opleidingsstage"], "domain_name": ["stages"], "category_name": "Servicelijn", "field_faq_summary": "Info voor de Servicelijn over de opleidingsstage", "url": "https://intranet-rel1ldv.ops.vdab.be/faq/servicelijn/opleidingsstage-os", "content": [["Wat is het doel van de opleidingsstage?", "De cursist doet praktijkervaring op bij een stagebedrijf in het kader van een opleiding bij een VDAB competentiecentrum een erkende opleiding bij een partner"], ["Hoe lang duurt een OS?", "maximum de helft van de totale opleidingsduur met een maximum van 6 maanden"], ["Wat doet de werkgever?", "Stelt een stagementor beschikbaar voor uitvoering opleidingsstageplan. Vult de werkpostfiche  in (maakt risicoanalyse op) en bespreekt die met de stagiair. Zorgt voor de verzekering burgerlijke aansprakelijkheid voor de stagiair. Hoeft geen Dimona-aangifte te doen."], ["Wat doet VDAB?", "Betaalt vervoerskosten en kinderopvang terug aan stagiair. Zorgt voor de arbeidsongevallenverzekering voor de stagiair. Zorgt voor de opmaak van het opleidingsplan in overleg met de werkgever. Doet de Dimona-aangifte type STG voor stages met startdatum vanaf 01/01/2020. Deze aangifte gebeurt automatisch, de bemiddelaar/instructeur hoeft hiervoor zelf niets te doen. Zie  WPL - Verzekeringen en Dimona bij werkplekleren  (intranet)"], ["Wat moet de kandidaat weten?", "OS kan voor cursisten in opleiding bij VDAB competentiecentrum of erkende opleiding bij een partner. De stagiair ontvangt (als hij aan de voorwaarden voldoet): terugbetaling vervoerskosten terugbetaling kinderopvang"], ["Is een OS altijd aan het einde van een opleiding?", "Nee, niet noodzakelijk."], ["Is er bij elke (VDAB) opleiding een (verplichte) OS?", "Nee"], ["Staat er een maximum op te presteren uren?", "Ja, de stagiair mag maximum 8u/dag en 38u/week werken/stage lopen. Opgelet De stagiair mag tijdens de stageperiode geen overuren presteren! Uitzondering In de horeca kan een dag tot 9u wel maar deze moeten in dezelfde week gecompenseerd worden. De maximumtijd van 38u/week blijft."], ["Is de stage betalend voor de werkgever?", "Nee."], ["Moet de werkgever de stagiair nadien aanwerven?", "Nee"], ["Waar kan een opleidingsstage doorgaan?", "bedrijf vzw openbare dienst"], ["Kan een OS in een dienstenchequebedrijf?", "Een OS is vanaf 30/12/2022 mogelijk voor de functie huishoudhulp (schoonmaken bij mensen thuis) in een dienstenchequebedrijf. Voor alle andere beroepen is  werkplekleren met een stagepeter/stagemeter die met dienstencheques betaald wordt nog steeds niet mogelijk."], ["Opleidingsstage in het buitenland", "Dat kan maar slechts uitzonderlijk. De cursist zoekt zelf de stageplaats en regelt het verblijf. Zie Stage in het buitenland  (intranet) Opgelet De overeenkomst opleidingsstage tussen VDAB, cursist en het (buitenlands) stagebedrijf wordt afgesloten, is vaak niet erkend door het land waar de stage doorgaat . D.w.z. dat de aanwezigheid van onze cursist op de buitenlandse werkvloer door de lokale overheid als onwettig kan beschouwd worden, waardoor zowel bedrijf als cursist in de problemen komen."], ["Loopt de stage tijdens collectieve sluitingen van CC door?", "Ja, dat kan uitzonderlijk gebeuren. Opgelet VDAB en de wg moeten ervoor zorgen dat de begeleiding verzekerd is en ook tijdens de sluiting doorloopt. Dit is noodzakelijk moesten er zich problemen voordoen vb. arbeidsongeval, enz."], ["Kan thuisleren tijdens een opleidingsstage?", "Ja Op voorwaarde dat: Ook vaste medewerkers werken thuis. Thuiswerk voor werknemers in het bedrijf is opgenomen in het arbeidsreglement. Thuisleren heeft een aantoonbare meerwaarde voor de stage. Thuisleren en de geplande opvolging is opgenomen in het stageplan (= vooraf besproken & vastgelegd). Taken met een veiligheidsrisico kunnen niet tijdens thuisleren. zie Thuisleren tijdens werkplekleren  (intranet) Achtergrondinfo De begeleider is steeds telefonisch en/of digitaal bereikbaar tijdens de werkuren. De werkgever stelt de middelen ter beschikking die nodig zijn voor het thuisleren. VDAB betaalt geen verplaatsingsvergoeding voor dagen thuisleren. Terugbetaling kinderopvang kan wel.  "]], "title_translation": "Training internship", "field_trefwoorden_name_translation": ["training internship", "internship", "education"], "domain_name_translation": ["internships"], "category_name_translation": "Service line", "field_faq_summary_translation": "Info for the Service line about the training internship", "content_translation": [["What is the purpose of the training internship?", "The student gains practical experience at an internship company in the context of a training at a VDAB competence center and a recognized training with a partner"], ["How long does an OS take?", "maximum half of the total training duration with a maximum of 6 months"], ["What does the employer do?", "Makes an internship mentor available for the implementation of the training internship plan. Fills in the work station sheet (makes risk analysis) and discusses it with the intern. Provides civil liability insurance for the trainee. Does not need to make a Dimona declaration."], ["What does VDAB do?", "Reimburses transport costs and childcare to intern. Takes care of the occupational accident insurance for the trainee. Takes care of the preparation of the training plan in consultation with the employer. Makes the Dimona declaration type STG for internships with start date from 01/01/2020. This declaration is done automatically, the mediator / instructor does not have to do anything himself. See WPL - Insurance and Dimona in workplace learning (intranet)"], ["What does the candidate need to know?", "OS is possible for trainees in training at VDAB competence center or recognized training at a partner. The trainee receives (if he meets the conditions): reimbursement of transport costs reimbursement of childcare"], ["Is an OS always at the end of a course?", "No, not necessarily."], ["Is there a (mandatory) OS for every (VDAB) training?", "No"], ["Is there a maximum number of hours to be performed?", "Yes, the trainee is allowed to work/do an internship for a maximum of 8 hours/day and 38 hours/week. Attention: The trainee is not allowed to work overtime during the internship period! Exception In the catering industry, a day until 9 am is possible, but these must be compensated in the same week. The maximum time of 38h/week remains."], ["Is the internship paid for by the employer?", ": No."], ["Does the employer have to hire the trainee afterwards?", "No"], ["Where can a training internship take place?", "company vzw public service"], ["Can an OS be in a service voucher company?", "An OS is possible from 30/12/2022 for the position of household help (cleaning in people's homes) in a service voucher company. For all other professions, work-based learning with an internship sponsor paid for with service vouchers is still not possible."], ["Training internship abroad", "This is possible, but only exceptionally. The student looks for the internship himself and arranges the stay. See Internship abroad (intranet) Attention The training internship agreement between VDAB, student and the (foreign) internship company is concluded, is often not recognized by the country where the internship takes place. I.e.dat the presence of our student on the foreign workplace can be considered illegal by the local government, causing problems for both the company and the student."], ["Will the internship continue during collective closures of CC?", "Yes, that can happen exceptionally. Please note: VDAB and the WG must ensure that the guidance is insured and also continues during the closure. This is necessary should problems arise eg. accident at work, etc."], ["Can you learn at home during a training internship?", "Yes Provided that: Permanent employees also work from home. Working from home for employees in the company is included in the employment regulations. Learning at home has a demonstrable added value for the internship. Home learning and the planned follow-up is included in the internship plan (= discussed &recorded in advance). Tasks with a safety risk are not possible during home learning. see Home learning during workplace learning (intranet) Background information The supervisor can always be reached by telephone and/or digitally during working hours. The employer provides the resources necessary for home learning. VDAB does not pay a travel allowance for days of home learning. Reimbursement of childcare is possible."]], "document": "Opleidingsstage \n\n Info voor de Servicelijn over de opleidingsstage \n\n Vraag aan de VDAB consulent: Wat is het doel van de opleidingsstage?? \n Antwoord of Actie: De cursist doet praktijkervaring op bij een stagebedrijf in het kader van een opleiding bij een VDAB competentiecentrum een erkende opleiding bij een partner \n\n Vraag aan de VDAB consulent: Hoe lang duurt een OS?? \n Antwoord of Actie: maximum de helft van de totale opleidingsduur met een maximum van 6 maanden \n\n Vraag aan de VDAB consulent: Wat doet de werkgever?? \n Antwoord of Actie: Stelt een stagementor beschikbaar voor uitvoering opleidingsstageplan. Vult de werkpostfiche  in (maakt risicoanalyse op) en bespreekt die met de stagiair. Zorgt voor de verzekering burgerlijke aansprakelijkheid voor de stagiair. Hoeft geen Dimona-aangifte te doen. \n\n Vraag aan de VDAB consulent: Wat doet VDAB?? \n Antwoord of Actie: Betaalt vervoerskosten en kinderopvang terug aan stagiair. Zorgt voor de arbeidsongevallenverzekering voor de stagiair. Zorgt voor de opmaak van het opleidingsplan in overleg met de werkgever. Doet de Dimona-aangifte type STG voor stages met startdatum vanaf 01/01/2020. Deze aangifte gebeurt automatisch, de bemiddelaar/instructeur hoeft hiervoor zelf niets te doen. Zie  WPL - Verzekeringen en Dimona bij werkplekleren  (intranet) \n\n Vraag aan de VDAB consulent: Wat moet de kandidaat weten?? \n Antwoord of Actie: OS kan voor cursisten in opleiding bij VDAB competentiecentrum of erkende opleiding bij een partner. De stagiair ontvangt (als hij aan de voorwaarden voldoet): terugbetaling vervoerskosten terugbetaling kinderopvang \n\n Vraag aan de VDAB consulent: Is een OS altijd aan het einde van een opleiding?? \n Antwoord of Actie: Nee, niet noodzakelijk. \n\n Vraag aan de VDAB consulent: Is er bij elke (VDAB) opleiding een (verplichte) OS?? \n Antwoord of Actie: Nee \n\n Vraag aan de VDAB consulent: Staat er een maximum op te presteren uren?? \n Antwoord of Actie: Ja, de stagiair mag maximum 8u/dag en 38u/week werken/stage lopen. Opgelet De stagiair mag tijdens de stageperiode geen overuren presteren! Uitzondering In de horeca kan een dag tot 9u wel maar deze moeten in dezelfde week gecompenseerd worden. De maximumtijd van 38u/week blijft. \n\n Vraag aan de VDAB consulent: Is de stage betalend voor de werkgever?? \n Antwoord of Actie: Nee. \n\n Vraag aan de VDAB consulent: Moet de werkgever de stagiair nadien aanwerven?? \n Antwoord of Actie: Nee \n\n Vraag aan de VDAB consulent: Waar kan een opleidingsstage doorgaan?? \n Antwoord of Actie: bedrijf vzw openbare dienst \n\n Vraag aan de VDAB consulent: Kan een OS in een dienstenchequebedrijf?? \n Antwoord of Actie: Een OS is vanaf 30/12/2022 mogelijk voor de functie huishoudhulp (schoonmaken bij mensen thuis) in een dienstenchequebedrijf. Voor alle andere beroepen is  werkplekleren met een stagepeter/stagemeter die met dienstencheques betaald wordt nog steeds niet mogelijk. \n\n Vraag aan de VDAB consulent: Opleidingsstage in het buitenland? \n Antwoord of Actie: Dat kan maar slechts uitzonderlijk. De cursist zoekt zelf de stageplaats en regelt het verblijf. Zie Stage in het buitenland  (intranet) Opgelet De overeenkomst opleidingsstage tussen VDAB, cursist en het (buitenlands) stagebedrijf wordt afgesloten, is vaak niet erkend door het land waar de stage doorgaat . D.w.z. dat de aanwezigheid van onze cursist op de buitenlandse werkvloer door de lokale overheid als onwettig kan beschouwd worden, waardoor zowel bedrijf als cursist in de problemen komen. \n\n Vraag aan de VDAB consulent: Loopt de stage tijdens collectieve sluitingen van CC door?? \n Antwoord of Actie: Ja, dat kan uitzonderlijk gebeuren. Opgelet VDAB en de wg moeten ervoor zorgen dat de begeleiding verzekerd is en ook tijdens de sluiting doorloopt. Dit is noodzakelijk moesten er zich problemen voordoen vb. arbeidsongeval, enz. \n\n Vraag aan de VDAB consulent: Kan thuisleren tijdens een opleidingsstage?? \n Antwoord of Actie: Ja Op voorwaarde dat: Ook vaste medewerkers werken thuis. Thuiswerk voor werknemers in het bedrijf is opgenomen in het arbeidsreglement. Thuisleren heeft een aantoonbare meerwaarde voor de stage. Thuisleren en de geplande opvolging is opgenomen in het stageplan (= vooraf besproken & vastgelegd). Taken met een veiligheidsrisico kunnen niet tijdens thuisleren. zie Thuisleren tijdens werkplekleren  (intranet) Achtergrondinfo De begeleider is steeds telefonisch en/of digitaal bereikbaar tijdens de werkuren. De werkgever stelt de middelen ter beschikking die nodig zijn voor het thuisleren. VDAB betaalt geen verplaatsingsvergoeding voor dagen thuisleren. Terugbetaling kinderopvang kan wel. \n\n Categorie: Servicelijn \n\n Domein: stages \n\n Tags: opleiding, stage, opleidingsstage \n\n Url: https://intranet-rel1ldv.ops.vdab.be/faq/servicelijn/opleidingsstage-os \n\n Type: intranet", "document_translation": "Training internship \n\n Info for the Service line about the training internship \n\n Question for the VDAB counselor: What is the purpose of the training internship?? \n Answer or Action: The student gains practical experience at an internship company in the context of a training at a VDAB competence center and a recognized training with a partner \n\n Question for the VDAB counselor: How long does an OS take?? \n Answer or Action: maximum half of the total training duration with a maximum of 6 months \n\n Question for the VDAB counselor: What does the employer do?? \n Answer or Action: Makes an internship mentor available for the implementation of the training internship plan. Fills in the work station sheet (makes risk analysis) and discusses it with the intern. Provides civil liability insurance for the trainee. Does not need to make a Dimona declaration. \n\n Question for the VDAB counselor: What does VDAB do?? \n Answer or Action: Reimburses transport costs and childcare to intern. Takes care of the occupational accident insurance for the trainee. Takes care of the preparation of the training plan in consultation with the employer. Makes the Dimona declaration type STG for internships with start date from 01/01/2020. This declaration is done automatically, the mediator / instructor does not have to do anything himself. See WPL - Insurance and Dimona in workplace learning (intranet) \n\n Question for the VDAB counselor: What does the candidate need to know?? \n Answer or Action: OS is possible for trainees in training at VDAB competence center or recognized training at a partner. The trainee receives (if he meets the conditions): reimbursement of transport costs reimbursement of childcare \n\n Question for the VDAB counselor: Is an OS always at the end of a course?? \n Answer or Action: No, not necessarily. \n\n Question for the VDAB counselor: Is there a (mandatory) OS for every (VDAB) training?? \n Answer or Action: No \n\n Question for the VDAB counselor: Is there a maximum number of hours to be performed?? \n Answer or Action: Yes, the trainee is allowed to work/do an internship for a maximum of 8 hours/day and 38 hours/week. Attention: The trainee is not allowed to work overtime during the internship period! Exception In the catering industry, a day until 9 am is possible, but these must be compensated in the same week. The maximum time of 38h/week remains. \n\n Question for the VDAB counselor: Is the internship paid for by the employer?? \n Answer or Action: : No. \n\n Question for the VDAB counselor: Does the employer have to hire the trainee afterwards?? \n Answer or Action: No \n\n Question for the VDAB counselor: Where can a training internship take place?? \n Answer or Action: company vzw public service \n\n Question for the VDAB counselor: Can an OS be in a service voucher company?? \n Answer or Action: An OS is possible from 30/12/2022 for the position of household help (cleaning in people's homes) in a service voucher company. For all other professions, work-based learning with an internship sponsor paid for with service vouchers is still not possible. \n\n Question for the VDAB counselor: Training internship abroad? \n Answer or Action: This is possible, but only exceptionally. The student looks for the internship himself and arranges the stay. See Internship abroad (intranet) Attention The training internship agreement between VDAB, student and the (foreign) internship company is concluded, is often not recognized by the country where the internship takes place. I.e.dat the presence of our student on the foreign workplace can be considered illegal by the local government, causing problems for both the company and the student. \n\n Question for the VDAB counselor: Will the internship continue during collective closures of CC?? \n Answer or Action: Yes, that can happen exceptionally. Please note: VDAB and the WG must ensure that the guidance is insured and also continues during the closure. This is necessary should problems arise eg. accident at work, etc. \n\n Question for the VDAB counselor: Can you learn at home during a training internship?? \n Answer or Action: Yes Provided that: Permanent employees also work from home. Working from home for employees in the company is included in the employment regulations. Learning at home has a demonstrable added value for the internship. Home learning and the planned follow-up is included in the internship plan (= discussed &recorded in advance). Tasks with a safety risk are not possible during home learning. see Home learning during workplace learning (intranet) Background information The supervisor can always be reached by telephone and/or digitally during working hours. The employer provides the resources necessary for home learning. VDAB does not pay a travel allowance for days of home learning. Reimbursement of childcare is possible. \n\n Category: Service line \n\n Domain: internships \n\n Tags: training internship, internship, education \n\n Url: https://intranet-rel1ldv.ops.vdab.be/faq/servicelijn/opleidingsstage-os \n\n Type: intranet"}